level	page_num	block_num	par_num	line_num	word_num	left	top	width	height	conf	text
1	1	0	0	0	0	0	0	2550	1970	-1	
2	1	1	0	0	0	867	1	474	3	-1	
3	1	1	1	0	0	867	1	474	3	-1	
4	1	1	1	1	0	867	1	474	3	-1	
5	1	1	1	1	1	867	1	474	3	95.000000	 
2	1	2	0	0	0	2	0	870	20	-1	
3	1	2	1	0	0	2	0	870	20	-1	
4	1	2	1	1	0	2	0	870	20	-1	
5	1	2	1	1	1	2	0	870	20	95.000000	 
2	1	3	0	0	0	28	47	244	10	-1	
3	1	3	1	0	0	28	47	244	10	-1	
4	1	3	1	1	0	202	47	70	10	-1	
5	1	3	1	1	1	202	47	70	10	95.000000	 
4	1	3	1	2	0	28	47	40	10	-1	
5	1	3	1	2	1	28	47	40	10	95.000000	 
2	1	4	0	0	0	1943	92	518	1827	-1	
3	1	4	1	0	0	1943	92	518	1827	-1	
4	1	4	1	1	0	1943	92	518	1827	-1	
5	1	4	1	1	1	1943	92	518	1827	95.000000	 
2	1	5	0	0	0	9	125	1898	1798	-1	
3	1	5	1	0	0	9	140	1898	1775	-1	
4	1	5	1	1	0	1842	145	16	11	-1	
5	1	5	1	1	1	1842	145	16	11	52.922173	10
4	1	5	1	2	0	1842	159	16	31	-1	
5	1	5	1	2	1	1842	159	16	31	2.420845	§
4	1	5	1	3	0	1672	145	186	69	-1	
5	1	5	1	3	1	1672	145	16	9	11.690079	2
5	1	5	1	3	2	1712	145	25	27	11.690079	>
5	1	5	1	3	3	1842	192	16	22	76.103897	3
4	1	5	1	4	0	1647	145	211	81	-1	
5	1	5	1	4	1	1647	145	41	30	86.122856	#
5	1	5	1	4	2	1719	174	12	20	88.640289	3
5	1	5	1	4	3	1842	218	16	8	34.119141	4
4	1	5	1	5	0	1675	176	183	64	-1	
5	1	5	1	5	1	1675	176	12	9	56.014671	3
5	1	5	1	5	2	1854	237	4	3	0.000000	°
4	1	5	1	6	0	1562	143	301	125	-1	
5	1	5	1	6	1	1562	143	17	32	84.721916	3
5	1	5	1	6	2	1647	170	40	36	54.841431	33
5	1	5	1	6	3	1713	196	18	25	82.747696	a
5	1	5	1	6	4	1847	242	16	26	41.149670	&
4	1	5	1	7	0	1568	176	96	37	-1	
5	1	5	1	7	1	1568	176	11	11	70.843430	8
5	1	5	1	7	2	1649	204	15	9	55.681656	3
4	1	5	1	8	0	1398	145	460	156	-1	
5	1	5	1	8	1	1398	145	48	11	13.078781	.
5	1	5	1	8	2	1568	189	11	21	3.860733	g
5	1	5	1	8	3	1652	213	36	25	32.272430	EE
5	1	5	1	8	4	1714	230	17	27	52.877598	2
5	1	5	1	8	5	1846	276	12	25	18.632950	g
4	1	5	1	9	0	1387	152	471	174	-1	
5	1	5	1	9	1	1387	152	59	16	63.874641	ga
5	1	5	1	9	2	1568	210	11	11	47.749756	s
5	1	5	1	9	3	1670	240	61	30	12.209061	a§
5	1	5	1	9	4	1843	308	15	18	38.940384	£
4	1	5	1	10	0	1712	270	24	9	-1	
5	1	5	1	10	1	1712	270	24	9	66.853638	&
4	1	5	1	11	0	1341	144	517	195	-1	
5	1	5	1	11	1	1341	144	11	12	26.015686	6
5	1	5	1	11	2	1387	165	16	11	0.000000	5s
5	1	5	1	11	3	1429	181	24	9	0.000000	~
5	1	5	1	11	4	1562	220	17	17	96.885750	>
5	1	5	1	11	5	1652	262	35	17	40.540638	oF
5	1	5	1	11	6	1846	328	12	11	56.594578	°
4	1	5	1	12	0	1293	143	565	224	-1	
5	1	5	1	12	1	1293	143	20	23	48.238731	2
5	1	5	1	12	2	1336	169	17	18	28.975815	>
5	1	5	1	12	3	1387	179	16	19	27.544373	0
5	1	5	1	12	4	1429	192	17	15	46.521446	=
5	1	5	1	12	5	1568	251	11	10	0.000000	@
5	1	5	1	12	6	1647	279	40	21	66.658783	£2
5	1	5	1	12	7	1715	291	20	21	72.065102	=
5	1	5	1	12	8	1846	341	12	26	72.749855	g
4	1	5	1	13	0	1212	143	646	235	-1	
5	1	5	1	13	1	1212	143	11	13	0.000000	“
5	1	5	1	13	2	1292	167	17	16	14.156197	£
5	1	5	1	13	3	1387	199	60	23	44.912285	2a
5	1	5	1	13	4	1568	262	11	9	77.714325	3
5	1	5	1	13	5	1649	292	38	18	85.326431	28
5	1	5	1	13	6	1714	325	17	7	88.687973	3
5	1	5	1	13	7	1846	369	12	9	24.145416	g
4	1	5	1	14	0	1211	157	651	232	-1	
5	1	5	1	14	1	1211	157	13	12	42.828941	3
5	1	5	1	14	2	1297	184	11	9	50.254650	Ss
5	1	5	1	14	3	1341	196	16	13	54.818932	>
5	1	5	1	14	4	1386	211	61	27	37.018761	eS
5	1	5	1	14	5	1568	273	11	24	40.827835	=
5	1	5	1	14	6	1652	311	36	11	0.000000	2g
5	1	5	1	14	7	1841	381	21	8	51.964615	2
4	1	5	1	15	0	1208	163	650	231	-1	
5	1	5	1	15	1	1208	163	21	38	25.779800	Ey
5	1	5	1	15	2	1296	194	13	23	36.546249	2
5	1	5	1	15	3	1336	208	17	13	45.272236	8
5	1	5	1	15	4	1387	223	66	26	40.155426	——
5	1	5	1	15	5	1568	299	11	9	50.993996	$
5	1	5	1	15	6	1647	323	40	21	44.247559	ss
5	1	5	1	15	7	1719	344	12	10	87.168671	8
5	1	5	1	15	8	1841	388	17	6	75.499535	3
4	1	5	1	16	0	1208	176	653	252	-1	
5	1	5	1	16	1	1208	176	19	25	26.967308	rT)
5	1	5	1	16	2	1292	218	16	6	30.778023	a4
5	1	5	1	16	3	1341	230	11	12	56.317028	a
5	1	5	1	16	4	1391	249	16	12	82.498718	a
5	1	5	1	16	5	1568	310	11	7	46.583565	=
5	1	5	1	16	6	1645	329	19	25	0.000000	cc
5	1	5	1	16	7	1709	352	22	25	28.051025	WM
5	1	5	1	16	8	1841	396	20	32	56.279659	it
4	1	5	1	17	0	1031	141	827	317	-1	
5	1	5	1	17	1	1031	141	35	22	48.934021	2s
5	1	5	1	17	2	1207	195	17	29	0.000000	c
5	1	5	1	17	3	1292	225	61	36	0.000000	a¢
5	1	5	1	17	4	1391	263	16	12	72.486786	=
5	1	5	1	17	5	1435	273	30	26	0.000000	8,
5	1	5	1	17	6	1561	318	126	59	27.041344	aes
5	1	5	1	17	7	1714	380	17	19	18.661011	5
5	1	5	1	17	8	1846	433	12	25	0.000000	:
4	1	5	1	18	0	984	143	747	267	-1	
5	1	5	1	18	1	984	143	12	12	52.984123	°
5	1	5	1	18	2	1026	155	39	25	26.969666	2°
5	1	5	1	18	3	1304	264	8	4	49.552021	:
5	1	5	1	18	4	1337	263	71	28	51.816109	3.5
5	1	5	1	18	5	1435	295	12	13	15.639618	&
5	1	5	1	18	6	1670	378	18	13	45.965294	“2
5	1	5	1	18	7	1719	400	12	10	56.490280	3
4	1	5	1	19	0	937	143	922	332	-1	
5	1	5	1	19	1	937	143	60	23	61.661270	229
5	1	5	1	19	2	1027	176	38	24	19.219772	a
5	1	5	1	19	3	1206	234	18	17	60.968521	3
5	1	5	1	19	4	1297	270	12	19	18.995369	¢
5	1	5	1	19	5	1336	271	17	41	70.600967	4
5	1	5	1	19	6	1387	295	16	21	33.578583	3
5	1	5	1	19	7	1435	309	12	30	51.440750	2
5	1	5	1	19	8	1568	356	11	21	94.094940	3
5	1	5	1	19	9	1643	374	48	52	37.687641	cay
5	1	5	1	19	10	1714	412	17	29	47.562973	3
5	1	5	1	19	11	1841	458	18	17	79.268372	>
4	1	5	1	20	0	863	143	1000	353	-1	
5	1	5	1	20	1	863	143	12	10	78.391899	2
5	1	5	1	20	2	932	162	35	28	43.083309	Be
5	1	5	1	20	3	984	177	12	23	51.859680	2
5	1	5	1	20	4	1031	190	38	43	28.190903	Bes
5	1	5	1	20	5	1211	261	18	21	63.951599	&
5	1	5	1	20	6	1293	291	16	18	58.870617	3
5	1	5	1	20	7	1341	313	11	9	76.288116	3
5	1	5	1	20	8	1387	319	60	36	81.975540	a8
5	1	5	1	20	9	1562	379	17	27	14.704483	:
5	1	5	1	20	10	1653	412	35	30	55.546730	a
5	1	5	1	20	11	1719	443	12	21	0.000000	£
5	1	5	1	20	12	1847	483	16	13	91.703125	>
4	1	5	1	21	0	793	142	1108	394	-1	
5	1	5	1	21	1	793	142	82	33	23.375557	ae
5	1	5	1	21	2	937	184	33	25	6.976173	ae
5	1	5	1	21	3	983	201	13	11	6.976173	3
5	1	5	1	21	4	1030	218	40	17	56.081718	so
5	1	5	1	21	5	1207	284	17	12	42.157902	3
5	1	5	1	21	6	1297	311	12	8	71.247162	a
5	1	5	1	21	7	1337	323	16	9	82.631592	5
5	1	5	1	21	8	1384	343	67	34	48.384438	ae
5	1	5	1	21	9	1568	407	11	10	48.263489	8
5	1	5	1	21	10	1652	430	35	26	0.000000	2
5	1	5	1	21	11	1719	465	12	10	31.582779	y
5	1	5	1	21	12	1841	496	17	13	79.484322	2
5	1	5	1	21	13	1897	533	4	3	29.277946	:
4	1	5	1	22	0	748	142	1153	406	-1	
5	1	5	1	22	1	748	142	57	31	26.299561	baa
5	1	5	1	22	2	835	163	39	26	56.855083	35
5	1	5	1	22	3	937	204	64	33	68.478340	age
5	1	5	1	22	4	1030	232	12	19	71.096436	8
5	1	5	1	22	5	1207	298	17	16	24.781181	2
5	1	5	1	22	6	1291	321	62	42	42.056271	fa
5	1	5	1	22	7	1386	359	60	27	0.350723	c8
5	1	5	1	22	8	1562	418	17	17	0.000000	&
5	1	5	1	22	9	1647	456	40	13	72.061714	as
5	1	5	1	22	10	1714	476	17	22	46.960220	3
5	1	5	1	22	11	1846	516	13	26	35.250175	8
5	1	5	1	22	12	1885	540	16	8	26.569099	a
4	1	5	1	23	0	702	142	1200	420	-1	
5	1	5	1	23	1	702	142	11	12	27.198013	a
5	1	5	1	23	2	765	164	41	23	48.680779	23
5	1	5	1	23	3	863	190	12	17	47.406624	a
5	1	5	1	23	4	961	227	35	29	58.317913	a3
5	1	5	1	23	5	1031	253	34	22	21.658165	23
5	1	5	1	23	6	1211	315	13	11	64.538643	g
5	1	5	1	23	7	1336	364	16	13	5.455643	|
5	1	5	1	23	8	1398	393	4	4	56.595951	3
5	1	5	1	23	9	1435	398	16	12	52.625130	om
5	1	5	1	23	10	1568	448	11	10	60.874950	2
5	1	5	1	23	11	1670	473	17	33	8.850136	be
5	1	5	1	23	12	1719	489	16	33	26.155380	Gi
5	1	5	1	23	13	1841	543	17	6	54.363728	B
5	1	5	1	23	14	1885	552	17	10	62.534019	@
4	1	5	1	24	0	655	142	1246	442	-1	
5	1	5	1	24	1	655	142	59	25	74.515579	SBE
5	1	5	1	24	2	747	161	58	49	32.049263	eas
5	1	5	1	24	3	840	204	11	9	42.262936	5
5	1	5	1	24	4	937	238	36	15	33.786819	gs
5	1	5	1	24	5	1031	271	34	19	32.662109	>a
5	1	5	1	24	6	1208	327	16	22	0.000000	s
5	1	5	1	24	7	1292	357	65	34	53.731018	34
5	1	5	1	24	8	1391	400	12	9	22.891373	8
5	1	5	1	24	9	1568	459	15	24	0.000000	y
5	1	5	1	24	10	1646	481	41	18	47.399784	cS
5	1	5	1	24	11	1714	512	16	22	27.460854	S
5	1	5	1	24	12	1843	551	15	21	28.566299	3
5	1	5	1	24	13	1885	564	16	20	77.586159	&
4	1	5	1	25	0	652	155	1249	441	-1	
5	1	5	1	25	1	652	155	61	19	30.925217	¥@O
5	1	5	1	25	2	839	215	12	11	29.041817	2
5	1	5	1	25	3	984	270	58	19	49.256485	ob
5	1	5	1	25	4	1207	341	17	27	0.000000	i=
5	1	5	1	25	5	1293	381	16	8	42.502571	2
5	1	5	1	25	6	1341	392	11	12	32.289780	oF
5	1	5	1	25	7	1391	410	16	11	61.551128	2
5	1	5	1	25	8	1660	508	27	9	19.349327	:@
5	1	5	1	25	9	1841	573	17	6	28.139580	a
4	1	5	1	26	0	546	125	1356	496	-1	
5	1	5	1	26	1	546	125	21	32	19.244446	~~
5	1	5	1	26	2	650	173	64	23	55.923462	B38
5	1	5	1	26	3	747	196	58	39	31.702423	2.8
5	1	5	1	26	4	834	224	40	20	25.010139	of
5	1	5	1	26	5	931	262	40	31	17.500954	eg
5	1	5	1	26	6	984	293	12	8	17.500954	8
5	1	5	1	26	7	1025	311	40	15	59.921726	3s
5	1	5	1	26	8	1203	356	24	32	54.002853	iad
5	1	5	1	26	9	1291	395	22	12	0.000000	3°
5	1	5	1	26	10	1336	406	16	16	46.582417	g
5	1	5	1	26	11	1386	423	17	12	65.296768	=
5	1	5	1	26	12	1430	434	17	22	90.263153	3
5	1	5	1	26	13	1568	483	11	21	39.680004	E
5	1	5	1	26	14	1649	511	15	33	10.081970	Ey
5	1	5	1	26	15	1719	547	12	13	1.687897	s
5	1	5	1	26	16	1846	581	12	21	77.428368	3
5	1	5	1	26	17	1885	598	17	23	93.343407	a
4	1	5	1	27	0	555	155	1346	481	-1	
5	1	5	1	27	1	555	155	12	25	33.026108	5
5	1	5	1	27	2	655	186	59	32	31.693947	£°3
5	1	5	1	27	3	771	228	34	19	66.377533	88
5	1	5	1	27	4	836	244	43	34	30.389221	sy,
5	1	5	1	27	5	932	285	38	15	59.625973	£2
5	1	5	1	27	6	984	303	11	6	46.228615	a
5	1	5	1	27	7	1054	326	15	13	0.000000	o
5	1	5	1	27	8	1212	391	16	12	27.274345	>
5	1	5	1	27	9	1297	407	12	11	23.669899	S
5	1	5	1	27	10	1334	424	24	22	75.315575	~
5	1	5	1	27	11	1385	436	17	16	0.000000	&
5	1	5	1	27	12	1435	458	12	12	84.631752	3
5	1	5	1	27	13	1568	506	11	11	33.676788	S
5	1	5	1	27	14	1649	537	38	20	38.479340	83
5	1	5	1	27	15	1715	550	16	32	47.628078	S$
5	1	5	1	27	16	1843	603	15	19	6.537819	&
5	1	5	1	27	17	1897	632	4	4	37.322884	.
4	1	5	1	28	0	504	149	1401	501	-1	
5	1	5	1	28	1	504	149	12	11	22.430756	3
5	1	5	1	28	2	650	198	64	47	35.723709	‘Bark
5	1	5	1	28	3	755	254	50	13	23.804039	tye
5	1	5	1	28	4	833	276	24	6	57.934555	3.
5	1	5	1	28	5	931	296	66	45	52.705254	Bes
5	1	5	1	28	6	1027	319	39	42	68.727310	ge
5	1	5	1	28	7	1207	403	17	12	92.474098	B
5	1	5	1	28	8	1297	428	12	14	76.322433	§
5	1	5	1	28	9	1337	449	16	11	39.602261	Ss
5	1	5	1	28	10	1386	465	61	35	38.358810	2
5	1	5	1	28	11	1557	510	24	36	58.313866	is)
5	1	5	1	28	12	1647	546	40	32	54.987415	as
5	1	5	1	28	13	1714	574	17	27	69.297974	3
5	1	5	1	28	14	1841	630	64	20	40.287331	aoa
4	1	5	1	29	0	426	142	1479	523	-1	
5	1	5	1	29	1	426	142	13	16	44.431782	3
5	1	5	1	29	2	475	150	46	33	32.553177	+e
5	1	5	1	29	3	562	190	9	5	72.316422	>
5	1	5	1	29	4	656	227	58	28	28.332573	3a
5	1	5	1	29	5	770	271	35	14	85.809853	So
5	1	5	1	29	6	863	297	12	11	93.361092	>
5	1	5	1	29	7	937	321	58	38	57.562428	ee23
5	1	5	1	29	8	1031	350	34	31	85.129692	ae
5	1	5	1	29	9	1292	443	17	20	28.971573	&
5	1	5	1	29	10	1337	462	16	11	56.413731	o
5	1	5	1	29	11	1387	484	16	8	67.383698	3
5	1	5	1	29	12	1575	549	8	4	0.000000	“
5	1	5	1	29	13	1652	577	35	14	53.451599	es
5	1	5	1	29	14	1890	652	15	13	56.985699	a
4	1	5	1	30	0	374	142	1533	567	-1	
5	1	5	1	30	1	374	142	65	34	54.595608	23
5	1	5	1	30	2	475	175	40	27	90.213722	ts
5	1	5	1	30	3	555	197	12	34	41.173660	3
5	1	5	1	30	4	655	241	59	35	39.103485	Re
5	1	5	1	30	5	755	270	51	39	32.590149	‘88
5	1	5	1	30	6	834	311	40	19	36.267666	gm
5	1	5	1	30	7	938	339	58	29	28.212875	Eos
5	1	5	1	30	8	1031	373	34	25	66.499969	a2
5	1	5	1	30	9	1207	425	17	24	76.091736	3
5	1	5	1	30	10	1292	463	155	67	39.075619	2235
5	1	5	1	30	11	1562	559	17	22	57.761517	5
5	1	5	1	30	12	1652	591	34	14	43.752483	a3
5	1	5	1	30	13	1713	615	17	14	55.893764	3
5	1	5	1	30	14	1841	654	66	55	44.572418	2s
4	1	5	1	31	0	342	140	1516	554	-1	
5	1	5	1	31	1	342	140	28	27	68.710243	=>
5	1	5	1	31	2	421	179	17	5	55.742065	=
5	1	5	1	31	3	694	265	23	27	45.156029	ory
5	1	5	1	31	4	793	310	12	12	69.775536	3
5	1	5	1	31	5	839	325	12	9	12.075485	o
5	1	5	1	31	6	1048	397	17	14	67.808022	e
5	1	5	1	31	7	1207	451	16	13	42.657295	a
5	1	5	1	31	8	1297	482	12	9	56.823917	2
5	1	5	1	31	9	1337	496	16	11	68.151047	g
5	1	5	1	31	10	1435	533	12	13	69.621429	e
5	1	5	1	31	11	1563	571	16	27	63.596455	ry
5	1	5	1	31	12	1646	604	41	20	81.271240	Be
5	1	5	1	31	13	1846	682	12	12	30.844643	¢
4	1	5	1	32	0	229	140	1673	594	-1	
5	1	5	1	32	1	229	140	64	24	28.620537	aes
5	1	5	1	32	2	375	167	11	20	7.882423	&
5	1	5	1	32	3	479	215	37	25	0.000000	ee
5	1	5	1	32	4	555	232	16	23	20.819389	a
5	1	5	1	32	5	655	270	59	35	47.738651	gas
5	1	5	1	32	6	749	323	56	37	44.393303	se
5	1	5	1	32	7	834	336	41	35	31.747650	rr
5	1	5	1	32	8	932	366	64	55	22.595245	SEE:
5	1	5	1	32	9	1030	400	35	36	49.676552	2
5	1	5	1	32	10	1207	475	17	27	0.000000	z
5	1	5	1	32	11	1297	492	56	41	0.000000	 S
5	1	5	1	32	12	1385	537	62	52	30.513641	a3
5	1	5	1	32	13	1527	586	4	4	62.856087	>
5	1	5	1	32	14	1567	594	17	25	37.182407	&
5	1	5	1	32	15	1649	619	82	54	37.439308	ae
5	1	5	1	32	16	1840	695	62	39	61.417358	as
4	1	5	1	33	0	224	157	1683	590	-1	
5	1	5	1	33	1	224	157	69	24	0.000000	aa
5	1	5	1	33	2	349	198	38	19	0.000000	e8
5	1	5	1	33	3	426	226	13	8	78.635735	a
5	1	5	1	33	4	473	241	17	19	9.038300	3
5	1	5	1	33	5	504	251	63	24	0.000000	aa5
5	1	5	1	33	6	655	304	58	24	0.000000	Se
5	1	5	1	33	7	742	333	63	27	28.197472	Ogs
5	1	5	1	33	8	839	363	12	11	38.269535	©
5	1	5	1	33	9	932	403	64	26	50.354782	Bes
5	1	5	1	33	10	1053	447	13	12	75.007225	°
5	1	5	1	33	11	1212	486	16	34	69.939774	=|
5	1	5	1	33	12	1288	514	20	35	23.278305	sg
5	1	5	1	33	13	1341	542	16	19	34.011795	GQ
5	1	5	1	33	14	1386	554	4	4	35.349640	s
5	1	5	1	33	15	1514	602	17	12	58.810158	&
5	1	5	1	33	16	1567	621	12	13	63.241585	3
5	1	5	1	33	17	1647	645	40	34	76.364494	Se
5	1	5	1	33	18	1839	709	68	38	30.438484	wens
4	1	5	1	34	0	155	142	1703	606	-1	
5	1	5	1	34	1	155	142	13	11	78.266792	2
5	1	5	1	34	2	252	179	40	24	44.190140	ae
5	1	5	1	34	3	350	212	36	19	41.856575	Bs
5	1	5	1	34	4	422	235	16	6	53.709721	'S
5	1	5	1	34	5	504	260	37	29	46.002136	ers
5	1	5	1	34	6	709	339	8	4	14.739136	~
5	1	5	1	34	7	790	369	67	13	35.683144	#2
5	1	5	1	34	8	956	416	40	29	17.852020	=§3
5	1	5	1	34	9	1030	444	35	25	61.157650	os
5	1	5	1	34	10	1341	562	16	13	29.721222	=
5	1	5	1	34	11	1391	581	12	9	31.004829	o
5	1	5	1	34	12	1429	590	17	19	73.724220	=
5	1	5	1	34	13	1515	615	16	11	51.699394	©
5	1	5	1	34	14	1568	635	11	9	4.752609	a
5	1	5	1	34	15	1713	683	22	21	88.475563	>
5	1	5	1	34	16	1769	707	4	4	49.582649	:
5	1	5	1	34	17	1841	737	17	11	17.924843	s
4	1	5	1	35	0	130	142	1771	624	-1	
5	1	5	1	35	1	130	142	38	25	47.447968	zs
5	1	5	1	35	2	224	172	18	19	51.694672	4
5	1	5	1	35	3	281	203	12	11	39.678078	8
5	1	5	1	35	4	349	225	12	10	0.000000	S
5	1	5	1	35	5	417	237	20	35	31.828110	Fe
5	1	5	1	35	6	478	261	12	20	55.745468	2
5	1	5	1	35	7	529	279	42	35	66.424507	25,
5	1	5	1	35	8	650	335	64	21	68.511238	S36
5	1	5	1	35	9	755	368	49	23	42.697441	“o#
5	1	5	1	35	10	839	395	12	9	87.358353	2
5	1	5	1	35	11	961	433	35	22	50.747482	os
5	1	5	1	35	12	1212	518	16	12	0.000000	o
5	1	5	1	35	13	1297	560	11	5	0.000000	*
5	1	5	1	35	14	1515	628	16	11	76.256126	=a
5	1	5	1	35	15	1567	645	12	11	89.810295	§
5	1	5	1	35	16	1646	680	63	29	29.883888	ge
5	1	5	1	35	17	1758	713	15	11	80.181862	a
5	1	5	1	35	18	1841	752	60	14	29.903412	a
4	1	5	1	36	0	125	156	1777	622	-1	
5	1	5	1	36	1	125	156	16	13	77.953682	a
5	1	5	1	36	2	230	193	62	28	32.128571	eas
5	1	5	1	36	3	423	256	16	9	49.789711	=
5	1	5	1	36	4	479	282	88	47	41.006203	ere
5	1	5	1	36	5	678	342	35	34	44.366249	foe
5	1	5	1	36	6	767	382	38	21	54.178856	58
5	1	5	1	36	7	834	406	17	5	46.663574	2
5	1	5	1	36	8	932	434	64	32	82.630524	Bos
5	1	5	1	36	9	1030	467	35	23	66.624298	Po
5	1	5	1	36	10	1212	540	12	9	73.263550	»
5	1	5	1	36	11	1334	587	72	23	56.602116	se
5	1	5	1	36	12	1428	602	27	33	23.521782	on
5	1	5	1	36	13	1515	642	16	8	47.140102	ao
5	1	5	1	36	14	1568	656	16	12	12.229752	8
5	1	5	1	36	15	1674	703	57	21	63.178680	Lain
5	1	5	1	36	16	1758	726	16	11	59.678162	o
5	1	5	1	36	17	1841	763	17	10	0.000000	»
5	1	5	1	36	18	1885	768	17	10	64.927010	8
4	1	5	1	37	0	130	170	1771	630	-1	
5	1	5	1	37	1	130	170	38	19	95.637169	Bo
5	1	5	1	37	2	230	206	62	29	22.737587	Eos
5	1	5	1	37	3	349	245	38	27	38.253574	8
5	1	5	1	37	4	421	271	16	10	25.092857	=
5	1	5	1	37	5	504	301	38	28	54.040150	SE
5	1	5	1	37	6	656	355	11	19	10.571533	—
5	1	5	1	37	7	679	351	39	30	34.704948	wa.
5	1	5	1	37	8	750	387	54	23	19.088501	a3
5	1	5	1	37	9	834	414	45	31	21.421776	3X
5	1	5	1	37	10	1048	490	17	6	0.000000	-
5	1	5	1	37	11	1212	552	16	11	65.636932	a
5	1	5	1	37	12	1296	575	57	35	24.009773	ae)
5	1	5	1	37	13	1391	609	12	10	0.000000	o
5	1	5	1	37	14	1435	630	11	10	35.428246	>
5	1	5	1	37	15	1513	653	66	35	31.247314	24
5	1	5	1	37	16	1648	704	14	10	0.000000	4
5	1	5	1	37	17	1675	713	60	25	0.000000	Bas
5	1	5	1	37	18	1766	751	3	8	21.500832	7
5	1	5	1	37	19	1850	775	51	25	17.169983	ooo
4	1	5	1	38	0	14	141	1887	671	-1	
5	1	5	1	38	1	14	141	17	9	0.000000	_
5	1	5	1	38	2	130	184	38	15	66.643021	o8
5	1	5	1	38	3	255	220	38	31	7.704971	2°83
5	1	5	1	38	4	350	256	36	23	61.714333	PS
5	1	5	1	38	5	426	281	13	11	54.489864	°
5	1	5	1	38	6	479	305	37	19	46.461708	5°
5	1	5	1	38	7	555	320	17	27	45.658699	Oo
5	1	5	1	38	8	678	369	35	30	41.011284	$8
5	1	5	1	38	9	742	396	40	19	67.695328	ou
5	1	5	1	38	10	839	422	35	28	0.000000	CAV
5	1	5	1	38	11	938	466	11	9	44.028278	5
5	1	5	1	38	12	983	476	13	12	37.290810	6
5	1	5	1	38	13	1031	488	38	28	35.779411	aa)
5	1	5	1	38	14	1212	563	12	12	74.053940	3
5	1	5	1	38	15	1292	587	17	8	6.586044	S
5	1	5	1	38	16	1336	608	16	11	84.314941	8
5	1	5	1	38	17	1385	621	17	13	58.005749	2
5	1	5	1	38	18	1506	664	25	16	41.763283	a
5	1	5	1	38	19	1674	725	13	13	37.669899	3
5	1	5	1	38	20	1718	738	12	14	42.117363	=
5	1	5	1	38	21	1841	768	20	31	19.007935	te
5	1	5	1	38	22	1889	802	12	10	31.807480	g
4	1	5	1	39	0	19	152	1882	667	-1	
5	1	5	1	39	1	19	152	13	11	72.960236	6
5	1	5	1	39	2	125	195	16	5	69.728363	2
5	1	5	1	39	3	230	226	11	8	80.619286	5
5	1	5	1	39	4	350	262	37	34	39.920067	3's
5	1	5	1	39	5	426	302	13	7	44.406425	a
5	1	5	1	39	6	478	315	38	20	40.866737	98
5	1	5	1	39	7	656	375	35	17	76.347923	5s
5	1	5	1	39	8	834	440	17	6	25.903351	oI
5	1	5	1	39	9	937	468	36	31	31.854668	Cay
5	1	5	1	39	10	1053	511	12	12	41.965485	@
5	1	5	1	39	11	1297	597	12	10	29.687553	Q
5	1	5	1	39	12	1336	620	17	11	58.912220	S
5	1	5	1	39	13	1391	635	12	9	64.400635	2
5	1	5	1	39	14	1435	653	11	9	0.000000	~
5	1	5	1	39	15	1489	663	21	31	29.425095	oo
5	1	5	1	39	16	1520	682	11	8	0.000000	B
5	1	5	1	39	17	1557	683	22	31	25.185020	oa
5	1	5	1	39	18	1652	723	11	13	86.929794	x
5	1	5	1	39	19	1694	737	15	20	69.691254	a
5	1	5	1	39	20	1754	752	19	31	53.455894	nN
5	1	5	1	39	21	1841	798	60	21	47.810234	Zs
4	1	5	1	40	0	19	165	1882	667	-1	
5	1	5	1	40	1	19	165	13	11	89.408325	2
5	1	5	1	40	2	156	216	12	14	0.000000	&
5	1	5	1	40	3	255	244	37	20	69.224548	25
5	1	5	1	40	4	349	277	42	29	43.795639	£3
5	1	5	1	40	5	427	311	11	8	31.021423	5
5	1	5	1	40	6	473	326	98	35	42.639828	Sage
5	1	5	1	40	7	655	386	36	16	37.826366	Le
5	1	5	1	40	8	755	424	49	18	49.014984	"BE
5	1	5	1	40	9	839	447	36	29	67.045212	ga
5	1	5	1	40	10	932	489	64	21	0.000000	Gao
5	1	5	1	40	11	1030	517	35	27	58.715363	2
5	1	5	1	40	12	1212	577	11	13	9.722481	é
5	1	5	1	40	13	1296	609	13	20	66.488144	§
5	1	5	1	40	14	1386	645	64	30	55.988441	3s
5	1	5	1	40	15	1493	683	18	11	54.826210	2
5	1	5	1	40	16	1567	713	12	10	0.000000	&
5	1	5	1	40	17	1646	737	84	35	27.491501	SaaS
5	1	5	1	40	18	1758	773	15	11	38.992676	g
5	1	5	1	40	19	1841	809	60	23	34.936363	ae!
4	1	5	1	41	0	20	177	1881	670	-1	
5	1	5	1	41	1	20	177	11	9	78.358856	£
5	1	5	1	41	2	126	203	16	30	0.000000	cS
5	1	5	1	41	3	224	246	69	29	39.130409	wey
5	1	5	1	41	4	340	280	25	30	30.690933	toad
5	1	5	1	41	5	422	308	17	30	15.141556	oS
5	1	5	1	41	6	504	347	63	33	8.822296	aes
5	1	5	1	41	7	650	396	63	30	0.000000	3S
5	1	5	1	41	8	770	434	35	30	23.967445	°°.
5	1	5	1	41	9	840	469	11	13	0.000000	g
5	1	5	1	41	10	938	503	58	20	62.949810	ese
5	1	5	1	41	11	1212	591	15	12	50.708546	2
5	1	5	1	41	12	1283	625	4	4	77.268875	:
5	1	5	1	41	13	1336	635	16	8	36.717285	a
5	1	5	1	41	14	1493	696	38	15	40.787960	ae
5	1	5	1	41	15	1566	724	13	10	10.950394	3
5	1	5	1	41	16	1670	762	61	22	43.241539	“33
5	1	5	1	41	17	1758	781	19	30	43.793797	nN
5	1	5	1	41	18	1853	829	48	18	0.000000	S68
4	1	5	1	42	0	20	188	1880	672	-1	
5	1	5	1	42	1	20	188	16	13	67.818741	a
5	1	5	1	42	2	125	227	16	6	74.766472	=
5	1	5	1	42	3	225	264	72	26	71.971344	gre
5	1	5	1	42	4	349	307	38	19	51.815010	2,
5	1	5	1	42	5	423	332	15	10	55.049522	a
5	1	5	1	42	6	478	343	13	13	72.099648	3
5	1	5	1	42	7	529	359	38	38	44.600315	har
5	1	5	1	42	8	655	415	59	22	42.071259	235
5	1	5	1	42	9	750	450	30	9	0.000000	va
5	1	5	1	42	10	857	485	18	15	96.583305	>
5	1	5	1	42	11	938	517	58	17	54.959892	523
5	1	5	1	42	12	1027	543	38	15	32.485687	0
5	1	5	1	42	13	1212	604	11	13	0.000000	&
5	1	5	1	42	14	1270	630	39	13	79.479706	5s
5	1	5	1	42	15	1334	646	24	7	78.203300	2
5	1	5	1	42	16	1391	668	11	14	85.710732	§
5	1	5	1	42	17	1429	690	17	7	68.946892	s
5	1	5	1	42	18	1489	699	42	34	20.202400	bar
5	1	5	1	42	19	1626	758	38	14	27.340996	do
5	1	5	1	42	20	1694	783	36	11	60.543369	ag
5	1	5	1	42	21	1769	807	4	3	66.692940	A
5	1	5	1	42	22	1846	835	54	25	36.874905	as
4	1	5	1	43	0	130	241	1648	585	-1	
5	1	5	1	43	1	130	241	38	16	65.439346	Lo
5	1	5	1	43	2	280	291	13	11	51.505699	6
5	1	5	1	43	3	344	316	17	6	7.957962	a
5	1	5	1	43	4	426	342	17	13	86.724350	a
5	1	5	1	43	5	475	365	41	17	86.763260	Bo
5	1	5	1	43	6	550	393	16	6	0.000000	&
5	1	5	1	43	7	674	433	16	5	10.284180	af
5	1	5	1	43	8	765	462	17	18	71.629852	3
5	1	5	1	43	9	955	525	40	22	40.063049	$2
5	1	5	1	43	10	1212	618	11	11	59.557995	3
5	1	5	1	43	11	1271	645	23	11	14.696800	or
5	1	5	1	43	12	1335	663	17	12	61.550171	&
5	1	5	1	43	13	1387	674	15	28	62.802998	Ss
5	1	5	1	43	14	1429	698	17	12	39.449924	3
5	1	5	1	43	15	1505	730	9	5	37.417297	a
5	1	5	1	43	16	1561	736	22	28	25.320206	B=}
5	1	5	1	43	17	1644	770	48	29	45.506317	bata
5	1	5	1	43	18	1718	796	13	10	30.930397	9
5	1	5	1	43	19	1762	813	16	13	52.268101	a
4	1	5	1	44	0	20	210	1881	669	-1	
5	1	5	1	44	1	20	210	12	8	31.493095	3
5	1	5	1	44	2	130	245	38	33	57.485271	532
5	1	5	1	44	3	229	276	34	30	0.000000	a3
5	1	5	1	44	4	281	303	11	9	37.006386	8
5	1	5	1	44	5	375	339	12	12	91.464127	a
5	1	5	1	44	6	478	374	89	36	39.246067	Bonk
5	1	5	1	44	7	655	427	58	29	6.795609	gay
5	1	5	1	44	8	738	454	25	33	32.030083	16)
5	1	5	1	44	9	834	492	17	12	85.458832	3
5	1	5	1	44	10	984	545	16	13	28.360703	8
5	1	5	1	44	11	1030	568	35	10	46.040756	Cr
5	1	5	1	44	12	1202	616	25	33	35.788467	Rc}
5	1	5	1	44	13	1296	652	12	19	18.818199	c
5	1	5	1	44	14	1336	676	16	11	0.000000	%
5	1	5	1	44	15	1435	696	16	33	46.631607	KY
5	1	5	1	44	16	1626	771	17	11	50.205116	2
5	1	5	1	44	17	1669	794	40	15	29.676003	ee
5	1	5	1	44	18	1846	849	16	13	80.915848	a
5	1	5	1	44	19	1883	862	18	17	65.070351	2
4	1	5	1	45	0	20	219	1758	621	-1	
5	1	5	1	45	1	20	219	12	12	49.950821	3
5	1	5	1	45	2	130	262	38	16	26.560867	eg
5	1	5	1	45	3	229	299	12	10	77.194115	8
5	1	5	1	45	4	281	314	16	12	87.781700	a
5	1	5	1	45	5	350	340	37	23	80.428673	es
5	1	5	1	45	6	529	397	38	24	55.472527	$3
5	1	5	1	45	7	678	448	36	21	54.181789	oO
5	1	5	1	45	8	770	489	35	12	82.719147	oo
5	1	5	1	45	9	839	506	36	20	35.157425	an
5	1	5	1	45	10	932	539	41	25	52.812763	Sc
5	1	5	1	45	11	1025	579	40	12	41.772861	a5
5	1	5	1	45	12	1347	697	4	4	52.368492	3
5	1	5	1	45	13	1385	695	17	22	62.169811	8
5	1	5	1	45	14	1435	723	11	9	52.054287	8
5	1	5	1	45	15	1498	734	37	27	63.122620	Bp
5	1	5	1	45	16	1566	768	13	9	59.889622	g
5	1	5	1	45	17	1626	783	56	33	11.490479	see
5	1	5	1	45	18	1698	808	33	22	2.221207	a8
5	1	5	1	45	19	1762	827	16	13	79.458694	a
4	1	5	1	46	0	11	220	1890	690	-1	
5	1	5	1	46	1	11	220	21	30	50.413509	<=
5	1	5	1	46	2	152	269	16	30	40.050964	ro
5	1	5	1	46	3	255	315	12	10	0.000000	@
5	1	5	1	46	4	417	363	25	30	12.263069	rst
5	1	5	1	46	5	473	388	43	26	68.605042	SE
5	1	5	1	46	6	550	424	16	5	90.902092	<
5	1	5	1	46	7	650	449	18	13	57.423775	2
5	1	5	1	46	8	693	460	20	30	23.125587	ion
5	1	5	1	46	9	770	500	35	11	54.663734	Re
5	1	5	1	46	10	834	517	40	30	17.572670	$8
5	1	5	1	46	11	932	554	4	4	80.617874	:
5	1	5	1	46	12	983	570	13	11	54.107445	°
5	1	5	1	46	13	1050	585	20	30	80.470932	bo
5	1	5	1	46	14	1271	670	37	20	0.000000	3
5	1	5	1	46	15	1435	734	11	9	30.089119	8
5	1	5	1	46	16	1497	748	34	25	55.091011	ge
5	1	5	1	46	17	1652	804	12	13	95.835167	>
5	1	5	1	46	18	1839	872	25	8	69.501404	=
5	1	5	1	46	19	1880	880	21	30	5.128647	ro
4	1	5	1	47	0	20	240	1881	672	-1	
5	1	5	1	47	1	20	240	12	11	37.436428	3
5	1	5	1	47	2	119	273	28	30	87.634613	=>
5	1	5	1	47	3	229	319	64	27	37.801552	B35
5	1	5	1	47	4	369	365	17	13	20.625771	e
5	1	5	1	47	5	426	383	13	10	39.712334	°
5	1	5	1	47	6	474	402	17	9	71.293465	+
5	1	5	1	47	7	530	424	37	18	58.044586	Eo
5	1	5	1	47	8	655	470	36	10	43.798428	oo
5	1	5	1	47	9	748	498	57	26	82.375229	BRS
5	1	5	1	47	10	834	519	17	30	30.988892	bet
5	1	5	1	47	11	961	567	35	25	57.788754	§2
5	1	5	1	47	12	1048	605	17	6	62.508545	=
5	1	5	1	47	13	1202	649	30	32	61.380455	Boy
5	1	5	1	47	14	1340	703	12	10	55.888939	8
5	1	5	1	47	15	1398	729	8	5	28.691795	7
5	1	5	1	47	16	1435	745	11	11	68.021179	8
5	1	5	1	47	17	1518	769	13	9	29.571762	gE
5	1	5	1	47	18	1567	787	11	9	56.683083	¢
5	1	5	1	47	19	1631	815	33	13	27.256500	Se
5	1	5	1	47	20	1677	811	53	40	49.488716	fag
5	1	5	1	47	21	1755	852	24	7	81.364540	=
5	1	5	1	47	22	1840	880	18	11	12.028061	¥
5	1	5	1	47	23	1885	903	16	9	25.270302	a
4	1	5	1	48	0	19	253	1882	672	-1	
5	1	5	1	48	1	19	253	13	9	8.926224	S
5	1	5	1	48	2	130	293	38	23	75.316948	ag
5	1	5	1	48	3	229	330	63	30	32.052002	Bae
5	1	5	1	48	4	350	374	36	25	27.301666	gd
5	1	5	1	48	5	426	402	12	12	52.178940	S
5	1	5	1	48	6	504	424	11	9	23.644348	6
5	1	5	1	48	7	555	442	11	9	23.644348	Fo
5	1	5	1	48	8	650	482	63	21	49.287182	ty
5	1	5	1	48	9	747	510	12	12	69.001152	3
5	1	5	1	48	10	793	533	12	8	69.955086	a
5	1	5	1	48	11	862	548	13	21	55.709038	5
5	1	5	1	48	12	937	567	36	33	0.000000	S&
5	1	5	1	48	13	1030	601	12	33	40.511269	g
5	1	5	1	48	14	1271	692	41	25	67.431442	RD
5	1	5	1	48	15	1340	714	16	12	89.460114	>
5	1	5	1	48	16	1385	738	61	29	0.000000	uo8
5	1	5	1	48	17	1498	775	33	24	54.354034	Qe
5	1	5	1	48	18	1566	798	13	10	68.171143	2
5	1	5	1	48	19	1630	826	13	11	52.157219	S
5	1	5	1	48	20	1675	841	59	23	56.923603	a
5	1	5	1	48	21	1758	860	16	24	24.819992	s
5	1	5	1	48	22	1888	913	13	12	36.611526	s
4	1	5	1	49	0	11	257	1847	660	-1	
5	1	5	1	49	1	11	257	21	29	26.640419	if
5	1	5	1	49	2	229	340	64	31	60.994678	aga
5	1	5	1	49	3	349	388	12	10	89.316521	8
5	1	5	1	49	4	421	416	17	5	23.260330	‘3.
5	1	5	1	49	5	473	430	17	5	0.000000	(
5	1	5	1	49	6	555	460	12	9	57.713577	a
5	1	5	1	49	7	656	489	11	20	0.000000	&
5	1	5	1	49	8	692	495	25	29	30.327271	ion
5	1	5	1	49	9	747	524	12	9	65.828964	a
5	1	5	1	49	10	793	543	11	13	35.621307	€
5	1	5	1	49	11	839	548	35	30	64.096375	gs
5	1	5	1	49	12	938	591	31	18	3.805603	aS
5	1	5	1	49	13	1211	688	12	12	91.680443	8
5	1	5	1	49	14	1271	704	15	11	91.272705	a
5	1	5	1	49	15	1331	719	21	29	34.773956	ra
5	1	5	1	49	16	1385	748	17	8	22.688148	a
5	1	5	1	49	17	1563	800	20	29	32.432228	bo
5	1	5	1	49	18	1693	860	28	17	43.217644	en
5	1	5	1	49	19	1841	906	17	11	70.893921	a
4	1	5	1	50	0	19	283	1881	664	-1	
5	1	5	1	50	1	19	283	13	9	0.000000	&
5	1	5	1	50	2	123	315	45	19	74.646523	Be
5	1	5	1	50	3	228	353	14	12	88.783676	3
5	1	5	1	50	4	371	395	21	31	46.296009	50
5	1	5	1	50	5	422	412	16	31	52.853371	‘3
5	1	5	1	50	6	498	447	68	29	47.534161	S32
5	1	5	1	50	7	589	482	4	4	7.260086	.
5	1	5	1	50	8	670	500	27	36	39.622978	asl
5	1	5	1	50	9	700	518	13	14	0.000000	<
5	1	5	1	50	10	770	540	12	12	53.804649	3
5	1	5	1	50	11	932	605	40	14	52.002735	AG
5	1	5	1	50	12	1000	620	65	37	6.907898	@Roe
5	1	5	1	50	13	1211	701	12	11	84.472725	8
5	1	5	1	50	14	1282	727	4	3	0.000000	<
5	1	5	1	50	15	1296	727	12	10	26.945099	&
5	1	5	1	50	16	1335	740	16	16	14.508438	x
5	1	5	1	50	17	1390	764	56	20	87.636604	eg
5	1	5	1	50	18	1519	813	11	6	44.209824	=z
5	1	5	1	50	19	1566	822	13	11	42.838207	Be
5	1	5	1	50	20	1646	849	84	42	51.426464	Beg.”
5	1	5	1	50	21	1758	886	16	10	38.702583	a
5	1	5	1	50	22	1820	902	40	31	40.015518	edad
5	1	5	1	50	23	1884	926	16	21	39.825359	s
4	1	5	1	51	0	125	325	1780	638	-1	
5	1	5	1	51	1	125	325	43	27	0.000000	22
5	1	5	1	51	2	229	367	63	27	46.129051	Som
5	1	5	1	51	3	344	401	43	28	30.761551	32
5	1	5	1	51	4	426	436	12	19	13.566910	£
5	1	5	1	51	5	478	445	64	40	0.000000	rs
5	1	5	1	51	6	581	488	12	11	0.000000	s
5	1	5	1	51	7	655	510	36	28	23.099060	So
5	1	5	1	51	8	742	543	17	12	66.815620	3
5	1	5	1	51	9	793	557	12	19	52.350155	2
5	1	5	1	51	10	840	575	35	22	65.376823	Bo
5	1	5	1	51	11	960	621	82	38	0.000000	PS@s
5	1	5	1	51	12	1207	714	16	7	23.139877	g
5	1	5	1	51	13	1275	732	33	23	87.426743	as
5	1	5	1	51	14	1442	797	8	5	30.269836	>
5	1	5	1	51	15	1514	814	17	19	32.864517	2
5	1	5	1	51	16	1567	833	11	13	25.082397	a
5	1	5	1	51	17	1646	868	84	30	0.000000	ESSe
5	1	5	1	51	18	1758	900	15	8	57.818771	J
5	1	5	1	51	19	1820	924	44	15	48.064724	oa
5	1	5	1	51	20	1896	958	9	5	0.000000	*
4	1	5	1	52	0	16	302	1842	657	-1	
5	1	5	1	52	1	16	302	16	8	60.972054	2
5	1	5	1	52	2	125	339	16	13	54.141769	i
5	1	5	1	52	3	229	378	64	30	58.207687	825
5	1	5	1	52	4	349	414	12	18	5.375511	E
5	1	5	1	52	5	477	468	90	33	23.918419	£875
5	1	5	1	52	6	650	523	41	27	45.429764	ci
5	1	5	1	52	7	742	557	63	30	18.903641	gee
5	1	5	1	52	8	840	587	34	24	27.888496	oe
5	1	5	1	52	9	961	626	35	36	34.008316	e's
5	1	5	1	52	10	1053	669	12	11	76.132324	§
5	1	5	1	52	11	1211	723	12	14	37.695656	=
5	1	5	1	52	12	1276	747	32	19	49.703007	Be
5	1	5	1	52	13	1391	775	11	20	28.324371	g
5	1	5	1	52	14	1429	806	60	17	30.604439	an
5	1	5	1	52	15	1561	848	17	6	25.879166	4
5	1	5	1	52	16	1626	865	38	27	40.742264	ES
5	1	5	1	52	17	1718	900	61	18	66.972275	ao
5	1	5	1	52	18	1811	936	47	23	55.932064	335
4	1	5	1	53	0	20	310	1881	683	-1	
5	1	5	1	53	1	20	310	12	23	60.637737	8
5	1	5	1	53	2	125	353	43	21	28.299797	Ke
5	1	5	1	53	3	225	390	68	37	7.814026	ane
5	1	5	1	53	4	375	439	12	24	45.813423	2
5	1	5	1	53	5	426	465	12	10	72.066032	&
5	1	5	1	53	6	478	481	87	45	0.000000	g223
5	1	5	1	53	7	578	524	15	6	77.834770	8
5	1	5	1	53	8	650	530	64	49	53.707649	425
5	1	5	1	53	9	742	575	63	37	12.996986	es
5	1	5	1	53	10	834	611	41	18	57.740067	qe
5	1	5	1	53	11	932	633	40	28	70.102463	or
5	1	5	1	53	12	1007	668	58	36	14.608772	5°
5	1	5	1	53	13	1211	738	16	12	37.817429	5
5	1	5	1	53	14	1269	768	38	14	37.668190	a
5	1	5	1	53	15	1335	775	17	21	68.068512	3
5	1	5	1	53	16	1387	796	59	37	52.874622	2%
5	1	5	1	53	17	1473	826	16	22	54.461864	3
5	1	5	1	53	18	1562	844	17	39	28.069427	3%
5	1	5	1	53	19	1631	882	29	29	45.927540	De
5	1	5	1	53	20	1678	889	37	29	16.480751	oe
5	1	5	1	53	21	1757	928	17	12	38.314400	2
5	1	5	1	53	22	1799	949	59	24	45.962811	Sis
5	1	5	1	53	23	1889	965	12	28	29.100380	g
4	1	5	1	54	0	21	336	1880	669	-1	
5	1	5	1	54	1	21	336	14	25	46.682476	5
5	1	5	1	54	2	130	373	38	34	72.449966	gg
5	1	5	1	54	3	229	413	11	16	39.767799	2
5	1	5	1	54	4	255	425	12	10	33.614426	2
5	1	5	1	54	5	281	440	12	9	40.374916	8
5	1	5	1	54	6	342	453	45	25	47.054440	26
5	1	5	1	54	7	420	475	19	28	90.170265	&
5	1	5	1	54	8	478	502	119	42	35.474159	eee
5	1	5	1	54	9	652	566	62	24	65.384842	#88
5	1	5	1	54	10	746	596	59	38	22.511284	od
5	1	5	1	54	11	834	628	40	22	63.987347	$3
5	1	5	1	54	12	934	651	53	57	74.235397	£53
5	1	5	1	54	13	1006	671	10	27	64.269638	8
5	1	5	1	54	14	1029	690	13	14	72.942924	5
5	1	5	1	54	15	1205	750	18	15	59.188366	2
5	1	5	1	54	16	1296	791	12	11	0.000000	Q
5	1	5	1	54	17	1335	797	17	36	27.220604	s
5	1	5	1	54	18	1390	818	56	36	0.000000	 @
5	1	5	1	54	19	1498	861	33	23	32.614128	ep
5	1	5	1	54	20	1561	877	18	27	0.000000	z
5	1	5	1	54	21	1625	897	18	12	31.238586	64
5	1	5	1	54	22	1671	920	38	32	13.080948	gS
5	1	5	1	54	23	1757	942	17	11	29.571091	8
5	1	5	1	54	24	1799	962	58	31	35.804825	Bee
5	1	5	1	54	25	1889	993	12	12	50.391533	3
4	1	5	1	55	0	16	350	1885	668	-1	
5	1	5	1	55	1	16	350	16	28	38.945538	oO
5	1	5	1	55	2	130	397	37	24	75.223541	SE
5	1	5	1	55	3	255	436	38	26	75.140884	38
5	1	5	1	55	4	375	487	12	10	63.149277	o
5	1	5	1	55	5	478	514	12	20	34.338371	=
5	1	5	1	55	6	581	553	12	9	24.059387	2
5	1	5	1	55	7	655	578	58	30	21.543175	S37
5	1	5	1	55	8	746	616	35	20	28.997688	oe
5	1	5	1	55	9	839	647	35	21	68.033676	Bo
5	1	5	1	55	10	937	686	128	43	0.000000	esehhs
5	1	5	1	55	11	1206	773	17	19	86.134628	3
5	1	5	1	55	12	1271	792	37	30	51.175278	oe
5	1	5	1	55	13	1380	826	22	32	48.929298	BR
5	1	5	1	55	14	1429	855	17	13	55.694878	=
5	1	5	1	55	15	1469	859	28	29	19.509674	hah
5	1	5	1	55	16	1507	875	2	6	19.509674	|
5	1	5	1	55	17	1567	904	12	14	38.830257	5
5	1	5	1	55	18	1627	914	37	39	29.723770	Rie
5	1	5	1	55	19	1692	939	37	23	0.000000	wt
5	1	5	1	55	20	1756	962	18	21	51.973557	3
5	1	5	1	55	21	1799	984	59	21	30.159332	ANG
5	1	5	1	55	22	1884	1007	17	11	15.136948	a
4	1	5	1	56	0	20	374	1838	655	-1	
5	1	5	1	56	1	20	374	12	8	82.810066	a
5	1	5	1	56	2	130	409	12	10	62.873581	°
5	1	5	1	56	3	225	449	16	6	53.460258	a
5	1	5	1	56	4	280	464	13	12	8.927567	°
5	1	5	1	56	5	344	480	17	15	49.549583	&
5	1	5	1	56	6	375	498	11	9	20.040718	o
5	1	5	1	56	7	426	512	12	10	17.226685	2
5	1	5	1	56	8	498	538	44	21	67.132446	Go
5	1	5	1	56	9	581	564	12	10	72.599854	2
5	1	5	1	56	10	655	593	12	10	38.298683	o
5	1	5	1	56	11	697	599	20	29	22.262329	ra]
5	1	5	1	56	12	742	628	63	24	63.918762	Ose
5	1	5	1	56	13	839	662	57	27	32.835457	$f.
5	1	5	1	56	14	932	700	63	23	44.979706	Bok
5	1	5	1	56	15	1044	721	21	31	49.601814	am
5	1	5	1	56	16	1211	793	12	10	62.850452	8
5	1	5	1	56	17	1271	805	37	29	91.163338	a8
5	1	5	1	56	18	1430	854	21	29	37.820072	rt
5	1	5	1	56	19	1627	923	16	29	0.000000	3S
5	1	5	1	56	20	1674	953	12	12	48.312256	Bio
5	1	5	1	56	21	1718	964	12	10	11.882019	i
5	1	5	1	56	22	1762	984	12	12	83.745079	3
5	1	5	1	56	23	1821	994	37	35	72.964371	ag
4	1	5	1	57	0	130	416	1771	638	-1	
5	1	5	1	57	1	130	416	37	31	49.287910	Cis
5	1	5	1	57	2	225	457	67	33	39.527088	BES
5	1	5	1	57	3	344	496	17	14	86.117722	N
5	1	5	1	57	4	374	509	13	11	80.843048	5
5	1	5	1	57	5	421	523	17	12	55.360413	4
5	1	5	1	57	6	474	535	20	31	4.338394	Rb
5	1	5	1	57	7	530	560	88	45	10.144310	zag
5	1	5	1	57	8	655	604	58	31	48.900909	Bag
5	1	5	1	57	9	770	647	35	14	43.539043	RS
5	1	5	1	57	10	835	673	67	30	23.689163	28e
5	1	5	1	57	11	1211	805	12	8	49.284592	4
5	1	5	1	57	12	1271	819	15	9	66.251419	a
5	1	5	1	57	13	1340	843	12	11	0.000000	.
5	1	5	1	57	14	1390	863	12	10	73.720848	2
5	1	5	1	57	15	1434	880	12	11	62.468979	3
5	1	5	1	57	16	1476	895	33	17	50.117020	3.3
5	1	5	1	57	17	1566	930	13	8	66.049507	a
5	1	5	1	57	18	1631	948	99	40	2.881920	sess
5	1	5	1	57	19	1804	1008	53	30	74.821609	sag
5	1	5	1	57	20	1889	1030	12	24	88.787331	§
4	1	5	1	58	0	20	392	1796	636	-1	
5	1	5	1	58	1	20	392	12	9	78.002998	g
5	1	5	1	58	2	164	452	3	4	38.412697	.
5	1	5	1	58	3	252	467	15	30	53.640270	ES
5	1	5	1	58	4	370	521	16	6	84.240471	a
5	1	5	1	58	5	423	537	16	9	59.437065	Ss
5	1	5	1	58	6	504	561	37	21	84.002258	25
5	1	5	1	58	7	581	587	9	12	83.677589	8
5	1	5	1	58	8	597	583	16	30	48.105232	..
5	1	5	1	58	9	675	625	15	9	68.276978	8
5	1	5	1	58	10	838	683	13	9	0.000000	%
5	1	5	1	58	11	957	724	61	27	50.644474	aie
5	1	5	1	58	12	1061	764	4	4	73.064651	:
5	1	5	1	58	13	1211	814	16	11	49.335350	eo
5	1	5	1	58	14	1268	830	25	7	37.684017	oa
5	1	5	1	58	15	1335	855	4	8	36.743656	:
5	1	5	1	58	16	1386	874	16	9	37.399086	2
5	1	5	1	58	17	1472	908	59	24	62.620361	Bak
5	1	5	1	58	18	1659	973	70	25	0.000000	S$
5	1	5	1	58	19	1756	996	17	23	75.709122	=
5	1	5	1	58	20	1803	1018	13	10	31.110954	3
4	1	5	1	59	0	20	403	1881	665	-1	
5	1	5	1	59	1	20	403	12	10	0.000000	°
5	1	5	1	59	2	125	435	16	8	48.763512	=
5	1	5	1	59	3	224	471	17	17	7.311386	B
5	1	5	1	59	4	342	516	49	25	46.320515	Ee
5	1	5	1	59	5	477	557	89	42	21.201744	Pee
5	1	5	1	59	6	654	625	59	32	45.651093	832
5	1	5	1	59	7	742	652	62	28	59.602680	Bay
5	1	5	1	59	8	834	693	36	19	0.000000	ge
5	1	5	1	59	9	932	731	86	33	0.000000	SSEE
5	1	5	1	59	10	1049	771	16	8	43.538826	a
5	1	5	1	59	11	1211	826	12	10	45.891068	S
5	1	5	1	59	12	1334	854	22	25	0.000000	B
5	1	5	1	59	13	1384	884	18	12	60.607685	3
5	1	5	1	59	14	1434	893	16	12	65.414261	8
5	1	5	1	59	15	1477	901	37	37	29.100937	Piet
5	1	5	1	59	16	1567	939	11	20	0.000000	E
5	1	5	1	59	17	1631	962	55	33	43.260799	sk
5	1	5	1	59	18	1846	1040	11	13	8.340797	&
5	1	5	1	59	19	1884	1056	17	12	89.857689	3
4	1	5	1	60	0	21	414	1880	663	-1	
5	1	5	1	60	1	21	414	11	9	43.675018	4
5	1	5	1	60	2	125	452	46	26	25.625877	a
5	1	5	1	60	3	237	502	4	4	43.032257	.
5	1	5	1	60	4	277	500	16	22	43.505264	2.3
5	1	5	1	60	5	344	527	42	28	66.947472	Be
5	1	5	1	60	6	420	552	18	23	61.283031	S
5	1	5	1	60	7	562	611	4	4	45.716133	io
5	1	5	1	60	8	601	626	17	6	19.179161	a
5	1	5	1	60	9	654	636	36	19	59.146923	3a
5	1	5	1	60	10	742	666	63	35	55.390282	328
5	1	5	1	60	11	839	700	57	31	49.364895	SEs
5	1	5	1	60	12	1001	766	64	24	51.114342	gee
5	1	5	1	60	13	1271	849	37	23	69.567543	Be
5	1	5	1	60	14	1390	898	12	13	34.388275	g
5	1	5	1	60	15	1434	907	16	14	52.848774	oS
5	1	5	1	60	16	1476	925	54	25	24.716103	ost
5	1	5	1	60	17	1562	948	17	32	20.261482	S$
5	1	5	1	60	18	1625	977	105	41	56.172676	5235
5	1	5	1	60	19	1769	1033	4	3	80.094757	:
5	1	5	1	60	20	1804	1042	53	29	24.428062	Rog
5	1	5	1	60	21	1884	1069	17	8	85.357941	3
4	1	5	1	61	0	14	422	1887	667	-1	
5	1	5	1	61	1	14	422	18	18	56.084961	a
5	1	5	1	61	2	130	466	11	13	51.936474	&
5	1	5	1	61	3	152	459	16	35	63.344444	8s
5	1	5	1	61	4	262	504	30	36	34.895294	“$s
5	1	5	1	61	5	343	543	43	23	76.366562	OK
5	1	5	1	61	6	473	581	144	65	0.000000	ged
5	1	5	1	61	7	654	648	59	31	58.773926	S55
5	1	5	1	61	8	746	687	58	28	72.133995	gos
5	1	5	1	61	9	838	714	59	30	8.897171	het)
5	1	5	1	61	10	936	747	72	57	29.048553	cere
5	1	5	1	61	11	1022	747	43	57	37.499901	peer
5	1	5	1	61	12	1206	838	16	14	28.063553	Q
5	1	5	1	61	13	1271	861	37	26	67.874313	oy
5	1	5	1	61	14	1340	886	12	9	90.412735	2
5	1	5	1	61	15	1389	911	13	12	79.779358	a
5	1	5	1	61	16	1428	920	18	18	0.000000	oP
5	1	5	1	61	17	1468	923	21	35	50.695816	Ss
5	1	5	1	61	18	1561	973	17	6	30.329109	8
5	1	5	1	61	19	1631	993	55	30	59.610909	S28
5	1	5	1	61	20	1713	1027	61	24	32.582382	ares
5	1	5	1	61	21	1799	1057	38	18	0.000000	ga
5	1	5	1	61	22	1889	1078	12	11	45.572895	3
4	1	5	1	62	0	17	441	1884	666	-1	
5	1	5	1	62	1	17	441	15	9	46.382404	+
5	1	5	1	62	2	130	480	12	13	76.614365	a
5	1	5	1	62	3	223	504	28	31	0.000000	~:
5	1	5	1	62	4	277	537	16	9	0.000000	s
5	1	5	1	62	5	348	560	13	9	55.239578	a
5	1	5	1	62	6	426	584	12	10	0.000000	¢
5	1	5	1	62	7	474	603	16	9	36.617489	3
5	1	5	1	62	8	511	620	4	4	10.353699	A
5	1	5	1	62	9	549	630	44	21	72.291512	38
5	1	5	1	62	10	650	661	67	32	56.547997	B38
5	1	5	1	62	11	839	725	58	34	0.000000	5a¢8
5	1	5	1	62	12	955	764	87	44	0.000000	weey
5	1	5	1	62	13	1211	863	12	10	0.000000	®
5	1	5	1	62	14	1275	881	32	23	0.465118	8&
5	1	5	1	62	15	1334	897	21	19	59.660831	a
5	1	5	1	62	16	1566	981	13	24	40.770611	§
5	1	5	1	62	17	1650	1011	59	29	33.374260	oon
5	1	5	1	62	18	1804	1063	11	9	35.600746	6
5	1	5	1	62	19	1840	1080	17	12	22.892105	6
5	1	5	1	62	20	1889	1090	12	17	76.034088	8
4	1	5	1	63	0	21	451	1837	656	-1	
5	1	5	1	63	1	21	451	11	13	42.758488	3
5	1	5	1	63	2	231	525	39	16	31.362549	“2
5	1	5	1	63	3	349	571	38	17	77.551285	Bo
5	1	5	1	63	4	477	612	13	13	79.423294	3
5	1	5	1	63	5	524	632	69	30	36.414352	see
5	1	5	1	63	6	697	680	20	33	12.319885	re)
5	1	5	1	63	7	787	711	21	33	0.000000	Ee
5	1	5	1	63	8	838	744	36	18	45.956593	8g
5	1	5	1	63	9	936	764	59	42	43.519855	a8
5	1	5	1	63	10	1026	809	39	22	45.790516	Sy
5	1	5	1	63	11	1275	897	12	9	85.881378	5
5	1	5	1	63	12	1340	915	11	10	0.000000	o
5	1	5	1	63	13	1390	924	12	27	14.376991	E
5	1	5	1	63	14	1434	949	12	20	25.339813	8
5	1	5	1	63	15	1477	962	54	24	40.913681	55.8
5	1	5	1	63	16	1651	1021	58	35	33.528732	RSs
5	1	5	1	63	17	1762	1062	12	21	67.112686	£
5	1	5	1	63	18	1804	1070	54	37	33.464188	Ras
4	1	5	1	64	0	16	456	1885	681	-1	
5	1	5	1	64	1	16	456	16	30	23.977798	i)
5	1	5	1	64	2	123	503	47	20	48.649406	TA
5	1	5	1	64	3	224	536	68	25	47.623783	Bae
5	1	5	1	64	4	348	584	39	15	10.440201	os
5	1	5	1	64	5	426	609	12	11	58.669930	6
5	1	5	1	64	6	473	625	16	13	70.440102	a
5	1	5	1	64	7	524	645	29	11	71.323769	3:
5	1	5	1	64	8	580	661	13	12	86.374474	§
5	1	5	1	64	9	606	666	16	25	93.732376	>
5	1	5	1	64	10	650	683	17	28	0.000000	e
5	1	5	1	64	11	743	721	67	21	51.732479	Bec
5	1	5	1	64	12	862	762	39	23	34.200546	of
5	1	5	1	64	13	960	799	12	10	51.192509	©
5	1	5	1	64	14	1007	816	80	33	27.073608	gag.
5	1	5	1	64	15	1202	871	25	30	31.843277	Fad
5	1	5	1	64	16	1269	908	38	19	65.303284	Sa
5	1	5	1	64	17	1330	916	21	30	13.449768	my
5	1	5	1	64	18	1385	934	17	32	43.097420	HH
5	1	5	1	64	19	1477	972	32	25	50.101196	we
5	1	5	1	64	20	1561	1006	17	15	16.214996	a
5	1	5	1	64	21	1625	1026	61	29	32.968376	Bes
5	1	5	1	64	22	1717	1055	13	12	50.778595	8
5	1	5	1	64	23	1798	1088	44	21	44.024269	ay
5	1	5	1	64	24	1889	1117	12	20	62.685467	2
4	1	5	1	65	0	130	516	1727	626	-1	
5	1	5	1	65	1	130	516	12	14	72.512100	3
5	1	5	1	65	2	224	553	17	13	10.662918	NU
5	1	5	1	65	3	280	564	13	10	10.662918	3
5	1	5	1	65	4	478	639	62	28	42.924656	ES
5	1	5	1	65	5	580	675	13	10	53.937069	8
5	1	5	1	65	6	731	727	28	16	49.752121	a8
5	1	5	1	65	7	772	743	32	18	0.000000	EN
5	1	5	1	65	8	834	766	16	6	79.261322	=
5	1	5	1	65	9	885	785	12	12	0.000000	$
5	1	5	1	65	10	936	794	63	30	60.934811	gee
5	1	5	1	65	11	1030	842	11	5	92.477982	=
5	1	5	1	65	12	1206	887	16	17	53.224716	&
5	1	5	1	65	13	1275	915	32	20	59.214573	ss
5	1	5	1	65	14	1335	941	16	17	51.341316	3
5	1	5	1	65	15	1434	970	12	13	85.520470	3
5	1	5	1	65	16	1498	998	33	12	54.194550	BS
5	1	5	1	65	17	1650	1052	13	9	91.194191	a
5	1	5	1	65	18	1718	1076	11	9	39.802513	Ss
5	1	5	1	65	19	1755	1085	18	16	61.770542	<
5	1	5	1	65	20	1811	1103	46	39	38.805794	S43
4	1	5	1	66	0	19	485	1882	666	-1	
5	1	5	1	66	1	19	485	13	11	70.842239	g
5	1	5	1	66	2	272	571	21	30	45.969833	ad
5	1	5	1	66	3	339	594	36	33	12.178406	Lom
5	1	5	1	66	4	426	629	11	13	15.085922	S
5	1	5	1	66	5	554	675	63	37	21.190102	aae
5	1	5	1	66	6	677	715	23	19	36.820160	as
5	1	5	1	66	7	723	733	13	8	16.258087	6
5	1	5	1	66	8	838	773	36	24	44.359859	8a
5	1	5	1	66	9	977	827	51	20	56.021484	a:
5	1	5	1	66	10	1048	839	17	30	12.460091	ry
5	1	5	1	66	11	1271	916	16	30	25.443665	RS
5	1	5	1	66	12	1384	962	18	18	96.393234	>
5	1	5	1	66	13	1434	984	12	12	92.912910	5
5	1	5	1	66	14	1477	996	53	29	46.856346	ESS
5	1	5	1	66	15	1630	1054	56	19	14.026253	sa
5	1	5	1	66	16	1718	1087	12	10	15.683731	&
5	1	5	1	66	17	1884	1139	17	12	59.956779	<
4	1	5	1	67	0	20	497	1881	674	-1	
5	1	5	1	67	1	20	497	12	13	2.954147	S
5	1	5	1	67	2	123	537	45	25	91.550385	EE
5	1	5	1	67	3	222	573	71	28	69.252113	Bes
5	1	5	1	67	4	374	630	63	19	66.314713	2s
5	1	5	1	67	5	477	658	64	29	41.466957	Ea
5	1	5	1	67	6	575	693	17	6	30.212845	3
5	1	5	1	67	7	654	720	151	64	8.199799	#98025.
5	1	5	1	67	8	885	806	16	14	90.470306	>
5	1	5	1	67	9	954	826	64	34	15.247101	Be3
5	1	5	1	67	10	1053	849	20	32	62.354183	al
5	1	5	1	67	11	1211	922	11	3	39.231834	a
5	1	5	1	67	12	1275	943	32	14	60.158672	fs
5	1	5	1	67	13	1340	960	11	12	77.596375	3
5	1	5	1	67	14	1472	1010	16	16	80.114777	4
5	1	5	1	67	15	1566	1036	13	12	9.092064	S
5	1	5	1	67	16	1646	1069	41	23	81.219406	23
5	1	5	1	67	17	1769	1112	9	5	38.743740	-
5	1	5	1	67	18	1804	1112	57	44	44.320965	Pos
5	1	5	1	67	19	1885	1139	16	32	10.394836	oS
4	1	5	1	68	0	52	519	1849	651	-1	
5	1	5	1	68	1	52	519	4	5	65.144508	.
5	1	5	1	68	2	121	540	20	34	67.168777	fe
5	1	5	1	68	3	224	583	17	14	68.558472	&
5	1	5	1	68	4	348	625	13	9	58.596909	2
5	1	5	1	68	5	503	684	90	30	14.722519	oak
5	1	5	1	68	6	650	732	85	43	49.755547	Soke
5	1	5	1	68	7	792	785	12	9	54.217449	a
5	1	5	1	68	8	880	820	16	6	62.817390	2
5	1	5	1	68	9	960	840	58	28	24.779808	Sa
5	1	5	1	68	10	1072	879	15	9	78.480690	3
5	1	5	1	68	11	1292	948	15	34	0.000000	i)
5	1	5	1	68	12	1384	987	61	30	60.345406	22
5	1	5	1	68	13	1547	1052	4	4	46.185947	3
5	1	5	1	68	14	1566	1048	13	17	16.208382	E
5	1	5	1	68	15	1626	1078	60	24	57.805290	gee
5	1	5	1	68	16	1756	1122	9	8	54.628487	5
5	1	5	1	68	17	1819	1155	4	3	47.947578	.
5	1	5	1	68	18	1884	1163	17	7	76.851723	3
4	1	5	1	69	0	17	520	1888	688	-1	
5	1	5	1	69	1	17	520	15	19	56.393906	2
5	1	5	1	69	2	130	581	9	9	0.000000	@
5	1	5	1	69	3	223	599	70	44	55.206100	SEF
5	1	5	1	69	4	348	635	38	42	41.800613	23
5	1	5	1	69	5	420	659	18	39	0.000000	s
5	1	5	1	69	6	477	669	13	43	61.398014	3
5	1	5	1	69	7	529	701	89	51	31.389076	sae
5	1	5	1	69	8	651	747	84	51	12.406761	pits
5	1	5	1	69	9	748	775	56	45	0.000000	a2t
5	1	5	1	69	10	838	806	59	47	20.753563	ae
5	1	5	1	69	11	932	829	63	54	0.000000	a25
5	1	5	1	69	12	1024	886	63	23	51.284748	Re
5	1	5	1	69	13	1211	959	11	13	0.000000	.
5	1	5	1	69	14	1261	959	45	39	4.693314	gz
5	1	5	1	69	15	1390	1002	56	52	33.443222	a3
5	1	5	1	69	16	1471	1034	80	48	57.489452	wads
5	1	5	1	69	17	1566	1067	13	22	1.153862	&
5	1	5	1	69	18	1646	1103	84	43	29.465454	2858
5	1	5	1	69	19	1761	1132	17	34	26.751663	&
5	1	5	1	69	20	1803	1152	55	42	4.332764	sds
5	1	5	1	69	21	1889	1171	16	37	42.155609	2
4	1	5	1	70	0	15	550	1885	681	-1	
5	1	5	1	70	1	15	550	17	5	0.000000	1
5	1	5	1	70	2	130	591	11	13	40.575989	a
5	1	5	1	70	3	229	627	38	21	25.475510	gS
5	1	5	1	70	4	349	669	37	19	67.237404	aS
5	1	5	1	70	5	422	700	16	9	42.819286	s
5	1	5	1	70	6	500	716	18	18	96.610832	+
5	1	5	1	70	7	548	743	69	22	56.781357	Sox
5	1	5	1	70	8	655	775	11	9	64.709854	B
5	1	5	1	70	9	746	811	34	12	15.959389	3
5	1	5	1	70	10	833	832	64	33	61.050472	ge
5	1	5	1	70	11	955	886	63	21	74.802521	239
5	1	5	1	70	12	1075	918	11	9	5.232124	s
5	1	5	1	70	13	1249	986	59	29	44.665394	ssa
5	1	5	1	70	14	1389	1035	13	12	52.941746	8
5	1	5	1	70	15	1473	1055	20	36	61.507812	Ry
5	1	5	1	70	16	1561	1090	17	18	90.757591	<
5	1	5	1	70	17	1630	1113	13	21	30.981987	&
5	1	5	1	70	18	1673	1130	56	35	70.905861	385
5	1	5	1	70	19	1798	1176	60	31	63.380474	BAS
5	1	5	1	70	20	1884	1209	16	22	9.253235	s
4	1	5	1	71	0	19	570	1818	644	-1	
5	1	5	1	71	1	19	570	13	10	0.000000	®
5	1	5	1	71	2	130	605	37	19	49.390846	85
5	1	5	1	71	3	228	640	37	20	58.937454	SF
5	1	5	1	71	4	281	653	16	12	63.094059	w
5	1	5	1	71	5	374	689	12	11	65.316254	8
5	1	5	1	71	6	478	721	16	13	47.789455	2
5	1	5	1	71	7	554	753	64	35	0.000000	eBs
5	1	5	1	71	8	677	795	36	20	0.000000	S3
5	1	5	1	71	9	743	825	61	22	0.000000	ae
5	1	5	1	71	10	839	852	58	24	29.836403	238
5	1	5	1	71	11	937	884	11	20	51.250896	§
5	1	5	1	71	12	983	908	17	12	46.920441	=
5	1	5	1	71	13	1030	918	27	24	45.956718	Bu
5	1	5	1	71	14	1075	928	12	28	42.444248	8
5	1	5	1	71	15	1249	999	37	20	59.899834	33
5	1	5	1	71	16	1339	1033	12	10	67.307632	2
5	1	5	1	71	17	1389	1049	13	10	67.307632	3
5	1	5	1	71	18	1424	1051	27	35	21.004250	1s)
5	1	5	1	71	19	1472	1084	79	22	69.483299	Begs
5	1	5	1	71	20	1697	1157	12	12	53.593666	$
5	1	5	1	71	21	1756	1168	22	29	55.656975	a
5	1	5	1	71	22	1825	1203	12	11	52.107475	3
4	1	5	1	72	0	130	618	1707	605	-1	
5	1	5	1	72	1	130	618	38	18	40.090614	26
5	1	5	1	72	2	349	693	37	21	43.841209	88
5	1	5	1	72	3	426	717	11	9	62.162117	&
5	1	5	1	72	4	499	742	19	18	96.728455	+
5	1	5	1	72	5	580	773	13	12	33.672371	S
5	1	5	1	72	6	650	796	16	13	68.303986	a
5	1	5	1	72	7	724	822	57	25	64.251518	Bee
5	1	5	1	72	8	885	879	16	12	75.803726	a
5	1	5	1	72	9	959	907	56	26	25.244781	BBs
5	1	5	1	72	10	1032	931	33	23	17.464020	ee
5	1	5	1	72	11	1249	1013	16	9	10.482628	S
5	1	5	1	72	12	1295	1017	12	25	69.311455	§
5	1	5	1	72	13	1384	1060	17	6	81.535797	2
5	1	5	1	72	14	1473	1091	36	14	70.192276	Be
5	1	5	1	72	15	1566	1119	12	9	57.848392	a
5	1	5	1	72	16	1646	1154	84	31	30.349106	2°35
5	1	5	1	72	17	1799	1205	38	18	30.541290	33
4	1	5	1	73	0	19	588	1882	664	-1	
5	1	5	1	73	1	19	588	13	10	65.200531	o
5	1	5	1	73	2	130	629	37	17	49.714348	ge
5	1	5	1	73	3	223	654	68	33	63.781990	Cos
5	1	5	1	73	4	348	707	37	16	60.061779	ae
5	1	5	1	73	5	426	727	12	10	0.000000	@
5	1	5	1	73	6	555	774	63	36	2.668320	ges
5	1	5	1	73	7	678	817	57	30	20.305611	Eee
5	1	5	1	73	8	769	848	35	22	27.404381	2c
5	1	5	1	73	9	838	871	28	34	7.825806	2’
5	1	5	1	73	10	885	888	12	13	24.270172	2
5	1	5	1	73	11	960	917	16	13	42.256065	a
5	1	5	1	73	12	1006	934	12	11	80.307831	6
5	1	5	1	73	13	1075	956	12	12	13.746559	°
5	1	5	1	73	14	1210	1002	12	12	61.303677	8
5	1	5	1	73	15	1269	1021	17	22	57.434822	=
5	1	5	1	73	16	1334	1051	68	26	52.541405	go
5	1	5	1	73	17	1428	1082	18	13	64.685059	3
5	1	5	1	73	18	1473	1090	16	29	36.408390	nt
5	1	5	1	73	19	1519	1118	60	21	74.496590	258
5	1	5	1	73	20	1630	1149	32	24	32.520943	Sg
5	1	5	1	73	21	1714	1186	16	9	76.104645	2
5	1	5	1	73	22	1803	1215	30	21	49.956749	Ae
5	1	5	1	73	23	1844	1211	14	34	16.472816	SF
5	1	5	1	73	24	1889	1241	12	11	75.936188	&
4	1	5	1	74	0	20	599	1881	665	-1	
5	1	5	1	74	1	20	599	12	10	76.361504	5
5	1	5	1	74	2	420	739	17	13	71.293289	4
5	1	5	1	74	3	485	770	4	4	50.799759	.
5	1	5	1	74	4	554	788	12	11	88.519020	6
5	1	5	1	74	5	701	836	12	10	85.479309	2
5	1	5	1	74	6	839	886	58	27	53.971123	53a
5	1	5	1	74	7	936	918	13	13	77.879395	§
5	1	5	1	74	8	961	928	34	17	73.454277	35
5	1	5	1	74	9	1030	950	11	13	0.000000	g
5	1	5	1	74	10	1075	969	16	13	93.105835	a
5	1	5	1	74	11	1205	1016	61	25	43.674057	aa
5	1	5	1	74	12	1334	1065	17	6	22.422112	3
5	1	5	1	74	13	1389	1077	13	12	70.637421	8
5	1	5	1	74	14	1433	1096	13	11	26.018219	2
5	1	5	1	74	15	1557	1127	22	31	38.921413	so
5	1	5	1	74	16	1605	1157	57	26	60.897236	Bee
5	1	5	1	74	17	1674	1176	10	10	37.202415	9
5	1	5	1	74	18	1696	1182	33	19	28.325333	fe
5	1	5	1	74	19	1755	1195	22	31	67.117378	ee
5	1	5	1	74	20	1889	1254	12	10	35.292114	8
4	1	5	1	75	0	20	610	1881	666	-1	
5	1	5	1	75	1	20	610	12	10	1.375824	s
5	1	5	1	75	2	124	643	46	30	54.261566	BE
5	1	5	1	75	3	225	679	67	29	76.078568	BES
5	1	5	1	75	4	348	720	38	22	77.126801	“2
5	1	5	1	75	5	422	753	16	9	23.197243	Ss
5	1	5	1	75	6	525	784	68	35	41.946468	B28
5	1	5	1	75	7	648	838	42	11	59.178219	se
5	1	5	1	75	8	769	859	12	29	38.794994	E
5	1	5	1	75	9	838	891	37	35	0.000000	F-)
5	1	5	1	75	10	931	932	17	13	74.463852	a
5	1	5	1	75	11	983	942	82	44	15.934677	525.
5	1	5	1	75	12	1210	1023	12	9	66.223625	@
5	1	5	1	75	13	1253	1043	13	8	70.562164	2
5	1	5	1	75	14	1334	1072	17	12	45.203072	x
5	1	5	1	75	15	1434	1108	11	10	46.547096	Ss
5	1	5	1	75	16	1477	1113	32	28	62.604641	Es
5	1	5	1	75	17	1535	1130	21	35	56.534737	bo
5	1	5	1	75	18	1605	1171	17	10	76.809570	5
5	1	5	1	75	19	1691	1195	38	21	40.117271	BE
5	1	5	1	75	20	1761	1214	13	12	70.513420	4
5	1	5	1	75	21	1797	1222	47	42	45.900284	a3.
5	1	5	1	75	22	1884	1265	17	11	73.340736	3
4	1	5	1	76	0	15	622	1886	680	-1	
5	1	5	1	76	1	15	622	17	23	31.565552	s
5	1	5	1	76	2	126	661	41	29	47.329597	Bu
5	1	5	1	76	3	228	689	64	54	40.336372	225
5	1	5	1	76	4	343	743	43	28	71.223549	ge
5	1	5	1	76	5	425	762	12	22	40.094658	8
5	1	5	1	76	6	473	784	144	75	34.324257	ate
5	1	5	1	76	7	650	846	154	60	0.000000	EGSEae:
5	1	5	1	76	8	838	922	34	14	31.370323	mu
5	1	5	1	76	9	884	921	13	24	59.800358	g
5	1	5	1	76	10	936	944	151	65	37.912174	re
5	1	5	1	76	11	1210	1033	12	35	32.063377	3
5	1	5	1	76	12	1248	1064	59	31	55.272629	ies
5	1	5	1	76	13	1334	1086	68	50	16.554184	a
5	1	5	1	76	14	1428	1119	151	85	13.624229	pie
5	1	5	1	76	15	1605	1180	125	61	0.000000	magsES
5	1	5	1	76	16	1762	1236	16	22	34.055199	B
5	1	5	1	76	17	1798	1251	60	42	6.982155	g23
5	1	5	1	76	18	1889	1288	12	14	57.411724	8
4	1	5	1	77	0	124	683	1777	630	-1	
5	1	5	1	77	1	124	683	43	23	28.604263	ee
5	1	5	1	77	2	279	744	13	9	81.453773	5
5	1	5	1	77	3	368	769	24	7	73.814926	~
5	1	5	1	77	4	432	794	9	5	0.000000	#
5	1	5	1	77	5	470	809	25	4	28.643600	ree
5	1	5	1	77	6	536	831	8	5	37.810852	tal
5	1	5	1	77	7	677	876	35	24	29.523262	2g
5	1	5	1	77	8	776	917	28	13	0.000000	e
5	1	5	1	77	9	833	936	63	30	51.055862	238
5	1	5	1	77	10	959	965	43	37	14.447220	Bey,
5	1	5	1	77	11	1025	1005	61	25	34.707184	B34
5	1	5	1	77	12	1207	1070	15	9	95.895599	5
5	1	5	1	77	13	1290	1096	17	6	19.561531	cs
5	1	5	1	77	14	1434	1146	79	28	0.000000	SazeC.
5	1	5	1	77	15	1673	1230	56	25	67.026756	233
5	1	5	1	77	16	1757	1245	16	36	29.552811	Ss
5	1	5	1	77	17	1832	1285	69	28	49.172401	a3
4	1	5	1	78	0	16	654	1889	672	-1	
5	1	5	1	78	1	16	654	16	9	15.302322	*
5	1	5	1	78	2	502	823	13	12	57.701485	°
5	1	5	1	78	3	554	837	63	38	0.000000	Vato
5	1	5	1	78	4	649	883	41	12	50.147209	=3
5	1	5	1	78	5	740	901	21	27	9.621872	eo
5	1	5	1	78	6	838	943	11	13	62.457676	g
5	1	5	1	78	7	879	962	4	4	48.142567	3°
5	1	5	1	78	8	927	968	25	27	29.717041	uel
5	1	5	1	78	9	1006	999	12	11	8.821320	°
5	1	5	1	78	10	1269	1095	17	13	71.210632	a
5	1	5	1	78	11	1340	1117	11	13	0.000000	&
5	1	5	1	78	12	1386	1137	16	9	37.015862	s
5	1	5	1	78	13	1452	1157	15	11	61.959061	a
5	1	5	1	78	14	1669	1240	40	12	50.120689	=o
5	1	5	1	78	15	1819	1295	8	3	0.000000	-
5	1	5	1	78	16	1889	1315	16	11	2.686996	&
4	1	5	1	79	0	19	663	1882	675	-1	
5	1	5	1	79	1	19	663	13	12	54.128910	3
5	1	5	1	79	2	126	698	73	30	40.498550	Ban
5	1	5	1	79	3	228	736	63	30	0.000000	2Be
5	1	5	1	79	4	343	772	17	14	90.956345	N
5	1	5	1	79	5	425	800	12	21	40.014427	3
5	1	5	1	79	6	472	824	42	21	41.070465	“2
5	1	5	1	79	7	580	863	12	13	2.225082	$
5	1	5	1	79	8	649	891	17	6	94.726837	=
5	1	5	1	79	9	722	910	13	21	60.855259	q
5	1	5	1	79	10	789	924	15	35	50.203949	ie
5	1	5	1	79	11	861	959	12	12	16.550102	2
5	1	5	1	79	12	977	999	87	35	28.475945	te
5	1	5	1	79	13	1254	1100	32	19	36.942177	£5
5	1	5	1	79	14	1389	1145	13	13	62.040775	3
5	1	5	1	79	15	1433	1156	55	37	60.617405	gad
5	1	5	1	79	16	1533	1192	53	36	0.000000	iar")
5	1	5	1	79	17	1637	1234	26	11	19.949341	sg
5	1	5	1	79	18	1697	1252	33	15	27.357918	oe
5	1	5	1	79	19	1761	1271	13	11	77.805733	2
5	1	5	1	79	20	1819	1299	39	12	64.110474	es
5	1	5	1	79	21	1889	1326	12	12	31.707336	3
4	1	5	1	80	0	14	667	1844	655	-1	
5	1	5	1	80	1	14	667	21	27	0.000000	P|
5	1	5	1	80	2	130	715	37	20	24.745422	8.8
5	1	5	1	80	3	189	744	4	4	0.000000	*
5	1	5	1	80	4	225	747	16	9	82.044708	3
5	1	5	1	80	5	279	758	17	27	35.009392	3°
5	1	5	1	80	6	348	796	41	16	59.687912	Qe
5	1	5	1	80	7	426	822	15	13	81.318466	a
5	1	5	1	80	8	477	837	42	21	60.595192	on
5	1	5	1	80	9	549	857	68	46	45.652756	gay
5	1	5	1	80	10	649	898	63	25	69.732536	Sos
5	1	5	1	80	11	745	932	59	28	20.431984	25
5	1	5	1	80	12	838	958	12	11	61.565201	°
5	1	5	1	80	13	879	977	17	15	85.498726	2
5	1	5	1	80	14	931	1000	63	28	38.663567	Ase
5	1	5	1	80	15	1051	1043	35	12	81.654747	on
5	1	5	1	80	16	1205	1088	17	23	55.761322	4
5	1	5	1	80	17	1248	1113	59	22	43.712811	aah
5	1	5	1	80	18	1334	1127	17	27	7.153625	Ro}
5	1	5	1	80	19	1434	1168	11	12	29.225769	a
5	1	5	1	80	20	1497	1195	86	47	4.338623	Phares
5	1	5	1	80	21	1605	1231	37	21	56.664558	Ci
5	1	5	1	80	22	1680	1258	8	11	50.805893	e
5	1	5	1	80	23	1708	1260	25	37	41.673717	fat
5	1	5	1	80	24	1756	1275	21	27	18.370270	P|
5	1	5	1	80	25	1824	1304	34	18	53.727669	gS
4	1	5	1	81	0	16	676	1885	684	-1	
5	1	5	1	81	1	16	676	18	33	37.497574	ed
5	1	5	1	81	2	130	725	12	17	75.412506	2
5	1	5	1	81	3	225	756	67	35	47.175159	£38
5	1	5	1	81	4	348	806	37	23	62.506546	2
5	1	5	1	81	5	425	836	12	12	70.210312	g
5	1	5	1	81	6	477	851	12	11	73.958969	3
5	1	5	1	81	7	528	868	38	23	65.049072	83
5	1	5	1	81	8	645	897	21	37	56.464882	ES
5	1	5	1	81	9	700	934	81	30	62.684837	2226
5	1	5	1	81	10	861	986	34	21	44.030727	a2
5	1	5	1	81	11	931	1007	40	20	60.484966	45
5	1	5	1	81	12	1006	1025	19	39	0.000000	wo
5	1	5	1	81	13	1205	1092	21	33	28.569160	cy
5	1	5	1	81	14	1252	1122	55	31	4.795120	ase
5	1	5	1	81	15	1384	1159	17	21	96.600136	=
5	1	5	1	81	16	1433	1182	13	10	7.656738	®
5	1	5	1	81	17	1476	1202	102	49	20.771240	sarge
5	1	5	1	81	18	1630	1253	12	14	0.000000	e
5	1	5	1	81	19	1668	1271	41	16	25.139778	a
5	1	5	1	81	20	1756	1296	17	18	4.526093	&
5	1	5	1	81	21	1803	1315	55	32	58.071602	223
5	1	5	1	81	22	1883	1339	18	21	79.370102	3
4	1	5	1	82	0	124	737	1691	610	-1	
5	1	5	1	82	1	124	737	17	13	77.000168	2
5	1	5	1	82	2	343	817	17	6	70.380096	2
5	1	5	1	82	3	741	953	4	4	94.925835	3
5	1	5	1	82	4	977	1039	2	3	54.497086	i
5	1	5	1	82	5	1205	1119	17	6	40.723495	3
5	1	5	1	82	6	1330	1151	21	28	12.276535	x%
5	1	5	1	82	7	1428	1194	61	30	52.372429	ORs
5	1	5	1	82	8	1534	1235	17	8	83.165710	3
5	1	5	1	82	9	1605	1250	37	25	48.186562	ms
5	1	5	1	82	10	1696	1288	13	10	38.052505	|
5	1	5	1	82	11	1798	1327	17	20	79.099312	2
4	1	5	1	83	0	19	708	1882	667	-1	
5	1	5	1	83	1	19	708	13	10	96.417984	2
5	1	5	1	83	2	130	751	37	16	37.862888	ae
5	1	5	1	83	3	228	780	63	28	84.063354	ose
5	1	5	1	83	4	313	822	4	3	50.917389	.
5	1	5	1	83	5	368	831	17	13	43.481529	3h
5	1	5	1	83	6	426	849	15	13	43.166359	a
5	1	5	1	83	7	472	863	145	62	19.264511	Biers
5	1	5	1	83	8	654	938	11	9	0.000000	6
5	1	5	1	83	9	722	955	35	27	10.845863	er
5	1	5	1	83	10	792	980	11	9	53.838997	g
5	1	5	1	83	11	861	1004	35	13	47.366966	2s
5	1	5	1	83	12	935	1030	151	58	0.000000	Sg5PESE
5	1	5	1	83	13	1211	1127	16	12	19.874229	8
5	1	5	1	83	14	1274	1138	41	36	14.693008	ime
5	1	5	1	83	15	1340	1175	11	12	0.000000	e
5	1	5	1	83	16	1389	1188	13	12	73.183823	4
5	1	5	1	83	17	1451	1216	16	11	68.172852	8
5	1	5	1	83	18	1492	1222	55	30	36.397484	Bes
5	1	5	1	83	19	1563	1251	15	13	44.270203	2
5	1	5	1	83	20	1630	1272	55	54	17.220657	FON
5	1	5	1	83	21	1693	1299	37	23	17.220657	RC
5	1	5	1	83	22	1761	1323	12	10	31.121094	®
5	1	5	1	83	23	1846	1348	11	11	55.002575	8
5	1	5	1	83	24	1888	1362	13	13	65.172699	3
4	1	5	1	84	0	12	711	1846	659	-1	
5	1	5	1	84	1	12	711	20	26	47.950447	Py
5	1	5	1	84	2	156	768	12	17	19.773773	E
5	1	5	1	84	3	228	794	64	31	0.000000	Zoos
5	1	5	1	84	4	348	828	20	26	60.468342	ae
5	1	5	1	84	5	473	878	16	23	25.593231	¥
5	1	5	1	84	6	528	900	63	30	0.000000	eo2
5	1	5	1	84	7	653	949	35	11	0.000000	o®
5	1	5	1	84	8	718	967	86	33	32.031120	35,8
5	1	5	1	84	9	833	1009	63	30	38.081406	bo
5	1	5	1	84	10	931	1043	17	12	64.091019	a
5	1	5	1	84	11	983	1061	58	22	13.764633	as2
5	1	5	1	84	12	1069	1085	17	13	80.848938	n
5	1	5	1	84	13	1211	1139	41	21	16.519653	ar
5	1	5	1	84	14	1275	1166	32	14	48.197330	Ae
5	1	5	1	84	15	1384	1201	17	6	59.249619	=
5	1	5	1	84	16	1463	1227	67	28	16.310257	PRS
5	1	5	1	84	17	1561	1265	16	12	69.227356	a
5	1	5	1	84	18	1600	1270	28	26	7.274544	com
5	1	5	1	84	19	1756	1335	17	12	55.842941	a
5	1	5	1	84	20	1845	1360	13	10	55.793991	o
4	1	5	1	85	0	19	729	1882	672	-1	
5	1	5	1	85	1	19	729	13	12	36.750301	g
5	1	5	1	85	2	300	829	23	7	10.957123	7
5	1	5	1	85	3	348	846	37	20	64.231186	ES
5	1	5	1	85	4	425	872	12	16	0.000000	]
5	1	5	1	85	5	497	897	120	52	27.123024	28g
5	1	5	1	85	6	677	961	58	32	24.441284	28g
5	1	5	1	85	7	769	992	12	13	14.513107	§
5	1	5	1	85	8	792	1001	16	12	62.915649	&
5	1	5	1	85	9	833	1017	62	36	42.964890	ey
5	1	5	1	85	10	932	1057	39	16	52.677235	sg
5	1	5	1	85	11	1028	1084	58	33	60.136227	gee
5	1	5	1	85	12	1253	1152	54	45	62.679543	FES
5	1	5	1	85	13	1334	1190	17	27	54.506989	2
5	1	5	1	85	14	1424	1213	25	37	10.393562	eo)
5	1	5	1	85	15	1518	1256	33	30	61.333958	Se
5	1	5	1	85	16	1651	1308	35	15	43.120979	50
5	1	5	1	85	17	1758	1349	15	9	23.712601	2
5	1	5	1	85	18	1802	1349	59	35	7.456322	TES
5	1	5	1	85	19	1888	1377	13	24	39.034115	i
4	1	5	1	86	0	20	734	1838	656	-1	
5	1	5	1	86	1	20	734	15	31	20.828232	oI
5	1	5	1	86	2	124	786	69	27	0.000000	38
5	1	5	1	86	3	223	809	69	38	52.530289	Seo
5	1	5	1	86	4	313	844	8	12	0.000000	®
5	1	5	1	86	5	343	863	42	11	47.427502	26
5	1	5	1	86	6	420	883	16	19	43.565193	|
5	1	5	1	86	7	477	902	12	10	0.000000	g
5	1	5	1	86	8	554	933	63	28	46.829849	aes
5	1	5	1	86	9	648	959	110	49	0.000000	Be2gs
5	1	5	1	86	10	792	1014	12	10	29.819366	®
5	1	5	1	86	11	1000	1087	41	21	87.855103	28
5	1	5	1	86	12	1200	1148	26	31	18.915024	is}
5	1	5	1	86	13	1253	1176	54	30	51.109005	RES
5	1	5	1	86	14	1384	1223	17	6	75.425110	3
5	1	5	1	86	15	1433	1233	97	57	51.462360	480.8
5	1	5	1	86	16	1561	1278	17	26	74.028931	4
5	1	5	1	86	17	1609	1305	33	20	61.069111	as
5	1	5	1	86	18	1673	1325	13	25	66.705315	g
5	1	5	1	86	19	1713	1327	21	31	39.966591	PRP
5	1	5	1	86	20	1803	1377	55	13	1.374359	oA
4	1	5	1	87	0	16	746	1885	675	-1	
5	1	5	1	87	1	16	746	20	35	53.489037	bo
5	1	5	1	87	2	123	803	45	13	79.581917	as
5	1	5	1	87	3	275	849	42	24	26.392616	Bn
5	1	5	1	87	4	374	884	16	14	33.225662	RP
5	1	5	1	87	5	473	914	66	38	0.000000	oie
5	1	5	1	87	6	553	946	38	13	0.000000	es
5	1	5	1	87	7	677	991	35	19	34.955605	Sg
5	1	5	1	87	8	742	1010	62	27	0.000000	Bo
5	1	5	1	87	9	833	1047	62	23	52.844406	Bee
5	1	5	1	87	10	931	1075	110	54	22.065292	35238
5	1	5	1	87	11	1065	1115	21	35	0.000000	F-
5	1	5	1	87	12	1217	1180	5	4	74.709229	‘
5	1	5	1	87	13	1248	1188	38	26	71.118622	as
5	1	5	1	87	14	1339	1225	12	10	45.458447	2
5	1	5	1	87	15	1456	1258	53	25	59.286484	a8
5	1	5	1	87	16	1539	1288	12	9	51.646126	=
5	1	5	1	87	17	1566	1305	11	13	37.960487	3
5	1	5	1	87	18	1650	1331	17	13	78.788742	a
5	1	5	1	87	19	1696	1341	33	26	67.664001	g&
5	1	5	1	87	20	1758	1359	15	35	37.986526	FI
5	1	5	1	87	21	1799	1390	59	25	23.277794	OS
4	1	5	1	88	0	14	769	1759	623	-1	
5	1	5	1	88	1	14	769	18	16	9.317253	a
5	1	5	1	88	2	123	803	71	36	0.000000	@Do6
5	1	5	1	88	3	228	842	38	15	44.061184	Br
5	1	5	1	88	4	282	862	35	26	19.363205	ae
5	1	5	1	88	5	341	885	44	23	36.433048	QP
5	1	5	1	88	6	476	931	12	9	68.806625	2
5	1	5	1	88	7	504	941	10	6	21.003555	2
5	1	5	1	88	8	596	962	24	32	3.729477	nol
5	1	5	1	88	9	677	1003	126	52	0.000000	g38%32
5	1	5	1	88	10	833	1060	62	25	42.048187	Bae
5	1	5	1	88	11	936	1089	82	40	10.554871	e229
5	1	5	1	88	12	1051	1124	13	21	85.091965	3
5	1	5	1	88	13	1205	1176	20	32	24.997528	vt
5	1	5	1	88	14	1260	1208	50	46	8.541199	fos
5	1	5	1	88	15	1333	1237	18	13	30.926048	8
5	1	5	1	88	16	1384	1256	62	27	31.078903	eS
5	1	5	1	88	17	1472	1279	79	41	25.101120	B28
5	1	5	1	88	18	1609	1327	31	25	35.910057	a2
5	1	5	1	88	19	1650	1344	13	13	35.910057	2
5	1	5	1	88	20	1696	1354	33	24	67.889206	£8
5	1	5	1	88	21	1761	1381	12	11	80.218216	6
4	1	5	1	89	0	19	786	1881	666	-1	
5	1	5	1	89	1	19	786	13	10	31.557533	3
5	1	5	1	89	2	125	811	21	29	8.856575	c)
5	1	5	1	89	3	178	836	16	10	81.246078	+
5	1	5	1	89	4	228	852	68	37	0.000000	sa8
5	1	5	1	89	5	340	888	19	29	43.736423	Q)
5	1	5	1	89	6	415	914	22	31	74.385864	‘S
5	1	5	1	89	7	472	942	145	56	0.000000	eedais
5	1	5	1	89	8	653	1012	82	29	52.226696	2333
5	1	5	1	89	9	763	1049	17	5	93.710571	2
5	1	5	1	89	10	838	1067	12	13	88.168274	3
5	1	5	1	89	11	891	1095	9	6	42.169498	2:
5	1	5	1	89	12	936	1102	12	12	6.951660	og
5	1	5	1	89	13	977	1124	68	27	54.334785	Se,
5	1	5	1	89	14	1069	1149	17	22	5.283852	s
5	1	5	1	89	15	1201	1189	25	29	7.600395	Po)
5	1	5	1	89	16	1253	1220	54	27	17.053535	25
5	1	5	1	89	17	1338	1250	13	11	0.000000	g
5	1	5	1	89	18	1389	1263	12	9	78.057938	=
5	1	5	1	89	19	1432	1282	41	20	60.842361	3S
5	1	5	1	89	20	1518	1307	60	30	54.756718	ess
5	1	5	1	89	21	1625	1347	36	23	40.090622	SB
5	1	5	1	89	22	1682	1362	46	30	0.000000	28
5	1	5	1	89	23	1789	1409	69	33	24.364639	2885
5	1	5	1	89	24	1883	1444	17	8	55.542370	&
4	1	5	1	90	0	14	799	1844	653	-1	
5	1	5	1	90	1	14	799	18	12	0.000000	°
5	1	5	1	90	2	123	829	35	46	39.218346	oat
5	1	5	1	90	3	228	865	96	51	16.576416	ages
5	1	5	1	90	4	341	906	44	27	41.433884	Pe
5	1	5	1	90	5	425	949	11	13	0.000000	@
5	1	5	1	90	6	473	956	67	42	27.793037	g25
5	1	5	1	90	7	554	982	63	30	14.273445	Ger
5	1	5	1	90	8	648	1011	41	42	75.212692	438
5	1	5	1	90	9	723	1050	58	25	26.534424	PEA
5	1	5	1	90	10	792	1065	12	23	37.915916	e
5	1	5	1	90	11	837	1082	30	26	22.680481	2S
5	1	5	1	90	12	959	1128	59	22	42.988701	ack
5	1	5	1	90	13	1047	1149	21	42	27.877548	iy
5	1	5	1	90	14	1205	1213	17	10	0.000000	S
5	1	5	1	90	15	1248	1231	59	27	47.244217	338
5	1	5	1	90	16	1338	1262	13	8	54.327690	6
5	1	5	1	90	17	1384	1273	17	15	73.879288	a
5	1	5	1	90	18	1428	1295	102	48	17.989655	2338
5	1	5	1	90	19	1624	1350	21	42	23.001389	ni
5	1	5	1	90	20	1668	1370	60	46	0.000000	§'o8
5	1	5	1	90	21	1777	1417	81	35	13.014099	S258
4	1	5	1	91	0	150	864	1711	602	-1	
5	1	5	1	91	1	150	864	43	8	61.814545	to
5	1	5	1	91	2	502	980	12	13	48.039543	g
5	1	5	1	91	3	580	1009	37	15	26.448730	ae)
5	1	5	1	91	4	700	1048	12	12	76.727341	2
5	1	5	1	91	5	745	1069	58	26	31.932602	go>
5	1	5	1	91	6	833	1094	16	13	74.430412	4
5	1	5	1	91	7	936	1123	11	20	27.301323	5
5	1	5	1	91	8	1006	1159	35	18	27.397186	aa
5	1	5	1	91	9	1071	1180	15	9	77.084923	2
5	1	5	1	91	10	1205	1226	60	23	48.402016	og
5	1	5	1	91	11	1289	1261	18	7	34.025856	is
5	1	5	1	91	12	1333	1262	23	32	38.072464	"Sb
5	1	5	1	91	13	1385	1280	16	31	13.025475	ts
5	1	5	1	91	14	1432	1303	77	36	0.000000	LOLS
5	1	5	1	91	15	1534	1334	16	23	78.738876	=
5	1	5	1	91	16	1561	1348	17	17	89.738953	2
5	1	5	1	91	17	1630	1371	60	38	34.760902	Resist
5	1	5	1	91	18	1696	1397	12	11	84.002274	©
5	1	5	1	91	19	1760	1417	101	49	0.000000	sees
4	1	5	1	92	0	14	820	1886	666	-1	
5	1	5	1	92	1	14	820	17	13	95.793594	=
5	1	5	1	92	2	124	859	70	26	30.169647	#23
5	1	5	1	92	3	228	887	94	52	44.002453	gece
5	1	5	1	92	4	348	924	37	29	47.284485	gS
5	1	5	1	92	5	554	1003	63	30	43.458611	AES
5	1	5	1	92	6	677	1051	80	43	42.387806	222%
5	1	5	1	92	7	786	1090	64	27	56.845322	£4
5	1	5	1	92	8	884	1120	12	11	31.975075	2
5	1	5	1	92	9	966	1155	28	14	27.667496	se
5	1	5	1	92	10	1024	1179	39	14	26.596893	a2
5	1	5	1	92	11	1253	1251	10	9	31.944740	=
5	1	5	1	92	12	1277	1254	34	31	9.390144	fe
5	1	5	1	92	13	1388	1306	13	10	66.124283	5
5	1	5	1	92	14	1428	1308	43	35	0.000000	Pha)
5	1	5	1	92	15	1497	1339	33	15	37.502460	gS
5	1	5	1	92	16	1609	1373	54	32	43.844093	S33
5	1	5	1	92	17	1691	1401	38	33	58.433205	Loe
5	1	5	1	92	18	1760	1428	55	26	29.362022	sas
5	1	5	1	92	19	1888	1474	12	12	66.781372	5
4	1	5	1	93	0	14	836	1886	661	-1	
5	1	5	1	93	1	14	836	17	5	82.570480	a
5	1	5	1	93	2	129	872	65	27	25.398338	SER
5	1	5	1	93	3	249	920	42	14	45.741653	Bo
5	1	5	1	93	4	347	945	38	26	81.301750	£2
5	1	5	1	93	5	419	976	43	19	43.267723	23
5	1	5	1	93	6	502	1007	29	11	34.507767	Qa
5	1	5	1	93	7	550	1017	15	6	41.460312	8
5	1	5	1	93	8	605	1043	12	9	91.263748	2
5	1	5	1	93	9	649	1055	40	18	47.843864	29g
5	1	5	1	93	10	722	1084	13	13	47.702732	SF
5	1	5	1	93	11	765	1095	38	20	36.343616	es
5	1	5	1	93	12	861	1127	34	18	18.372231	28
5	1	5	1	93	13	956	1162	15	9	49.391792	#
5	1	5	1	93	14	1005	1173	81	40	0.000000	eEs8
5	1	5	1	93	15	1209	1255	13	10	52.298527	5
5	1	5	1	93	16	1248	1261	59	30	60.557941	SEE
5	1	5	1	93	17	1338	1291	13	11	82.629501	2
5	1	5	1	93	18	1423	1312	26	39	56.688763	fat
5	1	5	1	93	19	1497	1355	54	23	58.629662	Sa
5	1	5	1	93	20	1609	1387	13	13	48.785072	3
5	1	5	1	93	21	1645	1406	63	26	50.861416	Bas
5	1	5	1	93	22	1760	1438	97	43	8.707977	BASES
5	1	5	1	93	23	1888	1487	12	10	25.314224	S
4	1	5	1	94	0	20	842	1884	668	-1	
5	1	5	1	94	1	20	842	12	17	79.236130	=
5	1	5	1	94	2	129	879	64	39	41.545364	$338
5	1	5	1	94	3	228	911	63	38	23.123695	gee
5	1	5	1	94	4	344	957	16	9	63.846127	2
5	1	5	1	94	5	421	983	40	22	73.088493	$e
5	1	5	1	94	6	580	1041	11	10	0.000000	b
5	1	5	1	94	7	650	1069	107	43	7.975426	Benes
5	1	5	1	94	8	791	1113	13	9	45.172504	3
5	1	5	1	94	9	837	1128	36	23	90.499290	23
5	1	5	1	94	10	935	1166	82	32	1.307388	sgea
5	1	5	1	94	11	1048	1214	38	21	55.752125	Se
5	1	5	1	94	12	1210	1266	16	11	58.770134	2
5	1	5	1	94	13	1248	1275	38	21	34.192108	SE
5	1	5	1	94	14	1333	1304	17	6	68.573593	2
5	1	5	1	94	15	1384	1318	18	13	68.573593	3
5	1	5	1	94	16	1445	1337	47	33	31.268555	=s
5	1	5	1	94	17	1562	1372	15	33	72.541290	be
5	1	5	1	94	18	1604	1401	38	28	30.363045	sed
5	1	5	1	94	19	1673	1428	56	28	0.000000	go8
5	1	5	1	94	20	1751	1440	25	33	45.335556	faa)
5	1	5	1	94	21	1803	1466	32	17	43.218742	3-5
5	1	5	1	94	22	1847	1482	10	10	33.627586	§
5	1	5	1	94	23	1888	1499	16	11	86.565720	&
4	1	5	1	95	0	124	895	1776	629	-1	
5	1	5	1	95	1	124	895	70	47	40.719200	2238
5	1	5	1	95	2	228	932	89	49	26.288895	air:
5	1	5	1	95	3	347	985	38	13	55.295753	28
5	1	5	1	95	4	424	1005	64	27	50.083748	228
5	1	5	1	95	5	523	1040	69	33	54.215683	ets
5	1	5	1	95	6	648	1080	40	24	16.354416	et
5	1	5	1	95	7	733	1102	74	47	49.025063	ad
5	1	5	1	95	8	837	1153	58	24	50.592617	Seg
5	1	5	1	95	9	1002	1200	84	46	43.615566	sae
5	1	5	1	95	10	1295	1305	12	11	71.452644	=
5	1	5	1	95	11	1338	1319	13	8	21.805794	a
5	1	5	1	95	12	1388	1339	100	46	0.000000	239°
5	1	5	1	95	13	1511	1383	40	18	32.844597	<8
5	1	5	1	95	14	1603	1415	19	17	82.962883	5
5	1	5	1	95	15	1673	1439	35	22	0.000000	g5
5	1	5	1	95	16	1760	1478	13	8	61.434254	2
5	1	5	1	95	17	1785	1475	71	42	0.000000	esis
5	1	5	1	95	18	1883	1510	17	14	64.543922	3
4	1	5	1	96	0	14	878	1886	671	-1	
5	1	5	1	96	1	14	878	17	6	44.673172	#
5	1	5	1	96	2	126	913	15	9	65.893845	2
5	1	5	1	96	3	274	967	17	12	13.546288	s
5	1	5	1	96	4	369	988	16	32	0.570282	3)
5	1	5	1	96	5	424	1016	38	26	53.798946	2s
5	1	5	1	96	6	501	1040	13	11	43.676525	8
5	1	5	1	96	7	579	1072	38	16	45.962318	3
5	1	5	1	96	8	677	1102	103	49	31.799156	eggs
5	1	5	1	96	9	855	1168	41	22	63.973866	66
5	1	5	1	96	10	926	1186	44	34	0.000000	Fane
5	1	5	1	96	11	1006	1217	11	10	42.356384	5
5	1	5	1	96	12	1046	1237	40	16	59.180546	42
5	1	5	1	96	13	1204	1279	17	30	95.724457	4
5	1	5	1	96	14	1253	1309	54	20	25.357193	PS
5	1	5	1	96	15	1333	1340	18	13	66.355576	3
5	1	5	1	96	16	1385	1361	79	23	38.307842	BESR
5	1	5	1	96	17	1477	1386	11	10	0.000000	»
5	1	5	1	96	18	1524	1411	54	14	18.881767	se
5	1	5	1	96	19	1612	1425	30	40	61.712414	36
5	1	5	1	96	20	1673	1450	12	18	0.000000	E
5	1	5	1	96	21	1717	1479	11	6	39.287827	a
5	1	5	1	96	22	1755	1488	18	5	48.464584	2
5	1	5	1	96	23	1803	1494	32	29	49.641323	3
5	1	5	1	96	24	1888	1535	12	14	0.000000	s
4	1	5	1	97	0	19	894	1881	666	-1	
5	1	5	1	97	1	19	894	13	8	51.462494	g
5	1	5	1	97	2	130	924	64	25	31.295662	g5%
5	1	5	1	97	3	235	960	83	47	23.830643	ca
5	1	5	1	97	4	347	996	13	22	93.405624	3
5	1	5	1	97	5	425	1033	63	28	65.104477	HES
5	1	5	1	97	6	528	1065	89	40	29.580917	gtEs
5	1	5	1	97	7	647	1105	41	29	34.055656	we
5	1	5	1	97	8	702	1125	37	22	39.938873	ee
5	1	5	1	97	9	768	1148	36	37	0.000000	Eee
5	1	5	1	97	10	837	1175	36	16	61.101624	as
5	1	5	1	97	11	930	1203	17	18	19.955612	&
5	1	5	1	97	12	981	1229	13	10	73.402618	Be
5	1	5	1	97	13	1028	1241	36	19	42.059402	os
5	1	5	1	97	14	1210	1310	15	13	37.883762	a
5	1	5	1	97	15	1247	1321	17	20	34.182091	=
5	1	5	1	97	16	1273	1326	37	21	0.000000	S
5	1	5	1	97	17	1384	1369	164	70	0.000000	eegsdics
5	1	5	1	97	18	1569	1428	9	17	37.311539	8
5	1	5	1	97	19	1609	1448	53	28	15.390671	eg
5	1	5	1	97	20	1696	1470	20	14	48.831718	8
5	1	5	1	97	21	1760	1503	97	33	22.103539	BASE.
5	1	5	1	97	22	1888	1550	12	10	77.249374	3
4	1	5	1	98	0	20	903	1884	671	-1	
5	1	5	1	98	1	20	903	12	13	90.920784	3
5	1	5	1	98	2	129	937	37	33	23.919464	ee
5	1	5	1	98	3	181	959	13	10	0.000000	o
5	1	5	1	98	4	219	964	20	40	33.858818	te
5	1	5	1	98	5	370	1020	53	32	36.609985	By
5	1	5	1	98	6	449	1053	13	10	27.673538	8
5	1	5	1	98	7	498	1072	41	26	43.261639	ge
5	1	5	1	98	8	575	1094	42	40	28.805344	ba
5	1	5	1	98	9	648	1123	64	23	36.653744	Se
5	1	5	1	98	10	740	1156	40	20	49.924999	$e
5	1	5	1	98	11	837	1184	58	37	19.021385	a5"
5	1	5	1	98	12	935	1230	151	56	0.000000	gogg85s
5	1	5	1	98	13	1204	1325	18	12	88.752785	a
5	1	5	1	98	14	1270	1343	40	33	64.731995	ge
5	1	5	1	98	15	1338	1361	86	37	0.000000	EoaS
5	1	5	1	98	16	1450	1407	17	6	30.189713	5
5	1	5	1	98	17	1491	1424	39	10	30.189713	Sos
5	1	5	1	98	18	1560	1446	9	10	43.804352	5
5	1	5	1	98	19	1604	1459	81	31	0.000000	Bo23
5	1	5	1	98	20	1696	1495	33	20	50.846718	38
5	1	5	1	98	21	1755	1515	60	26	61.509262	BEE
5	1	5	1	98	22	1826	1537	31	12	52.025131	Be
5	1	5	1	98	23	1888	1562	16	12	30.436470	3
4	1	5	1	99	0	14	918	1886	670	-1	
5	1	5	1	99	1	14	918	17	12	65.988861	é
5	1	5	1	99	2	129	966	65	19	33.063919	230
5	1	5	1	99	3	222	989	44	30	12.043793	a3
5	1	5	1	99	4	286	1011	31	23	0.000000	[3
5	1	5	1	99	5	347	1033	38	21	45.306778	3s
5	1	5	1	99	6	419	1054	173	81	0.000000	Gie
5	1	5	1	99	7	631	1137	58	33	58.397755	SNE
5	1	5	1	99	8	717	1157	87	51	0.000000	Zise
5	1	5	1	99	9	832	1210	63	23	40.506142	Eee
5	1	5	1	99	10	935	1240	151	60	0.000000	iubicgs
5	1	5	1	99	11	1210	1346	12	10	86.302948	2
5	1	5	1	99	12	1253	1351	54	34	41.624184	886
5	1	5	1	99	13	1357	1390	194	74	0.000000	ehadsisg:
5	1	5	1	99	14	1572	1470	9	5	33.148315	g
5	1	5	1	99	15	1609	1479	52	32	8.954941	SSR
5	1	5	1	99	16	1695	1513	34	20	37.228424	ge
5	1	5	1	99	17	1797	1539	64	33	18.411751	me
5	1	5	1	99	18	1888	1574	12	14	51.873264	g
4	1	5	1	100	0	14	931	1886	671	-1	
5	1	5	1	100	1	14	931	17	17	43.951000	B
5	1	5	1	100	2	124	977	68	30	8.967278	BS
5	1	5	1	100	3	225	1013	93	35	0.000000	Byus
5	1	5	1	100	4	342	1052	43	19	45.804558	22
5	1	5	1	100	5	424	1082	37	10	42.430679	ae
5	1	5	1	100	6	479	1091	60	38	34.286163	see
5	1	5	1	100	7	576	1136	41	24	5.166855	eg
5	1	5	1	100	8	677	1170	35	14	71.323242	a8
5	1	5	1	100	9	745	1185	58	33	42.857864	eee
5	1	5	1	100	10	837	1225	59	20	63.256218	555
5	1	5	1	100	11	935	1260	59	25	20.071625	oon
5	1	5	1	100	12	1046	1290	40	36	36.398262	Dao
5	1	5	1	100	13	1204	1357	18	14	79.935684	2
5	1	5	1	100	14	1253	1372	53	32	30.752144	S08
5	1	5	1	100	15	1333	1404	91	35	22.215141	Roe
5	1	5	1	100	16	1476	1451	12	9	62.513756	£
5	1	5	1	100	17	1511	1463	66	23	0.000000	fos
5	1	5	1	100	18	1554	1447	26	43	59.834908	|
5	1	5	1	100	19	1625	1493	16	36	37.942383	Eg
5	1	5	1	100	20	1673	1512	55	28	49.635693	ES
5	1	5	1	100	21	1755	1548	102	53	0.000000	aeits
5	1	5	1	100	22	1888	1588	12	14	72.867149	3
4	1	5	1	101	0	27	962	1873	654	-1	
5	1	5	1	101	1	27	962	4	3	29.642792	:
5	1	5	1	101	2	149	992	19	34	52.523819	‘3
5	1	5	1	101	3	228	1019	89	43	43.530670	258.8
5	1	5	1	101	4	368	1073	17	6	25.255905	a
5	1	5	1	101	5	425	1094	63	28	63.116180	aes
5	1	5	1	101	6	547	1131	44	27	26.896545	Se
5	1	5	1	101	7	631	1163	10	14	71.772110	8
5	1	5	1	101	8	677	1184	15	13	31.619102	a
5	1	5	1	101	9	745	1204	35	20	27.937668	og
5	1	5	1	101	10	837	1235	58	30	0.000000	oe
5	1	5	1	101	11	932	1274	38	12	77.932938	ge
5	1	5	1	101	12	1001	1295	85	35	0.000000	B°3e
5	1	5	1	101	13	1209	1371	56	28	52.232265	$8
5	1	5	1	101	14	1361	1430	63	21	26.919258	883
5	1	5	1	101	15	1538	1488	13	14	65.566162	=
5	1	5	1	101	16	1650	1523	78	31	34.261101	Bess
5	1	5	1	101	17	1803	1580	33	20	65.184311	as
5	1	5	1	101	18	1882	1603	18	13	85.065857	2
4	1	5	1	102	0	12	969	1888	673	-1	
5	1	5	1	102	1	12	969	25	7	67.729889	>
5	1	5	1	102	2	129	1001	64	33	34.291199	23%
5	1	5	1	102	3	223	1036	99	36	1.301956	SaNE
5	1	5	1	102	4	347	1080	13	15	88.543602	2
5	1	5	1	102	5	425	1108	166	67	0.000000	sefbyse
5	1	5	1	102	6	630	1177	11	24	0.000000	E
5	1	5	1	102	7	694	1204	109	47	31.333542	pases
5	1	5	1	102	8	861	1267	34	12	31.140800	a
5	1	5	1	102	9	935	1284	150	60	0.000000	g5cdigs
5	1	5	1	102	10	1210	1384	100	38	1.256416	B28
5	1	5	1	102	11	1332	1428	91	33	0.000000	<283
5	1	5	1	102	12	1496	1489	82	36	42.438820	S282
5	1	5	1	102	13	1605	1517	124	53	0.000000	Sgbges
5	1	5	1	102	14	1755	1571	80	44	45.983273	Sees
5	1	5	1	102	15	1888	1617	12	25	90.233643	3
4	1	5	1	103	0	19	981	1881	672	-1	
5	1	5	1	103	1	19	981	12	15	60.332230	3
5	1	5	1	103	2	123	1015	70	47	15.163696	es
5	1	5	1	103	3	254	1064	63	28	47.969101	Ede
5	1	5	1	103	4	342	1091	4	4	72.187630	|
5	1	5	1	103	5	373	1108	12	11	62.829544	2
5	1	5	1	103	6	424	1122	12	13	75.561958	8
5	1	5	1	103	7	471	1135	121	54	44.324669	62222
5	1	5	1	103	8	612	1193	126	57	26.397675	Eames
5	1	5	1	103	9	769	1250	34	12	17.269150	iS
5	1	5	1	103	10	844	1275	51	26	0.000000	iB5
5	1	5	1	103	11	935	1295	79	39	9.313240	regi
5	1	5	1	103	12	1027	1341	59	29	9.313240	gl!
5	1	5	1	103	13	1247	1415	60	27	57.586990	S34
5	1	5	1	103	14	1338	1453	12	10	41.921989	7
5	1	5	1	103	15	1383	1463	147	56	0.000000	Ssoates
5	1	5	1	103	16	1565	1526	12	11	57.369461	6
5	1	5	1	103	17	1629	1539	32	26	38.462109	a3
5	1	5	1	103	18	1711	1588	17	6	68.197998	&
5	1	5	1	103	19	1755	1591	102	52	0.000000	asaes
5	1	5	1	103	20	1888	1643	12	10	63.886246	2
4	1	5	1	104	0	12	1003	1845	650	-1	
5	1	5	1	104	1	12	1003	25	7	56.125702	zB
5	1	5	1	104	2	87	1022	11	4	67.374435	.
5	1	5	1	104	3	128	1038	65	36	0.000000	fA8
5	1	5	1	104	4	223	1068	94	45	0.000000	Sahe
5	1	5	1	104	5	342	1116	43	16	29.181839	es
5	1	5	1	104	6	424	1144	115	48	0.000000	a76E8
5	1	5	1	104	7	604	1199	199	91	26.789406	Aye
5	1	5	1	104	8	832	1283	63	32	32.688324	Swe
5	1	5	1	104	9	935	1318	137	56	6.586060	Serres
5	1	5	1	104	10	1203	1419	61	27	46.533569	wis
5	1	5	1	104	11	1290	1443	17	20	50.019531	3
5	1	5	1	104	12	1337	1464	37	14	33.387566	ogg
5	1	5	1	104	13	1429	1496	116	51	0.000000	SEeSOE
5	1	5	1	104	14	1561	1539	16	9	29.941986	E
5	1	5	1	104	15	1609	1550	98	50	2.127144	Seer
5	1	5	1	104	16	1756	1610	17	21	67.318916	3
5	1	5	1	104	17	1797	1625	60	28	45.566616	Nas
4	1	5	1	105	0	14	1008	1886	677	-1	
5	1	5	1	105	1	14	1008	21	33	44.932091	oe
5	1	5	1	105	2	83	1038	16	20	30.921799	S
5	1	5	1	105	3	123	1050	69	40	18.477417	eae
5	1	5	1	105	4	228	1093	89	37	0.000000	aeBE
5	1	5	1	105	5	342	1134	44	19	56.650352	a?
5	1	5	1	105	6	502	1185	12	13	56.572983	=
5	1	5	1	105	7	548	1198	43	32	92.902161	at
5	1	5	1	105	8	630	1236	35	13	40.284912	2%
5	1	5	1	105	9	700	1254	103	50	0.000000	SSa85
5	1	5	1	105	10	837	1297	30	30	68.587814	28
5	1	5	1	105	11	884	1315	15	14	36.185028	6
5	1	5	1	105	12	935	1339	59	33	20.432480	Saez
5	1	5	1	105	13	1027	1364	13	23	92.471329	3
5	1	5	1	105	14	1068	1376	23	35	51.479576	3S
5	1	5	1	105	15	1252	1448	11	11	27.786072	3
5	1	5	1	105	16	1274	1449	33	36	40.594925	gs
5	1	5	1	105	17	1329	1471	22	33	16.071625	hd
5	1	5	1	105	18	1388	1499	13	10	49.408577	3
5	1	5	1	105	19	1411	1495	33	35	27.176270	on,
5	1	5	1	105	20	1471	1529	77	44	0.000000	SESV
5	1	5	1	105	21	1562	1548	15	21	37.258179	2
5	1	5	1	105	22	1604	1578	79	35	17.785378	S208
5	1	5	1	105	23	1696	1601	12	11	30.574547	8
5	1	5	1	105	24	1776	1626	37	29	65.631027	aN
5	1	5	1	105	25	1839	1655	61	30	66.323067	848
4	1	5	1	106	0	13	1029	1887	671	-1	
5	1	5	1	106	1	13	1029	43	26	16.148003	oa
5	1	5	1	106	2	129	1069	38	36	6.797340	S23
5	1	5	1	106	3	181	1091	12	10	26.492264	&
5	1	5	1	106	4	279	1126	38	14	71.097748	ea
5	1	5	1	106	5	372	1152	13	12	83.798157	2
5	1	5	1	106	6	425	1178	11	13	0.000000	S
5	1	5	1	106	7	502	1198	11	13	33.058029	&
5	1	5	1	106	8	549	1224	68	20	47.914181	Fas
5	1	5	1	106	9	653	1250	35	20	46.936203	Bo
5	1	5	1	106	10	718	1276	62	30	0.000000	28
5	1	5	1	106	11	807	1316	24	7	46.881691	~
5	1	5	1	106	12	861	1319	34	35	33.809021	aon
5	1	5	1	106	13	1005	1374	34	27	12.083008	oe
5	1	5	1	106	14	1053	1390	32	21	67.910019	of
5	1	5	1	106	15	1209	1443	12	23	25.067345	s
5	1	5	1	106	16	1242	1451	22	33	52.176559	od
5	1	5	1	106	17	1334	1490	67	33	44.798508	#2989
5	1	5	1	106	18	1454	1541	54	18	48.722557	S3§
5	1	5	1	106	19	1533	1552	17	33	0.000000	rr
5	1	5	1	106	20	1609	1595	75	25	45.803299	S383
5	1	5	1	106	21	1747	1633	25	20	0.000000	8
5	1	5	1	106	22	1887	1686	13	14	37.598858	a
4	1	5	1	107	0	18	1047	1862	655	-1	
5	1	5	1	107	1	18	1047	13	8	50.506741	A
5	1	5	1	107	2	123	1088	43	12	67.802025	Bg
5	1	5	1	107	3	245	1115	25	29	40.913731	ao]
5	1	5	1	107	4	306	1142	11	12	62.893265	3
5	1	5	1	107	5	355	1154	30	29	40.526787	oe)
5	1	5	1	107	6	419	1192	17	5	84.787895	&
5	1	5	1	107	7	522	1223	16	6	17.157021	a
5	1	5	1	107	8	605	1244	36	21	0.000000	Eo
5	1	5	1	107	9	696	1284	16	8	43.738678	2
5	1	5	1	107	10	883	1351	12	10	0.000000	S
5	1	5	1	107	11	929	1356	92	44	0.000000	fas
5	1	5	1	107	12	1046	1402	17	13	76.475006	2
5	1	5	1	107	13	1289	1486	17	13	28.747665	3
5	1	5	1	107	14	1333	1507	67	23	24.608833	eee
5	1	5	1	107	15	1490	1571	17	6	81.793480	2
5	1	5	1	107	16	1595	1600	46	19	15.609070	iS
5	1	5	1	107	17	1760	1644	16	29	0.000000	oy
5	1	5	1	107	18	1863	1690	17	12	0.000000	o
4	1	5	1	108	0	18	1057	1885	678	-1	
5	1	5	1	108	1	18	1057	175	83	0.683296	yt
5	1	5	1	108	2	222	1135	95	52	24.751099	nego
5	1	5	1	108	3	344	1184	41	22	27.474434	8
5	1	5	1	108	4	420	1205	221	90	26.858757	rite
5	1	5	1	108	5	671	1278	132	55	0.000000	g,2828
5	1	5	1	108	6	837	1346	133	62	39.423439	ee
5	1	5	1	108	7	1004	1410	82	38	21.750565	soa
5	1	5	1	108	8	1204	1468	102	59	23.353378	aah
5	1	5	1	108	9	1333	1515	37	43	27.793816	oe
5	1	5	1	108	10	1397	1510	69	82	24.278061	Abe
5	1	5	1	108	11	1517	1595	386	140	26.817543	eee
4	1	5	1	109	0	18	1084	1862	657	-1	
5	1	5	1	109	1	18	1084	38	18	64.264709	o8
5	1	5	1	109	2	157	1129	13	10	66.883957	8
5	1	5	1	109	3	225	1156	40	17	21.511887	AG
5	1	5	1	109	4	279	1172	17	12	9.126602	y
5	1	5	1	109	5	521	1261	70	34	25.843643	zoe
5	1	5	1	109	6	626	1292	15	10	26.004524	*
5	1	5	1	109	7	671	1313	86	39	0.000000	sgee
5	1	5	1	109	8	787	1355	108	48	27.563950	geese
5	1	5	1	109	9	957	1415	111	46	0.000000	bgeen
5	1	5	1	109	10	1209	1504	12	11	56.223579	3
5	1	5	1	109	11	1248	1510	16	40	30.655991	ny
5	1	5	1	109	12	1277	1522	28	24	33.108727	ES
5	1	5	1	109	13	1333	1553	4	4	19.628769	:
5	1	5	1	109	14	1407	1561	17	37	36.438080	Ss
5	1	5	1	109	15	1496	1606	12	11	35.317368	5
5	1	5	1	109	16	1592	1632	4	8	49.888515	u
5	1	5	1	109	17	1667	1663	17	13	0.000000	&
5	1	5	1	109	18	1735	1689	38	13	55.643616	as
5	1	5	1	109	19	1867	1731	13	10	96.039482	8
4	1	5	1	110	0	19	1090	1880	686	-1	
5	1	5	1	110	1	19	1090	38	35	15.139755	E'S
5	1	5	1	110	2	82	1116	17	24	14.078232	:
5	1	5	1	110	3	128	1126	64	41	0.000000	E&s
5	1	5	1	110	4	253	1183	64	23	32.981781	Soe
5	1	5	1	110	5	344	1209	18	18	96.951263	+
5	1	5	1	110	6	420	1236	86	67	20.197632	WEEE
5	1	5	1	110	7	510	1256	55	43	20.197632	EE:
5	1	5	1	110	8	605	1300	175	64	0.000000	pecsgece
5	1	5	1	110	9	813	1377	82	40	0.000000	Ep
5	1	5	1	110	10	958	1424	36	25	28.431252	Pe
5	1	5	1	110	11	1044	1444	42	32	31.133675	ee
5	1	5	1	110	12	1204	1517	81	32	6.104919	Eos
5	1	5	1	110	13	1357	1569	43	13	79.553123	g3
5	1	5	1	110	14	1428	1586	59	34	18.444534	gaa
5	1	5	1	110	15	1537	1626	63	25	22.167999	aoe
5	1	5	1	110	16	1644	1670	16	7	0.000000	“f
5	1	5	1	110	17	1716	1691	77	37	30.983360	Sat
5	1	5	1	110	18	1863	1738	36	38	30.719421	Eid
4	1	5	1	111	0	14	1109	1864	657	-1	
5	1	5	1	111	1	14	1109	42	26	43.835201	ae
5	1	5	1	111	2	86	1140	13	11	0.000000	g
5	1	5	1	111	3	150	1167	43	12	68.506630	2S
5	1	5	1	111	4	274	1206	43	10	56.774597	<6
5	1	5	1	111	5	476	1276	38	24	42.526077	a3
5	1	5	1	111	6	548	1300	17	9	75.317719	2
5	1	5	1	111	7	604	1321	12	11	55.414619	5
5	1	5	1	111	8	653	1332	85	46	13.461311	ees
5	1	5	1	111	9	762	1365	41	31	60.976387	$3
5	1	5	1	111	10	836	1397	36	23	63.742146	2s
5	1	5	1	111	11	934	1431	60	28	0.000000	2ao
5	1	5	1	111	12	1027	1460	58	30	63.642277	S23
5	1	5	1	111	13	1252	1547	54	17	40.316422	RE,
5	1	5	1	111	14	1338	1573	30	20	35.884735	a3
5	1	5	1	111	15	1387	1590	79	33	23.965370	ase
5	1	5	1	111	16	1490	1617	17	19	46.244015	i
5	1	5	1	111	17	1532	1638	14	16	0.000000	n
5	1	5	1	111	18	1564	1647	77	36	0.000000	BSSE
5	1	5	1	111	19	1669	1696	38	9	46.486214	eal
5	1	5	1	111	20	1747	1724	15	11	0.000000	snk
5	1	5	1	111	21	1830	1748	48	18	55.478111	28
4	1	5	1	112	0	81	1152	1817	637	-1	
5	1	5	1	112	1	81	1152	17	6	84.443527	&
5	1	5	1	112	2	368	1251	16	6	22.733177	2
5	1	5	1	112	3	579	1318	12	12	75.338043	3
5	1	5	1	112	4	768	1379	12	17	0.000000	e
5	1	5	1	112	5	934	1441	59	25	44.632908	eee
5	1	5	1	112	6	1027	1475	12	10	0.000000	o
5	1	5	1	112	7	1294	1566	12	9	39.360329	>
5	1	5	1	112	8	1411	1611	20	12	58.860058	3
5	1	5	1	112	9	1503	1647	4	5	39.109768	i
5	1	5	1	112	10	1544	1665	5	4	32.805222	7
5	1	5	1	112	11	1567	1653	32	30	41.599380	3%)
5	1	5	1	112	12	1691	1702	40	28	68.130119	Exe)
5	1	5	1	112	13	1776	1740	17	5	83.898178	om
5	1	5	1	112	14	1817	1756	81	33	3.990158	ese
4	1	5	1	113	0	18	1126	1881	685	-1	
5	1	5	1	113	1	18	1126	39	32	68.333481	25
5	1	5	1	113	2	81	1160	18	18	75.991760	3
5	1	5	1	113	3	128	1170	70	41	0.000000	gbe
5	1	5	1	113	4	253	1204	64	46	51.597069	ag
5	1	5	1	113	5	341	1249	44	22	14.619476	3B
5	1	5	1	113	6	418	1264	44	25	33.240280	8
5	1	5	1	113	7	500	1302	141	52	0.000000	S3g8e%
5	1	5	1	113	8	675	1357	220	102	18.928406	SEL
5	1	5	1	113	9	934	1451	82	46	0.000000	SSE
5	1	5	1	113	10	1073	1507	12	19	33.492447	é
5	1	5	1	113	11	1203	1527	22	41	62.254261	&
5	1	5	1	113	12	1252	1561	77	48	31.840225	pats
5	1	5	1	113	13	1356	1595	43	35	41.310268	a
5	1	5	1	113	14	1475	1643	33	26	25.872406	fie
5	1	5	1	113	15	1603	1680	57	39	0.000000	ge8
5	1	5	1	113	16	1679	1706	53	46	36.321758	#26
5	1	5	1	113	17	1768	1748	8	5	22.852715	:
5	1	5	1	113	18	1802	1756	53	34	0.000000	SEE
5	1	5	1	113	19	1867	1779	32	32	0.000000	RE
4	1	5	1	114	0	19	1148	1879	679	-1	
5	1	5	1	114	1	19	1148	79	39	18.408829	sc
5	1	5	1	114	2	123	1193	70	32	53.969093	er
5	1	5	1	114	3	222	1224	95	50	0.000000	B43
5	1	5	1	114	4	372	1271	17	25	0.000000	g
5	1	5	1	114	5	423	1283	102	63	39.299358	5423:
5	1	5	1	114	6	546	1338	142	61	0.000000	ggaz8
5	1	5	1	114	7	716	1389	73	52	33.390289	£52:
5	1	5	1	114	8	808	1432	67	29	49.210938	Bee
5	1	5	1	114	9	931	1473	154	68	32.501244	etre
5	1	5	1	114	10	1208	1578	13	10	42.172695	8
5	1	5	1	114	11	1272	1588	101	51	24.578674	52894
5	1	5	1	114	12	1388	1631	79	44	56.746960	S585
5	1	5	1	114	13	1490	1680	17	11	0.000000	a
5	1	5	1	114	14	1532	1695	129	46	0.000000	Bacesé
5	1	5	1	114	15	1695	1745	33	15	51.114658	ag
5	1	5	1	114	16	1759	1761	139	66	16.461708	EERE
4	1	5	1	115	0	44	1176	1770	631	-1	
5	1	5	1	115	1	44	1176	12	8	63.194469	g
5	1	5	1	115	2	154	1213	12	9	45.313305	2
5	1	5	1	115	3	343	1276	23	30	33.952766	fad
5	1	5	1	115	4	418	1301	21	30	37.269112	Ss
5	1	5	1	115	5	492	1328	23	30	15.671448	cal
5	1	5	1	115	6	578	1365	12	12	86.935272	3
5	1	5	1	115	7	643	1381	25	30	33.302795	Bs}
5	1	5	1	115	8	695	1408	16	10	77.001816	2
5	1	5	1	115	9	786	1437	39	19	36.484943	RO
5	1	5	1	115	10	878	1469	16	6	61.191380	3
5	1	5	1	115	11	930	1480	16	30	0.000000	ty
5	1	5	1	115	12	1069	1529	20	30	0.407928	i)
5	1	5	1	115	13	1252	1584	16	35	0.000000	e
5	1	5	1	115	14	1332	1633	17	6	49.220715	=
5	1	5	1	115	15	1482	1683	47	21	36.739326	S75.
5	1	5	1	115	16	1581	1708	26	30	45.606224	=~
5	1	5	1	115	17	1649	1742	35	17	54.142529	as
5	1	5	1	115	18	1715	1761	42	15	48.843033	ga
5	1	5	1	115	19	1775	1782	39	25	37.558426	i
4	1	5	1	116	0	15	1174	1883	667	-1	
5	1	5	1	116	1	15	1174	41	23	18.324844	es
5	1	5	1	116	2	86	1196	13	11	34.749390	o
5	1	5	1	116	3	154	1223	39	13	63.883339	ao
5	1	5	1	116	4	224	1234	15	33	0.000000	Ee
5	1	5	1	116	5	305	1275	12	11	60.644932	6
5	1	5	1	116	6	423	1315	13	12	56.071159	>
5	1	5	1	116	7	600	1368	19	27	32.575928	ed
5	1	5	1	116	8	652	1402	12	10	81.279037	3
5	1	5	1	116	9	718	1418	15	10	0.440170	s
5	1	5	1	116	10	767	1436	104	43	21.924004	geese
5	1	5	1	116	11	929	1498	17	6	36.054405	a
5	1	5	1	116	12	981	1513	35	18	64.461884	BS
5	1	5	1	116	13	1055	1542	3	8	11.388313	5
5	1	5	1	116	14	1203	1589	18	13	22.206589	a
5	1	5	1	116	15	1267	1608	44	27	0.000000	opty
5	1	5	1	116	16	1332	1640	38	13	18.524414	oe
5	1	5	1	116	17	1387	1652	12	11	14.203712	o
5	1	5	1	116	18	1449	1677	18	11	30.900742	9
5	1	5	1	116	19	1537	1709	39	22	44.547417	a3
5	1	5	1	116	20	1628	1740	33	23	89.464592	ge
5	1	5	1	116	21	1690	1759	82	34	16.700882	38c8
5	1	5	1	116	22	1839	1814	59	27	88.195145	NEN
4	1	5	1	117	0	19	1183	1879	681	-1	
5	1	5	1	117	1	19	1183	37	22	33.146904	ae
5	1	5	1	117	2	81	1208	17	12	63.505001	2
5	1	5	1	117	3	153	1237	39	25	24.125641	52
5	1	5	1	117	4	226	1263	91	35	6.047958	egs6
5	1	5	1	117	5	341	1303	44	13	13.495193	Ao
5	1	5	1	117	6	423	1329	64	27	38.622173	205
5	1	5	1	117	7	508	1357	56	22	39.074131	S88
5	1	5	1	117	8	578	1378	12	11	65.623016	3
5	1	5	1	117	9	670	1409	178	72	0.000000	HTH
5	1	5	1	117	10	878	1489	16	7	31.530685	|
5	1	5	1	117	11	935	1506	34	18	42.566410	ae
5	1	5	1	117	12	1045	1551	40	10	26.545174	“0
5	1	5	1	117	13	1208	1588	17	35	32.855316	Ss
5	1	5	1	117	14	1293	1625	79	46	27.091911	ects
5	1	5	1	117	15	1458	1689	4	8	24.388718	eM
5	1	5	1	117	16	1517	1700	11	18	41.444592	9
5	1	5	1	117	17	1559	1732	81	33	53.814552	2839
5	1	5	1	117	18	1694	1774	120	49	0.823196	PERE
5	1	5	1	117	19	1851	1837	4	4	24.367638	i
5	1	5	1	117	20	1867	1824	31	40	24.367638	Sei
4	1	5	1	118	0	18	1198	1861	661	-1	
5	1	5	1	118	1	18	1198	38	21	52.439350	23
5	1	5	1	118	2	82	1222	17	9	90.660080	2
5	1	5	1	118	3	154	1250	12	10	71.627098	8
5	1	5	1	118	4	227	1276	38	13	25.719498	eg
5	1	5	1	118	5	341	1311	44	19	60.951054	33
5	1	5	1	118	6	424	1340	36	17	56.247612	52
5	1	5	1	118	7	476	1357	16	12	27.170731	2
5	1	5	1	118	8	526	1373	12	18	51.971092	8
5	1	5	1	118	9	575	1398	110	45	0.000000	EqGg3
5	1	5	1	118	10	700	1432	20	20	15.968925	2
5	1	5	1	118	11	745	1458	15	14	55.601505	a9
5	1	5	1	118	12	790	1468	12	9	55.601505	3
5	1	5	1	118	13	837	1491	57	21	33.156525	mS
5	1	5	1	118	14	934	1520	36	20	26.443039	es
5	1	5	1	118	15	997	1545	88	40	39.051559	Pere
5	1	5	1	118	16	1272	1637	34	14	55.428967	a8
5	1	5	1	118	17	1328	1655	72	39	9.487160	cae
5	1	5	1	118	18	1449	1697	17	11	76.473175	©
5	1	5	1	118	19	1496	1714	32	17	58.430748	ae
5	1	5	1	118	20	1564	1745	56	20	40.007175	EQS
5	1	5	1	118	21	1643	1765	129	61	0.000000	wERee:
5	1	5	1	118	22	1809	1835	25	5	0.000000	jadip
5	1	5	1	118	23	1867	1847	12	12	59.157715	5)
4	1	5	1	119	0	18	1210	1837	650	-1	
5	1	5	1	119	1	18	1210	38	21	18.574661	os
5	1	5	1	119	2	82	1221	20	35	8.582840	ne
5	1	5	1	119	3	128	1246	13	23	45.212120	g
5	1	5	1	119	4	181	1274	11	13	45.753693	2
5	1	5	1	119	5	226	1290	91	29	0.000000	eses
5	1	5	1	119	6	341	1324	44	29	27.452988	a3
5	1	5	1	119	7	423	1351	17	13	94.040306	a
5	1	5	1	119	8	475	1364	30	31	69.107651	BS
5	1	5	1	119	9	514	1377	11	14	23.565704	|
5	1	5	1	119	10	551	1388	64	39	37.565323	gaz
5	1	5	1	119	11	675	1444	57	24	1.507423	eo8
5	1	5	1	119	12	790	1486	34	16	34.332863	OS
5	1	5	1	119	13	838	1504	34	12	45.956390	bs
5	1	5	1	119	14	957	1544	35	13	45.633450	on
5	1	5	1	119	15	1021	1564	63	29	0.000000	Og
5	1	5	1	119	16	1203	1626	17	7	57.308922	3
5	1	5	1	119	17	1246	1645	35	20	48.359013	BS
5	1	5	1	119	18	1295	1652	33	30	39.498993	3g
5	1	5	1	119	19	1360	1683	17	13	38.450272	&
5	1	5	1	119	20	1411	1694	138	69	25.742004	regia
5	1	5	1	119	21	1564	1760	76	28	0.000000	gag
5	1	5	1	119	22	1672	1791	79	36	0.000000	BazS
5	1	5	1	119	23	1788	1835	4	4	41.166336	Sd
5	1	5	1	119	24	1837	1826	20	38	31.895615	gj
4	1	5	1	120	0	18	1227	1887	668	-1	
5	1	5	1	120	1	18	1227	38	24	53.347355	28
5	1	5	1	120	2	86	1252	12	12	0.000000	b
5	1	5	1	120	3	149	1268	17	13	95.753716	3
5	1	5	1	120	4	249	1304	68	26	58.138996	2.2
5	1	5	1	120	5	422	1373	142	55	0.000000	ete8es
5	1	5	1	120	6	603	1427	13	12	79.479515	8
5	1	5	1	120	7	676	1456	35	18	90.725815	BO
5	1	5	1	120	8	744	1482	35	18	48.042088	ag
5	1	5	1	120	9	859	1516	35	18	25.728867	oe
5	1	5	1	120	10	933	1541	82	42	30.789200	SEs
5	1	5	1	120	11	1051	1594	34	18	27.873047	oS
5	1	5	1	120	12	1208	1646	12	12	10.337738	$
5	1	5	1	120	13	1267	1667	38	20	45.916805	“3
5	1	5	1	120	14	1316	1683	32	19	9.421173	2o
5	1	5	1	120	15	1376	1706	23	18	95.404068	5
5	1	5	1	120	16	1474	1742	71	33	4.529465	SSE
5	1	5	1	120	17	1566	1772	74	32	0.000000	ICE
5	1	5	1	120	18	1732	1825	84	39	13.054657	Roto!
5	1	5	1	120	19	1880	1878	25	17	25.784294	y
4	1	5	1	121	0	14	1238	1884	669	-1	
5	1	5	1	121	1	14	1238	42	24	48.126099	48
5	1	5	1	121	2	81	1264	85	28	45.476402	Bey
5	1	5	1	121	3	252	1322	65	26	43.105808	Loy
5	1	5	1	121	4	347	1350	11	13	94.029984	>
5	1	5	1	121	5	393	1372	15	15	69.033562	o
5	1	5	1	121	6	475	1401	63	24	42.727554	ag
5	1	5	1	121	7	603	1448	61	24	33.199860	Sag
5	1	5	1	121	8	698	1479	34	21	61.157280	on
5	1	5	1	121	9	752	1501	27	9	0.000000	ss
5	1	5	1	121	10	814	1511	81	43	0.000000	EEeS
5	1	5	1	121	11	928	1554	111	51	5.500992	wees?
5	1	5	1	121	12	1073	1612	12	13	46.639175	2
5	1	5	1	121	13	1247	1675	81	34	0.000000	saee
5	1	5	1	121	14	1361	1707	11	12	56.716202	g
5	1	5	1	121	15	1515	1752	18	32	41.908340	Cj
5	1	5	1	121	16	1560	1769	15	34	14.409485	zg
5	1	5	1	121	17	1607	1788	53	51	6.378510	Stid
5	1	5	1	121	18	1675	1825	9	10	46.578541	&
5	1	5	1	121	19	1723	1837	4	4	52.603607	4
5	1	5	1	121	20	1754	1843	17	17	52.603607	ed
5	1	5	1	121	21	1883	1897	15	10	60.835670	8
4	1	5	1	122	0	15	1236	1890	679	-1	
5	1	5	1	122	1	15	1236	19	34	48.106583	ed
5	1	5	1	122	2	86	1272	17	13	46.207527	a
5	1	5	1	122	3	154	1294	38	27	42.793137	in
5	1	5	1	122	4	227	1322	90	47	0.000000	a5g2
5	1	5	1	122	5	346	1372	38	11	31.958824	oh
5	1	5	1	122	6	418	1384	198	85	12.909027	quel
5	1	5	1	122	7	652	1481	80	26	58.719696	Seen
5	1	5	1	122	8	761	1516	63	21	23.079338	saa
5	1	5	1	122	9	877	1555	17	13	41.229668	a
5	1	5	1	122	10	933	1579	32	13	18.437744	gE
5	1	5	1	122	11	980	1591	56	21	18.437744	SES
5	1	5	1	122	12	1050	1617	34	15	29.738205	ey
5	1	5	1	122	13	1203	1659	16	15	0.000000	"
5	1	5	1	122	14	1252	1685	31	16	52.191154	©:
5	1	5	1	122	15	1332	1703	115	52	27.713058	ae
5	1	5	1	122	16	1495	1765	48	32	12.664215	ip
5	1	5	1	122	17	1559	1800	190	60	25.432121	ieee!
5	1	5	1	122	18	1818	1884	37	23	84.118111	as
5	1	5	1	122	19	1880	1904	25	11	83.339386	&
4	1	5	1	123	0	13	1267	1852	651	-1	
5	1	5	1	123	1	13	1267	43	26	58.256920	SE
5	1	5	1	123	2	86	1285	11	21	57.379951	8
5	1	5	1	123	3	128	1298	37	24	90.966827	ge
5	1	5	1	123	4	226	1334	90	43	64.339783	£2332
5	1	5	1	123	5	341	1383	43	21	45.955006	23
5	1	5	1	123	6	475	1424	36	20	39.713993	me
5	1	5	1	123	7	527	1440	24	13	33.102356	es
5	1	5	1	123	8	573	1461	43	23	61.225582	3a
5	1	5	1	123	9	698	1503	13	15	21.271927	Fo
5	1	5	1	123	10	743	1513	37	25	24.205276	es
5	1	5	1	123	11	813	1547	82	31	0.000000	Se<e
5	1	5	1	123	12	929	1590	7	5	0.000000	Pe
5	1	5	1	123	13	1005	1592	34	36	17.035049	oe
5	1	5	1	123	14	1067	1643	17	6	0.000000	z
5	1	5	1	123	15	1245	1696	60	32	84.954353	ags
5	1	5	1	123	16	1332	1731	8	10	46.372452	3
5	1	5	1	123	17	1407	1756	34	10	82.262161	83
5	1	5	1	123	18	1454	1752	53	41	38.696819	ozs
5	1	5	1	123	19	1531	1799	108	42	19.728081	Eagan
5	1	5	1	123	20	1668	1850	16	10	0.000000	&
5	1	5	1	123	21	1748	1873	117	45	0.000000	SeaRe
4	1	5	1	124	0	18	1277	1795	630	-1	
5	1	5	1	124	1	18	1277	13	12	43.436523	3
5	1	5	1	124	2	177	1336	15	10	0.000000	.
5	1	5	1	124	3	253	1356	37	24	45.737206	BS
5	1	5	1	124	4	368	1404	68	21	55.553810	Ras
5	1	5	1	124	5	475	1435	16	13	21.982071	Arn
5	1	5	1	124	6	525	1455	39	16	13.889328	bi
5	1	5	1	124	7	647	1493	17	13	58.445797	2
5	1	5	1	124	8	716	1516	39	30	58.480232	Bs
5	1	5	1	124	9	817	1562	54	25	0.000000	8S
5	1	5	1	124	10	929	1598	17	5	18.066864	2
5	1	5	1	124	11	1072	1651	102	40	28.335388	sn
5	1	5	1	124	12	1203	1697	17	7	51.845150	Q
5	1	5	1	124	13	1259	1702	68	36	24.565208	ree
5	1	5	1	124	14	1357	1741	65	37	29.510071	E23
5	1	5	1	124	15	1516	1799	83	40	22.524361	gh
5	1	5	1	124	16	1643	1842	90	42	0.000000	nheadal
5	1	5	1	124	17	1754	1884	59	23	44.764320	PEE
4	1	5	1	125	0	44	1295	1727	612	-1	
5	1	5	1	125	1	44	1295	12	10	45.521473	3
5	1	5	1	125	2	86	1307	12	10	62.811749	§
5	1	5	1	125	3	123	1321	43	19	48.181297	oo
5	1	5	1	125	4	221	1357	17	6	93.300377	=
5	1	5	1	125	5	343	1397	92	42	37.427296	pers
5	1	5	1	125	6	495	1453	120	51	0.000000	gea52
5	1	5	1	125	7	670	1516	17	13	47.207699	=
5	1	5	1	125	8	720	1531	23	14	28.678207	3
5	1	5	1	125	9	882	1588	64	27	9.013092	PS
5	1	5	1	125	10	1021	1636	40	40	7.775101	Oo.
5	1	5	1	125	11	1072	1661	12	11	7.775101	8
5	1	5	1	125	12	1238	1723	4	4	0.000000	:
5	1	5	1	125	13	1272	1726	33	21	36.185432	g0
5	1	5	1	125	14	1316	1740	56	33	17.208008	Eg
5	1	5	1	125	15	1387	1767	10	11	19.663757	3
5	1	5	1	125	16	1409	1776	31	13	21.146492	aS
5	1	5	1	125	17	1453	1790	20	8	9.193481	A
5	1	5	1	125	18	1571	1835	69	25	34.829666	{Spc
5	1	5	1	125	19	1711	1884	60	23	67.419670	25
4	1	5	1	126	0	18	1298	1804	616	-1	
5	1	5	1	126	1	18	1298	38	21	78.148079	gg
5	1	5	1	126	2	86	1327	12	12	81.023117	°
5	1	5	1	126	3	154	1342	38	25	53.511238	Ba
5	1	5	1	126	4	226	1372	91	37	28.324043	eons
5	1	5	1	126	5	347	1416	36	17	63.762066	>s
5	1	5	1	126	6	419	1436	12	47	0.000000	o
5	1	5	1	126	7	446	1440	13	24	64.110718	8
5	1	5	1	126	8	473	1457	39	22	41.771072	9%
5	1	5	1	126	9	551	1485	39	17	36.372223	oS
5	1	5	1	126	10	629	1502	39	34	27.587685	Pee]
5	1	5	1	126	11	715	1542	74	43	28.560814	ee:
5	1	5	1	126	12	813	1571	34	27	64.641495	RS
5	1	5	1	126	13	859	1589	35	24	9.089012	ge
5	1	5	1	126	14	929	1616	86	45	15.083298	SREB
5	1	5	1	126	15	1072	1674	17	13	27.397614	8
5	1	5	1	126	16	1147	1682	27	36	46.352264	oO
5	1	5	1	126	17	1252	1728	11	13	21.277992	)
5	1	5	1	126	18	1332	1759	40	28	50.206024	ck
5	1	5	1	126	19	1425	1790	74	39	31.884857	Ogee
5	1	5	1	126	20	1525	1813	3	24	0.000000	g
5	1	5	1	126	21	1564	1835	34	25	0.000000	58
5	1	5	1	126	22	1711	1898	16	9	3.328590	So
5	1	5	1	126	23	1752	1909	70	5	27.562340	cons
4	1	5	1	127	0	18	1312	1715	602	-1	
5	1	5	1	127	1	18	1312	42	20	16.111336	20
5	1	5	1	127	2	82	1339	16	10	42.531700	8
5	1	5	1	127	3	123	1343	69	35	16.138702	ge
5	1	5	1	127	4	252	1399	12	13	89.276237	2
5	1	5	1	127	5	398	1444	11	9	0.000000	&
5	1	5	1	127	6	443	1465	17	14	69.594666	a
5	1	5	1	127	7	500	1481	64	30	0.000000	$68
5	1	5	1	127	8	603	1519	12	14	86.914299	2
5	1	5	1	127	9	692	1547	64	43	28.008102	28s
5	1	5	1	127	10	785	1585	61	25	50.688126	S43
5	1	5	1	127	11	858	1609	13	10	67.723190	8
5	1	5	1	127	12	929	1621	43	35	16.621925	ES)
5	1	5	1	127	13	1049	1672	13	12	77.050148	3
5	1	5	1	127	14	1215	1735	48	17	0.000000	SE
5	1	5	1	127	15	1316	1764	12	12	35.313919	S
5	1	5	1	127	16	1361	1788	38	17	53.416309	59
5	1	5	1	127	17	1413	1797	52	26	21.578453	E58
5	1	5	1	127	18	1502	1840	46	19	7.624908	OG
5	1	5	1	127	19	1644	1884	16	11	0.000000	es
5	1	5	1	127	20	1709	1909	24	5	12.505371	2:
4	1	5	1	128	0	13	1325	1655	586	-1	
5	1	5	1	128	1	13	1325	43	18	75.989647	BS
5	1	5	1	128	2	123	1368	69	25	43.822777	gag
5	1	5	1	128	3	226	1394	13	11	80.256752	g
5	1	5	1	128	4	278	1416	38	29	46.434704	ge
5	1	5	1	128	5	346	1437	114	53	0.000000	g25-3
5	1	5	1	128	6	495	1494	95	43	40.470230	e585
5	1	5	1	128	7	682	1561	5	4	60.552284	:
5	1	5	1	128	8	786	1599	16	10	53.611446	3
5	1	5	1	128	9	855	1609	20	33	87.547974	bo
5	1	5	1	128	10	924	1633	25	33	54.388954	io}
5	1	5	1	128	11	1003	1671	81	36	4.005806	gea5
5	1	5	1	128	12	1147	1712	31	33	35.482964	1S)
5	1	5	1	128	13	1203	1730	21	33	0.000000	rW
5	1	5	1	128	14	1310	1775	39	29	25.211044	Ea
5	1	5	1	128	15	1410	1810	12	13	77.318184	3
5	1	5	1	128	16	1449	1825	37	18	48.711555	a
5	1	5	1	128	17	1506	1836	22	33	16.355522	cy
5	1	5	1	128	18	1601	1874	67	37	25.390869	iy
4	1	5	1	129	0	14	1332	1625	581	-1	
5	1	5	1	129	1	14	1332	42	22	51.776642	33
5	1	5	1	129	2	85	1357	13	9	44.378315	a
5	1	5	1	129	3	366	1455	17	13	74.596901	a
5	1	5	1	129	4	475	1490	11	20	15.337364	a
5	1	5	1	129	5	521	1520	4	4	80.824356	:
5	1	5	1	129	6	670	1569	8	4	0.000000	»
5	1	5	1	129	7	721	1582	58	23	4.358978	So
5	1	5	1	129	8	812	1615	36	16	39.588184	B®
5	1	5	1	129	9	881	1637	13	10	0.000000	o
5	1	5	1	129	10	980	1670	103	47	0.000000	2oads
5	1	5	1	129	11	1250	1765	27	23	18.013954	Se
5	1	5	1	129	12	1292	1761	43	46	27.834976	Soi
5	1	5	1	129	13	1360	1802	8	11	0.000000	®
5	1	5	1	129	14	1438	1834	69	26	39.904385	Ral
5	1	5	1	129	15	1557	1878	25	6	74.317970	—
5	1	5	1	129	16	1619	1882	20	31	28.579567	he}
4	1	5	1	130	0	18	1340	1601	566	-1	
5	1	5	1	130	1	18	1340	12	13	55.080036	3
5	1	5	1	130	2	80	1368	18	13	77.067474	3
5	1	5	1	130	3	123	1375	69	29	9.579956	$25
5	1	5	1	130	4	252	1422	64	31	5.744209	SPE
5	1	5	1	130	5	346	1451	38	28	75.453758	Es
5	1	5	1	130	6	422	1489	13	13	68.494736	8
5	1	5	1	130	7	497	1509	96	42	0.000000	§g28
5	1	5	1	130	8	651	1564	60	28	15.390053	eas
5	1	5	1	130	9	766	1606	36	22	53.768486	35
5	1	5	1	130	10	858	1634	36	24	70.782555	22
5	1	5	1	130	11	934	1670	81	31	29.567413	2288
5	1	5	1	130	12	1207	1755	35	21	32.622955	8S
5	1	5	1	130	13	1316	1799	12	12	92.833038	3
5	1	5	1	130	14	1354	1816	44	22	0.000000	oO
5	1	5	1	130	15	1442	1835	47	33	64.949295	Cal
5	1	5	1	130	16	1559	1884	16	11	88.851906	a
5	1	5	1	130	17	1603	1898	16	8	58.235161	9
4	1	5	1	131	0	18	1354	1648	560	-1	
5	1	5	1	131	1	18	1354	10	12	69.425026	&
5	1	5	1	131	2	43	1363	13	11	59.194839	y
5	1	5	1	131	3	85	1382	13	9	34.530174	3
5	1	5	1	131	4	128	1390	67	28	56.517494	Ese
5	1	5	1	131	5	226	1429	91	43	0.886185	58a
5	1	5	1	131	6	341	1472	68	31	33.757942	ae:
5	1	5	1	131	7	443	1498	121	51	0.000000	Bees2
5	1	5	1	131	8	602	1556	13	19	71.759247	3
5	1	5	1	131	9	651	1583	219	73	0.000000	georcieese
5	1	5	1	131	10	956	1684	36	17	82.359398	eg
5	1	5	1	131	11	1049	1718	35	12	46.124443	aa
5	1	5	1	131	12	1152	1740	22	27	73.191818	=
5	1	5	1	131	13	1207	1760	38	33	4.115280	Fiat
5	1	5	1	131	14	1279	1800	4	4	11.526611	:
5	1	5	1	131	15	1330	1806	42	34	5.862999	Oe
5	1	5	1	131	16	1403	1830	43	33	39.390114	Bs
5	1	5	1	131	17	1511	1884	64	23	34.319031	Sain
5	1	5	1	131	18	1601	1909	65	5	34.388893	255
4	1	5	1	132	0	17	1367	1564	551	-1	
5	1	5	1	132	1	17	1367	39	18	56.457794	23
5	1	5	1	132	2	85	1393	13	11	69.402412	3
5	1	5	1	132	3	121	1408	44	15	23.175079	2
5	1	5	1	132	4	273	1451	47	32	4.198578	sein’)
5	1	5	1	132	5	371	1489	89	45	0.000000	gRER
5	1	5	1	132	6	500	1533	12	10	71.954605	2
5	1	5	1	132	7	546	1557	69	28	79.632599	322
5	1	5	1	132	8	651	1593	36	16	10.699600	os
5	1	5	1	132	9	720	1615	12	11	0.000000	o
5	1	5	1	132	10	789	1640	12	13	65.704178	a
5	1	5	1	132	11	854	1669	39	11	82.596268	ag
5	1	5	1	132	12	928	1681	41	26	54.620644	xe
5	1	5	1	132	13	1003	1716	35	12	66.673630	os
5	1	5	1	132	14	1072	1740	12	8	41.933647	2
5	1	5	1	132	15	1258	1801	90	37	12.925217	3250
5	1	5	1	132	16	1381	1841	18	18	0.000000	4
5	1	5	1	132	17	1463	1874	118	44	0.836678	asery
4	1	5	1	133	0	18	1378	1509	532	-1	
5	1	5	1	133	1	18	1378	11	13	34.667137	&
5	1	5	1	133	2	85	1404	12	13	0.000000	&
5	1	5	1	133	3	128	1425	36	20	56.294312	Bu
5	1	5	1	133	4	226	1455	90	44	39.070518	eka
5	1	5	1	133	5	339	1490	276	106	28.913750	de
5	1	5	1	133	6	647	1605	17	17	25.900581	=
5	1	5	1	133	7	693	1623	86	29	0.000000	PPE
5	1	5	1	133	8	830	1651	64	41	28.251930	bet
5	1	5	1	133	9	956	1713	59	24	48.801746	B22
5	1	5	1	133	10	1049	1745	34	13	30.127441	ee
5	1	5	1	133	11	1147	1765	32	34	21.141174	{<0}
5	1	5	1	133	12	1225	1809	38	18	79.801140	34
5	1	5	1	133	13	1299	1834	4	4	47.977402	5
5	1	5	1	133	14	1315	1836	27	23	30.352425	SM
5	1	5	1	133	15	1424	1877	21	6	83.416344	E
5	1	5	1	133	16	1469	1873	58	37	39.339279	See
4	1	5	1	134	0	449	1536	999	364	-1	
5	1	5	1	134	1	449	1536	14	26	53.211349	=]
5	1	5	1	134	2	670	1626	16	6	24.877541	on
5	1	5	1	134	3	878	1687	18	26	59.851337	i=]
5	1	5	1	134	4	975	1724	35	24	47.323441	BB
5	1	5	1	134	5	1025	1747	13	5	50.198460	2
5	1	5	1	134	6	1067	1753	17	26	44.610313	eo
5	1	5	1	134	7	1231	1816	11	13	92.019470	3
5	1	5	1	134	8	1279	1835	4	4	22.161301	+
5	1	5	1	134	9	1311	1838	21	27	53.432480	ro}
5	1	5	1	134	10	1426	1884	22	16	3.355446	y
4	1	5	1	135	0	18	1393	1423	507	-1	
5	1	5	1	135	1	18	1393	33	34	33.129456	Hin
5	1	5	1	135	2	85	1427	13	10	54.107990	2
5	1	5	1	135	3	176	1454	18	18	96.812134	+
5	1	5	1	135	4	226	1475	89	30	43.453159	28s
5	1	5	1	135	5	371	1512	76	46	21.033882	gfe!
5	1	5	1	135	6	469	1557	146	61	0.000000	oeeitt
5	1	5	1	135	7	647	1622	40	20	79.406982	35
5	1	5	1	135	8	717	1651	61	21	80.643112	$33
5	1	5	1	135	9	830	1689	63	29	0.000000	8o¢
5	1	5	1	135	10	951	1725	63	30	47.436447	gaa
5	1	5	1	135	11	1050	1758	34	28	21.777206	es
5	1	5	1	135	12	1147	1789	27	34	37.801697	ha
5	1	5	1	135	13	1201	1808	103	52	35.234024	ae
5	1	5	1	135	14	1380	1878	61	22	86.029510	SE
4	1	5	1	136	0	13	1412	1391	489	-1	
5	1	5	1	136	1	13	1412	43	16	45.519295	Se
5	1	5	1	136	2	128	1442	37	34	24.349968	ge
5	1	5	1	136	3	222	1489	42	14	51.633156	vo
5	1	5	1	136	4	300	1515	58	29	58.203148	So
5	1	5	1	136	5	417	1549	172	75	39.533958	HEE
5	1	5	1	136	6	623	1620	41	37	46.307175	a's
5	1	5	1	136	7	720	1661	178	70	26.807671	ere
5	1	5	1	136	8	1026	1763	12	19	31.030724	a
5	1	5	1	136	9	1072	1786	11	20	12.682632	6
5	1	5	1	136	10	1146	1804	28	35	35.863121	(<)
5	1	5	1	136	11	1214	1831	51	33	10.286491	gat
5	1	5	1	136	12	1330	1877	74	24	33.236130	se
4	1	5	1	137	0	14	1426	1340	475	-1	
5	1	5	1	137	1	14	1426	16	9	67.958771	+
5	1	5	1	137	2	81	1442	20	33	13.498581	co)
5	1	5	1	137	3	127	1467	38	21	84.386444	88
5	1	5	1	137	4	226	1506	61	28	0.000000	esa
5	1	5	1	137	5	303	1524	13	13	0.000000	R
5	1	5	1	137	6	346	1544	114	51	0.000000	a.835
5	1	5	1	137	7	500	1598	12	12	66.101868	3
5	1	5	1	137	8	548	1611	15	10	0.000000	z
5	1	5	1	137	9	578	1624	37	26	36.115211	Bx
5	1	5	1	137	10	650	1644	60	27	57.583637	eas
5	1	5	1	137	11	765	1685	79	47	0.000000	ESBS
5	1	5	1	137	12	858	1724	35	24	0.000000	36
5	1	5	1	137	13	974	1773	64	20	55.349651	age
5	1	5	1	137	14	1198	1832	25	33	40.901608	fred
5	1	5	1	137	15	1330	1884	24	17	14.732216	x
4	1	5	1	138	0	17	1444	1296	460	-1	
5	1	5	1	138	1	17	1444	39	16	50.263596	20
5	1	5	1	138	2	127	1480	65	25	31.424240	fey
5	1	5	1	138	3	225	1520	38	14	60.779816	es
5	1	5	1	138	4	345	1558	40	23	6.111305	ar
5	1	5	1	138	5	422	1579	216	96	4.650688	SEATS
5	1	5	1	138	6	743	1690	150	70	0.000000	cebPat
5	1	5	1	138	7	956	1776	11	9	30.915558	=
5	1	5	1	138	8	1026	1795	58	22	48.030087	226
5	1	5	1	138	9	1135	1822	38	39	31.282295	c=
5	1	5	1	138	10	1239	1864	74	40	37.519569	ear
4	1	5	1	139	0	15	1455	1280	456	-1	
5	1	5	1	139	1	15	1455	15	10	91.573593	2
5	1	5	1	139	2	92	1488	99	30	0.202759	S88
5	1	5	1	139	3	225	1530	13	12	36.698032	SF
5	1	5	1	139	4	285	1550	31	11	38.781719	.s
5	1	5	1	139	5	396	1587	90	32	28.676193	Z252
5	1	5	1	139	6	550	1644	39	21	64.265465	28
5	1	5	1	139	7	698	1693	11	8	84.966492	5
5	1	5	1	139	8	785	1715	16	34	24.746979	Ez
5	1	5	1	139	9	830	1741	68	32	12.404770	2o8
5	1	5	1	139	10	956	1787	35	16	40.494228	Be
5	1	5	1	139	11	1026	1809	57	30	32.459625	wee
5	1	5	1	139	12	1201	1877	61	18	35.950073	=)
5	1	5	1	139	13	1292	1908	3	3	15.050629	:
4	1	5	1	140	0	17	1458	1272	442	-1	
5	1	5	1	140	1	17	1458	38	30	65.025055	ong
5	1	5	1	140	2	179	1520	13	10	0.000000	@
5	1	5	1	140	3	339	1582	43	15	5.722519	Sh
5	1	5	1	140	4	398	1598	36	16	0.000000	ss
5	1	5	1	140	5	470	1621	16	9	0.000000	S
5	1	5	1	140	6	525	1642	17	15	89.669098	>
5	1	5	1	140	7	597	1664	43	32	79.989639	36
5	1	5	1	140	8	697	1703	81	34	0.000000	eé5g
5	1	5	1	140	9	830	1755	16	6	65.728676	2
5	1	5	1	140	10	979	1805	35	18	69.654099	80
5	1	5	1	140	11	1044	1828	17	12	0.000000	s
5	1	5	1	140	12	1146	1850	30	30	23.965164	{<0}
5	1	5	1	140	13	1203	1885	15	9	12.221024	ka
5	1	5	1	140	14	1243	1895	46	5	0.000000	Tch
4	1	5	1	141	0	17	1478	1208	422	-1	
5	1	5	1	141	1	17	1478	38	16	0.000000	£S
5	1	5	1	141	2	122	1506	69	45	35.201782	aoe
5	1	5	1	141	3	225	1543	91	37	33.083824	anus
5	1	5	1	141	4	341	1592	41	21	53.720684	ah
5	1	5	1	141	5	444	1628	16	9	92.826317	2
5	1	5	1	141	6	520	1656	94	31	14.086342	gag
5	1	5	1	141	7	670	1706	39	21	36.217686	32
5	1	5	1	141	8	737	1731	156	54	0.000000	gus3ess
5	1	5	1	141	9	933	1792	58	31	45.806099	845
5	1	5	1	141	10	1026	1829	57	30	0.000000	2s
5	1	5	1	141	11	1201	1895	24	5	66.943466	a
4	1	5	1	142	0	17	1492	1161	426	-1	
5	1	5	1	142	1	17	1492	38	14	36.360207	oS
5	1	5	1	142	2	82	1504	18	18	80.657982	4
5	1	5	1	142	3	127	1531	44	13	56.214279	ae
5	1	5	1	142	4	225	1564	41	26	54.503819	a>
5	1	5	1	142	5	303	1581	60	30	38.921501	Ea
5	1	5	1	142	6	391	1620	56	23	5.746826	int
5	1	5	1	142	7	459	1639	27	21	5.746826	fe
5	1	5	1	142	8	520	1664	69	32	20.178123	ase
5	1	5	1	142	9	647	1697	39	34	0.000000	bo
5	1	5	1	142	10	720	1735	11	12	42.765984	a
5	1	5	1	142	11	854	1780	39	28	0.000000	¥2
5	1	5	1	142	12	956	1823	58	24	11.920624	Sa
5	1	5	1	142	13	1048	1851	35	18	66.370583	22
5	1	5	1	142	14	1136	1868	42	50	21.350372	feat
4	1	5	1	143	0	12	1504	1071	391	-1	
5	1	5	1	143	1	12	1504	88	43	35.007721	aay
5	1	5	1	143	2	126	1546	66	39	20.024582	£23
5	1	5	1	143	3	221	1575	42	32	16.556229	2g
5	1	5	1	143	4	302	1598	14	26	30.961754	5
5	1	5	1	143	5	345	1622	165	73	14.710846	os
5	1	5	1	143	6	550	1690	341	145	4.391411	Haas
5	1	5	1	143	7	927	1817	41	39	0.000000	og
5	1	5	1	143	8	980	1834	103	61	0.000000	ises
4	1	5	1	144	0	12	1526	1071	388	-1	
5	1	5	1	144	1	12	1526	17	14	3.468948	s
5	1	5	1	144	2	122	1560	69	36	71.099655	S38
5	1	5	1	144	3	221	1594	42	33	3.366104	"Rs
5	1	5	1	144	4	395	1658	64	43	45.087662	pee
5	1	5	1	144	5	524	1704	90	44	44.326340	R22:
5	1	5	1	144	6	650	1754	36	16	66.077194	8
5	1	5	1	144	7	704	1765	51	24	29.955437	ise
5	1	5	1	144	8	779	1785	21	32	55.890015	fe
5	1	5	1	144	9	834	1820	36	12	0.000000	af
5	1	5	1	144	10	926	1845	65	28	56.936386	Ogg
5	1	5	1	144	11	1071	1897	12	17	61.055874	=
4	1	5	1	145	0	12	1540	1048	383	-1	
5	1	5	1	145	1	12	1540	43	21	50.412830	aS
5	1	5	1	145	2	126	1575	65	31	0.000000	eas
5	1	5	1	145	3	303	1643	16	13	60.027348	>
5	1	5	1	145	4	345	1653	38	17	44.669819	SS
5	1	5	1	145	5	421	1686	95	30	31.237381	sees
5	1	5	1	145	6	541	1708	23	34	0.000000	e-|
5	1	5	1	145	7	602	1749	84	36	14.246437	ease
5	1	5	1	145	8	704	1785	9	4	0.000000	t
5	1	5	1	145	9	743	1796	34	17	21.225922	Ba
5	1	5	1	145	10	811	1824	81	26	0.000000	o252
5	1	5	1	145	11	950	1858	51	34	35.253548	Bar
5	1	5	1	145	12	1045	1889	15	34	31.897217	Ea
4	1	5	1	146	0	18	1548	986	353	-1	
5	1	5	1	146	1	18	1548	11	18	53.481602	B
5	1	5	1	146	2	84	1571	13	11	83.762932	2
5	1	5	1	146	3	127	1588	37	20	51.817123	as
5	1	5	1	146	4	233	1628	55	26	13.938751	-S2
5	1	5	1	146	5	341	1665	16	9	15.123787	=n
5	1	5	1	146	6	391	1677	22	19	29.223549	>
5	1	5	1	146	7	447	1702	12	12	74.999115	3
5	1	5	1	146	8	499	1727	114	45	34.542076	reek
5	1	5	1	146	9	650	1778	13	10	90.156013	3
5	1	5	1	146	10	700	1793	55	24	12.300003	Shy
5	1	5	1	146	11	877	1852	16	9	0.000000	s
5	1	5	1	146	12	980	1888	24	13	35.795677	as
4	1	5	1	147	0	11	1571	1003	343	-1	
5	1	5	1	147	1	11	1571	44	23	41.587265	Se
5	1	5	1	147	2	84	1582	13	34	55.370068	8
5	1	5	1	147	3	122	1603	69	47	7.011711	go
5	1	5	1	147	4	220	1637	95	54	44.811523	«228
5	1	5	1	147	5	339	1675	540	211	19.764801	ee
5	1	5	1	147	6	953	1893	61	21	0.000000	2a@
4	1	5	1	148	0	11	1588	858	325	-1	
5	1	5	1	148	1	11	1588	48	38	53.613152	oe
5	1	5	1	148	2	85	1618	15	13	66.718651	a
5	1	5	1	148	3	121	1632	43	35	58.861359	ag
5	1	5	1	148	4	252	1675	63	41	38.381912	fas
5	1	5	1	148	5	344	1701	89	51	35.854919	gees
5	1	5	1	148	6	473	1764	63	27	61.828323	ogg
5	1	5	1	148	7	575	1794	202	84	0.000000	Pibsece
5	1	5	1	148	8	806	1869	17	23	30.759926	a
5	1	5	1	148	9	857	1878	12	35	0.000000	F
4	1	5	1	149	0	11	1620	812	293	-1	
5	1	5	1	149	1	11	1620	43	27	41.413860	Se
5	1	5	1	149	2	79	1640	21	20	75.718323	>
5	1	5	1	149	3	121	1646	69	34	0.000000	ods
5	1	5	1	149	4	220	1684	95	44	25.562393	age
5	1	5	1	149	5	344	1736	140	56	0.000000	enepis
5	1	5	1	149	6	549	1799	127	65	15.459747	ate
5	1	5	1	149	7	714	1860	17	27	61.164143	5
5	1	5	1	149	8	765	1879	58	34	49.511303	£38
4	1	5	1	150	0	11	1636	788	277	-1	
5	1	5	1	150	1	11	1636	44	36	0.000000	o3
5	1	5	1	150	2	79	1661	17	19	5.282227	|
5	1	5	1	150	3	123	1673	72	42	66.424774	Bes
5	1	5	1	150	4	225	1709	38	33	43.189396	fs
5	1	5	1	150	5	289	1729	26	20	0.000000	=
5	1	5	1	150	6	339	1749	67	33	24.505371	S78
5	1	5	1	150	7	417	1775	16	13	0.000000	b
5	1	5	1	150	8	472	1809	166	55	12.112007	esas
5	1	5	1	150	9	673	1864	57	36	53.989746	ae
5	1	5	1	150	10	765	1904	34	9	49.481651	Re
4	1	5	1	151	0	16	1655	715	258	-1	
5	1	5	1	151	1	16	1655	43	35	0.000000	g-
5	1	5	1	151	2	84	1681	12	20	0.000000	¢
5	1	5	1	151	3	120	1697	70	45	53.349606	eee
5	1	5	1	151	4	219	1723	95	58	30.965210	peed
5	1	5	1	151	5	344	1780	244	89	12.152107	iia
5	1	5	1	151	6	673	1887	58	26	21.490211	a8
4	1	5	1	152	0	125	1721	560	191	-1	
5	1	5	1	152	1	125	1721	13	10	51.140953	=
5	1	5	1	152	2	153	1727	36	29	25.084953	Be
5	1	5	1	152	3	225	1759	11	13	12.393349	a
5	1	5	1	152	4	304	1788	52	26	52.146545	2B
5	1	5	1	152	5	395	1819	12	9	53.475643	2
5	1	5	1	152	6	446	1838	12	15	73.789909	Q
5	1	5	1	152	7	498	1853	11	14	38.425278	q
5	1	5	1	152	8	575	1879	13	10	66.603447	g
5	1	5	1	152	9	668	1907	17	5	19.169510	~
4	1	5	1	153	0	11	1692	575	210	-1	
5	1	5	1	153	1	11	1692	85	40	46.634483	Peg
5	1	5	1	153	2	121	1732	69	36	0.000000	gg8
5	1	5	1	153	3	224	1773	39	23	66.196724	ee
5	1	5	1	153	4	297	1790	21	33	48.796764	om
5	1	5	1	153	5	344	1807	131	85	0.000000	cipbsé
5	1	5	1	153	6	495	1846	40	42	24.433838	el
5	1	5	1	153	7	570	1890	16	12	28.662430	s
4	1	5	1	154	0	369	1832	153	63	-1	
5	1	5	1	154	1	369	1832	13	10	84.512558	o
5	1	5	1	154	2	498	1871	24	24	27.178261	ae.
4	1	5	1	155	0	11	1717	524	196	-1	
5	1	5	1	155	1	11	1717	47	31	52.354412	BE
5	1	5	1	155	2	80	1742	16	22	52.354412	3
5	1	5	1	155	3	126	1754	69	47	27.981003	ee
5	1	5	1	155	4	224	1795	41	21	22.957695	BA
5	1	5	1	155	5	277	1803	37	28	38.120670	ed
5	1	5	1	155	6	343	1836	115	58	39.477654	are
5	1	5	1	155	7	493	1885	42	28	39.358612	Bs
4	1	5	1	156	0	11	1737	446	175	-1	
5	1	5	1	156	1	11	1737	47	25	61.575550	22
5	1	5	1	156	2	83	1772	12	10	19.773819	5B
5	1	5	1	156	3	122	1777	28	22	41.832157	8
5	1	5	1	156	4	177	1801	12	9	7.680397	a
5	1	5	1	156	5	219	1816	43	15	0.000000	&4
5	1	5	1	156	6	364	1872	42	18	67.565514	38
5	1	5	1	156	7	440	1895	17	17	19.737320	a
4	1	5	1	157	0	16	1752	391	160	-1	
5	1	5	1	157	1	16	1752	37	32	39.470879	Be
5	1	5	1	157	2	83	1783	13	10	45.923546	o
5	1	5	1	157	3	125	1801	65	30	28.374962	538
5	1	5	1	157	4	338	1869	69	43	53.776974	EES
4	1	5	1	158	0	15	1773	366	139	-1	
5	1	5	1	158	1	15	1773	38	27	45.180061	aa
5	1	5	1	158	2	78	1795	85	35	64.698380	BSE
5	1	5	1	158	3	219	1841	19	39	79.195969	oi
5	1	5	1	158	4	338	1895	43	17	58.739899	Ae
4	1	5	1	159	0	15	1805	122	49	-1	
5	1	5	1	159	1	15	1805	38	25	83.645119	2%
5	1	5	1	159	2	82	1819	13	11	83.645119	§
5	1	5	1	159	3	132	1849	5	5	44.066734	.
4	1	5	1	160	0	10	1816	127	50	-1	
5	1	5	1	160	1	10	1816	17	14	0.000000	£
5	1	5	1	160	2	83	1840	54	26	47.427261	Boa
4	1	5	1	161	0	10	1831	84	31	-1	
5	1	5	1	161	1	10	1831	84	31	28.769844	og
4	1	5	1	162	0	9	1885	16	16	-1	
5	1	5	1	162	1	9	1885	16	16	19.041306	is}
