level	page_num	block_num	par_num	line_num	word_num	left	top	width	height	conf	text
1	1	0	0	0	0	0	0	2550	1970	-1	
2	1	1	0	0	0	6	0	2540	1898	-1	
3	1	1	1	0	0	6	0	2543	1898	-1	
4	1	1	1	1	0	1403	0	1143	149	-1	
5	1	1	1	1	1	1403	0	733	149	23.387192	cee
5	1	1	1	1	2	2346	0	200	149	33.572838	ce
4	1	1	1	2	0	931	2	1564	164	-1	
5	1	1	1	2	1	931	2	13	1	7.153885	_
5	1	1	1	2	2	1983	109	62	15	38.549618	+09
5	1	1	1	2	3	2173	125	18	18	79.358070	Q
5	1	1	1	2	4	2293	128	18	18	82.613258	Q
5	1	1	1	2	5	2336	128	41	24	14.627159	eo
5	1	1	1	2	6	2404	131	23	30	0.000000	e
5	1	1	1	2	7	2450	132	45	34	23.597191	Ba
4	1	1	1	3	0	744	0	1755	190	-1	
5	1	1	1	3	1	744	0	65	41	0.000000	OO
5	1	1	1	3	2	1707	107	40	13	51.819500	SE
5	1	1	1	3	3	1787	108	37	25	62.989243	12
5	1	1	1	3	4	1935	109	17	31	39.920967	8
5	1	1	1	3	5	1983	121	62	27	30.377472	B38
5	1	1	1	3	6	2173	145	11	24	26.827652	i
5	1	1	1	3	7	2293	148	11	24	17.257965	g
5	1	1	1	3	8	2335	149	164	41	0.000000	88e8er
5	1	1	1	3	9	2482	144	19	54	40.426361	4
4	1	1	1	4	0	444	2	2055	211	-1	
5	1	1	1	4	1	444	2	38	1	28.255836	—
5	1	1	1	4	2	1585	106	66	23	34.942543	eg
5	1	1	1	4	3	1707	119	42	22	38.051239	8s
5	1	1	1	4	4	1806	125	17	17	0.000000	|2
5	1	1	1	4	5	1885	137	11	19	2.694466	Bm
5	1	1	1	4	6	1934	141	86	22	2.694466	S228
5	1	1	1	4	7	2033	133	41	48	31.237991	Big
5	1	1	1	4	8	2173	170	11	12	60.867962	8
5	1	1	1	4	9	2293	173	11	12	19.671135	pw
5	1	1	1	4	10	2335	176	62	37	28.692581	fap
5	1	1	1	4	11	2413	182	86	26	30.315765	SEE
4	1	1	1	5	0	1517	116	976	119	-1	
5	1	1	1	5	1	1517	116	17	28	63.616604	5
5	1	1	1	5	2	1584	128	62	23	13.059006	BEw
5	1	1	1	5	3	1707	140	36	15	49.874172	ce
5	1	1	1	5	4	1780	150	67	25	64.997055	Bay
5	1	1	1	5	5	1885	159	113	25	0.000000	BmoRe
5	1	1	1	5	6	2007	169	38	21	16.492081	oe
5	1	1	1	5	7	2057	178	16	13	67.723511	3
5	1	1	1	5	8	2148	193	41	9	57.178619	am
5	1	1	1	5	9	2213	195	96	19	0.000000	onudgh
5	1	1	1	5	10	2334	204	41	13	7.804878	eR
5	1	1	1	5	11	2387	207	78	24	0.000000	Sfs
5	1	1	1	5	12	2477	199	16	36	31.070625	sy
4	1	1	1	6	0	159	12	2334	248	-1	
5	1	1	1	6	1	159	12	20	6	80.016464	~
5	1	1	1	6	2	1150	97	21	31	47.108894	il
5	1	1	1	6	3	1225	114	16	12	48.534027	i
5	1	1	1	6	4	1296	114	16	13	40.837578	&
5	1	1	1	6	5	1518	145	5	6	62.366600	5
5	1	1	1	6	6	1609	150	36	12	55.417168	a5
5	1	1	1	6	7	1658	156	139	24	13.991287	Perot
5	1	1	1	6	8	1884	177	110	28	6.558983	Seog
5	1	1	1	6	9	2012	187	56	17	12.595024	sez
5	1	1	1	6	10	2098	193	91	21	10.691566	TOSs
5	1	1	1	6	11	2218	205	61	26	61.499828	OST
5	1	1	1	6	12	2333	219	62	20	1.586243	8
5	1	1	1	6	13	2418	231	75	29	30.650223	ee
4	1	1	1	7	0	6	0	2467	265	-1	
5	1	1	1	7	1	6	2	5	5	19.502686	.
5	1	1	1	7	2	40	0	402	50	0.000000	Rost
5	1	1	1	7	3	852	97	60	18	37.187157	Hey
5	1	1	1	7	4	973	99	66	33	0.000000	x29
5	1	1	1	7	5	1154	120	11	36	21.805229	§
5	1	1	1	7	6	1225	128	15	13	85.475700	8
5	1	1	1	7	7	1296	129	16	20	24.358429	5
5	1	1	1	7	8	1559	155	183	45	0.000000	SeeEEReG
5	1	1	1	7	9	1759	170	87	40	23.353989	SEE?
5	1	1	1	7	10	1884	189	36	24	6.068382	eg
5	1	1	1	7	11	1936	196	81	21	0.000000	esza
5	1	1	1	7	12	2030	199	37	27	2.442230	ae
5	1	1	1	7	13	2098	208	79	28	0.000000	Be
5	1	1	1	7	14	2213	213	95	52	0.000000	QE,
5	1	1	1	7	15	2333	231	92	33	39.238823	Pa
5	1	1	1	7	16	2442	249	31	16	0.000000	*W
4	1	1	1	8	0	876	110	1569	169	-1	
5	1	1	1	8	1	876	110	12	11	46.839657	°
5	1	1	1	8	2	971	121	67	22	42.534149	gee
5	1	1	1	8	3	1225	143	4	5	0.000000	.
5	1	1	1	8	4	1584	178	41	15	0.000000	6k
5	1	1	1	8	5	1658	188	36	13	13.803986	ED
5	1	1	1	8	6	1755	207	17	5	26.678650	on
5	1	1	1	8	7	1880	214	40	10	5.721169	SP
5	1	1	1	8	8	1934	217	84	23	9.137230	8S
5	1	1	1	8	9	2056	227	12	12	12.173508	}
5	1	1	1	8	10	2122	236	37	10	33.826340	oo
5	1	1	1	8	11	2231	252	28	7	0.000000	ge
5	1	1	1	8	12	2271	248	13	13	69.124237	&
5	1	1	1	8	13	2384	260	61	19	9.389526	Wo
4	1	1	1	9	0	62	30	2435	265	-1	
5	1	1	1	9	1	62	30	113	37	0.000000	g2iog
5	1	1	1	9	2	515	91	91	18	12.871033	sagey
5	1	1	1	9	3	851	113	61	22	9.155075	50
5	1	1	1	9	4	971	131	40	14	64.449234	8s
5	1	1	1	9	5	1463	181	71	16	33.850586	aoe
5	1	1	1	9	6	1558	186	87	18	10.609825	Bes
5	1	1	1	9	7	1657	195	64	16	0.000000	eer
5	1	1	1	9	8	1729	202	59	24	0.000000	are
5	1	1	1	9	9	1806	210	35	22	26.725227	oy
5	1	1	1	9	10	1883	226	189	29	0.000000	SuySsrBses
5	1	1	1	9	11	2098	243	36	12	37.896355	=F
5	1	1	1	9	12	2218	254	36	12	47.932388	Pear
5	1	1	1	9	13	2291	260	79	27	65.049583	of
5	1	1	1	9	14	2408	274	89	21	13.141212	Bee
4	1	1	1	10	0	64	42	2428	287	-1	
5	1	1	1	10	1	64	42	233	110	11.520828	a
5	1	1	1	10	2	359	89	64	28	35.801086	33
5	1	1	1	10	3	492	105	35	27	66.244400	oS
5	1	1	1	10	4	539	91	67	45	16.691437	SEP
5	1	1	1	10	5	738	139	87	11	42.962196	wor
5	1	1	1	10	6	846	131	96	45	0.000000	§aeu
5	1	1	1	10	7	971	142	67	45	19.394913	Bek
5	1	1	1	10	8	1153	157	88	50	35.031570	Boia
5	1	1	1	10	9	1270	180	42	27	53.132812	gs
5	1	1	1	10	10	1434	186	41	32	0.000000	SE
5	1	1	1	10	11	1491	197	40	23	0.000000	ge
5	1	1	1	10	12	1558	199	159	50	0.000000	Secesei
5	1	1	1	10	13	1743	223	52	34	37.590923	Es
5	1	1	1	10	14	1805	226	36	27	48.436813	sy
5	1	1	1	10	15	1884	238	83	33	0.000000	RES
5	1	1	1	10	16	2004	241	66	40	0.000000	gee
5	1	1	1	10	17	2096	248	92	47	0.000000	22
5	1	1	1	10	18	2172	234	17	65	65.912109	s
5	1	1	1	10	19	2217	261	85	46	26.917274	sé:
5	1	1	1	10	20	2333	280	90	47	0.000000	bgak
5	1	1	1	10	21	2451	295	41	34	40.749321	Es
4	1	1	1	11	0	126	72	2293	257	-1	
5	1	1	1	11	1	126	72	23	31	38.894989	es
5	1	1	1	11	2	299	105	2	3	11.631012	3
5	1	1	1	11	3	387	111	12	10	65.149826	®
5	1	1	1	11	4	564	129	15	8	47.637741	+
5	1	1	1	11	5	738	153	4	3	13.534203	’
5	1	1	1	11	6	810	155	3	4	19.206200	.
5	1	1	1	11	7	876	160	60	17	40.889351	met
5	1	1	1	11	8	970	170	17	15	4.655243	Be
5	1	1	1	11	9	1087	182	16	16	66.115715	8
5	1	1	1	11	10	1224	197	86	18	21.867615	ae
5	1	1	1	11	11	1463	219	65	19	59.123478	Toe
5	1	1	1	11	12	1558	226	61	22	47.601318	#28
5	1	1	1	11	13	1635	242	36	12	61.416050	28
5	1	1	1	11	14	1755	245	11	5	3.903976	Pry
5	1	1	1	11	15	1804	254	36	18	3.903976	ys
5	1	1	1	11	16	1883	260	12	8	9.092697	BF
5	1	1	1	11	17	1932	268	17	6	73.915741	=
5	1	1	1	11	18	2000	277	72	11	35.056450	Bue
5	1	1	1	11	19	2096	278	65	25	46.953236	Sak
5	1	1	1	11	20	2217	297	85	21	57.111526	2250
5	1	1	1	11	21	2333	308	36	14	50.854500	of
5	1	1	1	11	22	2406	310	13	19	31.776367	°
4	1	1	1	12	0	65	89	2407	258	-1	
5	1	1	1	12	1	65	89	81	21	0.000000	“O<
5	1	1	1	12	2	363	118	60	25	44.000809	SES
5	1	1	1	12	3	515	132	39	13	28.576012	Be
5	1	1	1	12	4	564	145	36	13	18.217880	og
5	1	1	1	12	5	870	164	66	35	0.000000	aAsg
5	1	1	1	12	6	970	182	103	22	15.321236	say
5	1	1	1	12	7	1108	196	18	17	73.352493	$34
5	1	1	1	12	8	1223	210	12	10	29.961975	&
5	1	1	1	12	9	1269	215	13	9	0.000000	&
5	1	1	1	12	10	1345	222	50	15	43.357040	op
5	1	1	1	12	11	1491	233	37	15	43.418144	5
5	1	1	1	12	12	1558	242	36	11	0.000000	SS
5	1	1	1	12	13	1610	248	83	20	0.000000	Heo
5	1	1	1	12	14	1707	251	58	22	0.000000	ep
5	1	1	1	12	15	1777	237	19	40	25.373749	iy
5	1	1	1	12	16	1828	266	11	13	38.336937	§
5	1	1	1	12	17	1907	272	59	20	72.465584	Qge
5	1	1	1	12	18	2005	288	61	11	11.677559	a,
5	1	1	1	12	19	2096	291	85	24	0.000000	Bs%.
5	1	1	1	12	20	2217	310	61	12	74.848831	292
5	1	1	1	12	21	2332	319	12	9	91.384453	g
5	1	1	1	12	22	2425	308	47	39	34.243912	acs
4	1	1	1	13	0	62	105	2434	250	-1	
5	1	1	1	13	1	62	105	9	5	79.095490	~
5	1	1	1	13	2	874	182	13	11	89.413269	g
5	1	1	1	13	3	1020	196	83	18	21.360840	Eas
5	1	1	1	13	4	1211	225	4	4	0.000000	.
5	1	1	1	13	5	1269	224	15	9	21.648010	¢
5	1	1	1	13	6	1384	237	4	5	22.144035	‘
5	1	1	1	13	7	1458	232	19	33	38.579788	Fa
5	1	1	1	13	8	1558	251	109	24	8.135139	Beato
5	1	1	1	13	9	1717	275	4	4	8.135139	ok
5	1	1	1	13	10	1779	272	61	19	11.275566	PSo
5	1	1	1	13	11	1882	279	12	20	75.155365	8
5	1	1	1	13	12	1931	289	116	23	35.904167	B53
5	1	1	1	13	13	2095	304	86	22	25.922707	BBs
5	1	1	1	13	14	2241	319	60	14	61.854645	ses
5	1	1	1	13	15	2381	329	115	26	26.672882	ea
4	1	1	1	14	0	363	140	2103	224	-1	
5	1	1	1	14	1	363	140	60	15	0.000000	Eo
5	1	1	1	14	2	514	146	91	35	15.626328	eames
5	1	1	1	14	3	713	175	42	18	71.485985	Te
5	1	1	1	14	4	783	176	42	23	59.659595	48
5	1	1	1	14	5	850	186	86	21	50.455837	£220
5	1	1	1	14	6	970	196	41	21	42.784157	a2
5	1	1	1	14	7	1061	213	37	10	49.552921	He
5	1	1	1	14	8	1198	224	37	16	63.541077	me
5	1	1	1	14	9	1269	232	36	11	79.111603	te
5	1	1	1	14	10	1345	238	5	6	26.881805	OC
5	1	1	1	14	11	1431	240	96	27	0.000000	ABot
5	1	1	1	14	12	1558	264	85	15	0.000000	Beane
5	1	1	1	14	13	1657	254	14	40	0.000000	g
5	1	1	1	14	14	1680	270	90	20	0.000000	See
5	1	1	1	14	15	1754	254	21	40	90.844002	=
5	1	1	1	14	16	1802	284	12	12	49.437569	8
5	1	1	1	14	17	1827	292	12	10	76.645355	9
5	1	1	1	14	18	1982	295	35	17	43.600288	We
5	1	1	1	14	19	2032	307	37	15	45.632687	Se
5	1	1	1	14	20	2095	319	12	11	31.212967	8
5	1	1	1	14	21	2145	323	17	13	39.011391	ES
5	1	1	1	14	22	2216	316	89	27	25.583717	goes
5	1	1	1	14	23	2332	332	61	21	19.264534	«pe
5	1	1	1	14	24	2454	356	12	8	13.435448	g
4	1	1	1	15	0	67	110	2423	271	-1	
5	1	1	1	15	1	67	110	25	31	64.008591	Nn
5	1	1	1	15	2	165	125	21	24	0.000000	~
5	1	1	1	15	3	363	153	84	19	55.787804	“ass
5	1	1	1	15	4	514	169	11	12	41.329979	BBo
5	1	1	1	15	5	586	172	14	20	11.944946	§
5	1	1	1	15	6	718	185	31	16	32.189651	Lo
5	1	1	1	15	7	783	195	84	15	57.550514	rs
5	1	1	1	15	8	848	181	23	33	31.020775	2
5	1	1	1	15	9	925	207	15	12	70.025940	mB
5	1	1	1	15	10	970	208	61	23	18.068893	Ro
5	1	1	1	15	11	1085	224	13	11	50.656586	3
5	1	1	1	15	12	1218	239	16	12	55.183353	a
5	1	1	1	15	13	1462	261	65	23	30.396172	R33
5	1	1	1	15	14	1582	274	136	27	31.363739	e788
5	1	1	1	15	15	1688	268	52	38	19.958260	Geo
5	1	1	1	15	16	1753	291	12	11	19.958260	8
5	1	1	1	15	17	1803	297	11	12	21.230698	g
5	1	1	1	15	18	1881	298	85	23	32.164261	Seog
5	1	1	1	15	19	2000	312	16	13	67.949181	ls
5	1	1	1	15	20	2054	317	17	13	51.044838	a
5	1	1	1	15	21	2120	324	61	17	55.145184	Ses
5	1	1	1	15	22	2215	342	16	9	72.672592	8
5	1	1	1	15	23	2289	344	12	9	34.994087	8S
5	1	1	1	15	24	2332	348	36	15	0.000000	FeN
5	1	1	1	15	25	2405	352	37	13	50.092007	ag
5	1	1	1	15	26	2479	353	11	28	33.225166	a
4	1	1	1	16	0	68	136	2401	248	-1	
5	1	1	1	16	1	68	136	21	12	52.678879	4
5	1	1	1	16	2	386	165	36	16	27.946716	&3
5	1	1	1	16	3	538	172	65	29	32.975777	eee
5	1	1	1	16	4	712	202	16	8	47.166386	a
5	1	1	1	16	5	741	203	13	6	0.000000	%
5	1	1	1	16	6	808	209	12	10	0.000000	o
5	1	1	1	16	7	850	211	79	14	21.374420	ag"
5	1	1	1	16	8	969	220	40	20	38.952480	FB
5	1	1	1	16	9	1061	233	66	14	0.000000	8a
5	1	1	1	16	10	1152	237	58	18	35.806358	yg
5	1	1	1	16	11	1269	253	41	19	53.487244	Do
5	1	1	1	16	12	1462	278	65	11	33.450897	"83
5	1	1	1	16	13	1557	285	86	20	20.151756	e038
5	1	1	1	16	14	1704	292	60	25	34.828850	Bag
5	1	1	1	16	15	1779	296	60	26	0.000000	tBS
5	1	1	1	16	16	1881	312	89	19	46.168743	Beas
5	1	1	1	16	17	2004	322	61	22	54.093315	BOG
5	1	1	1	16	18	2095	331	90	19	41.094547	AEBS
5	1	1	1	16	19	2240	350	60	18	54.292061	ems
5	1	1	1	16	20	2331	362	138	22	7.653061	Repost
4	1	1	1	17	0	387	178	2054	214	-1	
5	1	1	1	17	1	387	178	16	5	0.000000	g
5	1	1	1	17	2	738	210	11	13	92.480484	5
5	1	1	1	17	3	870	225	40	13	44.117233	os
5	1	1	1	17	4	1019	232	102	30	0.000000	Qasdae
5	1	1	1	17	5	1151	253	17	12	0.000000	F
5	1	1	1	17	6	1197	253	37	19	0.000000	€8
5	1	1	1	17	7	1269	262	11	12	88.658936	8
5	1	1	1	17	8	1344	271	56	18	53.991592	wD
5	1	1	1	17	9	1432	282	11	10	0.000000	o
5	1	1	1	17	10	1490	285	37	17	45.621323	[9
5	1	1	1	17	11	1556	291	62	18	81.508385	gad
5	1	1	1	17	12	1655	297	42	19	40.276279	29
5	1	1	1	17	13	1728	314	12	10	0.000000	&
5	1	1	1	17	14	1778	320	66	13	43.238659	poo
5	1	1	1	17	15	1882	324	65	22	29.332626	Bes
5	1	1	1	17	16	2013	342	55	10	33.023575	7g
5	1	1	1	17	17	2119	347	62	15	37.873528	2S
5	1	1	1	17	18	2240	362	60	19	49.640125	2a8
5	1	1	1	17	19	2331	373	36	11	59.664948	+0
5	1	1	1	17	20	2383	376	58	16	43.906097	608
4	1	1	1	18	0	69	151	2430	260	-1	
5	1	1	1	18	1	69	151	21	13	33.264839	o
5	1	1	1	18	2	386	182	61	22	54.369293	282
5	1	1	1	18	3	514	191	86	32	24.845955	Sebo
5	1	1	1	18	4	628	203	57	21	28.182289	Le
5	1	1	1	18	5	713	213	35	22	26.211205	Ra
5	1	1	1	18	6	783	220	37	18	57.941719	Bo
5	1	1	1	18	7	849	222	91	37	0.000000	e'3By
5	1	1	1	18	8	994	252	17	5	36.616978	an
5	1	1	1	18	9	1060	255	65	13	31.718124	Boo
5	1	1	1	18	10	1151	267	11	9	87.700134	F
5	1	1	1	18	11	1197	271	42	14	80.072945	EB
5	1	1	1	18	12	1269	273	36	21	24.370544	go
5	1	1	1	18	13	1377	287	77	22	33.929131	Fey
5	1	1	1	18	14	1581	296	15	32	0.000000	®@
5	1	1	1	18	15	1606	305	35	14	40.156017	26
5	1	1	1	18	16	1656	315	16	6	55.713116	3.
5	1	1	1	18	17	1704	313	28	17	72.114174	RP
5	1	1	1	18	18	1752	309	13	37	0.000000	oe
5	1	1	1	18	19	1777	309	12	37	0.000000	Fs
5	1	1	1	18	20	1881	338	12	9	68.097343	a
5	1	1	1	18	21	1954	339	91	26	10.020226	goer
5	1	1	1	18	22	2095	353	29	11	26.232132	f°
5	1	1	1	18	23	2145	363	36	14	26.232132	SS
5	1	1	1	18	24	2216	361	11	19	81.171257	g
5	1	1	1	18	25	2261	367	39	25	47.134014	20
5	1	1	1	18	26	2356	385	87	16	13.365059	Baa
5	1	1	1	18	27	2456	379	43	32	19.453552	Bay,
4	1	1	1	19	0	69	166	2399	255	-1	
5	1	1	1	19	1	69	166	23	14	74.360672	o
5	1	1	1	19	2	385	201	62	25	41.715973	836
5	1	1	1	19	3	513	210	91	24	35.991295	$520
5	1	1	1	19	4	712	235	12	9	65.708176	a
5	1	1	1	19	5	779	231	45	26	53.049656	oe
5	1	1	1	19	6	849	245	91	24	2.282219	Bg23
5	1	1	1	19	7	994	256	36	13	46.405418	ee
5	1	1	1	19	8	1060	267	42	12	66.390221	Bs
5	1	1	1	19	9	1197	281	37	18	25.735825	sg
5	1	1	1	19	10	1292	292	12	12	48.086361	»
5	1	1	1	19	11	1343	290	11	12	63.758144	<
5	1	1	1	19	12	1457	305	74	21	10.086014	Dee
5	1	1	1	19	13	1556	316	67	14	3.832794	SRE
5	1	1	1	19	14	1637	322	81	17	3.832794	LEYS
5	1	1	1	19	15	1752	336	37	17	40.057884	23
5	1	1	1	19	16	1802	330	36	22	56.123909	Pe
5	1	1	1	19	17	1881	346	37	19	5.242615	SS
5	1	1	1	19	18	1933	346	81	33	5.242615	Sere
5	1	1	1	19	19	2031	342	37	42	35.220901	oo.
5	1	1	1	19	20	2095	363	85	27	44.167168	Boas
5	1	1	1	19	21	2215	378	85	25	40.633774	geese
5	1	1	1	19	22	2331	393	36	17	52.573929	538
5	1	1	1	19	23	2405	400	63	21	66.398148	BES
4	1	1	1	20	0	514	221	1932	208	-1	
5	1	1	1	20	1	514	221	34	20	45.230137	50
5	1	1	1	20	2	562	228	12	10	43.675964	&
5	1	1	1	20	3	667	243	16	7	33.340927	me
5	1	1	1	20	4	711	245	41	10	29.636620	@e
5	1	1	1	20	5	779	246	15	12	19.592911	so
5	1	1	1	20	6	898	265	37	15	22.548508	oR
5	1	1	1	20	7	1018	270	12	23	58.996716	5
5	1	1	1	20	8	1059	281	61	15	23.776360	SEQ
5	1	1	1	20	9	1146	284	22	12	16.174698	Ww
5	1	1	1	20	10	1221	299	17	6	21.184944	2
5	1	1	1	20	11	1268	295	12	11	0.000000	®
5	1	1	1	20	12	1343	303	12	10	0.000000	&
5	1	1	1	20	13	1459	321	42	6	17.400253	wD
5	1	1	1	20	14	1513	325	16	8	48.888580	et
5	1	1	1	20	15	1556	330	39	9	49.554066	at
5	1	1	1	20	16	1607	336	34	12	56.199017	oF
5	1	1	1	20	17	1679	340	66	20	68.750229	Sam
5	1	1	1	20	18	1776	349	61	25	0.000000	oAy
5	1	1	1	20	19	1905	358	85	25	0.000000	gas
5	1	1	1	20	20	2053	373	16	13	42.766132	a
5	1	1	1	20	21	2094	376	86	26	28.608772	Szee
5	1	1	1	20	22	2215	387	61	29	30.756645	caren)
5	1	1	1	20	23	2330	408	66	16	14.234787	ogo
5	1	1	1	20	24	2407	401	39	28	53.387611	he.
4	1	1	1	21	0	386	223	2103	224	-1	
5	1	1	1	21	1	386	223	59	16	6.504585	US.
5	1	1	1	21	2	513	238	89	21	43.106796	east
5	1	1	1	21	3	633	242	50	19	33.707672	OF
5	1	1	1	21	4	712	257	41	13	48.042160	Be
5	1	1	1	21	5	783	258	35	20	47.379990	93
5	1	1	1	21	6	844	265	21	20	13.405106	oD
5	1	1	1	21	7	898	277	11	12	4.996552	$
5	1	1	1	21	8	993	280	12	22	48.287960	B
5	1	1	1	21	9	1055	291	45	11	33.693886	Q&
5	1	1	1	21	10	1150	296	17	18	86.073380	=
5	1	1	1	21	11	1191	291	17	42	5.091827	pg
5	1	1	1	21	12	1292	312	62	24	32.397362	Bd
5	1	1	1	21	13	1384	322	8	17	43.575138	|
5	1	1	1	21	14	1431	330	12	13	0.000000	e
5	1	1	1	21	15	1489	335	42	13	0.000000	g&
5	1	1	1	21	16	1556	341	86	21	0.000000	Poeg
5	1	1	1	21	17	1657	345	107	30	0.000000	Eieyg
5	1	1	1	21	18	1777	366	40	14	6.962044	se
5	1	1	1	21	19	1881	367	39	26	34.041931	gS
5	1	1	1	21	20	1953	378	112	32	18.825668	Soke
5	1	1	1	21	21	2119	402	61	11	48.854073	See
5	1	1	1	21	22	2214	405	66	18	59.825027	S58
5	1	1	1	21	23	2330	419	12	10	15.727882	eee
5	1	1	1	21	24	2380	422	109	25	0.000000	es
5	1	1	1	21	25	2466	411	27	40	45.464661	8
4	1	1	1	22	0	385	239	2079	221	-1	
5	1	1	1	22	1	385	239	61	22	46.038113	eso
5	1	1	1	22	2	513	252	90	22	0.000000	Bei
5	1	1	1	22	3	632	261	52	19	0.000000	&£
5	1	1	1	22	4	668	248	18	36	25.858704	yp
5	1	1	1	22	5	711	269	37	11	81.152275	BF
5	1	1	1	22	6	782	273	37	23	27.902596	So
5	1	1	1	22	7	848	277	25	38	0.000000	SF
5	1	1	1	22	8	891	285	48	26	4.121941	oe
5	1	1	1	22	9	993	294	36	23	18.582802	@5
5	1	1	1	22	10	1059	302	66	21	68.049522	Sea
5	1	1	1	22	11	1150	316	17	7	75.796844	5
5	1	1	1	22	12	1221	316	17	18	90.124725	Q
5	1	1	1	22	13	1267	325	37	13	69.280823	08
5	1	1	1	22	14	1432	345	93	21	24.168442	Bowe
5	1	1	1	22	15	1581	358	16	6	47.414810	=
5	1	1	1	22	16	1629	358	66	30	41.716156	Be,
5	1	1	1	22	17	1726	375	111	16	71.795464	82879
5	1	1	1	22	18	1880	381	15	21	33.134003	8
5	1	1	1	22	19	1929	379	13	25	35.352318	§
5	1	1	1	22	20	1977	397	37	18	23.099876	BSR
5	1	1	1	22	21	2052	409	17	16	13.606560	a
5	1	1	1	22	22	2119	410	41	13	60.162769	ao
5	1	1	1	22	23	2214	422	37	14	45.508785	28
5	1	1	1	22	24	2264	424	40	14	35.243996	os
5	1	1	1	22	25	2330	431	67	24	29.146332	oS,
5	1	1	1	22	26	2409	434	55	26	47.120941	Og
4	1	1	1	23	0	409	241	2086	233	-1	
5	1	1	1	23	1	409	241	36	34	34.722824	S34
5	1	1	1	23	2	512	267	86	16	0.000000	aSae
5	1	1	1	23	3	633	271	17	13	5.401695	§
5	1	1	1	23	4	711	280	40	19	75.595230	Be
5	1	1	1	23	5	782	290	36	16	66.277267	FE
5	1	1	1	23	6	844	298	65	14	0.289932	&°38
5	1	1	1	23	7	993	315	16	13	68.255203	20
5	1	1	1	23	8	1059	318	61	16	8.927658	40
5	1	1	1	23	9	1150	324	11	11	58.250359	&
5	1	1	1	23	10	1196	336	41	15	60.786564	oy
5	1	1	1	23	11	1292	339	11	13	94.586220	5
5	1	1	1	23	12	1381	356	16	13	17.758446	°
5	1	1	1	23	13	1430	358	98	21	0.000000	e23e
5	1	1	1	23	14	1554	363	63	30	20.235802	25g
5	1	1	1	23	15	1653	384	89	14	21.379784	Bee
5	1	1	1	23	16	1776	389	61	22	0.000000	eeers
5	1	1	1	23	17	1904	394	18	18	45.938904	g.
5	1	1	1	23	18	1949	397	90	32	41.490597	T8e5
5	1	1	1	23	19	2093	418	37	16	0.000000	o8
5	1	1	1	23	20	2140	424	44	22	0.000000	gs
5	1	1	1	23	21	2214	420	92	38	0.000000	EgSss
5	1	1	1	23	22	2354	444	32	21	0.000000	Ce
5	1	1	1	23	23	2398	435	42	39	0.000000	ae9-
5	1	1	1	23	24	2452	458	43	12	14.641235	2
4	1	1	1	24	0	408	269	2086	216	-1	
5	1	1	1	24	1	408	269	12	10	0.000000	s
5	1	1	1	24	2	562	285	41	13	0.000000	es
5	1	1	1	24	3	632	282	46	22	30.251709	Fa
5	1	1	1	24	4	711	291	36	20	89.175240	Bs
5	1	1	1	24	5	781	303	40	13	62.197987	FB
5	1	1	1	24	6	871	313	66	18	0.000000	eo
5	1	1	1	24	7	1017	318	11	28	55.778625	8
5	1	1	1	24	8	1058	329	62	20	0.000000	8a8
5	1	1	1	24	9	1149	336	12	25	77.753014	§
5	1	1	1	24	10	1196	350	16	6	66.559692	£25
5	1	1	1	24	11	1265	349	34	13	10.654152	m?
5	1	1	1	24	12	1338	362	20	12	39.771088	&
5	1	1	1	24	13	1460	377	110	15	25.657494	ee
5	1	1	1	24	14	1599	373	33	39	35.129517	ee
5	1	1	1	24	15	1647	373	30	39	9.981758	ee
5	1	1	1	24	16	1825	411	12	10	93.846733	8
5	1	1	1	24	17	1880	412	60	15	0.000000	Ns
5	1	1	1	24	18	1972	421	92	17	0.000000	S2a8
5	1	1	1	24	19	2052	406	16	38	0.000000	O
5	1	1	1	24	20	2214	444	12	9	39.450344	8
5	1	1	1	24	21	2329	453	40	21	0.000000	Se5
5	1	1	1	24	22	2409	463	30	13	13.626022	FG
5	1	1	1	24	23	2454	467	40	18	13.626022	SD
4	1	1	1	25	0	433	280	2061	217	-1	
5	1	1	1	25	1	433	280	11	9	84.323784	4
5	1	1	1	25	2	586	293	11	5	70.269844	5
5	1	1	1	25	3	665	305	16	9	29.457741	es
5	1	1	1	25	4	710	305	36	16	28.856949	of
5	1	1	1	25	5	782	318	16	6	49.881168	&
5	1	1	1	25	6	847	319	91	18	0.000000	at8od
5	1	1	1	25	7	993	330	11	10	74.726372	2
5	1	1	1	25	8	1058	344	62	18	36.144554	ROG
5	1	1	1	25	9	1163	357	3	3	21.041122	§
5	1	1	1	25	10	1195	352	37	15	53.219658	25
5	1	1	1	25	11	1291	363	12	10	42.869610	®
5	1	1	1	25	12	1430	373	98	24	45.414230	Soa
5	1	1	1	25	13	1555	389	89	18	34.575317	peso
5	1	1	1	25	14	1677	396	136	32	0.000000	BmoOpah
5	1	1	1	25	15	1929	421	109	29	53.373177	BLUSE
5	1	1	1	25	16	2051	440	12	8	31.286453	&
5	1	1	1	25	17	2114	444	72	13	33.042267	gee
5	1	1	1	25	18	2214	455	11	11	0.000000	or
5	1	1	1	25	19	2258	461	23	7	0.000000	7
5	1	1	1	25	20	2329	463	12	12	42.769836	°
5	1	1	1	25	21	2379	466	11	30	61.215973	3
5	1	1	1	25	22	2428	478	11	19	0.000000	gP
5	1	1	1	25	23	2471	486	23	7	31.997849	Se
4	1	1	1	26	0	404	288	2016	206	-1	
5	1	1	1	26	1	404	288	41	13	27.084358	33
5	1	1	1	26	2	511	292	37	24	27.131027	oF
5	1	1	1	26	3	565	300	32	21	21.597054	ps
5	1	1	1	26	4	631	298	46	28	0.000000	a
5	1	1	1	26	5	710	317	36	25	51.795776	23
5	1	1	1	26	6	781	325	36	15	51.770187	a,
5	1	1	1	26	7	847	323	25	34	29.055031	Pe
5	1	1	1	26	8	891	327	48	26	29.163910	a=
5	1	1	1	26	9	992	341	41	14	55.399582	a
5	1	1	1	26	10	1058	349	65	23	31.938385	eeo
5	1	1	1	26	11	1149	362	12	13	22.361176	$§
5	1	1	1	26	12	1221	367	11	14	86.838577	9
5	1	1	1	26	13	1266	374	37	20	55.614300	af
5	1	1	1	26	14	1431	385	39	25	0.000000	ao
5	1	1	1	26	15	1487	397	37	12	0.000000	a8
5	1	1	1	26	16	1554	408	12	10	35.234650	4
5	1	1	1	26	17	1604	402	36	13	0.000000	gS
5	1	1	1	26	18	1654	403	36	28	0.000000	2S
5	1	1	1	26	19	1705	415	82	15	0.000000	FRR
5	1	1	1	26	20	1800	423	37	18	0.000000	SB
5	1	1	1	26	21	1880	428	60	27	1.237823	aep
5	1	1	1	26	22	1954	442	34	14	55.038204	sy
5	1	1	1	26	23	2051	450	12	10	22.172203	o
5	1	1	1	26	24	2093	442	34	41	21.238358	S35
5	1	1	1	26	25	2233	468	65	20	73.091293	DSe
5	1	1	1	26	26	2354	476	66	18	20.703300	Pan
4	1	1	1	27	0	384	288	2085	226	-1	
5	1	1	1	27	1	384	288	61	25	0.000000	gg
5	1	1	1	27	2	561	315	41	13	79.943321	ra
5	1	1	1	27	3	632	325	16	6	0.000000	&,
5	1	1	1	27	4	711	329	4	4	44.482845	$
5	1	1	1	27	5	803	343	11	10	82.680832	o
5	1	1	1	27	6	847	341	42	12	0.000000	oA
5	1	1	1	27	7	921	354	12	11	0.000000	7E
5	1	1	1	27	8	1005	358	23	12	0.000000	-"
5	1	1	1	27	9	1054	359	65	25	0.000000	Gos
5	1	1	1	27	10	1145	376	16	12	38.041473	&
5	1	1	1	27	11	1196	369	35	24	55.642021	89
5	1	1	1	27	12	1340	389	16	16	93.026398	A
5	1	1	1	27	13	1430	402	15	9	59.529953	a2
5	1	1	1	27	14	1488	409	11	9	15.118362	g
5	1	1	1	27	15	1578	410	67	25	10.482651	Poo,
5	1	1	1	27	16	1701	429	17	6	61.143517	&
5	1	1	1	27	17	1775	431	62	27	49.233704	BBB
5	1	1	1	27	18	1879	444	17	16	0.000000	QA,
5	1	1	1	27	19	1930	451	83	20	0.000000	2855
5	1	1	1	27	20	2029	461	34	9	72.407227	58
5	1	1	1	27	21	2093	464	61	21	0.000000	BSo
5	1	1	1	27	22	2213	476	85	27	32.139641	gels
5	1	1	1	27	23	2329	485	62	25	0.000000	S8b
5	1	1	1	27	24	2405	495	64	19	31.742630	Shy
4	1	1	1	28	0	388	302	2075	225	-1	
5	1	1	1	28	1	388	302	61	24	42.797085	73h
5	1	1	1	28	2	560	329	36	12	43.537506	ee
5	1	1	1	28	3	631	327	45	19	48.298653	BB
5	1	1	1	28	4	735	343	17	7	55.021584	5
5	1	1	1	28	5	993	366	10	6	42.897018	&
5	1	1	1	28	6	1082	375	13	9	34.209999	a
5	1	1	1	28	7	1194	390	13	11	27.098366	8
5	1	1	1	28	8	1286	395	16	13	18.722687	|
5	1	1	1	28	9	1381	402	14	16	88.131958	>
5	1	1	1	28	10	1430	410	40	16	69.542488	Sa
5	1	1	1	28	11	1513	411	11	20	11.412216	S38
5	1	1	1	28	12	1579	431	139	14	0.000000	BaRods
5	1	1	1	28	13	1751	437	53	20	41.152786	wei
5	1	1	1	28	14	1899	458	16	13	35.972275	a
5	1	1	1	28	15	2002	471	36	10	43.009281	Ps
5	1	1	1	28	16	2117	480	61	17	54.693016	Bes
5	1	1	1	28	17	2213	491	61	17	18.772697	25
5	1	1	1	28	18	2329	499	86	24	0.000000	BES
5	1	1	1	28	19	2427	513	36	14	0.000000	ed
4	1	1	1	29	0	384	317	2108	239	-1	
5	1	1	1	29	1	384	322	59	31	17.145164	NS
5	1	1	1	29	2	511	317	89	47	39.709976	#535
5	1	1	1	29	3	627	342	47	28	67.850517	fr
5	1	1	1	29	4	710	346	36	31	26.925209	BB
5	1	1	1	29	5	780	356	40	32	79.432266	em
5	1	1	1	29	6	846	363	91	33	0.000000	Si08
5	1	1	1	29	7	991	373	42	32	36.195679	ae
5	1	1	1	29	8	1057	383	62	36	0.000000	Tae
5	1	1	1	29	9	1194	394	44	31	48.289536	88,
5	1	1	1	29	10	1265	405	41	33	30.827919	42
5	1	1	1	29	11	1429	424	42	27	18.524429	ee
5	1	1	1	29	12	1486	427	42	31	18.524429	ke
5	1	1	1	29	13	1554	417	108	60	3.294159	Seog
5	1	1	1	29	14	1683	428	28	48	21.695145	te
5	1	1	1	29	15	1739	445	70	41	8.748444	BaP
5	1	1	1	29	16	1823	459	17	34	0.000000	e
5	1	1	1	29	17	1878	470	36	28	24.207603	£8
5	1	1	1	29	18	1931	467	57	33	16.205681	S08
5	1	1	1	29	19	2006	482	32	28	46.038330	we
5	1	1	1	29	20	2050	481	18	31	0.000000	>
5	1	1	1	29	21	2092	491	91	33	11.475609	ge88
5	1	1	1	29	22	2212	506	91	31	18.711548	Bene
5	1	1	1	29	23	2328	512	62	35	3.077316	Boh
5	1	1	1	29	24	2433	507	59	49	39.621357	whe
4	1	1	1	30	0	432	351	2061	217	-1	
5	1	1	1	30	1	432	351	15	9	43.950432	+
5	1	1	1	30	2	510	362	42	15	51.918846	Ft
5	1	1	1	30	3	585	365	16	13	4.155304	Se
5	1	1	1	30	4	661	372	8	12	45.959541	2
5	1	1	1	30	5	709	378	42	12	41.932125	@5
5	1	1	1	30	6	781	383	16	13	52.911545	SM
5	1	1	1	30	7	847	385	41	18	33.795341	25
5	1	1	1	30	8	920	397	13	11	9.452370	S
5	1	1	1	30	9	991	404	36	13	68.014130	ra
5	1	1	1	30	10	1057	416	40	12	45.330345	39
5	1	1	1	30	11	1148	421	12	11	40.590271	8
5	1	1	1	30	12	1265	438	12	11	53.848160	&
5	1	1	1	30	13	1288	424	14	33	27.875443	ao
5	1	1	1	30	14	1429	447	100	24	41.580322	got.
5	1	1	1	30	15	1554	463	36	17	92.691574	Do
5	1	1	1	30	16	1700	477	42	13	0.000000	gy
5	1	1	1	30	17	1775	480	61	25	0.000000	es
5	1	1	1	30	18	1879	489	35	18	0.000000	Eg
5	1	1	1	30	19	1927	500	35	13	0.000000	eS
5	1	1	1	30	20	1980	500	57	23	0.000000	Sy
5	1	1	1	30	21	2051	513	11	13	0.000000	p
5	1	1	1	30	22	2092	515	61	20	0.000000	Sa3
5	1	1	1	30	23	2212	533	12	10	42.084946	&
5	1	1	1	30	24	2282	538	21	16	61.263611	S
5	1	1	1	30	25	2328	541	165	27	12.052979	Baron
4	1	1	1	31	0	382	353	2084	220	-1	
5	1	1	1	31	1	382	353	61	25	73.248657	Ags
5	1	1	1	31	2	535	371	61	21	22.269669	SEs
5	1	1	1	31	3	630	380	52	16	73.575325	22
5	1	1	1	31	4	709	386	37	18	60.746475	86
5	1	1	1	31	5	779	398	13	10	46.837654	oy
5	1	1	1	31	6	846	400	86	29	33.187111	2245
5	1	1	1	31	7	990	419	41	16	59.778934	Re
5	1	1	1	31	8	1106	424	58	18	31.829193	f=
5	1	1	1	31	9	1194	434	36	24	46.338902	24
5	1	1	1	31	10	1265	450	36	13	52.071056	Se
5	1	1	1	31	11	1340	451	57	17	50.739307	oP
5	1	1	1	31	12	1429	460	11	9	60.513748	A
5	1	1	1	31	13	1486	467	37	24	59.665016	So
5	1	1	1	31	14	1552	475	116	22	0.000000	S8n08
5	1	1	1	31	15	1700	490	11	13	50.550861	Bad
5	1	1	1	31	16	1749	492	90	23	21.872520	>So
5	1	1	1	31	17	1878	500	105	38	0.000000	eeToss
5	1	1	1	31	18	2024	519	43	21	85.432205	ga
5	1	1	1	31	19	2112	528	46	21	9.704605	ga8
5	1	1	1	31	20	2212	530	61	32	79.762451	$35
5	1	1	1	31	21	2401	560	65	13	36.589664	Cos
4	1	1	1	32	0	510	382	1982	205	-1	
5	1	1	1	32	1	510	382	36	16	8.526871	ee
5	1	1	1	32	2	584	385	12	10	8.526871	FS
5	1	1	1	32	3	628	392	46	16	68.655777	22
5	1	1	1	32	4	729	398	16	26	21.878227	g
5	1	1	1	32	5	805	409	16	19	69.701271	y
5	1	1	1	32	6	871	416	17	12	65.288254	22
5	1	1	1	32	7	990	431	42	18	13.491440	+e
5	1	1	1	32	8	1057	438	60	17	20.161598	ep
5	1	1	1	32	9	1147	443	12	9	0.000000	&
5	1	1	1	32	10	1194	459	41	6	52.127510	a5.
5	1	1	1	32	11	1265	460	11	11	52.127510	3
5	1	1	1	32	12	1373	466	28	17	0.000000	to
5	1	1	1	32	13	1428	471	75	20	0.000000	Bmes
5	1	1	1	32	14	1552	490	16	9	43.881462	8
5	1	1	1	32	15	1602	492	62	17	60.983307	SEP
5	1	1	1	32	16	1699	502	62	19	21.615807	@a8
5	1	1	1	32	17	1799	516	41	8	33.360909	Pao
5	1	1	1	32	18	1877	516	66	19	31.933609	eS
5	1	1	1	32	19	1931	512	33	35	31.933609	23
5	1	1	1	32	20	1976	523	35	20	35.134048	ug
5	1	1	1	32	21	2092	535	28	16	0.000000	ea
5	1	1	1	32	22	2142	545	41	16	0.000000	ee
5	1	1	1	32	23	2237	557	68	8	0.000000	BRS
5	1	1	1	32	24	2327	559	67	26	0.000000	Be
5	1	1	1	32	25	2377	555	39	41	0.000000	geo
5	1	1	1	32	26	2426	570	66	17	32.265320	tee
4	1	1	1	33	0	377	381	2116	214	-1	
5	1	1	1	33	1	377	381	71	16	63.426975	Rea
5	1	1	1	33	2	510	389	61	15	26.633636	oo
5	1	1	1	33	3	660	410	66	16	30.738762	canes
5	1	1	1	33	4	779	419	34	16	60.706955	ay
5	1	1	1	33	5	846	430	16	6	39.365276	2
5	1	1	1	33	6	919	434	13	11	65.772614	°
5	1	1	1	33	7	1081	448	42	18	79.986069	eg
5	1	1	1	33	8	1147	454	12	21	81.486053	§
5	1	1	1	33	9	1219	466	16	6	10.346443	&
5	1	1	1	33	10	1289	465	18	14	0.000000	g
5	1	1	1	33	11	1428	485	70	19	37.914330	ad
5	1	1	1	33	12	1578	494	11	13	71.990204	5
5	1	1	1	33	13	1652	509	4	4	31.898636	"|
5	1	1	1	33	14	1699	513	135	23	0.000000	grerad
5	1	1	1	33	15	1878	533	84	14	2.101730	2035
5	1	1	1	33	16	2027	541	9	10	22.730339	a
5	1	1	1	33	17	2051	551	15	8	32.591492	~
5	1	1	1	33	18	2091	552	40	12	41.180344	Bt
5	1	1	1	33	19	2177	564	7	7	0.000000	*
5	1	1	1	33	20	2236	563	42	16	11.766243	os.
5	1	1	1	33	21	2401	581	92	14	52.088104	ggor
4	1	1	1	34	0	383	389	2078	218	-1	
5	1	1	1	34	1	383	389	39	13	0.950470	oo
5	1	1	1	34	2	534	400	62	16	24.686394	ae
5	1	1	1	34	3	779	428	15	9	0.000000	S
5	1	1	1	34	4	866	424	16	29	44.656834	aw
5	1	1	1	34	5	1014	450	13	10	59.582809	®
5	1	1	1	34	6	1056	457	61	10	43.739594	62g
5	1	1	1	34	7	1194	466	41	14	68.639534	Qe
5	1	1	1	34	8	1289	479	12	9	78.634811	a
5	1	1	1	34	9	1340	482	15	10	81.752426	&
5	1	1	1	34	10	1428	496	11	10	80.607925	2
5	1	1	1	34	11	1511	493	11	20	56.174236	B
5	1	1	1	34	12	1552	500	86	19	4.115982	BBSE
5	1	1	1	34	13	1748	523	12	13	37.459141	€
5	1	1	1	34	14	1877	538	36	14	0.000000	Bees
5	1	1	1	34	15	1950	544	79	20	0.000000	ase
5	1	1	1	34	16	2091	558	62	13	40.438572	ooo
5	1	1	1	34	17	2211	567	92	21	0.000000	Bsn
5	1	1	1	34	18	2327	576	92	28	47.906193	Rego
5	1	1	1	34	19	2450	595	11	12	82.069382	5
4	1	1	1	35	0	383	398	2103	221	-1	
5	1	1	1	35	1	383	398	60	14	14.781693	gae
5	1	1	1	35	2	510	409	86	20	19.657333	Bees
5	1	1	1	35	3	632	420	118	23	0.000000	Iho.
5	1	1	1	35	4	779	438	12	13	65.333191	&
5	1	1	1	35	5	846	438	11	13	11.661087	a
5	1	1	1	35	6	875	446	61	20	0.000000	BQ”
5	1	1	1	35	7	1056	463	65	15	46.306892	aes
5	1	1	1	35	8	1147	478	12	9	41.582264	=
5	1	1	1	35	9	1193	476	15	10	24.870552	&@
5	1	1	1	35	10	1264	490	37	10	4.570053	eo
5	1	1	1	35	11	1428	502	41	13	15.052017	fo
5	1	1	1	35	12	1552	513	57	15	24.498932	neq
5	1	1	1	35	13	1700	525	35	14	28.621941	ek
5	1	1	1	35	14	1751	533	34	13	36.169132	Eo
5	1	1	1	35	15	1800	533	35	14	78.883591	as
5	1	1	1	35	16	1877	550	84	16	2.455826	S3ak
5	1	1	1	35	17	2050	561	16	7	15.896423	»
5	1	1	1	35	18	2091	565	93	23	36.848114	fee
5	1	1	1	35	19	2236	580	36	12	61.619778	2:2
5	1	1	1	35	20	2326	591	37	14	21.086594	es
5	1	1	1	35	21	2425	592	61	27	29.066681	B50
4	1	1	1	36	0	381	408	2104	226	-1	
5	1	1	1	36	1	381	408	67	15	39.656097	go?
5	1	1	1	36	2	534	426	61	17	15.336418	Bos
5	1	1	1	36	3	660	437	12	7	0.000000	~
5	1	1	1	36	4	708	441	37	12	49.343559	ae
5	1	1	1	36	5	779	451	15	9	48.097343	8
5	1	1	1	36	6	840	452	45	18	34.564751	ae
5	1	1	1	36	7	919	465	17	14	5.189484	e
5	1	1	1	36	8	987	471	40	18	67.996552	+p
5	1	1	1	36	9	1056	475	102	28	41.171341	See
5	1	1	1	36	10	1145	461	20	46	49.546070	8
5	1	1	1	36	11	1193	486	42	17	38.657078	35
5	1	1	1	36	12	1289	501	15	9	72.078033	o
5	1	1	1	36	13	1340	501	49	23	59.331356	Pll
5	1	1	1	36	14	1428	514	100	22	19.050972	Feta
5	1	1	1	36	15	1552	524	115	26	45.193237	siged
5	1	1	1	36	16	1698	535	86	22	0.000000	g2ag
5	1	1	1	36	17	1798	547	36	22	49.223442	es
5	1	1	1	36	18	1901	561	110	25	0.000000	FSEOS
5	1	1	1	36	19	2024	568	37	29	59.072475	a,
5	1	1	1	36	20	2091	571	66	39	64.487381	Bas.
5	1	1	1	36	21	2235	593	68	15	33.364944	Say
5	1	1	1	36	22	2330	603	89	21	4.739960	Fong
5	1	1	1	36	23	2450	620	35	14	6.949036	n§
4	1	1	1	37	0	382	412	2104	236	-1	
5	1	1	1	37	1	382	412	60	32	28.647964	5305
5	1	1	1	37	2	509	431	86	24	28.207481	Roose
5	1	1	1	37	3	657	449	24	6	43.412933	~~
5	1	1	1	37	4	708	451	36	22	35.068863	ea
5	1	1	1	37	5	779	461	12	11	73.096420	@
5	1	1	1	37	6	803	455	17	25	39.351315	2
5	1	1	1	37	7	845	468	86	22	45.630287	were
5	1	1	1	37	8	1014	482	82	24	48.870430	Poo
5	1	1	1	37	9	1146	504	17	8	51.146870	3
5	1	1	1	37	10	1218	505	11	10	62.114365	8
5	1	1	1	37	11	1264	520	36	11	37.666382	ws
5	1	1	1	37	12	1335	505	16	35	0.000000	Fs
5	1	1	1	37	13	1423	529	74	18	59.599457	aos
5	1	1	1	37	14	1510	536	12	11	0.000000	Y
5	1	1	1	37	15	1552	539	84	22	12.265961	BEQS
5	1	1	1	37	16	1652	546	15	13	59.439449	=
5	1	1	1	37	17	1698	550	67	28	51.612759	See
5	1	1	1	37	18	1779	557	55	23	22.266319	sig
5	1	1	1	37	19	1877	565	126	33	2.650803	gsigewt
5	1	1	1	37	20	2048	592	135	22	17.449654	Safe
5	1	1	1	37	21	2211	598	90	27	20.266624	Sey
5	1	1	1	37	22	2351	619	61	17	29.123505	BES
5	1	1	1	37	23	2459	633	27	15	25.850151	<8
4	1	1	1	38	0	405	435	2085	226	-1	
5	1	1	1	38	1	405	435	37	17	85.259964	go
5	1	1	1	38	2	509	444	89	22	46.666126	Bese
5	1	1	1	38	3	629	462	11	11	0.000000	.
5	1	1	1	38	4	733	465	87	28	27.788284	Bogs
5	1	1	1	38	5	849	482	54	21	9.650185	LDS
5	1	1	1	38	6	918	492	12	20	52.364803	8
5	1	1	1	38	7	1055	507	38	13	68.847961	es
5	1	1	1	38	8	1192	516	37	18	10.507957	93
5	1	1	1	38	9	1263	527	43	15	28.483376	FQ
5	1	1	1	38	10	1339	537	12	9	0.000000	eB
5	1	1	1	38	11	1457	541	65	17	59.791428	Bee
5	1	1	1	38	12	1576	551	86	24	15.213921	SB8a
5	1	1	1	38	13	1699	569	85	23	33.743675	FETS
5	1	1	1	38	14	1799	576	35	16	51.388069	ad
5	1	1	1	38	15	1876	583	89	26	0.000000	Zeeo
5	1	1	1	38	16	1999	597	36	18	0.000000	48
5	1	1	1	38	17	2115	606	66	24	58.882771	256
5	1	1	1	38	18	2211	624	17	5	61.375431	8
5	1	1	1	38	19	2255	625	48	11	54.900108	Gt
5	1	1	1	38	20	2326	624	86	23	0.000000	Shes
5	1	1	1	38	21	2424	628	66	33	0.000000	sre
4	1	1	1	39	0	381	449	2109	226	-1	
5	1	1	1	39	1	381	449	64	20	34.086456	236
5	1	1	1	39	2	509	464	85	24	40.470520	Bese
5	1	1	1	39	3	626	475	52	14	0.000000	@c
5	1	1	1	39	4	708	474	11	20	91.862900	§
5	1	1	1	39	5	778	489	42	17	0.883858	eo
5	1	1	1	39	6	844	495	62	19	32.853882	ADs
5	1	1	1	39	7	1002	507	24	18	49.606926	2
5	1	1	1	39	8	1051	517	21	17	36.823811	&
5	1	1	1	39	9	1192	531	37	14	23.010521	=o
5	1	1	1	39	10	1427	550	99	26	61.985634	3983
5	1	1	1	39	11	1551	558	116	35	0.000000	Peas
5	1	1	1	39	12	1698	577	37	18	49.805290	<0
5	1	1	1	39	13	1798	587	36	19	57.764183	aS
5	1	1	1	39	14	1877	602	60	13	78.399414	388
5	1	1	1	39	15	1973	606	88	26	51.449261	SEES
5	1	1	1	39	16	2090	616	36	18	47.204704	2
5	1	1	1	39	17	2175	633	8	9	91.342758	*
5	1	1	1	39	18	2211	632	91	21	8.083878	Esa
5	1	1	1	39	19	2326	640	91	35	0.000000	SFe¢a
5	1	1	1	39	20	2467	653	23	18	16.555054	5
4	1	1	1	40	0	381	449	2104	231	-1	
5	1	1	1	40	1	381	449	20	31	21.098221	et
5	1	1	1	40	2	558	478	11	14	84.521088	5
5	1	1	1	40	3	629	485	3	13	42.823559	1
5	1	1	1	40	4	732	496	17	8	18.343781	o
5	1	1	1	40	5	844	505	62	13	14.155891	¢Qa
5	1	1	1	40	6	989	520	12	16	0.000000	&
5	1	1	1	40	7	1079	528	37	14	49.107670	Ta
5	1	1	1	40	8	1143	537	18	18	73.260315	4
5	1	1	1	40	9	1217	543	15	9	90.639351	+
5	1	1	1	40	10	1263	546	12	12	46.623535	©
5	1	1	1	40	11	1427	562	41	16	34.396965	7
5	1	1	1	40	12	1457	558	12	34	39.544495	oO
5	1	1	1	40	13	1509	577	12	11	61.525188	48
5	1	1	1	40	14	1575	572	37	31	0.000000	<¢f
5	1	1	1	40	15	1697	591	13	11	8.490662	eo
5	1	1	1	40	16	1748	594	91	22	0.000000	UEAas
5	1	1	1	40	17	1925	615	61	14	47.716831	Peo
5	1	1	1	40	18	2023	632	17	5	21.047409	Pe
5	1	1	1	40	19	2090	630	36	13	42.351883	aH
5	1	1	1	40	20	2140	637	12	12	56.649914	6
5	1	1	1	40	21	2210	638	17	13	88.525940	a
5	1	1	1	40	22	2326	654	36	13	42.558983	OR
5	1	1	1	40	23	2400	660	36	17	29.078438	SOE
5	1	1	1	40	24	2473	669	12	11	34.193100	ES
4	1	1	1	41	0	381	470	2084	218	-1	
5	1	1	1	41	1	381	470	66	14	14.959953	ear
5	1	1	1	41	2	534	481	60	21	34.067642	BeOS
5	1	1	1	41	3	626	502	11	7	62.251419	|
5	1	1	1	41	4	704	497	43	17	38.914181	Sa
5	1	1	1	41	5	778	506	42	14	38.319359	go
5	1	1	1	41	6	844	516	36	10	32.066757	oo
5	1	1	1	41	7	896	514	33	20	47.026905	oF
5	1	1	1	41	8	1013	528	12	12	11.420174	3
5	1	1	1	41	9	1055	534	61	20	68.911850	354
5	1	1	1	41	10	1192	547	37	17	55.898975	ro
5	1	1	1	41	11	1281	549	23	37	9.930878	ty
5	1	1	1	41	12	1435	577	65	14	38.584866	eat
5	1	1	1	41	13	1547	587	114	22	14.282242	yagau
5	1	1	1	41	14	1748	604	11	7	14.155579	=
5	1	1	1	41	15	1901	616	84	27	7.344673	2aS§
5	1	1	1	41	16	2001	628	59	16	21.991005	023
5	1	1	1	41	17	2089	642	93	18	0.000000	toc
5	1	1	1	41	18	2234	652	68	21	69.589890	SEL
5	1	1	1	41	19	2323	648	36	36	35.997658	ob
5	1	1	1	41	20	2375	662	12	18	59.468712	g
5	1	1	1	41	21	2423	673	42	15	52.763252	ey
4	1	1	1	42	0	381	471	2109	235	-1	
5	1	1	1	42	1	381	471	60	32	0.000000	e308
5	1	1	1	42	2	508	485	91	31	23.502808	Bass
5	1	1	1	42	3	662	506	16	18	52.554199	©
5	1	1	1	42	4	701	513	42	17	15.792152	22
5	1	1	1	42	5	778	520	36	11	47.594036	BS
5	1	1	1	42	6	840	527	40	17	34.379868	Oo
5	1	1	1	42	7	904	532	25	15	37.075508	#5
5	1	1	1	42	8	1014	540	17	11	41.663101	>
5	1	1	1	42	9	1058	550	58	14	38.451546	228
5	1	1	1	42	10	1192	560	12	11	54.782921	®
5	1	1	1	42	11	1259	556	6	36	21.932091	F
5	1	1	1	42	12	1456	587	65	16	64.058205	ers
5	1	1	1	42	13	1551	601	11	9	16.976700	=
5	1	1	1	42	14	1649	604	15	19	23.388451	g
5	1	1	1	42	15	1697	607	65	28	0.000000	BOF
5	1	1	1	42	16	1774	617	60	18	0.000000	eas
5	1	1	1	42	17	1876	625	12	13	5.283508	—
5	1	1	1	42	18	1901	631	41	16	68.848511	So
5	1	1	1	42	19	2023	645	37	17	27.651703	en
5	1	1	1	42	20	2210	662	14	12	69.856384	g
5	1	1	1	42	21	2236	668	10	8	69.856384	&
5	1	1	1	42	22	2260	666	11	18	69.978378	2
5	1	1	1	42	23	2322	675	114	20	0.000000	eaoag
5	1	1	1	42	24	2448	688	42	18	0.000000	ge
4	1	1	1	43	0	381	492	2108	230	-1	
5	1	1	1	43	1	381	492	60	21	40.503838	ase
5	1	1	1	43	2	532	510	62	20	52.939411	aes
5	1	1	1	43	3	658	526	85	21	52.945702	“Re
5	1	1	1	43	4	802	541	12	9	26.238869	We
5	1	1	1	43	5	868	546	43	12	0.000000	oa%
5	1	1	1	43	6	985	548	40	24	87.633904	Zo
5	1	1	1	43	7	1054	561	61	18	34.202934	R28
5	1	1	1	43	8	1191	572	38	27	47.473732	a2
5	1	1	1	43	9	1287	595	4	4	16.204453	BY
5	1	1	1	43	10	1426	592	70	20	15.629395	gw
5	1	1	1	43	11	1483	588	39	46	15.629395	ee
5	1	1	1	43	12	1551	611	86	19	56.265739	Bako
5	1	1	1	43	13	1697	621	141	30	34.213875	gSrgtes
5	1	1	1	43	14	1876	642	40	16	0.000000	EY
5	1	1	1	43	15	1925	648	108	25	0.000000	SsoN@
5	1	1	1	43	16	2048	634	16	46	46.583973	oe
5	1	1	1	43	17	2114	653	66	33	42.256447	Bee
5	1	1	1	43	18	2209	673	67	24	34.232117	£85
5	1	1	1	43	19	2325	686	12	11	0.000000	€
5	1	1	1	43	20	2400	700	89	22	45.511265	988
4	1	1	1	44	0	381	505	2078	225	-1	
5	1	1	1	44	1	381	505	60	21	34.347214	BS3
5	1	1	1	44	2	507	515	86	29	38.358223	£438
5	1	1	1	44	3	623	522	20	37	50.562622	Cc
5	1	1	1	44	4	706	544	12	10	0.000000	e
5	1	1	1	44	5	802	552	12	9	53.625683	&
5	1	1	1	44	6	844	550	90	25	51.975174	Bene
5	1	1	1	44	7	1012	570	18	20	0.000000	SF
5	1	1	1	44	8	1079	580	78	15	42.759720	ano
5	1	1	1	44	9	1204	596	24	13	46.477486	wo
5	1	1	1	44	10	1262	589	13	32	23.105919	OG
5	1	1	1	44	11	1341	599	20	13	0.000000	“m
5	1	1	1	44	12	1425	612	15	17	43.503590	D
5	1	1	1	44	13	1456	620	39	9	28.285126	eo
5	1	1	1	44	14	1550	618	110	37	0.000000	BSicrs
5	1	1	1	44	15	1697	632	140	39	0.000000	egssaag
5	1	1	1	44	16	1876	650	35	25	66.343445	re
5	1	1	1	44	17	1924	646	17	39	41.528950	gs
5	1	1	1	44	18	1972	667	13	10	51.154743	®
5	1	1	1	44	19	1998	663	61	26	0.000000	AS
5	1	1	1	44	20	2089	675	61	22	62.685272	nse
5	1	1	1	44	21	2234	689	66	23	16.801262	Lar
5	1	1	1	44	22	2325	700	66	28	58.997467	S38"
5	1	1	1	44	23	2423	706	36	24	19.264328	O89
4	1	1	1	45	0	380	525	2110	226	-1	
5	1	1	1	45	1	380	525	60	15	46.182537	@35
5	1	1	1	45	2	508	529	36	25	75.908539	Bo
5	1	1	1	45	3	594	555	4	4	70.739456	.
5	1	1	1	45	4	661	553	87	16	68.079910	woe
5	1	1	1	45	5	774	553	43	19	46.124157	+3
5	1	1	1	45	6	843	572	12	9	43.155190	8
5	1	1	1	45	7	892	577	37	13	48.502937	go
5	1	1	1	45	8	988	574	36	26	80.935654	ge
5	1	1	1	45	9	1054	584	66	22	61.367611	342
5	1	1	1	45	10	1145	595	12	12	91.156883	8
5	1	1	1	45	11	1191	601	12	15	0.000000	&
5	1	1	1	45	12	1275	600	34	32	32.794235	on
5	1	1	1	45	13	1426	626	69	22	44.208637	BAS
5	1	1	1	45	14	1507	634	13	21	45.105076	p
5	1	1	1	45	15	1550	635	115	29	0.000000	SRSSE
5	1	1	1	45	16	1697	650	86	23	13.328323	Bowe
5	1	1	1	45	17	1798	662	39	21	24.439133	EN
5	1	1	1	45	18	1875	674	85	15	50.795254	2885
5	1	1	1	45	19	1980	679	78	28	16.172707	2009
5	1	1	1	45	20	2089	686	96	34	1.863678	Ma's».
5	1	1	1	45	21	2209	706	85	20	0.000000	ees
5	1	1	1	45	22	2393	722	25	16	37.965729	Fo
5	1	1	1	45	23	2447	724	43	27	50.132820	P,Q
4	1	1	1	46	0	380	538	2030	215	-1	
5	1	1	1	46	1	380	538	64	13	0.000000	gs3
5	1	1	1	46	2	507	543	18	13	53.847233	SS
5	1	1	1	46	3	556	550	37	23	61.641262	ts
5	1	1	1	46	4	660	560	65	14	0.000000	Bom
5	1	1	1	46	5	801	582	13	11	47.792896	2
5	1	1	1	46	6	843	581	61	23	2.582367	£e8
5	1	1	1	46	7	988	598	41	18	20.461853	$s
5	1	1	1	46	8	1054	607	60	19	0.000000	us
5	1	1	1	46	9	1144	608	12	14	46.730568	8
5	1	1	1	46	10	1191	611	40	30	38.041351	oF
5	1	1	1	46	11	1262	623	41	19	50.403137	53
5	1	1	1	46	12	1340	632	8	18	56.514618	|
5	1	1	1	46	13	1435	649	7	4	59.962189	ty
5	1	1	1	46	14	1483	645	11	20	72.767921	35
5	1	1	1	46	15	1546	646	119	25	0.000000	SBOee
5	1	1	1	46	16	1691	662	146	42	24.137802	weeeona
5	1	1	1	46	17	1874	685	110	23	0.000000	ZS5y
5	1	1	1	46	18	2021	702	13	12	12.202026	O's
5	1	1	1	46	19	2088	707	62	20	7.983566	Qo8
5	1	1	1	46	20	2163	719	11	12	39.744675	8
5	1	1	1	46	21	2218	722	75	19	0.000000	7RAS
5	1	1	1	46	22	2320	727	90	26	42.409180	PURE
4	1	1	1	47	0	379	550	2107	214	-1	
5	1	1	1	47	1	379	550	61	18	51.094227	ao
5	1	1	1	47	2	507	555	66	25	29.253098	ga
5	1	1	1	47	3	626	578	18	7	24.165398	~~
5	1	1	1	47	4	660	580	17	5	47.413551	om
5	1	1	1	47	5	706	580	36	12	10.404587	Lo
5	1	1	1	47	6	797	594	16	14	49.848022	a2
5	1	1	1	47	7	843	592	90	23	34.113319	oda
5	1	1	1	47	8	988	610	11	12	87.854904	5
5	1	1	1	47	9	1098	609	17	28	30.405266	rs
5	1	1	1	47	10	1187	630	45	18	32.719337	wd
5	1	1	1	47	11	1287	642	16	12	87.805008	>
5	1	1	1	47	12	1435	651	32	12	22.779739	sp
5	1	1	1	47	13	1507	665	17	13	52.217606	a2
5	1	1	1	47	14	1549	670	91	17	46.475388	aly
5	1	1	1	47	15	1624	657	18	34	38.569878	3
5	1	1	1	47	16	1697	679	4	5	46.662605	.
5	1	1	1	47	17	1745	687	37	13	62.233612	on
5	1	1	1	47	18	1829	703	8	4	26.483925	2.
5	1	1	1	47	19	1875	697	41	19	27.518150	Se
5	1	1	1	47	20	1947	701	86	29	0.000000	gSaog
5	1	1	1	47	21	2049	717	12	9	7.421280	y
5	1	1	1	47	22	2138	725	36	17	59.558655	Ze
5	1	1	1	47	23	2209	730	84	20	0.000000	eka
5	1	1	1	47	24	2374	752	112	12	11.706512	moti
4	1	1	1	48	0	429	563	2054	216	-1	
5	1	1	1	48	1	429	563	11	12	67.980316	3
5	1	1	1	48	2	507	569	89	22	0.000000	oan
5	1	1	1	48	3	660	587	58	12	22.174973	SR
5	1	1	1	48	4	763	593	25	16	48.079735	og
5	1	1	1	48	5	842	604	61	15	23.448349	o5%
5	1	1	1	48	6	1008	616	16	18	77.808846	S
5	1	1	1	48	7	1053	618	108	25	80.644226	328
5	1	1	1	48	8	1142	612	23	37	25.638573	5
5	1	1	1	48	9	1216	643	57	13	23.465256	SB
5	1	1	1	48	10	1438	664	28	13	0.000000	5
5	1	1	1	48	11	1483	653	19	34	33.262741	oF
5	1	1	1	48	12	1575	681	90	14	16.515839	Eo
5	1	1	1	48	13	1721	685	62	22	63.730827	Bog
5	1	1	1	48	14	1874	711	61	19	42.851521	we
5	1	1	1	48	15	2021	724	42	17	45.049660	SS
5	1	1	1	48	16	2108	728	46	13	64.351425	gs.
5	1	1	1	48	17	2209	749	60	10	32.621506	eres
5	1	1	1	48	18	2323	747	87	27	0.000000	eho
5	1	1	1	48	19	2425	762	58	17	0.000000	Ras
4	1	1	1	49	0	387	570	2026	214	-1	
5	1	1	1	49	1	387	570	53	17	26.959923	453
5	1	1	1	49	2	531	577	66	28	49.057114	Bes
5	1	1	1	49	3	660	601	12	10	76.242172	5
5	1	1	1	49	4	776	598	36	33	36.529232	a's
5	1	1	1	49	5	867	619	35	13	56.961651	20
5	1	1	1	49	6	916	617	17	19	31.160675	©,
5	1	1	1	49	7	1053	639	61	14	29.682793	Sea
5	1	1	1	49	8	1144	645	11	9	52.420151	2
5	1	1	1	49	9	1190	645	42	24	50.410427	Qp
5	1	1	1	49	10	1262	655	35	12	2.037064	&2
5	1	1	1	49	11	1333	653	24	33	60.753105	wD
5	1	1	1	49	12	1425	671	94	21	0.000000	Rao
5	1	1	1	49	13	1550	689	16	5	30.214737	2
5	1	1	1	49	14	1598	689	62	24	58.774353	330
5	1	1	1	49	15	1745	701	87	27	54.042595	S307
5	1	1	1	49	16	1874	719	36	12	48.979187	ws
5	1	1	1	49	17	1936	721	22	16	20.374992	2a
5	1	1	1	49	18	1973	719	35	25	30.265129	BP
5	1	1	1	49	19	2108	742	66	13	15.592300	Coa
5	1	1	1	49	20	2233	747	34	26	45.920708	FB
5	1	1	1	49	21	2282	763	11	11	12.119263	6
5	1	1	1	49	22	2348	769	65	15	29.813629	pos
4	1	1	1	50	0	387	579	2096	220	-1	
5	1	1	1	50	1	387	579	53	19	49.414421	#28
5	1	1	1	50	2	506	588	36	22	53.426193	Ob
5	1	1	1	50	3	555	601	13	9	54.038071	a
5	1	1	1	50	4	621	605	51	19	55.620567	eo
5	1	1	1	50	5	705	610	42	14	94.702080	an
5	1	1	1	50	6	776	620	37	14	65.946396	ge
5	1	1	1	50	7	842	621	42	18	53.086685	ak
5	1	1	1	50	8	987	635	41	20	55.824936	B=
5	1	1	1	50	9	1053	652	36	14	43.546074	oy
5	1	1	1	50	10	1186	654	21	30	52.233833	ma
5	1	1	1	50	11	1261	669	37	14	39.926373	oF
5	1	1	1	50	12	1483	690	41	14	34.248817	=o
5	1	1	1	50	13	1549	696	11	12	81.254982	5
5	1	1	1	50	14	1721	713	35	15	28.624176	NBS
5	1	1	1	50	15	1795	718	41	18	0.000000	pL.
5	1	1	1	50	16	1924	731	134	28	18.310654	ESesib
5	1	1	1	50	17	2093	742	56	27	30.682076	I3s
5	1	1	1	50	18	2209	756	63	26	3.283707	aoe
5	1	1	1	50	19	2324	768	17	19	32.991951	z
5	1	1	1	50	20	2374	781	59	18	25.826866	BEE
5	1	1	1	50	21	2447	780	36	19	25.826866	Bo
4	1	1	1	51	0	402	591	2085	222	-1	
5	1	1	1	51	1	402	591	12	13	95.475555	3
5	1	1	1	51	2	555	605	40	22	52.418320	ef
5	1	1	1	51	3	626	613	16	9	34.668381	=
5	1	1	1	51	4	704	625	38	11	68.019485	$8
5	1	1	1	51	5	776	632	41	8	20.012329	¢"
5	1	1	1	51	6	842	633	85	23	0.000000	248
5	1	1	1	51	7	1011	652	15	9	34.446632	*
5	1	1	1	51	8	1053	663	66	12	35.963135	§8a
5	1	1	1	51	9	1141	662	20	12	57.376335	a
5	1	1	1	51	10	1190	677	42	12	66.081741	Om
5	1	1	1	51	11	1262	684	40	9	34.295151	2
5	1	1	1	51	12	1328	683	30	16	51.282379	wy
5	1	1	1	51	13	1424	696	94	23	39.474403	Sook
5	1	1	1	51	14	1548	709	16	9	49.056450	&
5	1	1	1	51	15	1598	710	65	14	0.000000	§8S
5	1	1	1	51	16	1729	728	28	9	38.151741	ae
5	1	1	1	51	17	1819	736	11	12	78.241791	B
5	1	1	1	51	18	1874	738	89	20	3.013458	sks
5	1	1	1	51	19	1996	755	65	15	35.667297	RPS
5	1	1	1	51	20	2112	766	65	13	40.605240	£228
5	1	1	1	51	21	2207	769	86	24	0.000000	S8E8
5	1	1	1	51	22	2323	781	42	16	80.174751	ER
5	1	1	1	51	23	2397	792	61	17	34.471123	Raa
5	1	1	1	51	24	2470	800	17	13	17.629631	0
4	1	1	1	52	0	378	598	2108	225	-1	
5	1	1	1	52	1	378	598	66	47	48.132408	Bory
5	1	1	1	52	2	506	608	61	35	8.608162	bes
5	1	1	1	52	3	626	624	45	24	38.374462	ge
5	1	1	1	52	4	705	636	37	14	57.570969	Bo
5	1	1	1	52	5	776	642	40	17	37.209087	2s
5	1	1	1	52	6	841	651	91	21	0.000000	Soe
5	1	1	1	52	7	986	668	42	12	90.326340	of
5	1	1	1	52	8	1077	668	37	16	59.387623	338
5	1	1	1	52	9	1143	674	12	23	40.038582	$
5	1	1	1	52	10	1189	688	37	15	0.000000	3e
5	1	1	1	52	11	1260	691	40	13	44.454453	Fs
5	1	1	1	52	12	1425	709	93	22	0.000000	ABs
5	1	1	1	52	13	1549	720	11	9	28.043434	2
5	1	1	1	52	14	1598	721	61	26	84.460281	Sas
5	1	1	1	52	15	1720	737	42	17	4.151779	2A
5	1	1	1	52	16	1771	738	60	23	4.151779	O48
5	1	1	1	52	17	1874	753	188	32	0.000000	Sseeeasr
5	1	1	1	52	18	2112	774	66	14	0.000000	18s
5	1	1	1	52	19	2208	787	85	16	31.311661	Sys
5	1	1	1	52	20	2321	783	39	44	4.577927	oP
5	1	1	1	52	21	2373	796	35	24	4.577927	he
5	1	1	1	52	22	2430	805	56	18	34.382462	8s
4	1	1	1	53	0	378	615	2109	227	-1	
5	1	1	1	53	1	378	615	61	22	37.719425	ate
5	1	1	1	53	2	531	632	65	21	55.087936	ase
5	1	1	1	53	3	626	638	12	10	69.782852	@
5	1	1	1	53	4	660	650	16	6	41.815891	2
5	1	1	1	53	5	705	647	41	18	40.729237	Bg
5	1	1	1	53	6	776	657	36	20	58.399918	BO
5	1	1	1	53	7	842	664	85	20	0.000000	5Sa
5	1	1	1	53	8	912	653	18	35	32.629936	se
5	1	1	1	53	9	1010	679	13	9	84.899689	2
5	1	1	1	53	10	1052	680	67	20	63.108566	git
5	1	1	1	53	11	1189	702	36	13	61.985321	25
5	1	1	1	53	12	1261	703	41	20	0.000000	9F
5	1	1	1	53	13	1424	723	46	12	33.989861	Se
5	1	1	1	53	14	1506	732	17	13	62.342533	ra
5	1	1	1	53	15	1548	730	13	11	9.281250	S
5	1	1	1	53	16	1598	738	61	17	11.706497	oko
5	1	1	1	53	17	1720	752	111	21	0.000000	HSBu8
5	1	1	1	53	18	1873	767	84	18	49.914986	Sees
5	1	1	1	53	19	2020	781	41	17	47.986610	on
5	1	1	1	53	20	2087	785	86	23	0.000000	gga
5	1	1	1	53	21	2203	801	16	13	22.445587	g
5	1	1	1	53	22	2256	802	37	18	52.984867	+o
5	1	1	1	53	23	2323	807	36	21	37.679352	2
5	1	1	1	53	24	2421	819	66	23	41.500786	dee
4	1	1	1	54	0	378	631	2104	226	-1	
5	1	1	1	54	1	378	631	60	17	41.357174	ne
5	1	1	1	54	2	514	645	53	15	8.954575	7S
5	1	1	1	54	3	626	649	48	27	45.401207	oe
5	1	1	1	54	4	704	665	37	12	24.485336	3
5	1	1	1	54	5	775	678	12	9	30.346771	5
5	1	1	1	54	6	841	679	68	19	10.056923	aes
5	1	1	1	54	7	987	691	39	17	73.272621	Se
5	1	1	1	54	8	1048	694	65	21	42.131916	SRS
5	1	1	1	54	9	1143	698	11	21	35.651787	J
5	1	1	1	54	10	1189	714	37	12	5.488022	a
5	1	1	1	54	11	1260	720	37	14	50.901375	Re
5	1	1	1	54	12	1449	736	49	13	20.343201	Som
5	1	1	1	54	13	1548	743	17	12	3.500443	BG
5	1	1	1	54	14	1598	750	66	20	27.338402	mee
5	1	1	1	54	15	1720	764	110	23	32.869576	Beane
5	1	1	1	54	16	1877	777	80	23	2.853683	CSRs
5	1	1	1	54	17	1995	779	67	32	55.938988	EST
5	1	1	1	54	18	2088	795	35	21	33.282249	TO
5	1	1	1	54	19	2207	812	64	23	0.000000	AOS
5	1	1	1	54	20	2280	815	17	18	0.000000	e
5	1	1	1	54	21	2323	826	59	17	34.488205	ENS
5	1	1	1	54	22	2399	829	83	28	19.463493	2758
4	1	1	1	55	0	378	645	2078	221	-1	
5	1	1	1	55	1	378	645	65	29	43.360859	848
5	1	1	1	55	2	505	653	13	9	17.770233	OS
5	1	1	1	55	3	555	662	36	14	37.735474	on
5	1	1	1	55	4	625	671	46	16	50.579865	So
5	1	1	1	55	5	704	678	36	13	28.550247	8&3
5	1	1	1	55	6	774	683	42	23	76.947693	ag
5	1	1	1	55	7	840	693	93	22	51.164078	Sour
5	1	1	1	55	8	986	700	36	22	62.832527	$3
5	1	1	1	55	9	1051	713	62	16	52.285770	mee
5	1	1	1	55	10	1143	721	11	11	74.465218	§
5	1	1	1	55	11	1200	727	30	16	0.000000	"2
5	1	1	1	55	12	1260	736	37	15	63.251537	$y
5	1	1	1	55	13	1423	745	47	20	38.939461	eu.
5	1	1	1	55	14	1507	758	52	22	53.452759	y
5	1	1	1	55	15	1549	754	19	35	16.058060	§&
5	1	1	1	55	16	1597	766	61	19	39.969822	#68
5	1	1	1	55	17	1719	777	61	27	23.458839	BAP
5	1	1	1	55	18	1793	788	42	16	23.458839	SB
5	1	1	1	55	19	1873	796	61	19	21.969208	Soa"
5	1	1	1	55	20	1971	804	11	9	18.790504	sR
5	1	1	1	55	21	2044	808	13	9	40.372139	2
5	1	1	1	55	22	2086	809	86	25	0.000000	E&s08
5	1	1	1	55	23	2207	826	12	10	65.152351	8
5	1	1	1	55	24	2249	834	47	14	40.440296	5S
5	1	1	1	55	25	2323	839	17	6	27.800735	BS
5	1	1	1	55	26	2347	839	62	21	13.714188	yfs
5	1	1	1	55	27	2441	855	15	11	7.357933	°8
4	1	1	1	56	0	378	657	2107	221	-1	
5	1	1	1	56	1	378	657	11	11	46.631374	3
5	1	1	1	56	2	505	669	85	21	0.000000	gO8e
5	1	1	1	56	3	621	684	49	18	0.000000	¢8
5	1	1	1	56	4	841	706	90	16	0.000000	BmnE
5	1	1	1	56	5	1010	721	12	10	26.210724	$
5	1	1	1	56	6	1076	725	41	13	29.009758	¢ao
5	1	1	1	56	7	1142	733	83	23	64.096191	Soo
5	1	1	1	56	8	1259	748	37	16	66.915588	88
5	1	1	1	56	9	1424	754	49	37	31.060822	aad
5	1	1	1	56	10	1547	771	13	10	91.153160	8
5	1	1	1	56	11	1597	776	60	24	23.845383	Fg
5	1	1	1	56	12	1718	788	112	26	15.408173	e738
5	1	1	1	56	13	1872	808	12	11	85.686905	8
5	1	1	1	56	14	1935	811	26	15	0.000000	re
5	1	1	1	56	15	1974	807	88	35	0.000000	Powe,
5	1	1	1	56	16	2136	832	36	23	81.182724	BS
5	1	1	1	56	17	2207	836	85	21	0.000000	gehe
5	1	1	1	56	18	2371	853	114	25	0.000000	Sams
4	1	1	1	57	0	377	659	2109	237	-1	
5	1	1	1	57	1	377	659	42	33	24.472145	Dae
5	1	1	1	57	2	505	685	86	19	0.000000	260§
5	1	1	1	57	3	658	702	15	9	46.050758	&
5	1	1	1	57	4	704	701	28	13	0.000000	£1
5	1	1	1	57	5	774	707	37	21	24.449898	a2
5	1	1	1	57	6	840	721	12	9	87.264397	5
5	1	1	1	57	7	915	712	16	33	21.739777	Ei
5	1	1	1	57	8	986	724	41	21	62.435009	Be
5	1	1	1	57	9	1051	730	44	14	26.485123	es
5	1	1	1	57	10	1138	748	16	12	52.828743	=
5	1	1	1	57	11	1188	750	37	20	53.353569	2g
5	1	1	1	57	12	1419	772	95	20	0.000000	Sara
5	1	1	1	57	13	1547	783	12	9	36.310341	Bo
5	1	1	1	57	14	1597	790	12	10	72.887703	F
5	1	1	1	57	15	1719	800	11	9	1.827965	gg,
5	1	1	1	57	16	1768	805	65	21	1.827965	58%
5	1	1	1	57	17	1872	816	84	23	0.000000	22a8
5	1	1	1	57	18	1994	829	62	26	42.742508	SSH
5	1	1	1	57	19	2086	840	67	19	47.799461	ork
5	1	1	1	57	20	2207	847	14	20	6.744469	&
5	1	1	1	57	21	2323	861	61	26	45.550262	“OB
5	1	1	1	57	22	2397	870	59	18	6.529587	aso
5	1	1	1	57	23	2468	857	18	39	29.615692	st
4	1	1	1	58	0	377	676	2104	231	-1	
5	1	1	1	58	1	377	676	61	24	24.535324	seg
5	1	1	1	58	2	504	695	86	20	0.000000	SSa47
5	1	1	1	58	3	625	707	12	10	50.920822	9
5	1	1	1	58	4	657	720	16	9	0.000000	&
5	1	1	1	58	5	699	713	46	22	73.191742	Sa
5	1	1	1	58	6	799	728	11	10	68.435677	Be
5	1	1	1	58	7	840	729	91	24	16.282539	gsle
5	1	1	1	58	8	985	744	36	18	42.277725	Bs
5	1	1	1	58	9	1047	743	66	27	57.308205	Soe
5	1	1	1	58	10	1183	761	24	7	22.500618	35
5	1	1	1	58	11	1259	766	41	24	53.078190	(Se
5	1	1	1	58	12	1452	794	17	13	41.099007	=
5	1	1	1	58	13	1547	795	17	12	0.000000	e
5	1	1	1	58	14	1621	806	39	12	40.369152	ete
5	1	1	1	58	15	1718	810	112	29	48.346497	glags
5	1	1	1	58	16	1872	833	40	11	28.403870	Bo
5	1	1	1	58	17	1945	836	110	33	0.000000	s$ge8
5	1	1	1	58	18	2086	854	85	23	34.945747	Bee?
5	1	1	1	58	19	2207	865	89	23	25.198914	Betty
5	1	1	1	58	20	2371	883	37	12	32.689835	a2
5	1	1	1	58	21	2425	884	56	23	9.715302	de
4	1	1	1	59	0	377	700	2084	227	-1	
5	1	1	1	59	1	377	700	56	14	41.698349	Bp"
5	1	1	1	59	2	504	707	86	32	0.000000	§e38
5	1	1	1	59	3	624	718	50	25	72.579407	2¢
5	1	1	1	59	4	703	735	40	10	56.477848	32
5	1	1	1	59	5	774	728	36	31	31.674713	ag
5	1	1	1	59	6	840	742	34	12	78.028198	aé
5	1	1	1	59	7	1009	761	17	16	40.725254	BS
5	1	1	1	59	8	1051	771	11	10	27.683105	Sa
5	1	1	1	59	9	1101	769	52	13	41.310905	Boy
5	1	1	1	59	10	1187	779	38	25	85.831093	49
5	1	1	1	59	11	1283	792	13	11	0.000000	o
5	1	1	1	59	12	1423	802	41	16	53.060856	BO
5	1	1	1	59	13	1489	807	75	21	52.755276	opm
5	1	1	1	59	14	1596	810	66	23	0.000000	go
5	1	1	1	59	15	1718	831	12	9	67.133781	®
5	1	1	1	59	16	1781	837	48	16	0.000000	5G
5	1	1	1	59	17	1819	832	17	39	0.000000	R
5	1	1	1	59	18	1872	843	67	24	33.580345	Sia
5	1	1	1	59	19	1969	850	62	19	60.403549	Bae
5	1	1	1	59	20	2085	868	92	28	42.459900	Rasy
5	1	1	1	59	21	2206	877	84	22	31.040787	Sars
5	1	1	1	59	22	2346	889	42	14	13.558723	Bp
5	1	1	1	59	23	2419	903	11	15	15.959717	S
5	1	1	1	59	24	2443	885	18	42	0.000000	wy
4	1	1	1	60	0	396	710	2084	218	-1	
5	1	1	1	60	1	396	710	46	17	31.452049	38
5	1	1	1	60	2	504	721	89	28	44.238476	pees
5	1	1	1	60	3	624	731	12	12	49.816990	2
5	1	1	1	60	4	657	745	13	10	40.866119	F
5	1	1	1	60	5	703	746	17	12	0.000000	os
5	1	1	1	60	6	840	752	11	23	84.592316	§
5	1	1	1	60	7	913	764	13	9	43.773952	Wg
5	1	1	1	60	8	984	774	37	17	65.658333	ge
5	1	1	1	60	9	1075	775	37	15	39.301125	aks
5	1	1	1	60	10	1141	784	12	22	0.757278	sy
5	1	1	1	60	11	1188	798	17	5	0.000000	2
5	1	1	1	60	12	1258	805	12	10	7.075729	e
5	1	1	1	60	13	1284	804	11	19	71.537735	§
5	1	1	1	60	14	1422	824	62	10	25.586014	om
5	1	1	1	60	15	1547	824	113	30	0.000000	yee
5	1	1	1	60	16	1645	820	18	41	0.000000	8
5	1	1	1	60	17	1717	842	112	22	0.000000	perse
5	1	1	1	60	18	1871	854	12	24	78.561768	§
5	1	1	1	60	19	1921	859	135	32	18.543854	ae
5	1	1	1	60	20	2085	880	62	23	0.000000	p2ee
5	1	1	1	60	21	2207	889	89	27	0.000000	BEES
5	1	1	1	60	22	2346	902	92	25	27.258995	BERS
5	1	1	1	60	23	2469	915	11	13	29.240524	Us
4	1	1	1	61	0	371	725	2109	226	-1	
5	1	1	1	61	1	371	725	71	21	30.327782	Se
5	1	1	1	61	2	491	721	24	44	22.775665	OB
5	1	1	1	61	3	528	741	61	20	0.000000	@ES
5	1	1	1	61	4	623	745	46	24	55.297047	BE
5	1	1	1	61	5	702	756	42	16	58.763294	Se
5	1	1	1	61	6	773	760	40	24	36.693222	of
5	1	1	1	61	7	839	775	87	21	31.374329	gATER
5	1	1	1	61	8	985	785	41	19	91.346870	FE
5	1	1	1	61	9	1050	783	61	28	45.001186	aes
5	1	1	1	61	10	1141	807	12	12	7.552193	¢
5	1	1	1	61	11	1188	805	36	21	83.022690	Eg
5	1	1	1	61	12	1282	825	13	9	34.562637	°3
5	1	1	1	61	13	1422	835	98	13	0.000000	PRs
5	1	1	1	61	14	1546	846	18	13	31.392334	wm
5	1	1	1	61	15	1595	849	42	13	17.858444	8B
5	1	1	1	61	16	1717	856	111	19	2.959679	BEaek
5	1	1	1	61	17	1871	873	61	22	0.000000	Seu
5	1	1	1	61	18	1947	879	112	29	0.000000	FF548
5	1	1	1	61	19	2085	899	12	12	0.000000	@
5	1	1	1	61	20	2160	898	10	23	47.462181	8
5	1	1	1	61	21	2205	909	85	24	59.132629	gags
5	1	1	1	61	22	2346	917	64	24	43.818161	Sos,
5	1	1	1	61	23	2468	925	12	26	47.160797	8
4	1	1	1	62	0	376	743	2109	227	-1	
5	1	1	1	62	1	376	743	36	13	84.359543	gg
5	1	1	1	62	2	499	752	90	25	66.989090	Sars
5	1	1	1	62	3	624	762	11	13	86.595268	&
5	1	1	1	62	4	703	773	36	16	49.538132	oe
5	1	1	1	62	5	773	783	36	15	58.924965	se
5	1	1	1	62	6	840	787	85	22	49.540287	Bold
5	1	1	1	62	7	983	799	37	23	68.549347	8<
5	1	1	1	62	8	1050	803	61	26	18.700302	Sen
5	1	1	1	62	9	1141	821	11	9	54.021179	8
5	1	1	1	62	10	1187	829	40	14	14.070702	Te
5	1	1	1	62	11	1258	833	11	13	61.833118	«
5	1	1	1	62	12	1283	836	11	12	80.842598	§
5	1	1	1	62	13	1422	847	99	24	0.000000	eenqF
5	1	1	1	62	14	1546	860	12	10	67.252800	&
5	1	1	1	62	15	1595	862	66	19	57.263863	£34
5	1	1	1	62	16	1717	866	112	38	0.000000	SEoBOS
5	1	1	1	62	17	1871	888	88	27	0.111771	SRSA
5	1	1	1	62	18	1973	903	32	13	0.111771	oa
5	1	1	1	62	19	2021	900	39	24	38.888725	ES
5	1	1	1	62	20	2080	907	96	27	46.180248	Sees
5	1	1	1	62	21	2206	919	36	14	11.740265	mS
5	1	1	1	62	22	2257	928	32	17	11.740265	eS
5	1	1	1	62	23	2346	933	36	23	0.000000	SB
5	1	1	1	62	24	2396	939	59	22	0.000000	ros
5	1	1	1	62	25	2468	929	17	41	0.000000	eo
4	1	1	1	63	0	376	753	2104	223	-1	
5	1	1	1	63	1	376	753	36	23	21.294945	x2
5	1	1	1	63	2	425	758	17	17	21.294945	>
5	1	1	1	63	3	503	771	86	20	0.000000	agf2
5	1	1	1	63	4	619	777	49	20	16.574059	wm,
5	1	1	1	63	5	702	787	36	13	42.000332	ce
5	1	1	1	63	6	773	791	42	34	75.054443	Boa
5	1	1	1	63	7	837	805	54	16	62.570301	Bar
5	1	1	1	63	8	913	810	4	3	16.431801	5
5	1	1	1	63	9	984	823	41	10	60.420467	ae
5	1	1	1	63	10	1050	819	60	21	51.044388	SPS
5	1	1	1	63	11	1140	832	12	13	82.097649	§
5	1	1	1	63	12	1187	843	42	14	51.876488	of
5	1	1	1	63	13	1258	847	40	13	44.190094	§8
5	1	1	1	63	14	1422	859	41	23	46.340340	a2
5	1	1	1	63	15	1545	872	13	9	54.055477	9
5	1	1	1	63	16	1595	873	66	22	48.539600	Bag
5	1	1	1	63	17	1717	887	42	14	0.000000	oe
5	1	1	1	63	18	1791	894	43	20	0.000000	as
5	1	1	1	63	19	1870	907	41	13	54.944588	es
5	1	1	1	63	20	1968	918	91	15	0.000000	2H°T
5	1	1	1	63	21	2085	924	60	24	0.000000	£a8
5	1	1	1	63	22	2159	931	11	22	61.182373	8
5	1	1	1	63	23	2204	934	85	20	0.000000	galas
5	1	1	1	63	24	2370	956	36	14	27.431061	go
5	1	1	1	63	25	2423	950	31	30	0.000000	™o
5	1	1	1	63	26	2468	967	12	9	37.480083	2
4	1	1	1	64	0	375	771	2109	220	-1	
5	1	1	1	64	1	375	771	13	11	17.721718	8
5	1	1	1	64	2	400	778	36	8	0.000000	Be
5	1	1	1	64	3	504	783	88	23	31.490074	mest
5	1	1	1	64	4	623	798	44	11	60.702915	me
5	1	1	1	64	5	702	801	36	19	34.362473	Fo
5	1	1	1	64	6	772	809	37	17	13.801949	#2
5	1	1	1	64	7	861	823	11	8	41.607010	£
5	1	1	1	64	8	983	832	37	23	27.754776	$5
5	1	1	1	64	9	1047	839	67	21	36.942383	Sea
5	1	1	1	64	10	1211	859	12	10	35.450722	@
5	1	1	1	64	11	1257	861	37	16	68.591080	Be
5	1	1	1	64	12	1421	871	94	22	13.625786	SSu0
5	1	1	1	64	13	1545	883	17	16	27.894524	3
5	1	1	1	64	14	1595	887	61	23	82.358604	848
5	1	1	1	64	15	1717	903	61	22	7.338669	a5
5	1	1	1	64	16	1790	897	38	33	7.338669	409
5	1	1	1	64	17	1870	916	90	26	0.000000	SEdreo
5	1	1	1	64	18	1993	933	62	14	0.016434	rs
5	1	1	1	64	19	2085	938	85	29	0.000000	5o58
5	1	1	1	64	20	2205	950	84	27	0.000000	ef8a
5	1	1	1	64	21	2345	970	61	16	0.000000	POo
5	1	1	1	64	22	2427	971	57	20	30.411484	Fok
4	1	1	1	65	0	375	783	2079	219	-1	
5	1	1	1	65	1	375	783	36	22	0.000000	ee
5	1	1	1	65	2	503	792	36	20	39.193130	3
5	1	1	1	65	3	554	788	11	33	34.688919	®
5	1	1	1	65	4	577	802	16	13	60.407948	&
5	1	1	1	65	5	619	812	15	12	58.104652	g
5	1	1	1	65	6	724	823	88	13	0.000000	Bogs
5	1	1	1	65	7	838	829	13	12	0.000000	wT
5	1	1	1	65	8	983	844	11	20	92.068993	5
5	1	1	1	65	9	1050	847	60	24	36.878105	SOS
5	1	1	1	65	10	1140	856	58	19	23.868294	eo
5	1	1	1	65	11	1257	876	43	12	18.437744	oS
5	1	1	1	65	12	1421	890	94	17	0.000000	Qxwo
5	1	1	1	65	13	1545	900	13	12	69.307846	F
5	1	1	1	65	14	1619	898	37	33	23.931152	ea)
5	1	1	1	65	15	1716	917	112	23	0.000000	8Q°%6
5	1	1	1	65	16	1895	930	11	20	83.822327	3
5	1	1	1	65	17	1943	936	117	26	30.808197	S255.
5	1	1	1	65	18	2109	961	11	9	6.913040	g
5	1	1	1	65	19	2204	961	85	29	24.267883	&Sos
5	1	1	1	65	20	2369	983	35	17	67.981514	26
5	1	1	1	65	21	2422	983	32	19	32.191010	YX
4	1	1	1	66	0	371	795	2108	227	-1	
5	1	1	1	66	1	371	795	64	19	0.000000	U5s
5	1	1	1	66	2	503	813	35	13	25.064140	0
5	1	1	1	66	3	556	816	33	13	40.186729	+p
5	1	1	1	66	4	623	825	44	18	49.386295	Bj
5	1	1	1	66	5	772	836	29	10	0.000000	S$
5	1	1	1	66	6	838	850	12	9	54.186668	o
5	1	1	1	66	7	888	849	41	17	40.442677	ia
5	1	1	1	66	8	1008	856	77	23	18.588486	Ea)
5	1	1	1	66	9	1136	868	15	12	87.199394	S
5	1	1	1	66	10	1187	877	36	12	73.450188	5a
5	1	1	1	66	11	1258	887	39	16	39.137108	a2
5	1	1	1	66	12	1417	892	16	30	62.823555	x.
5	1	1	1	66	13	1478	905	36	19	66.534256	a2
5	1	1	1	66	14	1545	913	12	12	75.467583	§
5	1	1	1	66	15	1594	917	62	23	14.313309	253
5	1	1	1	66	16	1716	928	37	14	16.568207	ES
5	1	1	1	66	17	1766	935	61	23	16.568207	ene
5	1	1	1	66	18	1866	941	114	27	25.904198	Zans3
5	1	1	1	66	19	2017	956	37	15	48.250202	eo
5	1	1	1	66	20	2085	967	16	10	9.645126	.,
5	1	1	1	66	21	2128	974	41	16	49.012165	Se
5	1	1	1	66	22	2204	978	90	20	0.000000	$58
5	1	1	1	66	23	2344	998	37	19	46.500702	*§
5	1	1	1	66	24	2427	999	52	23	26.194977	ac)
4	1	1	1	67	0	375	806	2104	223	-1	
5	1	1	1	67	1	375	806	36	21	0.000000	*e
5	1	1	1	67	2	424	815	16	16	31.493027	3
5	1	1	1	67	3	502	826	90	13	13.708794	eesh
5	1	1	1	67	4	623	834	15	9	64.277481	3
5	1	1	1	67	5	701	844	37	16	90.110840	Be
5	1	1	1	67	6	772	847	43	18	40.207077	Bo
5	1	1	1	67	7	837	854	40	17	63.569439	ey
5	1	1	1	67	8	912	863	12	10	53.023968	@
5	1	1	1	67	9	1007	877	12	12	3.353775	&B
5	1	1	1	67	10	1048	873	62	19	78.667252	eis
5	1	1	1	67	11	1140	890	17	16	46.018795	NS
5	1	1	1	67	12	1186	889	39	19	70.565964	28
5	1	1	1	67	13	1257	905	41	13	30.552658	or
5	1	1	1	67	14	1421	915	94	20	15.916183	Bass
5	1	1	1	67	15	1541	936	8	4	0.000000	F
5	1	1	1	67	16	1595	930	39	17	28.488197	ts
5	1	1	1	67	17	1716	938	36	20	25.397888	£5
5	1	1	1	67	18	1767	946	60	23	23.879463	oS
5	1	1	1	67	19	1870	955	183	34	0.000000	SaRSERes
5	1	1	1	67	20	2084	971	85	37	6.262123	PESO
5	1	1	1	67	21	2204	992	85	21	37.802677	"see
5	1	1	1	67	22	2394	1001	15	22	46.350056	2
5	1	1	1	67	23	2467	1017	12	9	55.795559	NS
4	1	1	1	68	0	375	825	2104	215	-1	
5	1	1	1	68	1	375	825	35	14	3.298561	go
5	1	1	1	68	2	426	833	14	13	5.113052	&
5	1	1	1	68	3	527	840	61	20	1.441002	82p
5	1	1	1	68	4	701	852	36	20	52.003841	m8
5	1	1	1	68	5	772	860	42	24	41.591919	3
5	1	1	1	68	6	834	872	15	13	50.301456	8
5	1	1	1	68	7	887	877	36	15	61.022606	ny
5	1	1	1	68	8	979	875	43	26	56.939850	GR
5	1	1	1	68	9	1043	891	59	10	22.220985	Lae
5	1	1	1	68	10	1186	904	12	11	58.469387	@
5	1	1	1	68	11	1256	913	13	9	32.306740	=
5	1	1	1	68	12	1281	919	12	9	72.682915	2
5	1	1	1	68	13	1420	931	16	9	44.233658	e~
5	1	1	1	68	14	1478	932	36	13	57.007908	as
5	1	1	1	68	15	1594	941	61	20	0.000000	ey
5	1	1	1	68	16	1715	957	112	24	0.000000	gear
5	1	1	1	68	17	1869	975	40	15	14.317703	gf
5	1	1	1	68	18	1921	975	32	16	14.317703	ax
5	1	1	1	68	19	1971	967	86	40	15.223572	Seren
5	1	1	1	68	20	2083	999	13	9	24.651901	3
5	1	1	1	68	21	2112	994	62	17	24.651901	yes
5	1	1	1	68	22	2228	1009	60	15	64.539604	ses
5	1	1	1	68	23	2343	1009	136	31	1.126793	RWEasa
4	1	1	1	69	0	371	825	2112	237	-1	
5	1	1	1	69	1	371	825	20	31	45.863895	Pa
5	1	1	1	69	2	502	848	91	21	31.372002	ate
5	1	1	1	69	3	623	856	44	22	81.887108	BS
5	1	1	1	69	4	696	866	42	18	69.470261	ag
5	1	1	1	69	5	771	878	12	12	58.983685	°
5	1	1	1	69	6	837	885	36	14	41.608124	fq
5	1	1	1	69	7	893	892	30	11	61.216377	Ya
5	1	1	1	69	8	1007	899	12	10	42.799072	§$
5	1	1	1	69	9	1049	903	61	20	51.343224	"39
5	1	1	1	69	10	1140	905	16	18	46.923035	4
5	1	1	1	69	11	1182	906	24	31	19.123550	=.)
5	1	1	1	69	12	1256	924	13	10	20.098831	&
5	1	1	1	69	13	1420	941	94	21	28.848717	®mMen
5	1	1	1	69	14	1544	950	13	12	82.124626	o
5	1	1	1	69	15	1594	958	41	14	62.547932	oN
5	1	1	1	69	16	1715	969	67	18	48.468124	Boe
5	1	1	1	69	17	1870	990	16	10	71.107208	g
5	1	1	1	69	18	1992	1000	66	15	35.214371	Sas
5	1	1	1	69	19	2084	1010	85	20	0.000000	pQ¢e
5	1	1	1	69	20	2204	1017	84	20	0.000000	was
5	1	1	1	69	21	2343	1035	140	27	0.000000	+OREQS
4	1	1	1	70	0	374	847	2084	220	-1	
5	1	1	1	70	1	374	847	66	16	44.633957	go
5	1	1	1	70	2	502	860	91	21	31.468796	gee
5	1	1	1	70	3	619	878	39	17	3.733452	g
5	1	1	1	70	4	655	856	16	44	44.941044	2
5	1	1	1	70	5	700	886	42	9	49.493965	a
5	1	1	1	70	6	772	885	41	20	56.526604	BE
5	1	1	1	70	7	837	900	86	18	0.000000	sea¢8
5	1	1	1	70	8	983	911	40	15	30.203796	ne
5	1	1	1	70	9	1068	920	41	16	14.663239	BS
5	1	1	1	70	10	1186	928	41	18	85.299652	By
5	1	1	1	70	11	1256	935	37	20	0.000000	§u
5	1	1	1	70	12	1477	958	37	18	60.026344	SS
5	1	1	1	70	13	1544	963	11	13	67.805000	¢
5	1	1	1	70	14	1606	970	53	18	0.000000	FNy
5	1	1	1	70	15	1712	980	7	5	19.500275	~
5	1	1	1	70	16	1741	982	90	21	18.950157	e840
5	1	1	1	70	17	1893	1002	160	25	0.000000	GhEgees
5	1	1	1	70	18	2083	1017	85	19	50.775928	Faak
5	1	1	1	70	19	2204	1035	84	14	37.373405	FoR?
5	1	1	1	70	20	2368	1049	90	18	59.801956	$420
4	1	1	1	71	0	374	861	2107	220	-1	
5	1	1	1	71	1	374	861	34	16	40.608772	+o
5	1	1	1	71	2	502	875	89	26	50.340378	Bane
5	1	1	1	71	3	616	894	6	4	57.270924	¢
5	1	1	1	71	4	652	898	12	7	82.654602	»
5	1	1	1	71	5	700	892	36	20	0.000000	5
5	1	1	1	71	6	796	898	11	23	80.671219	&
5	1	1	1	71	7	837	911	11	13	86.899986	§
5	1	1	1	71	8	911	919	11	12	0.000000	c
5	1	1	1	71	9	982	928	36	14	59.293045	yp
5	1	1	1	71	10	1072	934	42	12	63.930225	ga
5	1	1	1	71	11	1139	932	17	14	21.538605	wh
5	1	1	1	71	12	1185	944	33	11	19.588486	BS
5	1	1	1	71	13	1420	960	98	27	0.000000	$aoPS
5	1	1	1	71	14	1544	977	11	9	76.246582	§
5	1	1	1	71	15	1593	982	61	21	26.309219	een
5	1	1	1	71	16	1714	998	13	20	40.913284	p26
5	1	1	1	71	17	1765	1001	62	16	38.979111	+8
5	1	1	1	71	18	1869	1006	16	24	30.185463	¢
5	1	1	1	71	19	1966	1004	37	42	47.430454	Eg)
5	1	1	1	71	20	2040	1036	13	11	58.823212	o
5	1	1	1	71	21	2078	1031	90	24	32.667374	Rass
5	1	1	1	71	22	2203	1045	92	19	38.044373	Zoo"
5	1	1	1	71	23	2343	1055	86	24	21.592484	a
4	1	1	1	72	0	374	870	2109	225	-1	
5	1	1	1	72	1	374	870	35	30	49.374184	+08
5	1	1	1	72	2	526	895	66	13	20.230865	eer
5	1	1	1	72	3	619	900	8	12	65.139465	2
5	1	1	1	72	4	700	913	41	15	60.669651	on
5	1	1	1	72	5	770	914	13	11	9.370743	@
5	1	1	1	72	6	837	924	91	17	39.371727	8,45
5	1	1	1	72	7	1007	941	16	5	17.588104	-
5	1	1	1	72	8	1068	946	16	12	80.554474	2
5	1	1	1	72	9	1138	948	16	19	40.786110	&
5	1	1	1	72	10	1184	956	17	13	71.649124	2
5	1	1	1	72	11	1255	953	38	29	37.065624	og
5	1	1	1	72	12	1473	989	41	16	52.205620	22
5	1	1	1	72	13	1543	996	12	11	59.015842	9
5	1	1	1	72	14	1592	999	62	15	73.641624	BRR
5	1	1	1	72	15	1739	1008	87	22	26.995461	Rees
5	1	1	1	72	16	1868	1031	13	13	0.000000	®
5	1	1	1	72	17	1918	1027	140	31	0.000000	BSeEso
5	1	1	1	72	18	2082	1052	42	12	69.851608	es
5	1	1	1	72	19	2203	1062	12	9	39.956394	a
5	1	1	1	72	20	2276	1066	17	12	21.163925	Pa
5	1	1	1	72	21	2343	1069	37	24	10.573158	BB
5	1	1	1	72	22	2395	1080	35	9	0.000000	eS
5	1	1	1	72	23	2440	1082	43	13	0.000000	oe
4	1	1	1	73	0	374	877	2104	232	-1	
5	1	1	1	73	1	374	877	42	32	39.710747	SE.
5	1	1	1	73	2	423	894	11	11	60.403095	5
5	1	1	1	73	3	501	899	86	19	52.857113	sore
5	1	1	1	73	4	616	917	23	7	56.147190	&
5	1	1	1	73	5	725	931	11	9	50.880173	®@
5	1	1	1	73	6	770	927	43	17	52.128258	8H
5	1	1	1	73	7	837	932	85	22	0.000000	@ads
5	1	1	1	73	8	981	955	42	12	65.159576	ne
5	1	1	1	73	9	1097	961	16	15	76.218948	w
5	1	1	1	73	10	1185	971	36	20	66.460739	“2
5	1	1	1	73	11	1255	979	37	14	32.284454	ow
5	1	1	1	73	12	1419	996	17	6	19.766350	gx
5	1	1	1	73	13	1474	996	39	21	14.114822	@2
5	1	1	1	73	14	1543	1008	12	12	40.314560	2
5	1	1	1	73	15	1592	1014	62	14	29.389931	ees
5	1	1	1	73	16	1765	1026	61	13	55.692688	peo
5	1	1	1	73	17	1868	1038	61	15	0.000000	by
5	1	1	1	73	18	1918	1022	16	35	0.000000	B
5	1	1	1	73	19	1966	1044	36	20	73.974899	85°
5	1	1	1	73	20	2040	1056	12	10	63.730721	>
5	1	1	1	73	21	2106	1061	13	12	67.240219	&
5	1	1	1	73	22	2130	1050	19	34	20.476006	§.
5	1	1	1	73	23	2199	1074	8	4	74.459129	~
5	1	1	1	73	24	2229	1067	59	24	69.961052	$05
5	1	1	1	73	25	2343	1083	11	9	24.332428	eB
5	1	1	1	73	26	2392	1096	16	9	24.332428	aL
5	1	1	1	73	27	2441	1091	37	18	24.695839	ab
4	1	1	1	74	0	373	904	2107	214	-1	
5	1	1	1	74	1	373	904	60	14	61.553635	Bas
5	1	1	1	74	2	501	911	61	16	81.947174	Bod
5	1	1	1	74	3	621	926	52	9	42.943172	ep
5	1	1	1	74	4	700	935	11	9	30.806969	3
5	1	1	1	74	5	770	927	37	35	36.745079	8y&
5	1	1	1	74	6	885	938	38	32	54.438824	roe
5	1	1	1	74	7	1006	963	11	13	77.211632	5
5	1	1	1	74	8	1071	968	18	21	0.000000	&
5	1	1	1	74	9	1138	980	17	17	58.612373	4
5	1	1	1	74	10	1280	994	11	9	53.538628	g
5	1	1	1	74	11	1419	1003	11	13	70.876434	5
5	1	1	1	74	12	1501	1019	54	12	18.375015	$$
5	1	1	1	74	13	1593	1024	61	23	22.430191	Ses
5	1	1	1	74	14	1714	1030	62	20	51.565712	eae
5	1	1	1	74	15	1814	1048	11	13	23.362495	5
5	1	1	1	74	16	1892	1046	37	21	0.000000	gg
5	1	1	1	74	17	1941	1053	60	24	0.000000	Ree
5	1	1	1	74	18	2025	1067	26	21	0.000000	8
5	1	1	1	74	19	2082	1073	91	26	30.041039	88
5	1	1	1	74	20	2227	1086	53	14	71.725006	an?
5	1	1	1	74	21	2343	1094	36	13	16.003204	2S
5	1	1	1	74	22	2395	1090	32	32	46.159588	te
5	1	1	1	74	23	2441	1105	39	13	28.404221	ee
4	1	1	1	75	0	398	916	2054	214	-1	
5	1	1	1	75	1	398	916	35	16	22.437523	ry
5	1	1	1	75	2	500	924	91	22	7.372887	ae7e2
5	1	1	1	75	3	618	936	51	9	57.666569	£2
5	1	1	1	75	4	699	942	37	15	93.740471	28
5	1	1	1	75	5	770	950	37	18	82.329178	£3
5	1	1	1	75	6	836	962	90	17	37.336693	6,88
5	1	1	1	75	7	980	969	16	21	75.116173	g
5	1	1	1	75	8	1096	991	17	12	76.553757	a
5	1	1	1	75	9	1209	992	58	23	57.619728	Boo
5	1	1	1	75	10	1418	1016	47	22	2.265076	es
5	1	1	1	75	11	1477	1014	35	25	2.265076	8$
5	1	1	1	75	12	1543	1032	12	9	81.186676	3
5	1	1	1	75	13	1592	1040	61	11	54.495640	Ras
5	1	1	1	75	14	1714	1044	36	21	67.624802	35
5	1	1	1	75	15	1766	1047	59	26	25.117134	ROB
5	1	1	1	75	16	1868	1063	61	16	54.654366	Nie
5	1	1	1	75	17	1941	1066	15	8	34.882233	&
5	1	1	1	75	18	2015	1083	12	10	60.791210	28
5	1	1	1	75	19	2081	1084	68	12	47.338806	goss
5	1	1	1	75	20	2202	1088	61	26	25.408798	e838
5	1	1	1	75	21	2343	1108	109	22	0.000000	Dabs
5	1	1	1	75	22	2438	1103	18	35	52.397503	S
4	1	1	1	76	0	372	924	2110	222	-1	
5	1	1	1	76	1	372	924	67	20	32.419868	Gre
5	1	1	1	76	2	500	934	86	25	0.000000	ace
5	1	1	1	76	3	615	947	56	25	55.204166	8
5	1	1	1	76	4	699	955	40	22	66.173126	FS
5	1	1	1	76	5	770	962	37	16	57.470749	ES
5	1	1	1	76	6	827	943	38	49	40.646877	gs:
5	1	1	1	76	7	905	985	16	12	70.908905	9
5	1	1	1	76	8	1005	986	16	10	3.914246	&
5	1	1	1	76	9	1071	992	83	28	0.000000	$F
5	1	1	1	76	10	1208	1007	17	17	33.730690	&
5	1	1	1	76	11	1255	1012	37	19	83.210716	a8
5	1	1	1	76	12	1414	1026	102	29	0.000000	ene
5	1	1	1	76	13	1542	1042	13	9	64.376801	3
5	1	1	1	76	14	1592	1048	66	22	42.135525	gee
5	1	1	1	76	15	1714	1058	35	14	13.907272	Sse
5	1	1	1	76	16	1768	1067	60	17	13.907272	gee
5	1	1	1	76	17	1868	1077	183	31	0.000000	AbgNSeRe
5	1	1	1	76	18	2081	1095	92	24	36.397091	SSS
5	1	1	1	76	19	2226	1108	61	20	20.350655	TBS
5	1	1	1	76	20	2342	1117	140	29	22.192146	85822
5	1	1	1	76	21	2463	1104	22	50	73.076874	5
4	1	1	1	77	0	373	940	2103	224	-1	
5	1	1	1	77	1	373	940	60	24	39.679527	ree
5	1	1	1	77	2	500	952	86	28	0.000000	2o88
5	1	1	1	77	3	620	975	13	8	12.892548	_
5	1	1	1	77	4	654	973	10	10	38.935326	8
5	1	1	1	77	5	699	978	37	11	50.220203	8
5	1	1	1	77	6	769	977	37	21	73.688278	58
5	1	1	1	77	7	881	980	40	27	90.539520	dy
5	1	1	1	77	8	981	998	41	20	22.448586	rE
5	1	1	1	77	9	1096	1016	11	13	34.302017	§
5	1	1	1	77	10	1137	1022	11	10	87.831879	8
5	1	1	1	77	11	1208	1024	17	13	74.714378	S
5	1	1	1	77	12	1254	1026	40	16	38.574413	da
5	1	1	1	77	13	1418	1047	136	23	0.000000	@Se08
5	1	1	1	77	14	1547	1039	18	42	88.901215	8
5	1	1	1	77	15	1592	1059	65	18	28.634308	Fee
5	1	1	1	77	16	1713	1073	92	19	16.787155	sos
5	1	1	1	77	17	1867	1087	42	24	0.000000	Bg
5	1	1	1	77	18	1941	1096	41	22	42.804447	NS
5	1	1	1	77	19	2015	1088	40	38	14.620522	aes
5	1	1	1	77	20	2081	1111	86	23	29.187897	fess
5	1	1	1	77	21	2201	1122	85	18	28.979027	Fs
5	1	1	1	77	22	2342	1139	85	20	0.000000	ePoe
5	1	1	1	77	23	2440	1144	36	20	9.386139	es
4	1	1	1	78	0	372	956	2104	217	-1	
5	1	1	1	78	1	372	956	36	15	77.037613	oy
5	1	1	1	78	2	500	960	62	28	0.000000	m>OAD
5	1	1	1	78	3	653	984	12	9	77.268280	o
5	1	1	1	78	4	699	989	11	4	13.270828	&
5	1	1	1	78	5	794	991	71	21	51.135235	B+.
5	1	1	1	78	6	909	998	17	27	26.157280	3°
5	1	1	1	78	7	1005	1019	12	8	0.000000	@
5	1	1	1	78	8	1091	1016	16	30	3.094177	3S
5	1	1	1	78	9	1254	1040	12	11	28.545876	o
5	1	1	1	78	10	1418	1059	94	22	0.000000	Sor
5	1	1	1	78	11	1542	1067	16	9	55.585968	&
5	1	1	1	78	12	1592	1078	11	10	4.343269	®
5	1	1	1	78	13	1629	1073	23	19	0.000000	8
5	1	1	1	78	14	1713	1084	62	19	15.516357	ROB
5	1	1	1	78	15	1788	1094	37	18	15.516357	ap
5	1	1	1	78	16	1912	1101	89	21	32.740158	Wad
5	1	1	1	78	17	2081	1121	36	20	71.636246	2g
5	1	1	1	78	18	2202	1127	84	30	8.741028	S&epo
5	1	1	1	78	19	2366	1150	61	20	15.269760	Se
5	1	1	1	78	20	2464	1161	12	12	15.269760	tad
4	1	1	1	79	0	372	969	2107	228	-1	
5	1	1	1	79	1	372	969	66	28	30.334282	ge5
5	1	1	1	79	2	499	981	87	33	42.358299	vgs
5	1	1	1	79	3	619	985	51	35	0.000000	g&
5	1	1	1	79	4	723	999	12	26	83.184189	8
5	1	1	1	79	5	769	1008	34	23	43.066238	of
5	1	1	1	79	6	832	1013	94	31	36.325153	foes
5	1	1	1	79	7	980	1020	36	36	40.174088	FS
5	1	1	1	79	8	1071	1025	77	39	40.484550	fed
5	1	1	1	79	9	1208	1047	11	20	57.946815	3
5	1	1	1	79	10	1255	1052	41	30	48.125690	2S
5	1	1	1	79	11	1447	1077	111	32	7.916176	e828
5	1	1	1	79	12	1592	1090	61	23	0.000000	S38
5	1	1	1	79	13	1738	1101	37	28	44.423737	22
5	1	1	1	79	14	1787	1106	41	23	23.055870	ok
5	1	1	1	79	15	1861	1116	68	30	57.559525	BES
5	1	1	1	79	16	1945	1118	31	28	28.267838	OR
5	1	1	1	79	17	1989	1124	61	32	11.901993	geo
5	1	1	1	79	18	2081	1132	86	33	48.592342	Bese
5	1	1	1	79	19	2201	1147	90	31	0.905945	See
5	1	1	1	79	20	2341	1159	37	30	0.000000	8
5	1	1	1	79	21	2391	1173	35	17	0.000000	8c
5	1	1	1	79	22	2442	1166	37	31	0.000000	08
4	1	1	1	80	0	371	992	2109	239	-1	
5	1	1	1	80	1	371	992	67	31	49.016891	pay
5	1	1	1	80	2	495	997	94	39	0.000000	sese
5	1	1	1	80	3	619	1017	12	19	75.329521	g
5	1	1	1	80	4	652	1030	12	10	79.191620	8
5	1	1	1	80	5	722	1035	13	10	86.025841	g
5	1	1	1	80	6	769	1035	42	25	32.920654	gh
5	1	1	1	80	7	830	1053	9	4	33.441734	0
5	1	1	1	80	8	859	1037	67	35	33.441734	BED
5	1	1	1	80	9	976	1052	40	29	47.459061	28
5	1	1	1	80	10	1066	1053	45	41	47.459061	Ss
5	1	1	1	80	11	1203	1068	92	39	32.331581	gay
5	1	1	1	80	12	1417	1090	42	32	33.931641	8
5	1	1	1	80	13	1475	1101	39	21	44.479393	a8
5	1	1	1	80	14	1541	1107	13	34	41.558109	8
5	1	1	1	80	15	1587	1105	70	38	18.132004	Sas
5	1	1	1	80	16	1712	1115	112	48	0.000000	geeks
5	1	1	1	80	17	1867	1139	41	30	70.988625	go
5	1	1	1	80	18	1934	1147	97	36	0.000000	BeF8
5	1	1	1	80	19	2080	1159	87	30	0.000000	S28
5	1	1	1	80	20	2200	1174	91	41	19.966446	Pree
5	1	1	1	80	21	2340	1188	86	30	24.092331	Fee
5	1	1	1	80	22	2439	1190	41	41	15.751305	8S
4	1	1	1	81	0	371	1017	2055	221	-1	
5	1	1	1	81	1	371	1019	33	15	82.388672	PR
5	1	1	1	81	2	419	1020	13	22	0.000000	g
5	1	1	1	81	3	495	1017	95	38	47.187176	SEES,
5	1	1	1	81	4	619	1037	12	25	85.403854	g
5	1	1	1	81	5	652	1041	12	26	78.942551	8
5	1	1	1	81	6	722	1047	82	27	49.304466	BRS
5	1	1	1	81	7	834	1064	86	24	1.906502	o®e?
5	1	1	1	81	8	980	1081	4	4	4.465523	*
5	1	1	1	81	9	1001	1066	15	31	23.633957	oO
5	1	1	1	81	10	1069	1094	37	11	73.541328	$F
5	1	1	1	81	11	1207	1095	12	9	57.486320	2
5	1	1	1	81	12	1253	1105	34	11	57.620922	oF
5	1	1	1	81	13	1412	1112	99	37	16.327545	VMEBEG
5	1	1	1	81	14	1541	1142	12	8	55.052887	&
5	1	1	1	81	15	1591	1136	60	20	0.000000	SS
5	1	1	1	81	16	1635	1130	19	31	0.000000	4
5	1	1	1	81	17	1712	1147	37	26	63.505638	Bo
5	1	1	1	81	18	1764	1157	34	22	0.000000	o§
5	1	1	1	81	19	1811	1165	13	12	73.905441	2
5	1	1	1	81	20	1867	1169	41	21	74.660675	ao
5	1	1	1	81	21	1939	1172	83	25	31.334808	Smee
5	1	1	1	81	22	2031	1168	18	36	51.899902	ll
5	1	1	1	81	23	2080	1188	91	24	18.309906	ose
5	1	1	1	81	24	2200	1198	61	26	22.421638	oak
5	1	1	1	81	25	2340	1212	86	26	1.004982	wee
4	1	1	1	82	0	371	1033	2110	222	-1	
5	1	1	1	82	1	371	1033	64	19	56.552887	aad
5	1	1	1	82	2	524	1049	64	14	43.427818	Goo
5	1	1	1	82	3	619	1063	15	8	74.407051	&
5	1	1	1	82	4	651	1068	13	9	1.397491	&
5	1	1	1	82	5	769	1072	42	20	46.014439	go
5	1	1	1	82	6	834	1082	37	11	0.000000	Se
5	1	1	1	82	7	884	1075	41	21	0.000000	ee
5	1	1	1	82	8	1004	1092	11	9	51.142334	¢
5	1	1	1	82	9	1069	1105	42	14	0.000000	oe
5	1	1	1	82	10	1207	1115	12	10	50.963020	g
5	1	1	1	82	11	1253	1117	29	14	46.411572	>
5	1	1	1	82	12	1417	1136	44	21	26.841507	nee
5	1	1	1	82	13	1539	1143	19	25	10.287170	B
5	1	1	1	82	14	1615	1154	41	20	69.448174	BN
5	1	1	1	82	15	1712	1169	12	12	66.664871	65
5	1	1	1	82	16	1761	1176	67	18	0.000000	ggs
5	1	1	1	82	17	1860	1177	24	17	74.816971	S
5	1	1	1	82	18	1938	1186	61	25	28.292480	SOS
5	1	1	1	82	19	2012	1182	12	41	9.240311	Ss
5	1	1	1	82	20	2080	1208	90	20	15.310165	PBEs
5	1	1	1	82	21	2200	1212	85	29	0.000000	BSee
5	1	1	1	82	22	2341	1228	60	27	47.867615	Pon
5	1	1	1	82	23	2435	1236	46	17	52.008553	So
4	1	1	1	83	0	370	1042	2111	231	-1	
5	1	1	1	83	1	370	1042	67	31	0.000000	g2e
5	1	1	1	83	2	498	1053	91	37	0.000000	asee
5	1	1	1	83	3	618	1074	50	25	53.731636	Be
5	1	1	1	83	4	721	1075	12	32	63.430805	8
5	1	1	1	83	5	767	1090	152	30	50.411850	84-8258
5	1	1	1	83	6	979	1105	35	22	55.131184	ay
5	1	1	1	83	7	1069	1113	37	33	32.000816	2B
5	1	1	1	83	8	1206	1127	12	22	78.452934	8
5	1	1	1	83	9	1252	1135	37	23	58.885239	Oz
5	1	1	1	83	10	1446	1158	64	15	5.962685	ae
5	1	1	1	83	11	1506	1152	12	41	0.000000	o
5	1	1	1	83	12	1541	1170	11	12	0.000000	¢
5	1	1	1	83	13	1590	1166	66	23	60.515511	NBN
5	1	1	1	83	14	1711	1180	62	21	69.977982	£28
5	1	1	1	83	15	1788	1188	35	17	72.608696	52
5	1	1	1	83	16	1866	1191	36	30	43.716118	a:
5	1	1	1	83	17	1933	1201	42	21	21.147728	Sg
5	1	1	1	83	18	1987	1211	37	19	21.147728	33
5	1	1	1	83	19	2104	1221	61	23	52.270905	BER
5	1	1	1	83	20	2200	1225	66	27	37.073822	Foe
5	1	1	1	83	21	2340	1240	85	27	6.537666	Bebe
5	1	1	1	83	22	2449	1252	32	21	23.356163	te
4	1	1	1	84	0	371	1069	2108	213	-1	
5	1	1	1	84	1	371	1069	17	6	56.670654	=:
5	1	1	1	84	2	619	1094	16	5	39.704433	2
5	1	1	1	84	3	908	1119	16	6	34.184586	Bs
5	1	1	1	84	4	979	1122	16	13	90.040382	>
5	1	1	1	84	5	1069	1130	12	9	85.857033	g
5	1	1	1	84	6	1445	1172	15	9	22.080345	3
5	1	1	1	84	7	1590	1176	26	32	0.000000	oe
5	1	1	1	84	8	1618	1176	16	32	0.000000	=]
5	1	1	1	84	9	1736	1194	87	27	50.597034	S228
5	1	1	1	84	10	1865	1213	13	8	25.029999	s
5	1	1	1	84	11	1955	1211	19	32	33.454102	KI
5	1	1	1	84	12	2037	1229	57	17	65.924698	QO
5	1	1	1	84	13	2129	1234	41	21	8.733612	sass
5	1	1	1	84	14	2200	1247	35	14	26.416405	Pea
5	1	1	1	84	15	2272	1252	13	12	25.825134	©
5	1	1	1	84	16	2340	1261	12	13	0.000000	a
4	1	1	1	85	0	395	1073	2079	219	-1	
5	1	1	1	85	1	395	1073	35	14	32.368156	a5
5	1	1	1	85	2	498	1085	61	20	41.493240	Qos
5	1	1	1	85	3	619	1100	44	12	52.185474	Ed
5	1	1	1	85	4	722	1108	10	10	44.483624	gs
5	1	1	1	85	5	767	1104	42	24	16.498268	¢8
5	1	1	1	85	6	834	1127	4	4	63.889717	7
5	1	1	1	85	7	858	1119	66	13	67.874405	BSE
5	1	1	1	85	8	1003	1129	17	13	0.000000	g
5	1	1	1	85	9	1069	1141	16	8	65.121414	&
5	1	1	1	85	10	1207	1150	87	22	6.857391	or)
5	1	1	1	85	11	1416	1177	34	11	36.272324	as
5	1	1	1	85	12	1498	1175	54	21	41.430962	85
5	1	1	1	85	13	1615	1184	43	35	23.105072	raed
5	1	1	1	85	14	1712	1199	66	21	17.251328	Be
5	1	1	1	85	15	1811	1220	16	5	20.846138	BD
5	1	1	1	85	16	1890	1210	17	35	37.131111	®,
5	1	1	1	85	17	1988	1231	41	17	6.849297	peO
5	1	1	1	85	18	2079	1241	61	15	14.341927	Sag
5	1	1	1	85	19	2238	1254	28	17	41.951271	23,
5	1	1	1	85	20	2390	1272	11	14	83.177505	5
5	1	1	1	85	21	2462	1284	12	8	2.635223	o
4	1	1	1	86	0	371	1077	2085	215	-1	
5	1	1	1	86	1	371	1077	40	18	5.057289	4
5	1	1	1	86	2	522	1097	13	8	0.000000	BR
5	1	1	1	86	3	572	1100	12	9	0.000000	ow
5	1	1	1	86	4	834	1135	4	4	81.468323	:
5	1	1	1	86	5	862	1130	32	13	26.562164	8
5	1	1	1	86	6	978	1137	36	16	0.000000	o
5	1	1	1	86	7	1063	1148	42	11	41.461113	soa
5	1	1	1	86	8	1277	1174	16	5	0.000000	E
5	1	1	1	86	9	1472	1190	43	14	53.181160	ne
5	1	1	1	86	10	1610	1202	15	13	45.556942	&
5	1	1	1	86	11	1707	1214	120	19	13.285431	Feige
5	1	1	1	86	12	1865	1232	12	9	5.713692	2
5	1	1	1	86	13	1892	1235	14	6	5.713692	®
5	1	1	1	86	14	1938	1234	36	13	9.729004	Wo
5	1	1	1	86	15	2037	1248	17	12	0.000000	$
5	1	1	1	86	16	2153	1254	12	9	48.960815	8
5	1	1	1	86	17	2199	1266	12	10	56.004547	o
5	1	1	1	86	18	2273	1265	11	12	29.312286	£28
5	1	1	1	86	19	2364	1279	92	13	0.000000	oBorl
4	1	1	1	87	0	371	1089	2103	224	-1	
5	1	1	1	87	1	371	1089	52	14	37.185593	=
5	1	1	1	87	2	497	1098	87	22	19.701447	FASB
5	1	1	1	87	3	614	1108	54	25	59.230976	<n
5	1	1	1	87	4	721	1118	15	21	54.913689	2
5	1	1	1	87	5	767	1130	102	23	42.832466	ge
5	1	1	1	87	6	830	1124	15	35	61.192657	i
5	1	1	1	87	7	907	1134	12	21	60.271633	eke
5	1	1	1	87	8	1003	1154	14	9	41.169884	&
5	1	1	1	87	9	1069	1148	36	32	66.248352	the
5	1	1	1	87	10	1252	1173	37	18	56.368618	Us
5	1	1	1	87	11	1415	1187	45	20	47.834011	Be
5	1	1	1	87	12	1497	1204	16	10	48.455463	MS
5	1	1	1	87	13	1540	1206	12	12	33.335274	2
5	1	1	1	87	14	1589	1206	64	28	43.856590	Bia
5	1	1	1	87	15	1735	1228	87	19	0.000000	gegg
5	1	1	1	87	16	1865	1242	41	10	4.830086	ae
5	1	1	1	87	17	1938	1245	110	28	6.812775	SShSR
5	1	1	1	87	18	2078	1258	62	20	41.709641	£28
5	1	1	1	87	19	2153	1265	12	21	78.295868	p
5	1	1	1	87	20	2199	1273	90	19	48.188797	6aca
5	1	1	1	87	21	2340	1284	64	22	27.884895	gas
5	1	1	1	87	22	2462	1305	12	8	28.782448	a
4	1	1	1	88	0	371	1105	2106	222	-1	
5	1	1	1	88	1	371	1105	35	12	2.039719	a)
5	1	1	1	88	2	492	1111	45	24	70.930283	Ba
5	1	1	1	88	3	567	1122	16	13	49.762917	8
5	1	1	1	88	4	617	1130	45	18	50.228920	oe
5	1	1	1	88	5	721	1141	17	5	24.894943	=e
5	1	1	1	88	6	857	1154	37	13	30.658859	ao
5	1	1	1	88	7	977	1159	42	20	78.202209	a>
5	1	1	1	88	8	1064	1179	8	4	41.921989	7
5	1	1	1	88	9	1205	1183	12	11	77.421890	o
5	1	1	1	88	10	1252	1192	41	13	7.812080	-¢
5	1	1	1	88	11	1415	1202	41	23	63.282288	ea
5	1	1	1	88	12	1498	1215	58	20	14.595703	ge
5	1	1	1	88	13	1589	1217	41	28	43.199257	gy
5	1	1	1	88	14	1711	1237	86	19	22.911980	Hogan
5	1	1	1	88	15	1865	1242	41	28	38.055119	ed
5	1	1	1	88	16	1937	1259	40	21	66.416267	34
5	1	1	1	88	17	2011	1269	37	17	13.749001	>.
5	1	1	1	88	18	2079	1275	90	17	0.000000	2a5
5	1	1	1	88	19	2223	1285	42	18	48.866501	of
5	1	1	1	88	20	2339	1295	91	25	27.066772	Sse
5	1	1	1	88	21	2457	1298	20	29	21.475838	aR
4	1	1	1	89	0	369	1115	2104	222	-1	
5	1	1	1	89	1	369	1115	67	16	39.268723	Sao
5	1	1	1	89	2	493	1134	90	13	0.102730	&e,8
5	1	1	1	89	3	617	1145	45	12	38.496086	S82
5	1	1	1	89	4	721	1149	12	11	77.617188	§
5	1	1	1	89	5	766	1154	85	21	52.216576	So
5	1	1	1	89	6	906	1165	16	9	30.606674	Set
5	1	1	1	89	7	977	1179	37	10	72.660423	s2
5	1	1	1	89	8	1068	1175	37	29	0.000000	3é
5	1	1	1	89	9	1277	1214	16	6	0.000000	.
5	1	1	1	89	10	1415	1213	94	27	21.731407	Fog
5	1	1	1	89	11	1539	1236	12	12	0.000000	@
5	1	1	1	89	12	1589	1231	11	13	73.893044	8
5	1	1	1	89	13	1638	1243	17	17	62.747490	3
5	1	1	1	89	14	1736	1247	85	28	52.382580	Boy
5	1	1	1	89	15	1865	1260	36	23	41.252026	BS
5	1	1	1	89	16	1966	1277	82	19	19.665894	UBER
5	1	1	1	89	17	2078	1285	91	23	31.750381	PERE
5	1	1	1	89	18	2198	1291	89	25	64.577072	BSE.
5	1	1	1	89	19	2340	1308	84	23	20.630920	Base
5	1	1	1	89	20	2437	1316	36	21	20.630920	es
4	1	1	1	90	0	414	1121	2062	226	-1	
5	1	1	1	90	1	414	1121	16	30	37.203262	Py
5	1	1	1	90	2	543	1144	40	16	0.000000	o6
5	1	1	1	90	3	650	1159	16	8	39.352745	a
5	1	1	1	90	4	721	1161	11	13	48.744602	5B
5	1	1	1	90	5	766	1169	37	10	77.929153	Re
5	1	1	1	90	6	857	1173	62	18	71.348755	ano
5	1	1	1	90	7	977	1189	36	11	30.345810	a5
5	1	1	1	90	8	1092	1200	13	11	31.614502	o
5	1	1	1	90	9	1203	1208	17	13	77.284653	n
5	1	1	1	90	10	1276	1221	12	10	56.458778	a
5	1	1	1	90	11	1415	1235	15	9	0.000000	to?
5	1	1	1	90	12	1470	1236	39	10	55.155380	we
5	1	1	1	90	13	1588	1247	37	18	49.413872	8
5	1	1	1	90	14	1711	1258	36	19	51.364380	8a
5	1	1	1	90	15	1763	1271	33	11	51.364380	8.5
5	1	1	1	90	16	1864	1277	37	15	17.150047	Sa
5	1	1	1	90	17	1986	1290	62	18	55.976669	Cfo
5	1	1	1	90	18	2078	1302	91	13	0.000000	gS°25
5	1	1	1	90	19	2199	1311	59	14	31.377144	S&S
5	1	1	1	90	20	2272	1313	16	13	79.232849	>
5	1	1	1	90	21	2339	1322	137	25	0.000000	SOGRgEe
4	1	1	1	91	0	370	1136	2103	222	-1	
5	1	1	1	91	1	370	1136	36	15	54.659882	ao
5	1	1	1	91	2	419	1144	11	9	0.000000	®
5	1	1	1	91	3	497	1149	86	25	0.000000	RBS
5	1	1	1	91	4	616	1164	46	15	44.674953	ae
5	1	1	1	91	5	832	1176	62	22	71.299515	222
5	1	1	1	91	6	977	1200	12	10	0.000000	s
5	1	1	1	91	7	1058	1192	30	30	27.373230	Rar)
5	1	1	1	91	8	1415	1245	41	13	29.922035	Go"
5	1	1	1	91	9	1497	1255	53	15	8.076691	no
5	1	1	1	91	10	1612	1258	42	15	51.452736	on
5	1	1	1	91	11	1710	1269	112	23	13.520958	B252o
5	1	1	1	91	12	1864	1289	37	14	26.759232	Sa
5	1	1	1	91	13	1937	1290	89	23	35.272453	JNoe
5	1	1	1	91	14	2078	1310	39	9	64.115265	Pa
5	1	1	1	91	15	2132	1309	32	18	10.459633	os
5	1	1	1	91	16	2198	1324	13	13	55.861095	2
5	1	1	1	91	17	2271	1327	12	10	56.543446	®
5	1	1	1	91	18	2339	1332	11	9	0.581284	@
5	1	1	1	91	19	2383	1332	40	20	0.000000	3B
5	1	1	1	91	20	2439	1343	34	15	57.581898	Ag
4	1	1	1	92	0	369	1146	2055	221	-1	
5	1	1	1	92	1	369	1146	42	16	53.060913	Oy
5	1	1	1	92	2	491	1161	43	12	0.000000	Lo
5	1	1	1	92	3	617	1175	17	12	57.648411	>
5	1	1	1	92	4	720	1184	12	12	62.819580	°
5	1	1	1	92	5	786	1182	17	25	21.605995	ry
5	1	1	1	92	6	833	1192	90	29	22.304474	Baas
5	1	1	1	92	7	977	1212	11	9	43.693932	A
5	1	1	1	92	8	995	1200	21	25	43.693932	oct
5	1	1	1	92	9	1275	1240	18	12	47.764801	a
5	1	1	1	92	10	1444	1260	16	5	89.727577	2
5	1	1	1	92	11	1497	1262	11	13	28.607559	5
5	1	1	1	92	12	1538	1271	13	9	54.596115	&
5	1	1	1	92	13	1588	1268	61	18	46.134178	59
5	1	1	1	92	14	1711	1280	35	18	26.853645	ag
5	1	1	1	92	15	1809	1288	12	12	48.760025	2
5	1	1	1	92	16	1888	1304	12	10	18.590561	+
5	1	1	1	92	17	1937	1306	41	15	19.213882	Sp
5	1	1	1	92	18	2011	1311	43	16	16.156197	Sa
5	1	1	1	92	19	2102	1320	38	13	39.231030	of
5	1	1	1	92	20	2248	1333	11	9	22.994942	o
5	1	1	1	92	21	2338	1342	17	25	0.000000	g
5	1	1	1	92	22	2388	1349	36	16	55.889824	as
4	1	1	1	93	0	365	1154	2108	225	-1	
5	1	1	1	93	1	365	1154	69	25	15.763359	Lens
5	1	1	1	93	2	522	1173	61	20	6.017517	Ae
5	1	1	1	93	3	650	1180	11	20	63.445103	3
5	1	1	1	93	4	721	1196	16	10	38.253937	~
5	1	1	1	93	5	766	1198	36	17	80.670074	Re
5	1	1	1	93	6	832	1207	60	19	47.933086	Fee
5	1	1	1	93	7	1002	1220	16	12	22.689346	TF
5	1	1	1	93	8	1067	1225	36	17	67.688293	ef
5	1	1	1	93	9	1201	1227	21	34	60.029163	hy
5	1	1	1	93	10	1275	1254	12	10	76.044830	2
5	1	1	1	93	11	1414	1259	98	25	0.000000	Reo
5	1	1	1	93	12	1612	1285	37	14	74.077103	Be
5	1	1	1	93	13	1710	1293	110	21	0.000000	epeaa—8
5	1	1	1	93	14	1864	1302	11	13	62.573044	8
5	1	1	1	93	15	1986	1313	67	25	65.389069	BEG
5	1	1	1	93	16	2127	1334	41	15	58.432384	Bo
5	1	1	1	93	17	2198	1337	85	23	49.810505	Begs
5	1	1	1	93	18	2357	1355	24	15	34.792465	woe
5	1	1	1	93	19	2412	1360	61	19	42.943054	og
4	1	1	1	94	0	369	1168	2104	222	-1	
5	1	1	1	94	1	369	1168	41	16	17.028008	=o
5	1	1	1	94	2	521	1184	62	13	53.983879	gro
5	1	1	1	94	3	616	1190	12	10	38.180618	@
5	1	1	1	94	4	831	1217	37	11	5.691879	ark
5	1	1	1	94	5	905	1223	13	9	0.000000	oO
5	1	1	1	94	6	1001	1234	12	11	35.840622	®
5	1	1	1	94	7	1067	1243	17	7	62.244896	=:
5	1	1	1	94	8	1198	1243	15	28	11.710388	Nv
5	1	1	1	94	9	1414	1271	15	16	66.549225	+
5	1	1	1	94	10	1472	1278	36	18	35.119904	So
5	1	1	1	94	11	1538	1281	12	11	75.147507	®
5	1	1	1	94	12	1588	1288	11	12	26.468651	¢
5	1	1	1	94	13	1613	1295	16	6	0.000000	@
5	1	1	1	94	14	1734	1299	12	13	5.953918	ga
5	1	1	1	94	15	1784	1308	16	10	5.953918	oS
5	1	1	1	94	16	1864	1315	39	19	75.387283	Ta
5	1	1	1	94	17	1936	1320	43	18	42.059841	2Q
5	1	1	1	94	18	2035	1334	12	13	24.764633	S
5	1	1	1	94	19	2151	1351	13	10	15.720322	e@
5	1	1	1	94	20	2198	1351	88	19	22.792953	Feo
5	1	1	1	94	21	2339	1367	134	23	0.000000	SUR
4	1	1	1	95	0	417	1181	2031	213	-1	
5	1	1	1	95	1	417	1181	13	12	52.554291	g
5	1	1	1	95	2	496	1193	12	12	47.169960	»
5	1	1	1	95	3	612	1193	22	32	48.378872	my
5	1	1	1	95	4	647	1193	16	32	25.930374	ft
5	1	1	1	95	5	719	1215	17	17	61.676601	2
5	1	1	1	95	6	775	1217	30	9	78.826462	oe
5	1	1	1	95	7	832	1227	85	20	54.120670	Foes
5	1	1	1	95	8	976	1231	12	17	31.050644	3
5	1	1	1	95	9	1067	1251	36	15	51.878273	Ze
5	1	1	1	95	10	1275	1266	11	13	45.404694	3
5	1	1	1	95	11	1415	1279	68	25	41.122887	"Be
5	1	1	1	95	12	1588	1301	36	10	13.505775	ao
5	1	1	1	95	13	1635	1299	13	23	0.000000	4
5	1	1	1	95	14	1710	1303	114	34	41.879963	£98.25
5	1	1	1	95	15	1864	1326	36	20	40.356289	ae
5	1	1	1	95	16	1936	1334	12	9	43.321880	6
5	1	1	1	95	17	1986	1337	61	23	55.608589	Bas
5	1	1	1	95	18	2102	1348	36	13	57.538498	aS
5	1	1	1	95	19	2197	1359	90	25	31.299011	ass
5	1	1	1	95	20	2338	1376	12	10	0.000000	Fal
5	1	1	1	95	21	2387	1376	61	18	0.000000	met
4	1	1	1	96	0	368	1180	2108	244	-1	
5	1	1	1	96	1	368	1180	61	27	55.251671	gee
5	1	1	1	96	2	497	1196	84	30	30.335403	Boag
5	1	1	1	96	3	616	1218	12	11	36.832779	3
5	1	1	1	96	4	644	1220	6	3	32.634880	5
5	1	1	1	96	5	720	1234	16	6	63.252876	=
5	1	1	1	96	6	765	1226	37	12	55.521767	BO
5	1	1	1	96	7	881	1239	41	22	37.128181	Ba
5	1	1	1	96	8	976	1251	42	14	66.732506	Eg
5	1	1	1	96	9	1067	1259	36	17	62.326881	Ss
5	1	1	1	96	10	1275	1280	12	12	60.144409	8
5	1	1	1	96	11	1443	1297	64	12	57.449192	Son
5	1	1	1	96	12	1537	1302	18	19	61.811749	S
5	1	1	1	96	13	1587	1311	40	11	48.805920	88
5	1	1	1	96	14	1709	1322	117	25	0.000000	SLagf
5	1	1	1	96	15	1863	1336	12	11	50.428658	3
5	1	1	1	96	16	1960	1348	67	16	45.612125	aos
5	1	1	1	96	17	2111	1363	53	17	9.127113	SOR
5	1	1	1	96	18	2197	1370	17	17	68.489609	&
5	1	1	1	96	19	2270	1385	13	10	57.184216	®
5	1	1	1	96	20	2337	1381	85	26	0.000000	gisz
5	1	1	1	96	21	2456	1388	20	36	40.215225	ES
4	1	1	1	97	0	368	1204	2085	214	-1	
5	1	1	1	97	1	368	1204	12	10	30.378716	gg
5	1	1	1	97	2	422	1207	2	7	62.257088	7
5	1	1	1	97	3	521	1217	58	21	84.266663	PSS
5	1	1	1	97	4	616	1226	38	13	40.433800	OF
5	1	1	1	97	5	765	1239	36	20	43.582973	ne
5	1	1	1	97	6	832	1248	85	24	24.194016	gmk
5	1	1	1	97	7	904	1235	15	41	50.462639	ob
5	1	1	1	97	8	976	1263	37	12	45.951141	eo
5	1	1	1	97	9	1066	1276	37	12	59.367199	32
5	1	1	1	97	10	1204	1274	17	35	36.142460	cy
5	1	1	1	97	11	1275	1292	15	10	81.366837	+
5	1	1	1	97	12	1443	1310	65	20	70.254517	ags
5	1	1	1	97	13	1538	1323	17	6	92.928635	2
5	1	1	1	97	14	1587	1323	67	16	47.293427	gas
5	1	1	1	97	15	1734	1341	86	19	0.000000	s2gR
5	1	1	1	97	16	1863	1347	41	20	50.189163	22
5	1	1	1	97	17	1936	1356	17	18	32.305847	9
5	1	1	1	97	18	1985	1360	61	15	0.000000	gs
5	1	1	1	97	19	2101	1374	62	20	36.875336	ope
5	1	1	1	97	20	2197	1378	85	27	30.117271	S738
5	1	1	1	97	21	2337	1397	86	19	64.485779	Sore
5	1	1	1	97	22	2445	1409	8	9	39.808479	.
4	1	1	1	98	0	368	1208	2085	229	-1	
5	1	1	1	98	1	368	1208	65	25	29.691742	a2
5	1	1	1	98	2	496	1220	29	13	41.860748	a!
5	1	1	1	98	3	616	1240	51	20	16.182678	ym
5	1	1	1	98	4	719	1251	15	9	36.719440	a
5	1	1	1	98	5	765	1260	36	13	25.607529	OB
5	1	1	1	98	6	831	1257	36	18	32.158745	ae
5	1	1	1	98	7	896	1265	26	15	12.611839	eo
5	1	1	1	98	8	1066	1288	37	10	43.648903	a8
5	1	1	1	98	9	1204	1297	11	13	69.268463	5
5	1	1	1	98	10	1275	1303	11	10	34.074059	®
5	1	1	1	98	11	1442	1325	65	15	48.492970	g#og
5	1	1	1	98	12	1537	1330	18	19	0.000000	E
5	1	1	1	98	13	1612	1335	41	19	40.645927	Ee
5	1	1	1	98	14	1709	1339	36	26	1.833992	Bs
5	1	1	1	98	15	1783	1358	41	10	76.673065	ge
5	1	1	1	98	16	1863	1363	39	17	21.249855	By
5	1	1	1	98	17	1935	1373	62	14	11.464844	Se
5	1	1	1	98	18	2013	1373	34	21	36.635429	BO
5	1	1	1	98	19	2114	1387	48	20	18.047882	EF
5	1	1	1	98	20	2197	1395	66	18	29.664459	Sue
5	1	1	1	98	21	2333	1411	120	26	0.530273	doekd
4	1	1	1	99	0	417	1231	2053	222	-1	
5	1	1	1	99	1	417	1231	16	15	54.150181	y
5	1	1	1	99	2	495	1243	78	17	51.849445	ane
5	1	1	1	99	3	646	1252	14	17	50.561356	2
5	1	1	1	99	4	719	1262	17	13	67.767700	>
5	1	1	1	99	5	789	1272	15	10	62.925095	ct
5	1	1	1	99	6	831	1276	37	9	40.552292	ome
5	1	1	1	99	7	905	1281	11	8	29.990372	&
5	1	1	1	99	8	972	1279	21	26	30.831230	im
5	1	1	1	99	9	1092	1301	4	3	0.000000	.
5	1	1	1	99	10	1204	1309	15	9	46.609978	a
5	1	1	1	99	11	1275	1315	16	12	72.499962	a
5	1	1	1	99	12	1442	1335	12	8	84.257858	a
5	1	1	1	99	13	1496	1342	4	4	0.000000	y
5	1	1	1	99	14	1586	1345	62	21	3.326530	Bo
5	1	1	1	99	15	1705	1361	8	4	18.174728	-
5	1	1	1	99	16	1758	1363	37	19	59.669220	2a
5	1	1	1	99	17	1862	1379	42	12	12.569206	ge
5	1	1	1	99	18	1960	1388	36	12	56.981079	om
5	1	1	1	99	19	2013	1390	37	18	15.375710	By
5	1	1	1	99	20	2102	1398	61	24	71.917854	552
5	1	1	1	99	21	2222	1411	64	21	28.871620	Sm
5	1	1	1	99	22	2361	1426	13	10	15.042206	°
5	1	1	1	99	23	2410	1435	36	16	14.877228	ae
5	1	1	1	99	24	2462	1438	8	15	14.877228	y
4	1	1	1	100	0	368	1234	2054	229	-1	
5	1	1	1	100	1	368	1234	36	24	75.419792	ze
5	1	1	1	100	2	542	1256	17	16	61.105942	AL
5	1	1	1	100	3	616	1261	51	20	58.338722	BES
5	1	1	1	100	4	718	1276	12	10	20.356201	§
5	1	1	1	100	5	761	1273	45	16	23.881294	Se
5	1	1	1	100	6	833	1283	83	20	16.220734	e408
5	1	1	1	100	7	976	1298	36	21	49.805313	oF
5	1	1	1	100	8	1203	1319	12	12	34.603294	8
5	1	1	1	100	9	1470	1347	13	20	28.168785	ge,
5	1	1	1	100	10	1537	1348	11	18	30.889091	¢
5	1	1	1	100	11	1636	1368	4	4	0.000000	s
5	1	1	1	100	12	1708	1372	117	21	49.939686	SESEN
5	1	1	1	100	13	1862	1392	36	13	42.332344	BE
5	1	1	1	100	14	1935	1393	106	24	4.683495	S559
5	1	1	1	100	15	2101	1418	37	11	50.879402	as
5	1	1	1	100	16	2197	1422	11	13	50.337219	©
5	1	1	1	100	17	2246	1422	11	13	28.905380	Os
5	1	1	1	100	18	2336	1433	86	30	0.000000	apg
4	1	1	1	101	0	364	1250	2112	226	-1	
5	1	1	1	101	1	364	1250	63	31	29.270561	<i
5	1	1	1	101	2	496	1262	84	20	16.449066	Rpt
5	1	1	1	101	3	616	1275	16	11	3.153984	B
5	1	1	1	101	4	760	1288	41	14	70.111130	36
5	1	1	1	101	5	830	1297	86	20	0.000000	ons
5	1	1	1	101	6	1000	1320	16	6	21.865921	©
5	1	1	1	101	7	1066	1325	11	10	0.000000	S
5	1	1	1	101	8	1204	1341	16	6	22.213043	we
5	1	1	1	101	9	1274	1336	12	21	76.905090	g
5	1	1	1	101	10	1442	1364	11	9	39.080738	eo
5	1	1	1	101	11	1495	1360	17	17	39.080738	By
5	1	1	1	101	12	1537	1367	17	6	0.000000	F
5	1	1	1	101	13	1708	1386	61	21	0.000000	ogee
5	1	1	1	101	14	1808	1394	16	14	58.442650	y
5	1	1	1	101	15	1886	1405	15	9	62.728592	+
5	1	1	1	101	16	1935	1401	36	24	50.273495	8
5	1	1	1	101	17	2009	1418	42	15	69.229309	tN
5	1	1	1	101	18	2100	1429	65	11	20.467819	Sot
5	1	1	1	101	19	2197	1435	11	9	36.997677	2
5	1	1	1	101	20	2226	1429	29	18	77.320305	QS
5	1	1	1	101	21	2267	1425	19	37	47.631027	ny
5	1	1	1	101	22	2337	1445	66	18	55.679359	2.2.8
5	1	1	1	101	23	2435	1452	41	24	11.251869	Xo
4	1	1	1	102	0	429	1276	1993	198	-1	
5	1	1	1	102	1	429	1276	4	4	18.577080	a
5	1	1	1	102	2	495	1276	37	13	65.562958	a2
5	1	1	1	102	3	566	1285	12	7	0.000000	2
5	1	1	1	102	4	615	1282	12	15	86.207291	&
5	1	1	1	102	5	718	1287	17	27	49.033054	wn
5	1	1	1	102	6	764	1302	41	19	63.945011	og
5	1	1	1	102	7	830	1308	91	20	0.000000	Bom
5	1	1	1	102	8	976	1312	14	27	61.742687	=]
5	1	1	1	102	9	1061	1327	46	22	42.222923	go
5	1	1	1	102	10	1203	1348	15	9	91.678711	x
5	1	1	1	102	11	1470	1369	41	22	19.280739	ag
5	1	1	1	102	12	1537	1374	11	13	68.945992	§
5	1	1	1	102	13	1586	1378	64	17	29.588806	ore
5	1	1	1	102	14	1732	1395	62	19	14.445656	oeg
5	1	1	1	102	15	1858	1404	16	22	66.934540	d
5	1	1	1	102	16	1935	1416	11	9	50.861134	®
5	1	1	1	102	17	2005	1412	21	33	24.389038	fa
5	1	1	1	102	18	2101	1441	66	13	58.653332	gen
5	1	1	1	102	19	2196	1445	60	15	16.924141	Sr
5	1	1	1	102	20	2337	1461	11	8	35.444054	5
5	1	1	1	102	21	2387	1463	35	11	89.449364	ES
4	1	1	1	103	0	367	1268	2085	231	-1	
5	1	1	1	103	1	367	1268	66	31	31.707825	oNe
5	1	1	1	103	2	494	1284	61	23	21.689171	Le
5	1	1	1	103	3	615	1299	44	20	10.576698	Ei
5	1	1	1	103	4	718	1307	12	9	54.426365	8
5	1	1	1	103	5	763	1316	78	18	46.192204	aE
5	1	1	1	103	6	828	1303	42	36	25.508484	SB
5	1	1	1	103	7	880	1326	36	8	25.508484	et
5	1	1	1	103	8	975	1334	39	20	67.563934	gy
5	1	1	1	103	9	1070	1346	37	13	22.974838	32
5	1	1	1	103	10	1202	1359	13	8	52.045944	a
5	1	1	1	103	11	1274	1350	20	40	15.856995	ny
5	1	1	1	103	12	1452	1376	96	26	56.036911	Se
5	1	1	1	103	13	1530	1372	26	43	39.245155	am
5	1	1	1	103	14	1585	1396	67	15	34.758102	fee
5	1	1	1	103	15	1708	1408	117	21	0.000000	88eaqa
5	1	1	1	103	16	1863	1424	41	12	27.524223	qe
5	1	1	1	103	17	1931	1427	40	19	53.354958	SB
5	1	1	1	103	18	1988	1424	63	29	32.662010	ORs
5	1	1	1	103	19	2096	1451	66	15	65.891632	Soo
5	1	1	1	103	20	2196	1455	90	21	37.835258	Bars
5	1	1	1	103	21	2336	1465	116	34	0.000000	gees
4	1	1	1	104	0	367	1291	2103	226	-1	
5	1	1	1	104	1	367	1291	17	13	84.347527	>
5	1	1	1	104	2	519	1304	53	11	64.633591	owe
5	1	1	1	104	3	718	1318	14	22	90.602219	5
5	1	1	1	104	4	763	1329	37	19	29.511749	BS
5	1	1	1	104	5	830	1331	34	19	44.500786	or
5	1	1	1	104	6	882	1336	33	21	37.468037	oe
5	1	1	1	104	7	974	1345	37	25	54.893536	£8
5	1	1	1	104	8	1065	1360	37	21	58.238636	Qe
5	1	1	1	104	9	1267	1367	15	31	47.046513	re
5	1	1	1	104	10	1469	1394	18	17	20.147621	2
5	1	1	1	104	11	1536	1409	15	9	0.000000	g
5	1	1	1	104	12	1585	1410	65	22	8.609612	Sok
5	1	1	1	104	13	1707	1418	117	24	0.000000	geal
5	1	1	1	104	14	1886	1438	12	13	20.102112	©
5	1	1	1	104	15	1935	1445	86	27	0.000000	Eval
5	1	1	1	104	16	2033	1450	18	16	0.000000	a
5	1	1	1	104	17	2100	1458	61	26	23.911896	a80
5	1	1	1	104	18	2196	1465	85	36	0.000000	eP3Ere
5	1	1	1	104	19	2336	1478	134	39	0.000000	§eer75,
4	1	1	1	105	0	367	1305	2104	219	-1	
5	1	1	1	105	1	367	1305	65	15	18.109596	ome
5	1	1	1	105	2	494	1316	85	21	24.466675	a
5	1	1	1	105	3	614	1328	50	19	70.444427	on
5	1	1	1	105	4	718	1341	11	10	35.556198	eg
5	1	1	1	105	5	763	1350	13	10	17.654388	©
5	1	1	1	105	6	830	1347	29	17	31.358574	Qe
5	1	1	1	105	7	879	1348	36	20	31.358574	38
5	1	1	1	105	8	974	1368	40	13	45.334015	og
5	1	1	1	105	9	1089	1378	13	10	57.196625	Q
5	1	1	1	105	10	1202	1379	12	19	84.266708	B
5	1	1	1	105	11	1273	1398	4	3	20.937973	:
5	1	1	1	105	12	1441	1411	65	13	67.628990	eee
5	1	1	1	105	13	1536	1420	12	10	36.626743	¢
5	1	1	1	105	14	1585	1430	12	11	19.393707	8
5	1	1	1	105	15	1610	1434	11	13	19.393707	§
5	1	1	1	105	16	1707	1436	62	24	0.000000	g25
5	1	1	1	105	17	1782	1444	37	12	82.514442	48
5	1	1	1	105	18	1882	1453	15	13	49.870220	2
5	1	1	1	105	19	1934	1458	40	12	40.779442	8s
5	1	1	1	105	20	2028	1468	24	7	79.870651	~
5	1	1	1	105	21	2100	1475	12	9	27.405029	a8
5	1	1	1	105	22	2146	1486	14	12	55.176502	tg
5	1	1	1	105	23	2196	1493	16	5	0.000000	®
5	1	1	1	105	24	2263	1480	28	32	0.000000	O,
5	1	1	1	105	25	2336	1496	61	22	37.634254	Bo
5	1	1	1	105	26	2422	1508	24	16	42.170105	2
5	1	1	1	105	27	2459	1511	12	12	36.281315	8
4	1	1	1	106	0	366	1316	2104	221	-1	
5	1	1	1	106	1	366	1316	61	17	18.271561	aoe
5	1	1	1	106	2	493	1331	84	22	24.530319	B2,8
5	1	1	1	106	3	614	1340	44	22	76.086746	Qy
5	1	1	1	106	4	718	1353	11	13	58.144424	RB
5	1	1	1	106	5	763	1353	42	24	29.966354	SF
5	1	1	1	106	6	829	1359	34	18	59.505344	ar
5	1	1	1	106	7	878	1369	37	12	43.640133	3s
5	1	1	1	106	8	973	1379	38	17	57.641403	Be
5	1	1	1	106	9	1065	1382	36	23	42.226814	seg
5	1	1	1	106	10	1202	1399	12	12	0.000000	B
5	1	1	1	106	11	1441	1421	64	33	47.356667	Bess
5	1	1	1	106	12	1536	1431	11	10	67.255157	4
5	1	1	1	106	13	1585	1441	66	18	55.674477	Ran
5	1	1	1	106	14	1732	1454	87	31	37.202980	sore
5	1	1	1	106	15	1864	1466	33	19	30.855591	os
5	1	1	1	106	16	1934	1470	36	17	78.077423	SS
5	1	1	1	106	17	1985	1471	36	24	20.332779	FP
5	1	1	1	106	18	2099	1486	61	27	47.537922	Bos
5	1	1	1	106	19	2196	1499	83	15	0.000000	sok
5	1	1	1	106	20	2336	1516	85	18	1.706703	pad
5	1	1	1	106	21	2439	1524	31	13	24.532539	3s
4	1	1	1	107	0	366	1320	2104	231	-1	
5	1	1	1	107	1	366	1331	8	8	90.684746	2
5	1	1	1	107	2	384	1320	18	34	62.697632	og
5	1	1	1	107	3	647	1363	12	8	76.899292	3
5	1	1	1	107	4	717	1368	12	10	87.970016	8
5	1	1	1	107	5	757	1373	24	7	56.629353	Be
5	1	1	1	107	6	829	1379	86	15	13.292053	ee8e
5	1	1	1	107	7	999	1390	11	21	47.984585	|
5	1	1	1	107	8	1090	1402	11	13	81.149506	3
5	1	1	1	107	9	1202	1412	11	12	66.118607	x
5	1	1	1	107	10	1267	1420	24	6	37.418953	~
5	1	1	1	107	11	1440	1438	17	13	88.490227	a
5	1	1	1	107	12	1536	1442	115	29	36.243919	BES
5	1	1	1	107	13	1707	1462	86	22	16.826035	Rab
5	1	1	1	107	14	1885	1482	13	11	9.979477	2
5	1	1	1	107	15	1993	1495	55	14	63.098949	aS
5	1	1	1	107	16	2099	1503	65	24	50.737457	Spe
5	1	1	1	107	17	2220	1511	35	20	51.339874	Sa
5	1	1	1	107	18	2335	1526	40	14	0.000000	pc
5	1	1	1	107	19	2387	1530	83	21	0.000000	U788
4	1	1	1	108	0	366	1341	2104	222	-1	
5	1	1	1	108	1	366	1341	60	15	43.436642	BSc
5	1	1	1	108	2	518	1352	54	15	12.097076	Boe
5	1	1	1	108	3	613	1367	49	14	31.844521	ne
5	1	1	1	108	4	717	1380	12	9	30.407188	8
5	1	1	1	108	5	763	1381	40	17	50.228012	Be
5	1	1	1	108	6	829	1390	91	15	39.383392	sles
5	1	1	1	108	7	1065	1407	36	19	53.089996	as
5	1	1	1	108	8	1202	1425	16	6	35.896263	a
5	1	1	1	108	9	1469	1447	42	22	25.105469	ab
5	1	1	1	108	10	1536	1463	16	6	52.129459	5
5	1	1	1	108	11	1609	1462	13	8	6.714592	g
5	1	1	1	108	12	1707	1473	114	21	0.000000	Ba2e9
5	1	1	1	108	13	1934	1487	11	20	72.309570	3
5	1	1	1	108	14	1983	1502	62	15	33.433533	oag
5	1	1	1	108	15	2099	1519	61	15	83.529472	Sak
5	1	1	1	108	16	2195	1522	90	25	51.393883	gas,
5	1	1	1	108	17	2335	1537	12	12	27.158234	¢2
5	1	1	1	108	18	2434	1552	36	11	64.397552	BS
4	1	1	1	109	0	376	1352	2097	221	-1	
5	1	1	1	109	1	376	1352	50	14	17.816345	eG
5	1	1	1	109	2	493	1363	54	13	41.633179	ae.
5	1	1	1	109	3	646	1383	12	9	31.171875	¢
5	1	1	1	109	4	717	1390	12	9	74.650635	g
5	1	1	1	109	5	787	1397	17	13	0.000000	g
5	1	1	1	109	6	878	1404	12	9	18.998703	z
5	1	1	1	109	7	973	1407	37	20	28.655556	oe
5	1	1	1	109	8	1088	1428	13	10	67.727310	2
5	1	1	1	109	9	1201	1433	12	19	82.711830	5
5	1	1	1	109	10	1272	1447	4	3	30.665482	:
5	1	1	1	109	11	1535	1470	12	12	76.121887	B
5	1	1	1	109	12	1585	1466	36	18	1.804893	ose
5	1	1	1	109	13	1756	1491	61	18	0.000000	ei¢
5	1	1	1	109	14	1885	1494	15	18	88.115097	+
5	1	1	1	109	15	1933	1510	12	9	76.168137	3
5	1	1	1	109	16	2007	1510	12	13	0.000000	&
5	1	1	1	109	17	2099	1526	41	17	44.257286	os
5	1	1	1	109	18	2195	1533	60	12	36.936470	a)
5	1	1	1	109	19	2336	1546	60	17	0.000000	Brg
5	1	1	1	109	20	2410	1548	63	25	0.000000	are
4	1	1	1	110	0	389	1366	2031	208	-1	
5	1	1	1	110	1	389	1366	37	11	47.350025	go
5	1	1	1	110	2	493	1374	79	22	29.462952	BRi:
5	1	1	1	110	3	609	1380	16	23	73.547256	§
5	1	1	1	110	4	759	1401	8	4	36.819668	7
5	1	1	1	110	5	828	1409	37	17	63.591301	gz
5	1	1	1	110	6	897	1414	24	15	17.354042	c=
5	1	1	1	110	7	974	1423	35	14	73.749275	38
5	1	1	1	110	8	1064	1422	36	35	31.325371	g¢§
5	1	1	1	110	9	1440	1468	68	21	14.134888	a22
5	1	1	1	110	10	1534	1484	13	12	78.810631	3
5	1	1	1	110	11	1584	1480	66	23	53.225227	eee
5	1	1	1	110	12	1703	1489	93	23	23.997253	“oss
5	1	1	1	110	13	1889	1513	56	21	53.797222	NS
5	1	1	1	110	14	1983	1520	62	19	6.893524	8B
5	1	1	1	110	15	2099	1536	65	19	20.087173	BS
5	1	1	1	110	16	2195	1545	90	21	68.727142	Bose
5	1	1	1	110	17	2335	1559	85	15	47.435589	Bao
4	1	1	1	111	0	365	1368	2109	234	-1	
5	1	1	1	111	1	365	1368	65	30	38.961468	Pepa
5	1	1	1	111	2	493	1387	78	17	0.000000	oali
5	1	1	1	111	3	613	1394	44	20	32.058609	gg
5	1	1	1	111	4	717	1410	16	5	28.901917	Bp
5	1	1	1	111	5	762	1411	37	14	69.132225	go
5	1	1	1	111	6	828	1424	91	20	38.208565	Seam
5	1	1	1	111	7	997	1436	16	9	43.035931	*
5	1	1	1	111	8	1064	1441	35	21	90.220009	25
5	1	1	1	111	9	1201	1454	17	19	4.861031	®
5	1	1	1	111	10	1272	1464	17	25	64.264313	=
5	1	1	1	111	11	1450	1484	35	17	28.640144	ws
5	1	1	1	111	12	1535	1497	17	5	62.945580	6
5	1	1	1	111	13	1584	1499	66	13	8.023491	SE
5	1	1	1	111	14	1702	1512	16	13	47.458122	3
5	1	1	1	111	15	1782	1511	41	20	42.399006	Be
5	1	1	1	111	16	1885	1523	17	13	2.663788	§
5	1	1	1	111	17	1982	1532	61	24	20.748299	eg
5	1	1	1	111	18	2149	1557	16	6	75.599411	a
5	1	1	1	111	19	2194	1554	85	23	0.000000	?8ag
5	1	1	1	111	20	2334	1575	13	10	47.764236	©
5	1	1	1	111	21	2359	1576	12	9	78.640747	@
5	1	1	1	111	22	2388	1571	12	20	46.890442	F
5	1	1	1	111	23	2405	1567	36	35	36.310368	ihe
5	1	1	1	111	24	2457	1585	17	13	0.000000	o
4	1	1	1	112	0	365	1387	2104	228	-1	
5	1	1	1	112	1	365	1387	12	13	70.259399	3
5	1	1	1	112	2	517	1403	29	13	39.214214	a
5	1	1	1	112	3	612	1414	43	15	0.000000	@o
5	1	1	1	112	4	717	1417	11	12	41.215050	5
5	1	1	1	112	5	757	1427	42	13	54.990582	Se
5	1	1	1	112	6	828	1435	92	21	34.987801	pass
5	1	1	1	112	7	973	1449	11	12	0.000000	S
5	1	1	1	112	8	1064	1457	36	16	0.000000	&o
5	1	1	1	112	9	1469	1499	41	18	44.282883	SO
5	1	1	1	112	10	1529	1492	18	32	33.805412	oO
5	1	1	1	112	11	1605	1512	45	13	76.307602	<=
5	1	1	1	112	12	1707	1526	35	12	24.885750	go
5	1	1	1	112	13	1757	1522	65	28	34.894394	Pas
5	1	1	1	112	14	1885	1537	17	15	26.080925	yo
5	1	1	1	112	15	1933	1545	16	6	11.154518	s
5	1	1	1	112	16	1983	1550	60	20	26.550385	|
5	1	1	1	112	17	2098	1560	62	16	40.780659	Zee
5	1	1	1	112	18	2194	1570	61	12	50.382748	ams
5	1	1	1	112	19	2360	1583	109	32	3.681267	a<5.09
4	1	1	1	113	0	365	1395	2084	228	-1	
5	1	1	1	113	1	365	1395	64	34	50.748322	args
5	1	1	1	113	2	489	1409	89	35	23.744392	Bees
5	1	1	1	113	3	613	1426	33	19	60.123264	3
5	1	1	1	113	4	716	1439	15	10	10.014908	so
5	1	1	1	113	5	762	1442	37	20	67.530060	ge
5	1	1	1	113	6	828	1449	11	13	45.785492	8
5	1	1	1	113	7	901	1462	13	11	52.311943	°
5	1	1	1	113	8	973	1463	11	8	81.974533	a
5	1	1	1	113	9	1088	1475	17	13	79.090645	a
5	1	1	1	113	10	1201	1482	16	17	84.052666	2
5	1	1	1	113	11	1272	1488	11	10	0.000000	®
5	1	1	1	113	12	1530	1516	16	11	76.620140	@
5	1	1	1	113	13	1583	1513	61	28	16.151581	3<5
5	1	1	1	113	14	1706	1537	62	23	34.468918	Sma
5	1	1	1	113	15	1779	1531	14	33	34.468918	ey
5	1	1	1	113	16	1884	1554	18	16	93.095825	Q
5	1	1	1	113	17	1933	1554	11	10	94.766113	3
5	1	1	1	113	18	1982	1562	37	20	73.484932	Fo
5	1	1	1	113	19	2099	1572	61	21	34.361267	te
5	1	1	1	113	20	2194	1580	85	33	0.931366	&Swyo
5	1	1	1	113	21	2335	1594	114	29	44.875046	Peses,
4	1	1	1	114	0	365	1423	2103	223	-1	
5	1	1	1	114	1	365	1423	11	9	12.912941	e
5	1	1	1	114	2	492	1432	91	17	0.000000	geRs
5	1	1	1	114	3	609	1439	42	21	55.948006	Ba
5	1	1	1	114	4	716	1450	82	25	31.280998	B28
5	1	1	1	114	5	827	1458	54	25	34.521370	Be.
5	1	1	1	114	6	902	1475	17	10	31.121735	9
5	1	1	1	114	7	972	1471	40	21	77.996933	at
5	1	1	1	114	8	1063	1478	18	19	88.033371	Q
5	1	1	1	114	9	1200	1501	12	10	0.000000	®
5	1	1	1	114	10	1271	1506	12	18	0.000000	<
5	1	1	1	114	11	1439	1520	41	21	55.103878	Qe
5	1	1	1	114	12	1531	1529	14	18	14.246750	Ss
5	1	1	1	114	13	1584	1534	61	24	45.203018	808
5	1	1	1	114	14	1731	1553	91	26	76.451508	Begs
5	1	1	1	114	15	1932	1566	12	26	0.000000	&
5	1	1	1	114	16	1983	1581	61	12	37.789024	88
5	1	1	1	114	17	2098	1590	65	14	48.157997	Sor
5	1	1	1	114	18	2194	1606	35	12	28.945168	ge
5	1	1	1	114	19	2243	1600	36	21	28.945168	Sp
5	1	1	1	114	20	2334	1613	37	13	0.000000	SR
5	1	1	1	114	21	2384	1625	35	12	0.000000	eR
5	1	1	1	114	22	2439	1622	29	24	43.381927	ws
4	1	1	1	115	0	364	1432	2109	229	-1	
5	1	1	1	115	1	364	1433	12	9	34.953735	@
5	1	1	1	115	2	391	1432	34	16	66.290657	tg
5	1	1	1	115	3	488	1445	125	22	0.000000	Sgn
5	1	1	1	115	4	640	1456	24	18	28.126724	ra
5	1	1	1	115	5	715	1465	12	10	0.000000	SB
5	1	1	1	115	6	761	1475	37	11	63.954098	ee
5	1	1	1	115	7	828	1474	88	27	20.771172	38,”
5	1	1	1	115	8	972	1494	12	11	19.959824	$
5	1	1	1	115	9	1063	1495	36	24	20.610184	eR
5	1	1	1	115	10	1201	1513	11	19	67.426605	3
5	1	1	1	115	11	1272	1526	16	5	92.385872	=
5	1	1	1	115	12	1467	1546	17	13	65.940170	o
5	1	1	1	115	13	1583	1556	62	10	68.508720	See
5	1	1	1	115	14	1705	1561	87	21	0.000000	e80a
5	1	1	1	115	15	1805	1581	12	10	50.082237	8
5	1	1	1	115	16	1884	1579	11	18	63.080906	2
5	1	1	1	115	17	1932	1593	17	12	42.823044	8
5	1	1	1	115	18	2031	1603	17	10	0.000000	op
5	1	1	1	115	19	2098	1600	61	14	52.417393	BOA
5	1	1	1	115	20	2194	1619	4	3	43.663818	g
5	1	1	1	115	21	2243	1618	36	15	69.922752	eo
5	1	1	1	115	22	2334	1626	35	19	17.158272	Bx
5	1	1	1	115	23	2378	1617	17	36	17.158272	Ee
5	1	1	1	115	24	2453	1627	20	34	47.714867	8,
4	1	1	1	116	0	365	1443	2108	217	-1	
5	1	1	1	116	1	365	1443	59	16	18.872231	ors
5	1	1	1	116	2	492	1458	60	15	16.199257	2o8
5	1	1	1	116	3	609	1471	8	11	52.971703	a
5	1	1	1	116	4	642	1476	12	6	48.522919	2
5	1	1	1	116	5	716	1486	16	5	65.005661	=
5	1	1	1	116	6	823	1484	15	11	80.883957	B
5	1	1	1	116	7	876	1492	12	9	66.446953	Pe
5	1	1	1	116	8	1063	1510	11	11	53.712231	8
5	1	1	1	116	9	1088	1520	16	6	17.257874	2
5	1	1	1	116	10	1272	1532	15	13	62.775127	5
5	1	1	1	116	11	1468	1560	16	6	41.729683	g
5	1	1	1	116	12	1583	1566	62	14	59.203346	Soe
5	1	1	1	116	13	1705	1579	112	24	0.000000	aoese
5	1	1	1	116	14	1884	1597	11	12	63.026051	3
5	1	1	1	116	15	1982	1600	61	23	46.144085	SEs
5	1	1	1	116	16	2097	1606	62	32	0.000000	®—r¢
5	1	1	1	116	17	2218	1631	36	14	0.000000	8
5	1	1	1	116	18	2359	1642	85	16	0.000000	wSee
5	1	1	1	116	19	2459	1654	14	6	0.000000	&
4	1	1	1	117	0	364	1453	2078	214	-1	
5	1	1	1	117	1	364	1453	61	30	0.000000	geQ
5	1	1	1	117	2	541	1468	42	19	83.428032	8a
5	1	1	1	117	3	715	1492	12	12	53.669544	S
5	1	1	1	117	4	762	1495	11	12	59.929733	op
5	1	1	1	117	5	827	1497	36	15	0.000000	OR
5	1	1	1	117	6	902	1503	16	13	0.000000	&
5	1	1	1	117	7	972	1515	36	17	42.790016	ez
5	1	1	1	117	8	1063	1523	36	15	64.921700	£6
5	1	1	1	117	9	1200	1533	12	10	25.421402	g
5	1	1	1	117	10	1435	1554	21	30	20.853653	hy
5	1	1	1	117	11	1467	1554	18	30	62.999683	oF
5	1	1	1	117	12	1583	1581	16	7	34.120857	+
5	1	1	1	117	13	1611	1581	9	8	0.789551	2
5	1	1	1	117	14	1632	1576	12	10	36.761189	@
5	1	1	1	117	15	1730	1592	36	12	45.475151	55
5	1	1	1	117	16	1779	1593	12	10	19.410622	@
5	1	1	1	117	17	1883	1610	12	8	54.165947	eo
5	1	1	1	117	18	1928	1612	21	13	10.640808	sp
5	1	1	1	117	19	1981	1612	61	21	56.259529	22.9
5	1	1	1	117	20	2147	1629	12	9	44.851948	8
5	1	1	1	117	21	2242	1644	41	10	37.720356	se
5	1	1	1	117	22	2358	1649	60	18	26.556572	e/a
5	1	1	1	117	23	2432	1658	10	9	33.173492	5
4	1	1	1	118	0	364	1464	2096	216	-1	
5	1	1	1	118	1	364	1464	11	9	49.020535	g
5	1	1	1	118	2	491	1472	62	18	62.350677	4a8
5	1	1	1	118	3	606	1486	41	13	27.351669	>I
5	1	1	1	118	4	785	1496	12	21	44.930801	g
5	1	1	1	118	5	851	1513	13	10	49.458584	a”
5	1	1	1	118	6	901	1516	11	11	66.876923	8
5	1	1	1	118	7	972	1528	12	8	72.566971	8
5	1	1	1	118	8	1009	1534	4	3	35.508789	=
5	1	1	1	118	9	1062	1535	12	9	0.000000	e
5	1	1	1	118	10	1200	1545	11	13	38.940155	9
5	1	1	1	118	11	1270	1555	13	8	35.966331	a
5	1	1	1	118	12	1491	1571	12	17	38.091068	a
5	1	1	1	118	13	1608	1588	36	8	50.276413	28
5	1	1	1	118	14	1705	1593	111	25	42.106499	Peags
5	1	1	1	118	15	1981	1625	40	14	80.601280	ax
5	1	1	1	118	16	2097	1632	65	16	44.526016	$63
5	1	1	1	118	17	2217	1640	61	24	30.372047	22a
5	1	1	1	118	18	2333	1655	12	12	49.658623	2
5	1	1	1	118	19	2407	1666	53	14	53.328789	eof
4	1	1	1	119	0	364	1475	2058	214	-1	
5	1	1	1	119	1	364	1475	36	9	38.973255	oa
5	1	1	1	119	2	516	1487	61	16	37.951408	geo
5	1	1	1	119	3	612	1496	42	14	75.849022	ol
5	1	1	1	119	4	715	1506	58	14	60.724178	BO
5	1	1	1	119	5	827	1516	11	12	34.546494	=
5	1	1	1	119	6	855	1524	25	13	29.951401	8.
5	1	1	1	119	7	971	1533	42	14	27.148514	42
5	1	1	1	119	8	1062	1540	36	20	63.787418	a3
5	1	1	1	119	9	1199	1558	16	9	34.336517	a
5	1	1	1	119	10	1270	1565	13	12	0.000000	&
5	1	1	1	119	11	1436	1577	72	18	25.423904	oS
5	1	1	1	119	12	1583	1587	14	30	2.422836	®&
5	1	1	1	119	13	1609	1598	35	12	81.892899	5a
5	1	1	1	119	14	1705	1605	86	19	25.868507	Saas
5	1	1	1	119	15	1801	1601	15	31	30.067947	ez
5	1	1	1	119	16	1883	1629	12	9	41.567417	e
5	1	1	1	119	17	1932	1624	11	11	51.893684	&
5	1	1	1	119	18	1981	1635	61	19	42.878555	ass
5	1	1	1	119	19	2098	1644	11	9	63.215973	e
5	1	1	1	119	20	2133	1647	25	16	49.538849	te
5	1	1	1	119	21	2242	1663	41	13	8.403748	cL.
5	1	1	1	119	22	2333	1668	89	21	9.699135	Peak
4	1	1	1	120	0	364	1484	2079	222	-1	
5	1	1	1	120	1	364	1484	60	14	49.527634	bao
5	1	1	1	120	2	487	1489	90	32	54.139130	“835
5	1	1	1	120	3	609	1507	54	14	0.000000	t-
5	1	1	1	120	4	710	1519	16	12	67.360626	@
5	1	1	1	120	5	761	1521	77	23	60.073875	Dag
5	1	1	1	120	6	901	1538	16	14	16.538963	c
5	1	1	1	120	7	971	1548	42	12	44.122890	se
5	1	1	1	120	8	1073	1558	8	8	0.000000	*
5	1	1	1	120	9	1266	1576	15	13	81.398972	&
5	1	1	1	120	10	1466	1595	42	14	0.000000	ee
5	1	1	1	120	11	1582	1611	37	12	64.297615	BR
5	1	1	1	120	12	1632	1615	11	13	30.852600	p
5	1	1	1	120	13	1704	1619	65	15	25.052811	oma
5	1	1	1	120	14	1804	1629	16	6	25.052811	sf.
5	1	1	1	120	15	1932	1638	11	9	38.942711	9
5	1	1	1	120	16	2030	1655	12	12	81.669098	5
5	1	1	1	120	17	2097	1650	61	32	0.000000	g—48
5	1	1	1	120	18	2217	1666	60	25	76.966537	S35
5	1	1	1	120	19	2333	1678	12	16	63.482475	Bs
5	1	1	1	120	20	2383	1686	60	20	0.000000	5S.
5	1	1	1	120	21	2431	1674	15	36	48.484093	8
4	1	1	1	121	0	363	1496	2110	223	-1	
5	1	1	1	121	1	363	1496	36	13	23.386520	Of
5	1	1	1	121	2	412	1504	15	9	0.000000	e
5	1	1	1	121	3	491	1512	86	19	0.000000	ee52
5	1	1	1	121	4	612	1516	2	13	49.668495	|
5	1	1	1	121	5	714	1532	11	12	77.897125	§
5	1	1	1	121	6	760	1534	42	19	75.943542	@F
5	1	1	1	121	7	826	1545	91	15	40.179161	Bono
5	1	1	1	121	8	971	1562	40	12	66.891403	St
5	1	1	1	121	9	1056	1567	43	10	50.097084	to
5	1	1	1	121	10	1199	1577	12	12	15.051559	5
5	1	1	1	121	11	1438	1606	39	17	74.124939	28
5	1	1	1	121	12	1582	1622	16	7	18.908157	&
5	1	1	1	121	13	1729	1629	90	26	0.000000	2o2%
5	1	1	1	121	14	1883	1640	64	27	25.478676	Em
5	1	1	1	121	15	1976	1654	71	20	34.838196	gBe
5	1	1	1	121	16	2097	1668	61	17	22.017456	6-58
5	1	1	1	121	17	2217	1689	66	13	0.000000	U>e
5	1	1	1	121	18	2333	1690	140	29	0.000000	SBaTS
5	1	1	1	121	19	2456	1683	21	40	77.373619	5
4	1	1	1	122	0	363	1508	2109	226	-1	
5	1	1	1	122	1	363	1508	66	19	66.812103	ese
5	1	1	1	122	2	491	1522	86	19	0.000000	POoe
5	1	1	1	122	3	714	1546	12	12	0.000000	@
5	1	1	1	122	4	785	1552	12	10	49.124355	®
5	1	1	1	122	5	827	1558	85	16	78.337204	san
5	1	1	1	122	6	896	1548	20	30	71.936508	5)
5	1	1	1	122	7	971	1575	36	12	0.000000	a¢
5	1	1	1	122	8	1078	1572	20	29	41.326900	sS
5	1	1	1	122	9	1199	1591	11	13	74.750710	5
5	1	1	1	122	10	1439	1620	38	13	39.314442	5.6
5	1	1	1	122	11	1582	1631	61	23	27.503296	Spx
5	1	1	1	122	12	1704	1640	17	13	65.071114	o
5	1	1	1	122	13	1754	1644	37	27	0.000000	2B
5	1	1	1	122	14	1803	1656	12	11	0.000000	s
5	1	1	1	122	15	1875	1650	22	29	20.329994	co]
5	1	1	1	122	16	1980	1674	12	12	29.722244	&
5	1	1	1	122	17	2005	1676	12	10	58.608356	>
5	1	1	1	122	18	2097	1679	43	12	14.113800	mS
5	1	1	1	122	19	2236	1701	41	11	56.553173	Ne
5	1	1	1	122	20	2333	1703	84	22	0.000000	Aes
5	1	1	1	122	21	2455	1720	17	14	31.665794	3
4	1	1	1	123	0	363	1519	2104	226	-1	
5	1	1	1	123	1	363	1522	12	9	50.383461	&
5	1	1	1	123	2	388	1519	35	22	45.528545	es
5	1	1	1	123	3	490	1534	86	20	64.473038	Begg
5	1	1	1	123	4	605	1545	57	12	26.747612	2
5	1	1	1	123	5	709	1559	16	12	57.535522	&
5	1	1	1	123	6	760	1555	12	19	84.891190	§
5	1	1	1	123	7	900	1575	16	13	66.702522	a
5	1	1	1	123	8	970	1583	37	15	13.700958	&¢
5	1	1	1	123	9	1061	1586	40	23	22.225273	ae
5	1	1	1	123	10	1198	1605	17	13	28.526535	BR
5	1	1	1	123	11	1269	1608	12	9	52.144142	«
5	1	1	1	123	12	1439	1632	15	5	0.000000	2
5	1	1	1	123	13	1487	1632	16	13	73.816818	2
5	1	1	1	123	14	1578	1641	65	22	0.000000	She
5	1	1	1	123	15	1704	1652	110	29	0.000000	S2SBS
5	1	1	1	123	16	1882	1675	16	9	13.831314	f
5	1	1	1	123	17	1932	1679	3	12	15.989471	:
5	1	1	1	123	18	1976	1685	71	14	27.566132	Ban
5	1	1	1	123	19	2146	1695	12	11	79.252289	2
5	1	1	1	123	20	2241	1712	16	12	57.431152	5
5	1	1	1	123	21	2327	1717	17	11	0.000000	uo
5	1	1	1	123	22	2383	1722	37	21	2.742073	SS
5	1	1	1	123	23	2437	1729	30	16	32.112068	UF
4	1	1	1	124	0	362	1530	2085	229	-1	
5	1	1	1	124	1	362	1530	37	20	34.800270	ei
5	1	1	1	124	2	412	1541	14	9	34.800270	&
5	1	1	1	124	3	490	1549	16	9	58.507645	+
5	1	1	1	124	4	536	1547	45	24	36.087753	8
5	1	1	1	124	5	644	1562	4	3	3.010262	-
5	1	1	1	124	6	714	1571	11	11	24.863480	6
5	1	1	1	124	7	755	1572	42	32	56.167011	Se
5	1	1	1	124	8	826	1583	86	18	55.369843	am
5	1	1	1	124	9	894	1568	21	40	60.394932	2
5	1	1	1	124	10	971	1599	36	13	55.315166	a8
5	1	1	1	124	11	1061	1601	37	20	36.188263	ay
5	1	1	1	124	12	1198	1619	12	10	49.660763	©
5	1	1	1	124	13	1270	1635	16	6	18.685730	7
5	1	1	1	124	14	1438	1640	39	19	41.735897	~s
5	1	1	1	124	15	1491	1645	10	12	46.563869	3
5	1	1	1	124	16	1582	1656	60	21	0.000000	sUS
5	1	1	1	124	17	1704	1666	37	25	29.868896	$2
5	1	1	1	124	18	1758	1674	60	16	0.000000	u48
5	1	1	1	124	19	1878	1684	16	13	41.048744	2S
5	1	1	1	124	20	1931	1695	4	3	61.989628	i
5	1	1	1	124	21	1979	1697	62	17	12.306976	Jes
5	1	1	1	124	22	2096	1702	67	18	2.297577	gem
5	1	1	1	124	23	2217	1711	65	29	51.746296	BOB
5	1	1	1	124	24	2333	1726	64	26	84.213036	“Be
5	1	1	1	124	25	2431	1744	16	15	41.097313	y
4	1	1	1	125	0	362	1549	2110	221	-1	
5	1	1	1	125	1	362	1549	37	12	53.369621	oo
5	1	1	1	125	2	514	1567	37	12	53.770004	Qa
5	1	1	1	125	3	563	1558	13	28	2.975197	ke
5	1	1	1	125	4	759	1581	15	28	61.253006	st
5	1	1	1	125	5	797	1599	4	4	27.704559	8
5	1	1	1	125	6	850	1590	61	28	42.355919	@®-5
5	1	1	1	125	7	1053	1608	24	28	52.270691	he}
5	1	1	1	125	8	1199	1632	11	8	74.338852	a
5	1	1	1	125	9	1269	1642	12	8	69.045830	B
5	1	1	1	125	10	1437	1656	65	14	24.665955	PaO
5	1	1	1	125	11	1606	1672	32	13	64.486717	oF
5	1	1	1	125	12	1704	1678	28	16	55.348244	os
5	1	1	1	125	13	1753	1680	54	31	31.970490	post
5	1	1	1	125	14	1876	1699	59	16	6.472397	wo
5	1	1	1	125	15	1980	1714	11	9	65.198708	4
5	1	1	1	125	16	2006	1703	10	28	58.953209	O°
5	1	1	1	125	17	2030	1710	17	14	84.814079	th
5	1	1	1	125	18	2096	1717	37	16	80.130936	Ro
5	1	1	1	125	19	2216	1730	60	20	52.487144	ga
5	1	1	1	125	20	2333	1746	84	12	19.668350	pae&
5	1	1	1	125	21	2455	1758	17	12	23.157776	2.
4	1	1	1	126	0	387	1561	2079	220	-1	
5	1	1	1	126	1	387	1561	41	14	69.339096	BN
5	1	1	1	126	2	490	1569	89	26	0.000000	PSBR
5	1	1	1	126	3	610	1579	16	15	3.862000	¢C
5	1	1	1	126	4	713	1592	12	11	0.000000	Q
5	1	1	1	126	5	755	1599	41	18	63.674809	28
5	1	1	1	126	6	875	1614	41	13	0.000000	f=
5	1	1	1	126	7	969	1622	38	12	10.376953	7)
5	1	1	1	126	8	1057	1623	40	19	31.630630	5
5	1	1	1	126	9	1198	1631	19	30	54.701687	oe
5	1	1	1	126	10	1437	1666	12	12	0.000000	&
5	1	1	1	126	11	1469	1671	36	11	0.000000	8g
5	1	1	1	126	12	1582	1678	61	19	40.326042	283
5	1	1	1	126	13	1728	1697	4	12	85.844193	3
5	1	1	1	126	14	1931	1720	4	4	69.539452	3
5	1	1	1	126	15	2005	1725	36	13	18.228363	eB
5	1	1	1	126	16	2096	1728	66	23	28.465836	oo
5	1	1	1	126	17	2217	1741	64	22	52.082592	Bag
5	1	1	1	126	18	2332	1751	84	28	6.385033	BASS
5	1	1	1	126	19	2432	1760	34	21	64.365479	OH
4	1	1	1	127	0	363	1564	2103	226	-1	
5	1	1	1	127	1	363	1570	34	15	23.616455	No
5	1	1	1	127	2	412	1564	16	32	24.441818	wy
5	1	1	1	127	3	486	1582	15	13	7.938469	SS.
5	1	1	1	127	4	539	1591	37	16	0.000000	3e
5	1	1	1	127	5	714	1604	17	10	0.000000	»
5	1	1	1	127	6	750	1599	13	32	27.827553	Ss
5	1	1	1	127	7	820	1614	91	27	23.019264	weg
5	1	1	1	127	8	970	1635	36	12	65.606606	Se
5	1	1	1	127	9	1061	1642	36	18	75.471283	86
5	1	1	1	127	10	1198	1659	17	13	75.049721	>
5	1	1	1	127	11	1269	1661	17	19	66.118370	a
5	1	1	1	127	12	1437	1679	16	16	27.692581	x
5	1	1	1	127	13	1490	1682	11	9	70.339249	@
5	1	1	1	127	14	1581	1690	62	20	65.540466	ats
5	1	1	1	127	15	1704	1702	116	23	24.823792	Nivgs
5	1	1	1	127	16	1931	1727	115	23	21.702415	“whe
5	1	1	1	127	17	2096	1740	68	22	51.884937	ees
5	1	1	1	127	18	2216	1756	60	19	56.128750	820
5	1	1	1	127	19	2405	1771	61	19	50.488297	eg
4	1	1	1	128	0	361	1585	2109	241	-1	
5	1	1	1	128	1	361	1585	61	39	78.170433	ats
5	1	1	1	128	2	489	1596	91	34	0.000000	e.88
5	1	1	1	128	3	713	1602	82	59	37.478722	ioe
5	1	1	1	128	4	850	1641	60	35	19.192772	eee
5	1	1	1	128	5	969	1649	41	28	39.854820	gS
5	1	1	1	128	6	1060	1656	37	34	35.526413	£8
5	1	1	1	128	7	1197	1673	12	11	44.652157	8
5	1	1	1	128	8	1264	1679	16	39	9.244499	8
5	1	1	1	128	9	1436	1696	70	28	57.482700	Soe
5	1	1	1	128	10	1580	1700	62	39	41.643135	£98
5	1	1	1	128	11	1702	1717	43	33	60.264313	Ba
5	1	1	1	128	12	1777	1701	37	45	35.546288	a8
5	1	1	1	128	13	1877	1727	22	30	0.000000	ge
5	1	1	1	128	14	1930	1746	16	17	24.504631	,
5	1	1	1	128	15	1973	1747	72	31	74.487427	See
5	1	1	1	128	16	2095	1752	68	34	9.528152	Fe
5	1	1	1	128	17	2212	1768	69	29	64.785881	eee
5	1	1	1	128	18	2327	1778	89	39	0.000000	Ease
5	1	1	1	128	19	2439	1792	31	34	0.000000	8
4	1	1	1	129	0	539	1626	1803	191	-1	
5	1	1	1	129	1	539	1626	11	13	77.556000	2
5	1	1	1	129	2	607	1630	12	6	10.327827	a
5	1	1	1	129	3	713	1641	4	3	0.000000	.
5	1	1	1	129	4	1197	1694	12	11	64.384560	2
5	1	1	1	129	5	1432	1714	16	13	90.441261	<
5	1	1	1	129	6	1629	1735	16	9	0.000000	g
5	1	1	1	129	7	1728	1747	11	13	30.862114	BD
5	1	1	1	129	8	1778	1746	35	20	30.395218	soe
5	1	1	1	129	9	1881	1765	15	9	14.036118	§
5	1	1	1	129	10	1930	1765	16	12	85.075638	F
5	1	1	1	129	11	2029	1778	11	12	60.099125	ES
5	1	1	1	129	12	2120	1783	43	17	37.685780	o_
5	1	1	1	129	13	2216	1795	60	16	50.838226	Bio
5	1	1	1	129	14	2332	1809	10	8	9.762344	5
4	1	1	1	130	0	393	1619	2073	225	-1	
5	1	1	1	130	1	393	1619	11	10	63.570026	*
5	1	1	1	130	2	490	1628	85	20	1.661133	Bue
5	1	1	1	130	3	609	1649	4	4	29.410088	*
5	1	1	1	130	4	779	1658	15	13	28.276230	4
5	1	1	1	130	5	849	1666	42	14	71.854813	os
5	1	1	1	130	6	993	1679	13	12	57.180080	6
5	1	1	1	130	7	1056	1675	15	31	18.521034	M4
5	1	1	1	130	8	1460	1735	9	4	0.000000	-
5	1	1	1	130	9	1489	1726	12	10	44.473877	@
5	1	1	1	130	10	1605	1743	15	9	43.265900	a
5	1	1	1	130	11	1773	1759	15	13	13.882027	g
5	1	1	1	130	12	1929	1778	12	12	21.902626	g
5	1	1	1	130	13	2003	1779	12	12	0.000000	®
5	1	1	1	130	14	2091	1780	24	31	18.083527	pany
5	1	1	1	130	15	2264	1812	12	10	69.591866	8
5	1	1	1	130	16	2331	1806	135	38	10.583099	Beane
4	1	1	1	131	0	361	1625	2109	229	-1	
5	1	1	1	131	1	361	1625	60	25	7.907135	oe
5	1	1	1	131	2	538	1648	40	18	57.361328	Ba
5	1	1	1	131	3	595	1635	32	37	36.653961	ow
5	1	1	1	131	4	713	1661	82	20	21.055588	ae
5	1	1	1	131	5	849	1677	66	23	22.671974	om
5	1	1	1	131	6	970	1683	16	14	50.356781	ON
5	1	1	1	131	7	1059	1686	42	37	62.617905	ago
5	1	1	1	131	8	1197	1707	17	23	85.088593	a
5	1	1	1	131	9	1268	1720	17	20	45.567787	9
5	1	1	1	131	10	1436	1737	64	21	52.003395	too
5	1	1	1	131	11	1580	1746	61	22	59.339104	sid
5	1	1	1	131	12	1702	1761	42	19	73.617081	go
5	1	1	1	131	13	1802	1766	11	13	51.255074	<8
5	1	1	1	131	14	1881	1776	60	24	37.667824	BB
5	1	1	1	131	15	1979	1792	61	19	35.733513	wee
5	1	1	1	131	16	2095	1802	65	17	0.000000	8%
5	1	1	1	131	17	2211	1812	64	23	3.768463	g88
5	1	1	1	131	18	2331	1827	104	23	0.000000	SSeS
5	1	1	1	131	19	2447	1817	23	37	0.000000	es.
4	1	1	1	132	0	361	1639	2107	231	-1	
5	1	1	1	132	1	361	1639	65	25	70.790710	aga
5	1	1	1	132	2	483	1650	35	19	40.061646	Pe
5	1	1	1	132	3	535	1663	44	17	62.450237	ae
5	1	1	1	132	4	712	1677	15	20	55.068134	g
5	1	1	1	132	5	783	1682	15	21	0.000000	S
5	1	1	1	132	6	848	1695	62	20	33.096382	aah
5	1	1	1	132	7	969	1699	41	27	68.482559	ao
5	1	1	1	132	8	1054	1705	42	35	49.228863	one
5	1	1	1	132	9	1197	1731	11	10	27.275085	2
5	1	1	1	132	10	1264	1725	15	35	25.219032	é}
5	1	1	1	132	11	1436	1748	65	23	53.033524	Fos
5	1	1	1	132	12	1580	1758	61	25	18.285713	Cre
5	1	1	1	132	13	1703	1775	39	25	52.154804	at
5	1	1	1	132	14	1776	1780	37	23	15.115448	3e
5	1	1	1	132	15	1881	1791	52	16	2.788147	mo
5	1	1	1	132	16	1978	1801	67	22	18.488625	FSS
5	1	1	1	132	17	2095	1815	68	15	49.174988	Bot
5	1	1	1	132	18	2215	1827	59	21	49.808517	cee
5	1	1	1	132	19	2330	1836	108	28	68.227547	£2856
5	1	1	1	132	20	2453	1849	15	21	81.733002	5
4	1	1	1	133	0	385	1666	2059	214	-1	
5	1	1	1	133	1	385	1666	17	6	41.145691	£
5	1	1	1	133	2	486	1673	39	12	53.895309	Ro
5	1	1	1	133	3	848	1710	61	23	71.893562	ges
5	1	1	1	133	4	968	1725	18	12	85.101196	n
5	1	1	1	133	5	1055	1719	46	32	0.000000	aS)
5	1	1	1	133	6	1197	1743	16	14	74.352974	5.
5	1	1	1	133	7	1435	1762	69	18	15.679443	ope
5	1	1	1	133	8	1580	1778	66	19	63.047977	Bes
5	1	1	1	133	9	1701	1789	17	13	83.753067	a
5	1	1	1	133	10	1777	1794	36	23	59.848869	$8
5	1	1	1	133	11	1881	1809	65	22	70.763771	SN
5	1	1	1	133	12	1978	1821	36	15	46.410706	gk
5	1	1	1	133	13	2095	1827	67	20	23.178658	301
5	1	1	1	133	14	2214	1840	61	20	0.000000	S3&
5	1	1	1	133	15	2331	1860	87	15	15.745880	Sopa
5	1	1	1	133	16	2428	1848	16	32	15.745880	gS
4	1	1	1	134	0	361	1669	2109	219	-1	
5	1	1	1	134	1	361	1669	64	23	39.451843	BOS
5	1	1	1	134	2	483	1686	35	10	38.161552	a”
5	1	1	1	134	3	539	1684	35	23	69.339653	tp
5	1	1	1	134	4	782	1704	11	20	83.569374	3
5	1	1	1	134	5	848	1721	12	10	69.140121	8
5	1	1	1	134	6	875	1727	14	6	69.140121	=
5	1	1	1	134	7	993	1735	15	10	41.777649	+
5	1	1	1	134	8	1084	1743	16	15	54.457203	y
5	1	1	1	134	9	1193	1741	15	34	19.373695	Fs
5	1	1	1	134	10	1268	1758	10	13	45.012848	8
5	1	1	1	134	11	1435	1768	65	34	0.000000	Qe.
5	1	1	1	134	12	1580	1783	36	34	46.392944	Dim
5	1	1	1	134	13	1629	1798	11	12	34.643913	3
5	1	1	1	134	14	1726	1802	12	13	18.833618	§
5	1	1	1	134	15	1793	1802	19	34	5.157883	i}
5	1	1	1	134	16	1880	1818	12	11	18.057518	s
5	1	1	1	134	17	2002	1829	43	26	34.012001	2
5	1	1	1	134	18	2119	1844	12	12	45.394398	5
5	1	1	1	134	19	2214	1853	61	17	0.000000	a0
5	1	1	1	134	20	2330	1869	37	15	0.000000	POg
5	1	1	1	134	21	2404	1874	66	14	31.397697	ee.
4	1	1	1	135	0	847	1732	1618	166	-1	
5	1	1	1	135	1	847	1732	42	9	62.704487	Qn
5	1	1	1	135	2	968	1740	12	9	30.410988	®
5	1	1	1	135	3	1197	1760	11	13	35.138412	5
5	1	1	1	135	4	1488	1795	11	10	51.012375	§
5	1	1	1	135	5	1579	1802	37	11	55.630817	oo
5	1	1	1	135	6	1702	1813	36	16	0.000000	NS
5	1	1	1	135	7	1776	1818	41	17	22.685654	aU,
5	1	1	1	135	8	1881	1831	11	9	15.290527	a
5	1	1	1	135	9	1929	1833	16	14	15.290527	0698
5	1	1	1	135	10	2088	1857	74	15	25.649452	DAT
5	1	1	1	135	11	2239	1863	40	23	12.994843	ee
5	1	1	1	135	12	2374	1877	17	11	70.008644	Bo
5	1	1	1	135	13	2428	1886	37	12	50.676407	Be
4	1	1	1	136	0	360	1683	2055	215	-1	
5	1	1	1	136	1	360	1683	66	38	38.542183	23-2
5	1	1	1	136	2	483	1699	34	18	5.109634	SS
5	1	1	1	136	3	537	1709	42	31	50.334930	Bu
5	1	1	1	136	4	708	1717	85	41	25.726234	SG
5	1	1	1	136	5	847	1735	62	33	47.559044	S88
5	1	1	1	136	6	968	1747	36	33	30.021782	3B
5	1	1	1	136	7	1053	1751	48	38	55.128448	fa
5	1	1	1	136	8	1191	1773	92	29	25.140167	od
5	1	1	1	136	9	1435	1793	69	32	47.749588	Sas
5	1	1	1	136	10	1579	1812	61	31	0.000000	fzo
5	1	1	1	136	11	1702	1829	39	22	81.431587	Se
5	1	1	1	136	12	1775	1836	37	18	31.924660	eS
5	1	1	1	136	13	1879	1841	13	21	48.961205	8
5	1	1	1	136	14	1928	1849	18	15	72.001640	Q
5	1	1	1	136	15	1977	1846	65	36	70.988747	gad
5	1	1	1	136	16	2094	1867	66	28	28.072853	esac
5	1	1	1	136	17	2214	1870	63	28	0.000000	«688s
5	1	1	1	136	18	2326	1882	89	16	40.997093	SEAR
4	1	1	1	137	0	488	1729	1624	163	-1	
5	1	1	1	137	1	488	1729	65	17	25.450836	wig
5	1	1	1	137	2	872	1763	29	10	0.000000	ge?
5	1	1	1	137	3	1053	1784	23	5	5.596878	o
5	1	1	1	137	4	1195	1795	13	12	75.260544	2
5	1	1	1	137	5	1434	1820	38	13	80.067055	as
5	1	1	1	137	6	1775	1856	42	12	3.079483	o
5	1	1	1	137	7	1928	1875	17	6	11.480576	a
5	1	1	1	137	8	2088	1885	24	7	0.000000	-
4	1	1	1	138	0	359	1721	1685	172	-1	
5	1	1	1	138	1	359	1721	65	33	50.804527	BRR
5	1	1	1	138	2	487	1736	89	35	50.257526	Figs
5	1	1	1	138	3	711	1765	16	13	23.203735	@
5	1	1	1	138	4	786	1778	3	25	92.346634	|
5	1	1	1	138	5	843	1762	70	45	32.911194	«8,
5	1	1	1	138	6	967	1771	37	42	40.370747	gs
5	1	1	1	138	7	1083	1791	15	9	6.051056	—%
5	1	1	1	138	8	1195	1803	89	39	39.918140	of
5	1	1	1	138	9	1434	1833	68	32	22.860336	#:2
5	1	1	1	138	10	1578	1840	62	39	60.702461	#83
5	1	1	1	138	11	1700	1853	42	35	30.599968	a2
5	1	1	1	138	12	1775	1868	40	21	7.841270	EF
5	1	1	1	138	13	1879	1871	17	22	67.591774	3
5	1	1	1	138	14	1928	1883	11	8	0.000000	g
5	1	1	1	138	15	1977	1881	67	12	47.077713	Ess
4	1	1	1	139	0	360	1731	1369	158	-1	
5	1	1	1	139	1	360	1731	20	35	44.584412	=]
5	1	1	1	139	2	710	1780	12	10	30.522125	®
5	1	1	1	139	3	1266	1837	17	13	0.000000	g
5	1	1	1	139	4	1435	1852	32	16	24.423950	ear
5	1	1	1	139	5	1612	1872	8	5	39.591011	.
5	1	1	1	139	6	1721	1885	8	4	43.351486	5
4	1	1	1	140	0	408	1760	1237	130	-1	
5	1	1	1	140	1	408	1765	11	9	44.678463	e
5	1	1	1	140	2	487	1760	66	26	35.304176	002%,
5	1	1	1	140	3	711	1792	11	13	8.560265	$
5	1	1	1	140	4	847	1795	35	29	69.529099	Noe
5	1	1	1	140	5	898	1808	14	12	47.189865	=
5	1	1	1	140	6	963	1806	15	30	15.693092	So
5	1	1	1	140	7	990	1806	19	30	33.190628	un
5	1	1	1	140	8	1434	1860	69	24	0.000000	8:8
5	1	1	1	140	9	1578	1877	67	13	43.145256	oo,
4	1	1	1	141	0	355	1758	923	124	-1	
5	1	1	1	141	1	355	1758	64	44	45.065342	gee
5	1	1	1	141	2	487	1773	85	38	0.000000	883
5	1	1	1	141	3	710	1805	15	22	50.790924	g
5	1	1	1	141	4	780	1812	12	18	50.602348	2
5	1	1	1	141	5	847	1817	61	27	14.687004	Sage
5	1	1	1	141	6	963	1828	45	32	57.453442	ag
5	1	1	1	141	7	1194	1845	18	36	57.574974	g
5	1	1	1	141	8	1265	1851	13	31	75.978157	8
4	1	1	1	142	0	354	1789	649	89	-1	
5	1	1	1	142	1	354	1789	64	38	58.591911	ees
5	1	1	1	142	2	486	1804	37	26	14.137917	ge
5	1	1	1	142	3	536	1813	30	19	14.137917	ES
5	1	1	1	142	4	709	1829	16	25	58.599876	=
5	1	1	1	142	5	779	1831	18	31	78.205856	&
5	1	1	1	142	6	846	1842	64	24	78.859825	gee
5	1	1	1	142	7	966	1861	37	17	32.656792	x8
4	1	1	1	143	0	359	1815	548	62	-1	
5	1	1	1	143	1	359	1815	13	5	68.205856	>
5	1	1	1	143	2	383	1820	10	13	55.551266	5
5	1	1	1	143	3	486	1831	11	10	49.423225	@
5	1	1	1	143	4	511	1825	15	29	32.518608	gd
5	1	1	1	143	5	540	1833	38	9	24.976463	Is
5	1	1	1	143	6	709	1849	15	15	33.616249	a
5	1	1	1	143	7	845	1867	37	10	30.472145	+O
5	1	1	1	143	8	895	1865	12	12	30.472145	0
4	1	1	1	144	0	358	1822	439	54	-1	
5	1	1	1	144	1	358	1822	35	24	37.871872	Ba
5	1	1	1	144	2	407	1829	11	11	20.215286	3
5	1	1	1	144	3	487	1840	84	20	21.021278	Baas
5	1	1	1	144	4	709	1866	12	8	54.897427	3
5	1	1	1	144	5	780	1863	17	13	47.269600	a
4	1	1	1	145	0	358	1841	219	32	-1	
5	1	1	1	145	1	358	1841	65	19	0.000000	oe
5	1	1	1	145	2	485	1853	92	20	0.000000	Roo
4	1	1	1	146	0	357	1857	133	15	-1	
5	1	1	1	146	1	357	1857	60	15	62.775288	Ras
5	1	1	1	146	2	486	1867	4	4	8.207870	‘
