level	page_num	block_num	par_num	line_num	word_num	left	top	width	height	conf	text
1	1	0	0	0	0	0	0	2550	1970	-1	
2	1	1	0	0	0	6	2	2543	1963	-1	
3	1	1	1	0	0	6	2	2543	1963	-1	
4	1	1	1	1	0	6	2	2543	22	-1	
5	1	1	1	1	1	6	2	2543	22	25.857384	a,
5	1	1	1	1	2	2533	0	17	28	54.250904	|
4	1	1	1	2	0	264	108	1511	39	-1	
5	1	1	1	2	1	264	114	29	33	10.087746	eee
5	1	1	1	2	2	623	108	28	34	8.976547	ee
5	1	1	1	2	3	702	111	17	12	19.923752	&®
5	1	1	1	2	4	752	110	36	18	80.661644	24
5	1	1	1	2	5	825	109	67	13	0.000000	g$284
5	1	1	1	2	6	924	110	91	14	47.212807	Sag
5	1	1	1	2	7	1072	109	41	13	29.842606	<7
5	1	1	1	2	8	1146	109	12	10	69.758759	3
5	1	1	1	2	9	1216	110	8	4	0.000000	-
5	1	1	1	2	10	1294	108	16	10	9.310905	3
5	1	1	1	2	11	1524	114	7	4	0.000000	s
5	1	1	1	2	12	1608	110	24	6	71.517632	=
5	1	1	1	2	13	1758	109	17	5	23.427528	a
4	1	1	1	3	0	198	108	2201	98	-1	
5	1	1	1	3	1	198	127	119	79	69.702118	SIN
5	1	1	1	3	2	388	122	17	22	35.694519	rs
5	1	1	1	3	3	462	121	10	20	78.477852	#
5	1	1	1	3	4	534	110	17	35	58.092518	£
5	1	1	1	3	5	623	131	24	17	32.249001	E
5	1	1	1	3	6	702	125	18	24	89.294662	§
5	1	1	1	3	7	752	121	37	37	62.322472	83
5	1	1	1	3	8	825	117	66	35	42.356564	FES
5	1	1	1	3	9	924	119	91	31	43.655552	2399
5	1	1	1	3	10	1047	109	61	52	37.361931	£42
5	1	1	1	3	11	1146	121	11	21	50.156052	8
5	1	1	1	3	12	1191	109	40	39	33.035919	Sy
5	1	1	1	3	13	1293	118	12	27	40.498756	2
5	1	1	1	3	14	1342	108	114	39	0.000000	87i-
5	1	1	1	3	15	1490	108	41	38	82.423721	ES
5	1	1	1	3	16	1564	108	17	37	82.423721	F
5	1	1	1	3	17	1609	108	70	37	45.725025	FS
5	1	1	1	3	18	1758	116	15	9	32.242737	F
5	1	1	1	3	19	1836	108	42	34	55.351795	SS
5	1	1	1	3	20	1915	108	41	23	68.747345	Fe
5	1	1	1	3	21	2024	108	62	35	56.412426	BEE
5	1	1	1	3	22	2153	109	66	22	69.119713	vig
5	1	1	1	3	23	2261	108	2	24	72.633423	|
5	1	1	1	3	24	2305	108	94	24	24.397514	ae
4	1	1	1	4	0	625	122	1774	45	-1	
5	1	1	1	4	1	625	152	8	4	26.155029	~
5	1	1	1	4	2	703	151	11	12	88.015747	5
5	1	1	1	4	3	777	155	16	6	0.000000	—&
5	1	1	1	4	4	826	148	35	15	50.764450	be
5	1	1	1	4	5	925	142	89	16	39.179077	s§oe
5	1	1	1	4	6	1048	143	41	17	22.077614	eZ
5	1	1	1	4	7	1146	144	11	10	53.854057	2
5	1	1	1	4	8	1216	136	16	31	13.938065	co)
5	1	1	1	4	9	1293	145	12	11	72.286858	6
5	1	1	1	4	10	1343	141	113	13	20.496864	Beto
5	1	1	1	4	11	1511	131	20	31	43.322796	ay
5	1	1	1	4	12	1663	136	10	10	46.685719	a
5	1	1	1	4	13	1758	134	18	9	83.123474	>
5	1	1	1	4	14	1915	130	41	12	60.520580	oa
5	1	1	1	4	15	2045	122	20	31	14.770081	ma
5	1	1	1	4	16	2151	129	62	19	78.497322	vad
5	1	1	1	4	17	2306	133	15	6	59.132008	5.
5	1	1	1	4	18	2384	129	15	15	91.286667	>
4	1	1	1	5	0	509	132	1958	48	-1	
5	1	1	1	5	1	509	155	36	25	39.520607	ve
5	1	1	1	5	2	628	159	116	18	0.000000	SHOP
5	1	1	1	5	3	728	148	41	34	72.779808	Sp
5	1	1	1	5	4	776	159	42	17	0.000000	abet
5	1	1	1	5	5	850	152	135	24	14.909714	seas,
5	1	1	1	5	6	1023	157	85	18	0.000000	9%o%
5	1	1	1	5	7	1142	156	8	4	28.852509	OF
5	1	1	1	5	8	1219	157	12	13	0.000000	<
5	1	1	1	5	9	1293	157	16	9	12.582611	Sig
5	1	1	1	5	10	1343	155	113	13	14.190063	Fogo
5	1	1	1	5	11	1490	147	34	19	25.251534	Syste
5	1	1	1	5	12	1564	146	11	13	22.498543	go?
5	1	1	1	5	13	1613	153	64	10	13.623802	gtue
5	1	1	1	5	14	1758	143	12	21	76.751083	3
5	1	1	1	5	15	1836	144	36	17	20.269974	et
5	1	1	1	5	16	2021	132	16	33	30.823853	FT
5	1	1	1	5	17	2050	143	36	15	62.932274	O6
5	1	1	1	5	18	2203	144	10	10	38.473316	5
5	1	1	1	5	19	2305	141	12	8	50.675816	a
5	1	1	1	5	20	2463	148	4	2	26.589661	.
4	1	1	1	6	0	316	145	2078	57	-1	
5	1	1	1	6	1	316	193	2	2	40.136871	.
5	1	1	1	6	2	364	174	42	28	58.765034	of
5	1	1	1	6	3	436	172	42	28	27.673958	of
5	1	1	1	6	4	510	180	35	14	10.557472	Be
5	1	1	1	6	5	628	176	61	21	39.155067	Seo
5	1	1	1	6	6	706	169	58	21	26.759201	hee
5	1	1	1	6	7	802	170	89	25	28.606369	Bree
5	1	1	1	6	8	904	177	32	14	0.000000	Sh
5	1	1	1	6	9	974	166	89	26	32.569893	ES
5	1	1	1	6	10	1076	172	32	18	33.814690	Ss
5	1	1	1	6	11	1129	159	58	31	0.000000	OP
5	1	1	1	6	12	1199	150	37	30	0.000000	RE
5	1	1	1	6	13	1248	158	62	32	0.000000	OUE
5	1	1	1	6	14	1323	158	32	33	48.287003	RS
5	1	1	1	6	15	1372	161	32	23	39.763565	oe
5	1	1	1	6	16	1490	167	11	9	21.215958	BORE
5	1	1	1	6	17	1544	157	85	25	7.933365	ONDE
5	1	1	1	6	18	1641	157	37	19	7.933365	RE
5	1	1	1	6	19	1758	157	42	28	55.175468	$y
5	1	1	1	6	20	1836	155	41	23	64.477692	88
5	1	1	1	6	21	1915	152	65	23	35.589706	ESO
5	1	1	1	6	22	2023	155	37	19	46.930283	of
5	1	1	1	6	23	2078	157	38	17	46.930283	Sy
5	1	1	1	6	24	2152	153	61	25	72.170837	328
5	1	1	1	6	25	2255	150	91	25	30.594925	Loky
5	1	1	1	6	26	2384	145	10	27	86.643608	8
4	1	1	1	7	0	364	170	2030	61	-1	
5	1	1	1	7	1	364	193	41	24	38.341949	SF
5	1	1	1	7	2	436	190	42	24	0.000000	¢B
5	1	1	1	7	3	510	192	41	18	25.145729	Bo
5	1	1	1	7	4	578	191	18	18	92.949402	+
5	1	1	1	7	5	628	185	209	46	29.149689	ee
5	1	1	1	7	6	1004	179	325	42	25.062218	eee:
5	1	1	1	7	7	1367	175	307	34	0.000000	SQagkasgaseze
5	1	1	1	7	8	1707	189	18	18	49.935738	|
5	1	1	1	7	9	1758	177	36	26	51.457371	23
5	1	1	1	7	10	1836	178	42	22	52.490883	SF
5	1	1	1	7	11	1915	172	59	27	59.408035	gee
5	1	1	1	7	12	2024	175	86	26	43.224518	Begs
5	1	1	1	7	13	2177	170	41	31	64.788925	SE
5	1	1	1	7	14	2255	172	86	25	0.000000	fen
5	1	1	1	7	15	2384	173	10	24	67.979828	3
4	1	1	1	8	0	364	188	2133	45	-1	
5	1	1	1	8	1	364	216	16	13	82.317780	=
5	1	1	1	8	2	437	216	11	8	69.773285	3
5	1	1	1	8	3	521	214	24	19	33.669571	io
5	1	1	1	8	4	727	212	36	15	39.531326	BS
5	1	1	1	8	5	780	211	33	11	39.531326	te
5	1	1	1	8	6	827	199	34	33	66.839630	og
5	1	1	1	8	7	874	210	37	16	29.568581	Be
5	1	1	1	8	8	949	209	36	13	32.886459	TO
5	1	1	1	8	9	976	199	36	33	21.640060	SB
5	1	1	1	8	10	1022	199	12	33	15.581749	yw
5	1	1	1	8	11	1048	203	10	6	23.934929	5
5	1	1	1	8	12	1146	203	85	17	0.000000	oSgb
5	1	1	1	8	13	1269	202	36	13	7.346115	ya”
5	1	1	1	8	14	1392	201	61	15	0.000000	S32
5	1	1	1	8	15	1443	191	15	30	0.000000	ep
5	1	1	1	8	16	1470	191	16	30	25.170097	SB
5	1	1	1	8	17	1490	201	83	13	0.000000	ta8r
5	1	1	1	8	18	1614	198	16	6	51.081657	254
5	1	1	1	8	19	1662	198	12	10	79.326576	8
5	1	1	1	8	20	1915	194	11	10	26.904411	a
5	1	1	1	8	21	1939	195	17	13	62.842598	>
5	1	1	1	8	22	2149	191	8	4	76.459137	~
5	1	1	1	8	23	2255	188	86	14	0.000000	@5O9
5	1	1	1	8	24	2430	190	67	10	0.000000	=e
4	1	1	1	9	0	364	190	2133	65	-1	
5	1	1	1	9	1	364	227	36	28	81.290710	Fe
5	1	1	1	9	2	437	225	37	23	59.446697	3g
5	1	1	1	9	3	510	211	35	42	60.935291	£2
5	1	1	1	9	4	579	217	17	17	92.915726	+
5	1	1	1	9	5	628	216	307	39	0.000000	sEhese8e8che
5	1	1	1	9	6	973	211	140	36	0.000000	sala"
5	1	1	1	9	7	1124	210	205	37	0.000000	ELEeOSECR
5	1	1	1	9	8	1367	210	66	28	0.000000	FER
5	1	1	1	9	9	1466	207	90	34	0.000000	ESSE
5	1	1	1	9	10	1588	206	86	30	41.407814	Sees
5	1	1	1	9	11	1707	214	17	18	89.712418	+
5	1	1	1	9	12	1758	203	42	30	35.914719	$2
5	1	1	1	9	13	1838	201	34	26	53.113464	1d
5	1	1	1	9	14	1915	205	60	26	12.582687	5Fze
5	1	1	1	9	15	2020	202	95	31	0.000000	yuk
5	1	1	1	9	16	2153	201	60	26	65.193306	wid
5	1	1	1	9	17	2251	198	96	32	49.898766	E228
5	1	1	1	9	18	2384	197	10	24	27.501381	8
5	1	1	1	9	19	2435	190	62	33	58.278999	Get
4	1	1	1	10	0	388	223	2109	49	-1	
5	1	1	1	10	1	388	250	11	20	69.327957	53
5	1	1	1	10	2	436	249	37	21	68.412384	88
5	1	1	1	10	3	510	254	10	14	74.480873	6
5	1	1	1	10	4	624	245	115	25	0.000000	BUSES
5	1	1	1	10	5	753	237	13	35	0.000000	R
5	1	1	1	10	6	776	244	37	25	19.405067	ES
5	1	1	1	10	7	827	239	109	27	28.317215	Soars
5	1	1	1	10	8	952	235	106	30	0.000000	Soeey
5	1	1	1	10	9	1078	237	79	31	0.000000	TRS
5	1	1	1	10	10	1176	244	5	8	0.000000	l
5	1	1	1	10	11	1199	238	57	21	15.310913	ask
5	1	1	1	10	12	1274	233	31	22	0.000000	Re
5	1	1	1	10	13	1367	236	36	21	39.913563	Be
5	1	1	1	10	14	1421	231	80	26	0.000000	Cops
5	1	1	1	10	15	1516	230	40	24	0.000000	SE
5	1	1	1	10	16	1609	227	65	24	34.646202	RE
5	1	1	1	10	17	1758	239	18	18	42.144287	a,
5	1	1	1	10	18	1836	235	40	18	34.940842	«nm
5	1	1	1	10	19	1915	227	59	24	43.155365	BAS
5	1	1	1	10	20	2049	228	54	16	8.110664	37
5	1	1	1	10	21	2153	224	41	17	44.038235	98
5	1	1	1	10	22	2255	228	79	16	31.010612	Soar
5	1	1	1	10	23	2383	231	15	13	0.000000	%
5	1	1	1	10	24	2436	223	61	14	42.666798	fae
4	1	1	1	11	0	129	234	2343	187	-1	
5	1	1	1	11	1	129	260	276	161	22.328781	NAN
5	1	1	1	11	2	432	268	46	29	36.432880	£8
5	1	1	1	11	3	510	262	40	24	0.000000	Fe,
5	1	1	1	11	4	628	259	461	33	0.000000	SENSSSSEERESee
5	1	1	1	11	5	979	238	58	63	21.411064	Pee
5	1	1	1	11	6	1047	238	11	63	0.000000	a
5	1	1	1	11	7	1089	238	22	63	44.787693	|
5	1	1	1	11	8	1136	260	75	23	0.000000	See
5	1	1	1	11	9	1220	253	111	34	0.000000	keee.
5	1	1	1	11	10	1367	254	36	30	0.000000	gh
5	1	1	1	11	11	1416	247	258	33	0.000000	eSreERoGSSE
5	1	1	1	11	12	1758	246	42	32	40.754093	6g?
5	1	1	1	11	13	1914	247	63	27	59.874748	pee
5	1	1	1	11	14	2023	234	66	37	0.000000	$b,
5	1	1	1	11	15	2149	238	69	21	40.098007	Ts"
5	1	1	1	11	16	2255	241	92	28	0.000000	ESE
5	1	1	1	11	17	2384	221	17	64	0.000000	&
5	1	1	1	11	18	2435	238	37	26	55.814877	PE
4	1	1	1	12	0	388	261	2065	49	-1	
5	1	1	1	12	1	388	299	17	7	74.663254	2
5	1	1	1	12	2	436	290	42	14	59.352894	Pl
5	1	1	1	12	3	509	287	42	22	41.039673	oh
5	1	1	1	12	4	582	295	16	14	42.735424	q
5	1	1	1	12	5	628	281	258	25	0.000000	PaMASe
5	1	1	1	12	6	783	277	33	36	0.000000	rR
5	1	1	1	12	7	828	277	60	36	0.000000	OE
5	1	1	1	12	8	923	279	79	31	0.000000	F23'
5	1	1	1	12	9	1046	283	86	22	10.454376	Seen
5	1	1	1	12	10	1148	269	41	40	0.000000	ele
5	1	1	1	12	11	1195	269	128	40	0.000000	eaagea?
5	1	1	1	12	12	1367	274	37	21	21.132851	Zestg
5	1	1	1	12	13	1440	271	91	24	12.937561	Oh
5	1	1	1	12	14	1564	268	66	27	0.000000	ategg
5	1	1	1	12	15	1662	275	16	6	75.610214	see
5	1	1	1	12	16	1758	271	36	18	60.963303	BR
5	1	1	1	12	17	1837	272	40	17	46.682808	.y
5	1	1	1	12	18	1915	271	64	17	38.467163	S63
5	1	1	1	12	19	2049	262	67	23	0.000000	83
5	1	1	1	12	20	2152	261	66	23	0.000000	2@8n
5	1	1	1	12	21	2255	265	91	18	17.470253	USF
5	1	1	1	12	22	2383	266	16	18	20.447853	yy
5	1	1	1	12	23	2435	266	18	13	89.817215	A
4	1	1	1	13	0	364	272	2138	51	-1	
5	1	1	1	13	1	364	315	41	8	38.821564	wm
5	1	1	1	13	2	436	309	12	9	18.263138	G
5	1	1	1	13	3	509	303	36	13	10.301323	eR
5	1	1	1	13	4	581	310	12	11	23.034866	mo
5	1	1	1	13	5	628	294	357	26	0.000000	RESEOSTRAGRASoe
5	1	1	1	13	6	1022	294	37	22	0.000000	og
5	1	1	1	13	7	1097	291	134	26	0.000000	tsaggy
5	1	1	1	13	8	1269	290	36	27	38.508286	sae
5	1	1	1	13	9	1392	291	37	17	17.388847	no
5	1	1	1	13	10	1489	282	86	28	0.000000	@ee8
5	1	1	1	13	11	1591	271	83	44	24.178513	hikes
5	1	1	1	13	12	1710	292	16	15	49.574562	wy
5	1	1	1	13	13	1757	284	16	21	19.855003	Fe
5	1	1	1	13	14	1830	282	47	19	36.519070	Vs
5	1	1	1	13	15	1914	282	60	17	44.333000	Fhe
5	1	1	1	13	16	2023	279	93	16	34.764702	OSES
5	1	1	1	13	17	2153	278	60	18	43.150055	Ses
5	1	1	1	13	18	2255	276	86	23	0.000000	eosgeo
5	1	1	1	13	19	2382	283	17	12	27.930885	#
5	1	1	1	13	20	2460	272	42	20	37.847767	om
4	1	1	1	14	0	388	288	2114	50	-1	
5	1	1	1	14	1	388	325	11	13	23.658173	Bp
5	1	1	1	14	2	432	315	46	17	47.240776	98
5	1	1	1	14	3	534	318	59	15	11.874733	BG
5	1	1	1	14	4	628	310	111	26	5.968636	OER
5	1	1	1	14	5	730	301	34	40	10.893860	BO
5	1	1	1	14	6	780	316	33	16	23.969398	bm
5	1	1	1	14	7	826	319	38	18	16.959541	eB
5	1	1	1	14	8	876	301	61	40	17.883644	man
5	1	1	1	14	9	948	306	67	26	23.253464	Ee
5	1	1	1	14	10	1003	301	34	40	37.078506	Se
5	1	1	1	14	11	1047	305	66	28	41.839123	ee
5	1	1	1	14	12	1170	316	37	14	3.740471	BB"
5	1	1	1	14	13	1244	307	90	21	3.740471	gh.
5	1	1	1	14	14	1371	297	82	26	0.000000	SSBE
5	1	1	1	14	15	1470	299	81	23	0.000000	OSS
5	1	1	1	14	16	1612	300	62	19	57.891693	are
5	1	1	1	14	17	1709	307	12	12	46.988789	9
5	1	1	1	14	18	1758	298	42	20	39.890526	&S
5	1	1	1	14	19	1860	304	11	9	62.912197	F
5	1	1	1	14	20	1915	296	59	17	42.268364	ARS
5	1	1	1	14	21	2023	300	16	9	36.549229	«9
5	1	1	1	14	22	2073	295	37	11	65.932259	Fo
5	1	1	1	14	23	2152	291	66	15	30.748337	SFR
5	1	1	1	14	24	2255	291	64	22	0.000000	LVQ
5	1	1	1	14	25	2382	298	12	9	76.515373	F
5	1	1	1	14	26	2435	288	67	21	0.000000	ga
4	1	1	1	15	0	534	301	1941	45	-1	
5	1	1	1	15	1	534	335	16	6	63.852654	=
5	1	1	1	15	2	727	332	61	10	12.139877	aeS
5	1	1	1	15	3	810	314	54	36	3.455994	SRP
5	1	1	1	15	4	876	314	109	36	0.000000	estore
5	1	1	1	15	5	999	314	60	36	0.000000	arte
5	1	1	1	15	6	1080	314	53	36	30.197617	see
5	1	1	1	15	7	1149	318	87	20	30.197617	Boks
5	1	1	1	15	8	1317	321	16	10	25.088539	SF
5	1	1	1	15	9	1367	316	110	22	0.000000	SSAA
5	1	1	1	15	10	1514	313	160	23	5.194099	SAP
5	1	1	1	15	11	1643	309	39	33	21.581635	PO
5	1	1	1	15	12	1710	320	10	9	77.385460	F
5	1	1	1	15	13	1758	318	41	13	51.459888	BE
5	1	1	1	15	14	1914	312	59	11	53.744583	Sor
5	1	1	1	15	15	2024	308	61	24	9.380180	35
5	1	1	1	15	16	2148	304	40	22	46.756096	38
5	1	1	1	15	17	2255	307	86	17	25.068359	yond
5	1	1	1	15	18	2431	301	44	18	56.354454	sm
4	1	1	1	16	0	363	307	2133	60	-1	
5	1	1	1	16	1	363	339	37	23	17.148605	os
5	1	1	1	16	2	436	333	37	34	33.621910	88
5	1	1	1	16	3	508	331	37	26	83.690613	QF
5	1	1	1	16	4	582	341	11	10	50.087593	9
5	1	1	1	16	5	628	328	135	30	0.000000	PSLRA
5	1	1	1	16	6	801	346	84	6	37.642216	CPSP
5	1	1	1	16	7	903	335	87	18	9.797272	RCO
5	1	1	1	16	8	1050	335	13	18	9.797272	R
5	1	1	1	16	9	1072	333	36	20	8.089058	FORGE
5	1	1	1	16	10	1145	328	165	22	25.669540	SOR
5	1	1	1	16	11	1272	324	42	41	25.669540	hE
5	1	1	1	16	12	1367	330	32	13	0.000000	BP
5	1	1	1	16	13	1420	334	155	11	0.000000	eReyRo
5	1	1	1	16	14	1567	321	36	36	52.724068	a,
5	1	1	1	16	15	1613	332	37	12	56.191578	Su
5	1	1	1	16	16	1783	327	16	6	55.050049	5
5	1	1	1	16	17	1860	325	11	13	50.598904	eg
5	1	1	1	16	18	1914	319	60	16	30.442375	@8e
5	1	1	1	16	19	2024	318	85	18	16.345505	e829
5	1	1	1	16	20	2177	315	36	15	0.000000	€
5	1	1	1	16	21	2255	322	85	13	0.000000	zfhax
5	1	1	1	16	22	2481	307	15	36	0.000000	C]
4	1	1	1	17	0	457	320	2039	50	-1	
5	1	1	1	17	1	457	355	16	12	44.402283	3
5	1	1	1	17	2	508	356	37	14	5.202271	5
5	1	1	1	17	3	581	353	12	12	11.471451	2
5	1	1	1	17	4	624	356	46	14	58.031807	gE
5	1	1	1	17	5	752	350	39	10	42.728531	oa
5	1	1	1	17	6	805	352	35	14	42.728531	St
5	1	1	1	17	7	898	348	86	15	0.000000	Beate
5	1	1	1	17	8	1022	350	17	5	0.000000	e
5	1	1	1	17	9	1072	346	64	15	42.228462	toad.
5	1	1	1	17	10	1318	343	16	6	0.000000	s
5	1	1	1	17	11	1391	345	38	10	87.972839	ae
5	1	1	1	17	12	1514	338	16	7	26.158554	5
5	1	1	1	17	13	1588	340	86	13	0.000000	aso
5	1	1	1	17	14	1782	335	12	12	44.440254	Q
5	1	1	1	17	15	1914	332	36	15	21.487144	23
5	1	1	1	17	16	2074	332	35	10	42.062386	zt
5	1	1	1	17	17	2152	328	61	22	37.125084	858
5	1	1	1	17	18	2255	325	86	19	0.000000	@&89
5	1	1	1	17	19	2382	320	12	24	76.897598	§
5	1	1	1	17	20	2436	323	60	17	76.835663	sud
4	1	1	1	18	0	364	333	2087	55	-1	
5	1	1	1	18	1	364	363	35	13	37.564476	Te
5	1	1	1	18	2	436	368	41	13	63.379257	os
5	1	1	1	18	3	578	355	20	33	38.812408	re)
5	1	1	1	18	4	653	363	17	6	18.385757	Epo
5	1	1	1	18	5	730	348	36	35	18.385757	dt
5	1	1	1	18	6	777	356	108	21	27.217674	Satya
5	1	1	1	18	7	902	348	87	35	42.830910	Paar
5	1	1	1	18	8	1004	353	79	19	30.222992	eng
5	1	1	1	18	9	1121	352	36	12	0.000000	Ze
5	1	1	1	18	10	1170	345	160	24	0.000000	eBgPORe
5	1	1	1	18	11	1367	353	85	11	19.448082	o8fF
5	1	1	1	18	12	1468	346	33	21	37.441082	og
5	1	1	1	18	13	1523	337	52	39	2.396561	tno
5	1	1	1	18	14	1588	346	91	19	0.000000	Rass
5	1	1	1	18	15	1709	350	12	13	0.000000	BS
5	1	1	1	18	16	1757	341	36	22	74.171356	Pa
5	1	1	1	18	17	1860	339	11	20	63.999844	9
5	1	1	1	18	18	1915	337	58	22	73.686234	Eas
5	1	1	1	18	19	2023	338	87	16	0.000000	oiS<6
5	1	1	1	18	20	2176	343	12	10	74.794464	°
5	1	1	1	18	21	2280	337	37	10	34.460197	Eo
5	1	1	1	18	22	2435	333	16	9	30.760735	+
4	1	1	1	19	0	165	341	2331	63	-1	
5	1	1	1	19	1	165	371	20	33	80.750877	\
5	1	1	1	19	2	364	377	36	13	50.732918	pa
5	1	1	1	19	3	437	377	36	14	55.914101	OS
5	1	1	1	19	4	509	371	41	13	79.529266	Sp
5	1	1	1	19	5	582	377	16	13	0.000000	Be
5	1	1	1	19	6	629	359	61	35	0.000000	Gd
5	1	1	1	19	7	707	370	56	18	4.685631	232
5	1	1	1	19	8	776	375	12	10	0.000000	o
5	1	1	1	19	9	824	376	87	11	7.086395	Fee,
5	1	1	1	19	10	927	368	38	16	37.957577	Pr
5	1	1	1	19	11	998	367	12	10	48.882317	oO,
5	1	1	1	19	12	1053	356	36	35	31.974266	PS
5	1	1	1	19	13	1096	361	116	20	0.000000	rater
5	1	1	1	19	14	1243	365	61	16	0.000000	eZoo0
5	1	1	1	19	15	1367	357	115	20	0.000000	egqcase-
5	1	1	1	19	16	1535	354	16	20	36.616478	3
5	1	1	1	19	17	1613	354	40	21	15.617035	gs
5	1	1	1	19	18	1709	364	12	10	88.193031	&
5	1	1	1	19	19	1757	355	42	16	58.544762	8s
5	1	1	1	19	20	1860	355	17	15	34.757912	$
5	1	1	1	19	21	1914	356	15	8	79.158165	¢
5	1	1	1	19	22	2024	351	86	17	32.740585	tees
5	1	1	1	19	23	2152	349	61	20	59.047539	3332
5	1	1	1	19	24	2255	345	86	19	8.898941	SEUSS
5	1	1	1	19	25	2382	345	16	20	46.797363	8
5	1	1	1	19	26	2435	341	61	13	0.000000	$55
4	1	1	1	20	0	384	355	2113	55	-1	
5	1	1	1	20	1	384	379	26	31	56.638596	fo}
5	1	1	1	20	2	455	393	24	8	33.899879	a
5	1	1	1	20	3	509	383	36	15	32.040550	88
5	1	1	1	20	4	628	380	36	26	27.702797	SoS
5	1	1	1	20	5	702	385	61	15	15.071823	Oe
5	1	1	1	20	6	750	374	36	36	24.711548	En
5	1	1	1	20	7	801	388	16	5	14.920837	oF
5	1	1	1	20	8	845	369	115	39	4.233849	Boothe
5	1	1	1	20	9	977	373	57	20	45.043480	bee
5	1	1	1	20	10	1049	373	33	23	0.000000	od
5	1	1	1	20	11	1095	376	37	11	0.000000	on
5	1	1	1	20	12	1170	368	61	26	9.363144	eos
5	1	1	1	20	13	1246	372	83	25	0.000000	aeoy
5	1	1	1	20	14	1367	370	37	22	45.339622	ae
5	1	1	1	20	15	1440	368	61	26	0.000000	ons
5	1	1	1	20	16	1519	362	81	37	0.000000	tease
5	1	1	1	20	17	1621	367	56	20	21.621330	lag
5	1	1	1	20	18	1710	374	16	13	39.429985	g
5	1	1	1	20	19	1753	366	40	19	46.841850	25
5	1	1	1	20	20	1914	365	65	16	46.246506	Bog
5	1	1	1	20	21	2023	360	93	18	17.305801	2745
5	1	1	1	20	22	2152	366	61	15	50.029682	ate
5	1	1	1	20	23	2255	357	92	17	0.000000	Fae
5	1	1	1	20	24	2435	355	62	19	59.801250	Boo
4	1	1	1	21	0	388	366	2112	64	-1	
5	1	1	1	21	1	388	406	17	15	53.952919	3
5	1	1	1	21	2	436	398	37	26	80.395439	Be
5	1	1	1	21	3	508	405	37	25	48.927849	po
5	1	1	1	21	4	582	400	16	19	59.363708	5
5	1	1	1	21	5	629	400	86	21	0.000000	SeoP
5	1	1	1	21	6	730	395	58	27	47.570671	ose
5	1	1	1	21	7	806	394	31	27	21.017120	Fe
5	1	1	1	21	8	874	389	184	32	0.000000	BLe
5	1	1	1	21	9	949	385	42	41	0.000000	Se
5	1	1	1	21	10	1000	389	58	32	0.000000	eas
5	1	1	1	21	11	1096	383	86	34	0.000000	gBRS
5	1	1	1	21	12	1200	394	84	14	0.000000	meee
5	1	1	1	21	13	1316	387	14	26	0.000000	g
5	1	1	1	21	14	1367	386	85	22	26.966011	Berg
5	1	1	1	21	15	1469	390	32	13	18.102722	re
5	1	1	1	21	16	1517	380	161	36	9.143066	Fegsaas
5	1	1	1	21	17	1710	397	15	6	0.000000	»
5	1	1	1	21	18	1757	380	36	25	0.000000	§a
5	1	1	1	21	19	1860	373	11	21	66.337448	3
5	1	1	1	21	20	1909	380	65	25	53.589073	aS,
5	1	1	1	21	21	2024	373	86	30	31.187210	38885
5	1	1	1	21	22	2152	373	66	28	22.442719	oNR
5	1	1	1	21	23	2255	375	92	25	33.923935	SHES
5	1	1	1	21	24	2382	366	12	21	79.377724	a
5	1	1	1	21	25	2435	369	65	28	24.490059	23d
4	1	1	1	22	0	382	388	2119	50	-1	
5	1	1	1	22	1	382	424	24	7	89.218575	>
5	1	1	1	22	2	436	425	43	13	77.946716	aw
5	1	1	1	22	3	534	421	11	9	62.339367	3
5	1	1	1	22	4	581	420	15	9	37.577637	+
5	1	1	1	22	5	628	415	67	21	69.817566	of”
5	1	1	1	22	6	727	413	163	22	0.000000	Qeeahwa
5	1	1	1	22	7	901	414	59	17	40.191799	sag
5	1	1	1	22	8	978	406	105	29	3.740341	esas
5	1	1	1	22	9	1099	418	9	10	3.740341	h
5	1	1	1	22	10	1126	407	80	26	21.717392	Boge
5	1	1	1	22	11	1222	408	33	13	51.775951	BO
5	1	1	1	22	12	1292	408	37	19	58.100552	pe
5	1	1	1	22	13	1367	404	307	24	0.000000	seSe®ansFsaveze
5	1	1	1	22	14	1710	404	10	13	25.797264	2
5	1	1	1	22	15	1758	406	36	13	68.183479	BB
5	1	1	1	22	16	1860	404	11	10	42.535782	®
5	1	1	1	22	17	1927	392	51	30	16.165604	ED.
5	1	1	1	22	18	2048	400	68	16	62.532211	aR”
5	1	1	1	22	19	2177	390	41	19	38.739220	NS
5	1	1	1	22	20	2255	390	66	22	38.865925	570
5	1	1	1	22	21	2382	398	12	10	19.418297	e®
5	1	1	1	22	22	2435	388	66	23	0.000000	oN
4	1	1	1	23	0	388	399	2087	53	-1	
5	1	1	1	23	1	388	438	11	14	42.062187	R
5	1	1	1	23	2	504	431	46	14	56.155746	“a
5	1	1	1	23	3	581	431	12	10	81.373703	©
5	1	1	1	23	4	629	425	429	27	0.000000	BGaepraaPaphoerate
5	1	1	1	23	5	1025	421	38	35	0.000000	sh
5	1	1	1	23	6	1095	427	62	22	0.000000	eoos
5	1	1	1	23	7	1194	418	135	23	0.000000	Ecophe
5	1	1	1	23	8	1368	418	84	23	2.251442	ARS
5	1	1	1	23	9	1469	407	63	39	14.263062	ase
5	1	1	1	23	10	1534	415	140	23	0.000000	Sorsse
5	1	1	1	23	11	1709	417	15	9	10.914780	Fg
5	1	1	1	23	12	1757	416	40	12	51.037331	as
5	1	1	1	23	13	1856	415	15	13	54.430714	2
5	1	1	1	23	14	1914	404	65	31	51.031879	gfe
5	1	1	1	23	15	2023	401	62	34	41.962212	888
5	1	1	1	23	16	2152	410	66	21	76.945724	Sas
5	1	1	1	23	17	2255	407	91	17	11.243752	BRON
5	1	1	1	23	18	2459	399	16	26	0.000000	¢
4	1	1	1	24	0	364	413	2137	54	-1	
5	1	1	1	24	1	364	459	42	7	52.313465	yo
5	1	1	1	24	2	436	447	36	19	46.141914	24
5	1	1	1	24	3	533	446	12	21	57.432190	@
5	1	1	1	24	4	576	443	17	23	67.563965	B
5	1	1	1	24	5	628	454	16	9	18.642281	CS
5	1	1	1	24	6	678	444	16	12	0.000000	Fe
5	1	1	1	24	7	729	440	87	26	0.000000	geek
5	1	1	1	24	8	828	444	88	16	0.000000	sss.
5	1	1	1	24	9	929	440	37	22	0.000000	Pe
5	1	1	1	24	10	976	443	37	13	0.000000	me
5	1	1	1	24	11	1046	438	86	20	19.723740	teks
5	1	1	1	24	12	1121	434	16	37	19.723740	s
5	1	1	1	24	13	1170	433	159	20	2.705307	SBaoytB
5	1	1	1	24	14	1367	441	40	15	48.543682	Fa
5	1	1	1	24	15	1465	432	60	21	0.000000	PSs,
5	1	1	1	24	16	1563	426	110	27	0.000000	oFFe5
5	1	1	1	24	17	1704	428	17	24	17.244995	B
5	1	1	1	24	18	1782	427	15	22	42.259178	2
5	1	1	1	24	19	1860	428	16	19	32.211777	S
5	1	1	1	24	20	1915	429	59	13	0.000000	So
5	1	1	1	24	21	2024	419	92	26	0.000000	BoahQ
5	1	1	1	24	22	2152	417	66	26	32.404930	#55
5	1	1	1	24	23	2255	422	91	16	56.213081	S957
5	1	1	1	24	24	2382	421	11	10	65.705338	&
5	1	1	1	24	25	2435	413	66	28	28.014420	347
4	1	1	1	25	0	371	431	2130	53	-1	
5	1	1	1	25	1	371	477	3	4	0.000000	Y
5	1	1	1	25	2	437	466	41	14	36.387779	a
5	1	1	1	25	3	508	455	41	29	17.087387	gs
5	1	1	1	25	4	582	467	11	9	39.187798	5
5	1	1	1	25	5	629	458	162	25	37.012642	Seeadas
5	1	1	1	25	6	824	455	16	22	33.302795	=
5	1	1	1	25	7	874	459	62	19	0.000000	pra
5	1	1	1	25	8	948	455	41	18	0.000000	eP
5	1	1	1	25	9	999	454	60	22	0.000000	Sus
5	1	1	1	25	10	1077	458	80	16	0.000000	eare
5	1	1	1	25	11	1174	446	73	30	0.000000	hol
5	1	1	1	25	12	1271	443	58	26	33.129135	2.8
5	1	1	1	25	13	1366	445	135	26	0.000000	Brreg,
5	1	1	1	25	14	1515	443	85	25	44.013481	e348
5	1	1	1	25	15	1661	448	12	10	34.958893	6
5	1	1	1	25	16	1709	453	12	9	72.578613	8
5	1	1	1	25	17	1757	438	37	22	67.791626	O8
5	1	1	1	25	18	1860	450	11	9	14.457970	$
5	1	1	1	25	19	1915	437	64	24	0.000000	2a
5	1	1	1	25	20	2023	439	37	27	13.426598	BF
5	1	1	1	25	21	2073	437	37	23	13.426598	of
5	1	1	1	25	22	2152	441	61	14	56.699062	S88
5	1	1	1	25	23	2254	435	87	21	40.405731	+242
5	1	1	1	25	24	2382	433	16	19	41.642643	8s
5	1	1	1	25	25	2436	431	65	27	22.519554	pat
4	1	1	1	26	0	363	449	2134	55	-1	
5	1	1	1	26	1	363	476	42	25	47.649246	ef
5	1	1	1	26	2	436	480	42	19	0.000000	S&T
5	1	1	1	26	3	508	481	37	19	47.135406	58
5	1	1	1	26	4	628	470	233	34	10.378181	PSUR
5	1	1	1	26	5	731	462	35	46	31.676414	RR
5	1	1	1	26	6	781	470	80	34	40.343891	ONO
5	1	1	1	26	7	899	470	61	25	26.448174	Re
5	1	1	1	26	8	1018	462	66	46	39.726700	Bag
5	1	1	1	26	9	1099	470	34	13	34.983475	ea
5	1	1	1	26	10	1149	469	32	24	43.346779	eS
5	1	1	1	26	11	1199	468	56	18	0.000000	ROR
5	1	1	1	26	12	1256	466	78	22	0.000000	ELE
5	1	1	1	26	13	1367	459	311	28	0.000000	SSae
5	1	1	1	26	14	1466	452	69	43	10.271523	eee
5	1	1	1	26	15	1549	459	105	28	31.087738	toa,
5	1	1	1	26	16	1664	452	18	43	26.395355	R
5	1	1	1	26	17	1709	464	11	9	7.794693	A
5	1	1	1	26	18	1757	456	36	26	31.834602	EE
5	1	1	1	26	19	1860	461	11	21	54.294891	§
5	1	1	1	26	20	1915	460	59	16	56.710892	Fas
5	1	1	1	26	21	2024	461	86	14	0.000000	EBs@s
5	1	1	1	26	22	2152	454	65	15	39.826332	375
5	1	1	1	26	23	2255	450	86	24	29.593407	C2FS
5	1	1	1	26	24	2382	455	11	20	71.817337	3
5	1	1	1	26	25	2435	449	62	25	70.255692	Fae
4	1	1	1	27	0	364	467	2108	54	-1	
5	1	1	1	27	1	364	499	41	10	0.000000	™E
5	1	1	1	27	2	437	498	41	14	36.589478	EO
5	1	1	1	27	3	509	501	36	20	41.160084	Bea
5	1	1	1	27	4	581	495	17	12	78.358200	*
5	1	1	1	27	5	629	495	60	13	45.207413	pag
5	1	1	1	27	6	726	487	159	26	0.000000	SELAIaF
5	1	1	1	27	7	907	489	81	22	30.146210	OSes
5	1	1	1	27	8	1001	490	32	19	23.465736	oR
5	1	1	1	27	9	1050	482	32	27	2.851166	ET
5	1	1	1	27	10	1099	483	112	27	0.000000	SSEUS
5	1	1	1	27	11	1243	479	86	23	46.361496	FESS
5	1	1	1	27	12	1367	489	36	14	67.372032	No
5	1	1	1	27	13	1422	481	82	22	0.000000	thBR
5	1	1	1	27	14	1516	482	59	16	34.633720	SOB
5	1	1	1	27	15	1594	482	31	12	5.751175	mB
5	1	1	1	27	16	1661	487	12	9	0.000000	o
5	1	1	1	27	17	1757	477	37	24	24.227905	8e
5	1	1	1	27	18	1914	467	65	37	47.780014	Bees
5	1	1	1	27	19	2023	473	92	15	71.126785	BOSE
5	1	1	1	27	20	2152	469	66	24	66.987244	Sos
5	1	1	1	27	21	2255	473	86	21	0.000000	ngee
5	1	1	1	27	22	2459	468	13	8	68.535812	a
4	1	1	1	28	0	388	478	2083	38	-1	
5	1	1	1	28	1	388	510	17	6	82.686996	=
5	1	1	1	28	2	1219	499	16	5	9.351898	-
5	1	1	1	28	3	2459	478	12	13	65.855347	€
4	1	1	1	29	0	364	475	2132	63	-1	
5	1	1	1	29	1	364	516	41	22	29.824394	to
5	1	1	1	29	2	436	512	37	25	60.205647	of
5	1	1	1	29	3	533	517	12	13	70.526390	2
5	1	1	1	29	4	581	525	15	9	67.968231	,
5	1	1	1	29	5	627	505	333	30	14.735023	LESs
5	1	1	1	29	6	735	499	58	40	0.000000	tee
5	1	1	1	29	7	805	499	61	40	0.000000	mes
5	1	1	1	29	8	875	505	85	30	7.126984	RSs
5	1	1	1	29	9	997	505	135	19	12.459976	Osea
5	1	1	1	29	10	1099	499	40	40	0.000000	BR
5	1	1	1	29	11	1170	505	139	19	0.000000	ANEANe
5	1	1	1	29	12	1292	499	21	40	10.880615	&
5	1	1	1	29	13	1367	493	306	27	0.000000	geueaesgToseta
5	1	1	1	29	14	1708	492	17	11	81.705910	*
5	1	1	1	29	15	1757	495	36	14	22.366600	SB
5	1	1	1	29	16	1860	492	17	17	22.675903	sy
5	1	1	1	29	17	1914	496	60	17	43.827370	BEd
5	1	1	1	29	18	2018	488	92	20	0.000000	Sonk
5	1	1	1	29	19	2151	480	61	30	19.439407	SQ
5	1	1	1	29	20	2255	486	85	23	0.000000	BS5B
5	1	1	1	29	21	2382	485	16	17	78.570518	N
5	1	1	1	29	22	2435	475	17	27	75.842651	25
5	1	1	1	29	23	2485	482	11	13	75.842651	8
4	1	1	1	30	0	363	492	2133	61	-1	
5	1	1	1	30	1	363	533	37	16	31.875450	82
5	1	1	1	30	2	436	534	37	15	68.367729	$5
5	1	1	1	30	3	504	530	41	23	0.000000	25
5	1	1	1	30	4	582	536	16	13	39.422501	£
5	1	1	1	30	5	628	523	312	27	0.000000	FR=IESESCSER
5	1	1	1	30	6	878	519	64	38	59.935036	EES
5	1	1	1	30	7	973	521	17	13	30.837952	5
5	1	1	1	30	8	1021	506	136	39	0.000000	ee2o88
5	1	1	1	30	9	1173	518	103	22	7.795090	Speug
5	1	1	1	30	10	1295	513	33	17	28.065262	Fy
5	1	1	1	30	11	1391	512	61	27	0.000000	Sag
5	1	1	1	30	12	1468	508	59	35	0.000000	R5F
5	1	1	1	30	13	1538	516	86	20	0.000000	Seu
5	1	1	1	30	14	1708	522	16	9	18.836449	«
5	1	1	1	30	15	1756	507	41	26	0.000000	&o
5	1	1	1	30	16	1860	508	17	18	4.322876	%y
5	1	1	1	30	17	1914	509	60	21	0.000000	 @eQ
5	1	1	1	30	18	2023	501	86	25	42.202110	woFd
5	1	1	1	30	19	2152	512	60	15	57.798683	pe
5	1	1	1	30	20	2255	506	61	17	86.321396	Onk
5	1	1	1	30	21	2382	501	16	18	39.196739	a
5	1	1	1	30	22	2435	492	61	29	32.310402	88
4	1	1	1	31	0	388	514	2108	54	-1	
5	1	1	1	31	1	388	551	11	13	72.577232	@
5	1	1	1	31	2	436	546	40	22	50.554176	88
5	1	1	1	31	3	508	553	13	9	27.484581	G2
5	1	1	1	31	4	581	550	12	10	75.331085	F
5	1	1	1	31	5	628	534	382	31	17.974930	Sects
5	1	1	1	31	6	752	525	44	48	35.083633	ea
5	1	1	1	31	7	820	525	68	48	21.069122	SES
5	1	1	1	31	8	904	525	68	48	21.069122	SRT
5	1	1	1	31	9	1000	525	58	48	6.691887	BCR
5	1	1	1	31	10	1076	540	56	23	6.691887	RSE
5	1	1	1	31	11	1148	538	36	16	26.946823	EO
5	1	1	1	31	12	1200	525	30	48	36.056793	ad
5	1	1	1	31	13	1248	525	36	48	38.212452	mae
5	1	1	1	31	14	1296	529	33	20	34.483803	ee
5	1	1	1	31	15	1366	529	61	24	0.000000	S25
5	1	1	1	31	16	1442	533	34	12	0.000000	PR
5	1	1	1	31	17	1492	530	34	20	0.000000	oS
5	1	1	1	31	18	1545	530	30	22	0.000000	5R
5	1	1	1	31	19	1588	526	85	21	33.147888	eat,
5	1	1	1	31	20	1709	533	16	13	80.371323	F
5	1	1	1	31	21	1782	525	17	13	47.228233	AS
5	1	1	1	31	22	1874	539	2	3	0.000000	.
5	1	1	1	31	23	1913	526	61	23	36.289780	89d
5	1	1	1	31	24	2023	523	62	20	0.000000	Fon
5	1	1	1	31	25	2102	510	19	43	0.000000	kl
5	1	1	1	31	26	2147	521	65	26	3.199478	B&s
5	1	1	1	31	27	2251	514	94	20	0.000000	eee
5	1	1	1	31	28	2435	516	61	18	84.723335	Bae
4	1	1	1	32	0	388	530	2107	52	-1	
5	1	1	1	32	1	388	565	12	12	53.376011	a
5	1	1	1	32	2	436	560	37	22	31.707230	go
5	1	1	1	32	3	508	553	37	20	78.838974	a3
5	1	1	1	32	4	581	561	12	20	53.020401	§
5	1	1	1	32	5	629	554	188	24	13.397644	£eS80gS2
5	1	1	1	32	6	849	561	36	10	11.783173	ee
5	1	1	1	32	7	895	554	168	21	11.783173	ssgesek
5	1	1	1	32	8	1095	550	62	13	2.086166	SBS?
5	1	1	1	32	9	1195	548	36	25	2.638794	os
5	1	1	1	32	10	1246	550	88	20	2.638794	Mare
5	1	1	1	32	11	1367	549	61	18	67.264732	Eos
5	1	1	1	32	12	1490	548	39	13	26.688530	$4
5	1	1	1	32	13	1588	544	90	24	1.712814	Boaz
5	1	1	1	32	14	1708	547	13	10	69.716431	&
5	1	1	1	32	15	1756	540	38	22	72.283203	ee
5	1	1	1	32	16	1860	536	11	18	47.464787	e
5	1	1	1	32	17	1914	540	65	17	77.424591	382
5	1	1	1	32	18	2023	536	91	24	26.123642	ofan
5	1	1	1	32	19	2176	535	42	20	56.348267	$2
5	1	1	1	32	20	2255	532	91	24	0.000000	O88
5	1	1	1	32	21	2381	530	17	11	88.543350	&
5	1	1	1	32	22	2429	535	66	19	62.975777	YER
4	1	1	1	33	0	363	540	2109	56	-1	
5	1	1	1	33	1	363	577	40	15	24.742264	G2
5	1	1	1	33	2	437	581	39	9	91.827393	Ba
5	1	1	1	33	3	508	574	37	22	35.617027	SP
5	1	1	1	33	4	629	569	35	16	47.382469	BO
5	1	1	1	33	5	679	577	35	11	0.000000	so
5	1	1	1	33	6	751	578	12	13	44.598755	®
5	1	1	1	33	7	824	574	12	11	33.036102	en
5	1	1	1	33	8	873	564	111	24	0.000000	P2SSE
5	1	1	1	33	9	1023	565	36	13	0.514717	ak
5	1	1	1	33	10	1076	564	54	13	0.000000	hak
5	1	1	1	33	11	1150	555	11	40	24.131943	2
5	1	1	1	33	12	1170	563	35	28	57.405468	ws
5	1	1	1	33	13	1242	561	92	22	34.286301	Syog
5	1	1	1	33	14	1367	553	211	28	30.653419	BQSp>RSS
5	1	1	1	33	15	1544	548	38	37	21.805771	+2
5	1	1	1	33	16	1612	555	61	16	11.587303	BR20
5	1	1	1	33	17	1709	558	11	10	42.265282	2
5	1	1	1	33	18	1757	553	36	20	38.932667	SB
5	1	1	1	33	19	1913	550	42	19	69.465576	ge,
5	1	1	1	33	20	2072	541	43	31	42.558884	gy.
5	1	1	1	33	21	2176	540	37	31	42.022549	#96
5	1	1	1	33	22	2275	544	65	20	40.095222	“52
5	1	1	1	33	23	2381	543	12	21	87.293465	8
5	1	1	1	33	24	2435	550	37	12	41.120876	“op
4	1	1	1	34	0	277	555	2219	51	-1	
5	1	1	1	34	1	277	590	3	5	75.078255	'
5	1	1	1	34	2	364	588	36	18	48.544506	£e
5	1	1	1	34	3	437	590	41	14	67.986450	SF
5	1	1	1	34	4	509	585	41	20	34.657196	35
5	1	1	1	34	5	581	591	12	11	10.354431	@
5	1	1	1	34	6	628	575	45	35	0.000000	Mer
5	1	1	1	34	7	683	575	86	35	0.000000	eroW
5	1	1	1	34	8	776	579	85	25	44.526958	Bag
5	1	1	1	34	9	898	590	12	12	3.790627	AF
5	1	1	1	34	10	944	576	90	25	8.539490	SheS
5	1	1	1	34	11	1047	576	87	19	0.000000	Pore
5	1	1	1	34	12	1194	574	40	25	0.000000	sags
5	1	1	1	34	13	1292	577	42	18	15.288620	Sf
5	1	1	1	34	14	1362	577	71	15	20.392242	gerd
5	1	1	1	34	15	1494	572	7	16	42.684460	®
5	1	1	1	34	16	1513	570	92	21	14.612358	oreo
5	1	1	1	34	17	1632	572	17	12	41.361755	ag
5	1	1	1	34	18	1708	568	13	10	21.876999	@
5	1	1	1	34	19	1860	565	16	20	22.999725	3
5	1	1	1	34	20	1914	559	60	34	0.000000	g58
5	1	1	1	34	21	2023	558	34	26	31.135170	ao
5	1	1	1	34	22	2074	564	36	19	16.231339	Se
5	1	1	1	34	23	2201	562	11	20	89.456940	3
5	1	1	1	34	24	2255	559	85	19	0.000000	Fosse
5	1	1	1	34	25	2381	566	12	9	91.202126	&
5	1	1	1	34	26	2459	555	37	16	57.240963	a0
4	1	1	1	35	0	205	567	2294	50	-1	
5	1	1	1	35	1	205	609	2	2	27.223991	4
5	1	1	1	35	2	363	606	40	11	70.311951	we
5	1	1	1	35	3	436	604	37	11	35.454849	28
5	1	1	1	35	4	534	604	11	11	35.915131	sy
5	1	1	1	35	5	582	602	11	13	17.398300	2
5	1	1	1	35	6	652	590	382	27	0.000000	FRLSaTeseakueeee
5	1	1	1	35	7	1067	589	114	22	25.572807	ese
5	1	1	1	35	8	1243	584	61	23	30.165916	BBs
5	1	1	1	35	9	1316	580	13	32	30.165916	eo
5	1	1	1	35	10	1391	585	208	22	0.000000	FTSTLeotRSS,_
5	1	1	1	35	11	1638	580	35	22	34.326698	BF
5	1	1	1	35	12	1708	588	13	10	70.842155	o
5	1	1	1	35	13	1757	574	36	21	80.960541	By
5	1	1	1	35	14	1860	588	11	10	61.078602	a
5	1	1	1	35	15	1913	582	13	8	25.083031	®
5	1	1	1	35	16	2023	577	86	21	22.298340	Bee,
5	1	1	1	35	17	2151	579	36	10	30.669464	9
5	1	1	1	35	18	2254	567	91	31	0.858467	8seorn
5	1	1	1	35	19	2460	570	39	21	65.191254	ae
4	1	1	1	36	0	388	585	2005	46	-1	
5	1	1	1	36	1	388	617	17	13	16.148438	gs
5	1	1	1	36	2	436	621	15	10	3.854538	¢@
5	1	1	1	36	3	533	616	12	10	48.983162	8
5	1	1	1	36	4	582	616	16	6	15.264587	&
5	1	1	1	36	5	628	606	36	25	32.427460	4oey
5	1	1	1	36	6	702	605	85	23	47.166233	nen
5	1	1	1	36	7	849	607	86	15	10.291412	epee
5	1	1	1	36	8	973	604	60	20	10.291412	2208
5	1	1	1	36	9	1095	594	208	27	0.000000	Roftpsees
5	1	1	1	36	10	1366	591	307	34	0.000000	gRSSS8RR5E8+ERs
5	1	1	1	36	11	1709	599	11	13	63.057030	2
5	1	1	1	36	12	1757	594	37	14	72.405945	Be
5	1	1	1	36	13	1860	600	11	10	57.774826	4
5	1	1	1	36	14	1938	593	40	19	46.067856	pe
5	1	1	1	36	15	2023	594	67	11	18.781502	pe
5	1	1	1	36	16	2151	588	61	14	11.055527	33,
5	1	1	1	36	17	2254	585	86	22	0.000000	9S*F
5	1	1	1	36	18	2377	585	16	13	25.403152	x
4	1	1	1	37	0	363	591	2133	49	-1	
5	1	1	1	37	1	363	625	15	10	70.507523	¢
5	1	1	1	37	2	508	625	12	14	85.691246	R
5	1	1	1	37	3	581	623	12	9	81.489502	&
5	1	1	1	37	4	628	626	12	13	0.523254	Si
5	1	1	1	37	5	677	621	18	12	0.523254	nF
5	1	1	1	37	6	731	607	32	37	0.000000	PS
5	1	1	1	37	7	776	618	65	22	0.000000	sane
5	1	1	1	37	8	869	611	140	27	0.000000	Szeog
5	1	1	1	37	9	1071	621	11	8	62.032600	a,
5	1	1	1	37	10	1121	614	113	15	0.000000	REESE
5	1	1	1	37	11	1268	609	64	18	0.000000	ORS
5	1	1	1	37	12	1391	608	89	18	37.462128	OPP
5	1	1	1	37	13	1514	614	16	12	0.000000	eee
5	1	1	1	37	14	1564	609	39	13	0.000000	Nee
5	1	1	1	37	15	1637	606	17	14	43.567432	Po
5	1	1	1	37	16	1709	613	16	6	30.600670	RB
5	1	1	1	37	17	1757	608	40	11	49.395927	Re
5	1	1	1	37	18	2048	598	61	21	24.803093	$55
5	1	1	1	37	19	2147	591	65	24	43.947182	S32
5	1	1	1	37	20	2279	594	66	19	0.000000	BOGE
5	1	1	1	37	21	2460	592	36	16	49.722523	Be
4	1	1	1	38	0	363	600	2133	52	-1	
5	1	1	1	38	1	363	632	40	20	60.022972	$28
5	1	1	1	38	2	437	626	41	19	81.313614	FO
5	1	1	1	38	3	534	635	16	13	1.195770	we
5	1	1	1	38	4	581	633	15	19	54.735313	2
5	1	1	1	38	5	630	639	34	13	9.654503	Be
5	1	1	1	38	6	677	627	111	25	0.000000	Megssd
5	1	1	1	38	7	824	629	37	20	0.000000	Mp
5	1	1	1	38	8	894	627	90	18	0.000000	edrs
5	1	1	1	38	9	1017	625	16	13	49.702473	ey
5	1	1	1	38	10	1074	623	87	22	0.000000	Besa
5	1	1	1	38	11	1171	621	158	22	0.000000	eeesneo
5	1	1	1	38	12	1366	626	37	10	58.099560	ae
5	1	1	1	38	13	1440	618	135	20	0.000000	Bathe
5	1	1	1	38	14	1590	621	82	18	0.000000	etae
5	1	1	1	38	15	1708	621	12	8	26.720413	@
5	1	1	1	38	16	1756	615	13	15	86.559708	&
5	1	1	1	38	17	1860	611	11	14	82.674316	2
5	1	1	1	38	18	1938	613	41	15	81.774765	bBo
5	1	1	1	38	19	2023	608	61	24	53.095608	BBS
5	1	1	1	38	20	2172	613	40	12	64.609566	SS
5	1	1	1	38	21	2255	604	90	23	7.972954	85QE
5	1	1	1	38	22	2382	600	11	22	79.479187	8
5	1	1	1	38	23	2460	609	36	10	53.097145	Bo
4	1	1	1	39	0	162	616	2337	90	-1	
5	1	1	1	39	1	162	655	24	13	83.313820	~
5	1	1	1	39	2	260	638	143	68	50.795803	INGE
5	1	1	1	39	3	436	646	37	24	38.215919	oe
5	1	1	1	39	4	508	648	37	19	33.487938	98
5	1	1	1	39	5	628	645	91	21	0.664223	SSS
5	1	1	1	39	6	751	645	66	19	29.308792	ose
5	1	1	1	39	7	869	644	66	16	0.000000	OBeoo
5	1	1	1	39	8	973	636	60	24	36.304401	tee
5	1	1	1	39	9	1067	638	138	20	42.699451	gerags
5	1	1	1	39	10	1267	643	35	13	53.690681	NA
5	1	1	1	39	11	1318	645	11	12	44.959774	w
5	1	1	1	39	12	1391	632	85	21	0.000000	ERSo
5	1	1	1	39	13	1494	629	105	25	18.871475	tates
5	1	1	1	39	14	1637	633	35	25	65.511185	PS
5	1	1	1	39	15	1708	630	16	19	71.995636	F
5	1	1	1	39	16	1757	626	37	26	52.280521	ER
5	1	1	1	39	17	1860	626	16	18	27.601730	®
5	1	1	1	39	18	1913	622	60	27	53.181656	€f0
5	1	1	1	39	19	2023	623	86	23	80.340668	8288
5	1	1	1	39	20	2151	625	66	19	50.411438	S48
5	1	1	1	39	21	2255	620	85	22	26.062729	PEER
5	1	1	1	39	22	2381	623	12	11	40.876598	§
5	1	1	1	39	23	2460	616	39	13	65.418167	ae
4	1	1	1	40	0	363	627	2136	57	-1	
5	1	1	1	40	1	363	671	42	13	52.748528	Se
5	1	1	1	40	2	436	666	40	12	19.766006	oH
5	1	1	1	40	3	508	660	37	20	58.363617	S42
5	1	1	1	40	4	581	662	12	11	69.402176	©
5	1	1	1	40	5	629	656	184	24	0.000000	FRSSHBRS
5	1	1	1	40	6	849	654	135	26	6.836655	peewee
5	1	1	1	40	7	1017	652	16	25	83.935959	a
5	1	1	1	40	8	1067	650	114	23	0.000000	BeeSa
5	1	1	1	40	9	1220	645	63	35	30.480362	ate
5	1	1	1	40	10	1316	658	18	15	41.901455	2
5	1	1	1	40	11	1366	642	115	29	0.000000	Geos
5	1	1	1	40	12	1520	659	30	10	0.000000	CW
5	1	1	1	40	13	1564	652	109	21	0.000000	SoBe
5	1	1	1	40	14	1752	653	41	13	43.335869	Fy
5	1	1	1	40	15	1860	645	15	18	82.524818	&
5	1	1	1	40	16	1913	642	60	23	44.559158	AS
5	1	1	1	40	17	2023	634	86	24	0.000000	Sa58
5	1	1	1	40	18	2151	634	61	22	0.000000	S$
5	1	1	1	40	19	2255	635	65	20	65.229034	332
5	1	1	1	40	20	2381	636	12	10	35.933365	®
5	1	1	1	40	21	2460	638	10	10	0.000000	m
5	1	1	1	40	22	2480	627	19	33	64.573669	ct
4	1	1	1	41	0	388	646	2112	55	-1	
5	1	1	1	41	1	388	686	11	9	72.251541	&
5	1	1	1	41	2	437	677	36	24	40.145004	$8
5	1	1	1	41	3	509	681	11	12	66.093491	5
5	1	1	1	41	4	628	679	61	20	0.000000	eos
5	1	1	1	41	5	704	675	10	20	0.000000	k
5	1	1	1	41	6	731	677	82	17	21.033409	rea?
5	1	1	1	41	7	849	666	86	24	35.203300	Bagot
5	1	1	1	41	8	973	670	41	24	51.566158	Ag
5	1	1	1	41	9	1071	674	60	17	25.305786	Oma
5	1	1	1	41	10	1152	671	29	14	14.607544	ES
5	1	1	1	41	11	1197	676	34	13	14.607544	Ee
5	1	1	1	41	12	1292	664	37	26	28.478714	OB
5	1	1	1	41	13	1366	659	250	29	0.000000	se#sRooree
5	1	1	1	41	14	1650	677	4	4	20.505081	ko
5	1	1	1	41	15	1708	659	13	12	49.785881	>
5	1	1	1	41	16	1756	668	37	12	80.075302	pe
5	1	1	1	41	17	1856	653	15	34	1.072777	sg
5	1	1	1	41	18	1938	661	35	20	27.763870	se
5	1	1	1	41	19	2023	651	86	25	46.729015	@58<
5	1	1	1	41	20	2151	646	61	28	50.161518	ges
5	1	1	1	41	21	2255	652	89	22	7.243027	ASS
5	1	1	1	41	22	2381	658	12	11	0.000000	&
5	1	1	1	41	23	2460	649	40	23	47.151886	ge
4	1	1	1	42	0	159	658	2337	135	-1	
5	1	1	1	42	1	159	712	70	81	75.030800	>
5	1	1	1	42	2	275	658	35	107	17.068695	S
5	1	1	1	42	3	363	697	36	27	51.248821	eo
5	1	1	1	42	4	432	699	41	35	61.082565	38
5	1	1	1	42	5	508	694	41	29	51.515408	B+
5	1	1	1	42	6	581	692	12	14	60.543499	*
5	1	1	1	42	7	628	689	189	49	9.160683	EESESS
5	1	1	1	42	8	784	682	35	60	46.854324	oe
5	1	1	1	42	9	849	689	86	43	0.000000	GoRe
5	1	1	1	42	10	954	686	84	35	26.741074	TERE
5	1	1	1	42	11	1071	685	86	36	33.230942	eer
5	1	1	1	42	12	1209	675	119	53	28.193604	tree
5	1	1	1	42	13	1367	679	232	35	0.000000	geaeegebeg
5	1	1	1	42	14	1636	675	37	39	11.277634	2
5	1	1	1	42	15	1708	689	12	15	12.866982	.
5	1	1	1	42	16	1756	679	37	37	57.178535	FR
5	1	1	1	42	17	1860	676	15	23	35.077065	8
5	1	1	1	42	18	1908	671	65	33	65.603516	See
5	1	1	1	42	19	2023	676	86	31	0.000000	gshe
5	1	1	1	42	20	2151	675	67	35	57.091560	SPS
5	1	1	1	42	21	2255	667	89	40	16.608963	Foes
5	1	1	1	42	22	2381	680	17	21	12.618263	§
5	1	1	1	42	23	2460	662	36	38	11.417953	aa
4	1	1	1	43	0	364	690	2140	43	-1	
5	1	1	1	43	1	364	727	41	5	34.593216	Bae
5	1	1	1	43	2	636	717	3	4	16.369942	.
5	1	1	1	43	3	702	718	17	7	52.045074	=
5	1	1	1	43	4	874	715	36	13	57.491135	se
5	1	1	1	43	5	1021	711	17	16	6.417007	@®
5	1	1	1	43	6	1071	706	16	31	16.389435	eo
5	1	1	1	43	7	1145	716	15	9	0.000000	sQe
5	1	1	1	43	8	1243	710	85	17	29.285461	Eros
5	1	1	1	43	9	1366	709	114	17	6.674881	gahon
5	1	1	1	43	10	1539	714	16	7	55.839172	g.
5	1	1	1	43	11	1674	716	3	4	59.726402	.
5	1	1	1	43	12	1782	709	11	9	51.574081	2
5	1	1	1	43	13	1914	705	41	11	26.012680	oS
5	1	1	1	43	14	2072	700	13	10	66.842712	g
5	1	1	1	43	15	2304	696	41	13	36.981918	aa
5	1	1	1	43	16	2480	690	24	31	35.812614	faa
4	1	1	1	44	0	388	701	2113	46	-1	
5	1	1	1	44	1	388	734	12	8	30.409943	a
5	1	1	1	44	2	461	727	15	18	45.189644	2
5	1	1	1	44	3	509	725	40	20	56.076237	B+
5	1	1	1	44	4	579	724	17	17	82.218285	V
5	1	1	1	44	5	653	724	61	23	28.054535	278
5	1	1	1	44	6	776	723	15	18	8.181854	$
5	1	1	1	44	7	873	712	136	34	0.000000	pazasze
5	1	1	1	44	8	1071	729	86	5	0.000000	@Bas
5	1	1	1	44	9	1170	713	41	27	48.370811	fm
5	1	1	1	44	10	1292	723	37	12	27.858940	33
5	1	1	1	44	11	1391	715	90	19	19.349701	OAS”
5	1	1	1	44	12	1514	715	17	14	0.000000	wee
5	1	1	1	44	13	1564	714	16	15	0.000000	y
5	1	1	1	44	14	1637	712	35	12	37.396564	Pa
5	1	1	1	44	15	1860	711	16	7	32.519371	=
5	1	1	1	44	16	1938	710	42	13	24.752571	cm
5	1	1	1	44	17	2023	708	42	13	25.213860	$8
5	1	1	1	44	18	2097	706	18	13	35.072746	a
5	1	1	1	44	19	2176	705	11	9	0.000000	S
5	1	1	1	44	20	2255	707	85	13	0.000000	SeRR
5	1	1	1	44	21	2381	703	12	9	34.240578	8
5	1	1	1	44	22	2460	701	41	16	24.811996	sf
4	1	1	1	45	0	436	708	2060	51	-1	
5	1	1	1	45	1	436	744	36	14	73.527931	ad
5	1	1	1	45	2	509	746	11	13	46.500824	5
5	1	1	1	45	3	698	737	65	19	0.000000	Pio
5	1	1	1	45	4	776	743	12	11	0.000000	8
5	1	1	1	45	5	849	734	36	14	0.000000	ae
5	1	1	1	45	6	922	732	111	22	0.000000	8asuu
5	1	1	1	45	7	1071	735	17	6	40.119499	OF
5	1	1	1	45	8	1145	727	183	20	0.000000	Bkmgaeso
5	1	1	1	45	9	1366	726	37	19	0.000000	S$oV
5	1	1	1	45	10	1440	722	36	23	56.410637	RR
5	1	1	1	45	11	1514	722	91	23	7.990051	eyes
5	1	1	1	45	12	1593	713	17	38	39.090630	=
5	1	1	1	45	13	1637	722	35	16	89.060585	BE
5	1	1	1	45	14	1707	721	16	17	88.567764	V
5	1	1	1	45	15	1756	717	37	21	36.375713	BR
5	1	1	1	45	16	1860	718	11	14	49.570122	3
5	1	1	1	45	17	1913	718	65	16	41.283226	Soe
5	1	1	1	45	18	2023	710	65	25	32.031441	era
5	1	1	1	45	19	2151	708	61	32	37.772617	3738
5	1	1	1	45	20	2279	710	37	21	63.410347	$8
5	1	1	1	45	21	2382	714	11	10	70.593666	8
5	1	1	1	45	22	2460	717	36	11	39.739613	ao
4	1	1	1	46	0	388	717	2083	62	-1	
5	1	1	1	46	1	388	753	12	12	48.963547	e
5	1	1	1	46	2	436	754	42	20	46.791454	8s
5	1	1	1	46	3	504	760	16	12	84.273193	a
5	1	1	1	46	4	577	750	21	29	0.000000	a»
5	1	1	1	46	5	653	749	11	20	33.886154	8
5	1	1	1	46	6	726	750	87	18	0.000000	e2ge
5	1	1	1	46	7	849	745	36	16	0.000000	Bn
5	1	1	1	46	8	898	744	135	22	0.000000	eegk
5	1	1	1	46	9	999	740	38	34	55.558182	ses
5	1	1	1	46	10	1071	733	61	33	0.000000	aefB
5	1	1	1	46	11	1149	744	86	16	16.589020	SOS
5	1	1	1	46	12	1245	733	18	33	0.000000	SG
5	1	1	1	46	13	1268	741	61	18	0.000000	ISS
5	1	1	1	46	14	1366	737	62	18	12.824165	FO
5	1	1	1	46	15	1490	732	60	24	38.585358	QE
5	1	1	1	46	16	1637	730	39	29	33.876190	ott
5	1	1	1	46	17	1773	727	25	29	15.134811	Be}
5	1	1	1	46	18	1913	737	13	12	24.617691	o
5	1	1	1	46	19	1944	724	29	31	34.284721	BF
5	1	1	1	46	20	2019	731	90	16	0.000000	2bGe
5	1	1	1	46	21	2151	725	12	13	45.750698	8
5	1	1	1	46	22	2201	729	11	11	57.935162	8
5	1	1	1	46	23	2254	717	36	25	62.117908	gS
5	1	1	1	46	24	2324	731	16	13	21.271652	yo
5	1	1	1	46	25	2381	726	12	21	78.287117	3
5	1	1	1	46	26	2460	730	11	12	75.547089	8
4	1	1	1	47	0	388	737	2108	47	-1	
5	1	1	1	47	1	388	774	11	9	23.022301	3
5	1	1	1	47	2	460	767	13	10	59.686600	©
5	1	1	1	47	3	534	764	11	20	50.173988	|
5	1	1	1	47	4	674	758	40	17	78.728485	+g
5	1	1	1	47	5	776	768	15	9	66.865082	&
5	1	1	1	47	6	849	760	66	19	0.000000	Bess
5	1	1	1	47	7	948	755	85	24	0.000000	eS3gg
5	1	1	1	47	8	1071	752	66	24	0.000000	Sols
5	1	1	1	47	9	1170	750	140	29	0.000000	TkTae
5	1	1	1	47	10	1366	752	37	22	50.863449	Bey
5	1	1	1	47	11	1440	743	41	20	55.744247	ke
5	1	1	1	47	12	1513	753	79	20	19.626923	see
5	1	1	1	47	13	1660	747	13	10	44.899235	@
5	1	1	1	47	14	1708	757	17	11	18.994507	2.
5	1	1	1	47	15	1756	748	43	14	43.971401	2k
5	1	1	1	47	16	1859	744	12	12	20.324471	°
5	1	1	1	47	17	1934	744	21	20	44.394321	=
5	1	1	1	47	18	2048	743	61	13	83.846436	205
5	1	1	1	47	19	2151	741	61	16	52.728134	83
5	1	1	1	47	20	2279	741	61	14	19.325089	ath
5	1	1	1	47	21	2484	737	12	12	62.052608	»
4	1	1	1	48	0	388	737	2107	63	-1	
5	1	1	1	48	1	388	784	85	14	33.107368	Son
5	1	1	1	48	2	508	781	13	12	0.000000	eB
5	1	1	1	48	3	652	778	38	22	31.135422	ep
5	1	1	1	48	4	704	772	109	20	0.000000	SBME
5	1	1	1	48	5	849	765	86	26	32.927422	BCRP
5	1	1	1	48	6	955	777	78	13	32.927422	LEST
5	1	1	1	48	7	1071	769	86	18	22.177437	Fore
5	1	1	1	48	8	1194	771	37	15	46.048702	ss
5	1	1	1	48	9	1263	768	69	15	0.000000	gedwa
5	1	1	1	48	10	1367	762	109	21	0.000000	FEUssy
5	1	1	1	48	11	1513	761	62	18	31.586960	£5
5	1	1	1	48	12	1561	755	18	40	0.000000	e
5	1	1	1	48	13	1637	758	40	14	84.454765	na
5	1	1	1	48	14	1756	759	37	14	6.719345	£5
5	1	1	1	48	15	1913	757	65	22	31.754105	ete
5	1	1	1	48	16	2023	755	91	20	33.067924	gigs
5	1	1	1	48	17	2151	753	66	12	29.921204	ome
5	1	1	1	48	18	2254	744	86	30	13.122940	Qgrs
5	1	1	1	48	19	2381	748	12	21	92.397301	3
5	1	1	1	48	20	2454	737	41	33	20.369331	ayo
4	1	1	1	49	0	388	763	2107	53	-1	
5	1	1	1	49	1	388	798	15	9	94.568779	+
5	1	1	1	49	2	437	796	36	13	63.798607	BO
5	1	1	1	49	3	529	785	16	24	52.714989	&
5	1	1	1	49	4	581	790	12	8	83.505585	2
5	1	1	1	49	5	653	789	17	13	0.000000	arg
5	1	1	1	49	6	702	786	86	23	0.000000	sag
5	1	1	1	49	7	849	782	63	21	0.000000	eo"
5	1	1	1	49	8	924	788	36	24	0.000000	ae
5	1	1	1	49	9	973	778	60	38	0.000000	bosk
5	1	1	1	49	10	1095	782	163	19	0.000000	SS2704ne
5	1	1	1	49	11	1317	780	17	13	25.634987	be
5	1	1	1	49	12	1362	775	93	23	6.663239	S88
5	1	1	1	49	13	1489	769	116	25	23.660477	Seen
5	1	1	1	49	14	1637	773	36	19	76.338318	Dp
5	1	1	1	49	15	1757	768	41	29	18.926659	EBs
5	1	1	1	49	16	1855	765	22	23	16.782524	ef
5	1	1	1	49	17	1914	771	59	15	49.636475	Eee
5	1	1	1	49	18	2019	768	90	19	0.000000	<abe
5	1	1	1	49	19	2151	765	61	20	52.785244	3.8
5	1	1	1	49	20	2258	769	4	8	23.366455	cP
5	1	1	1	49	21	2304	766	36	14	60.198944	OO
5	1	1	1	49	22	2459	763	36	18	39.745182	ov
4	1	1	1	50	0	158	729	2342	103	-1	
5	1	1	1	50	1	158	783	48	49	20.797699	~~
5	1	1	1	50	2	258	729	66	97	46.409340	\
5	1	1	1	50	3	388	808	18	18	24.971939	$
5	1	1	1	50	4	457	809	16	13	35.384689	FS
5	1	1	1	50	5	504	801	22	17	65.718384	ws
5	1	1	1	50	6	581	800	12	13	57.280239	2
5	1	1	1	50	7	653	803	11	10	4.527588	GS
5	1	1	1	50	8	697	794	115	29	1.488968	SRSBR
5	1	1	1	50	9	849	799	161	19	0.000000	Weaken
5	1	1	1	50	10	996	786	45	44	0.000000	e,
5	1	1	1	50	11	1067	796	114	18	0.000000	VREnS
5	1	1	1	50	12	1219	787	36	19	76.748322	BS
5	1	1	1	50	13	1292	795	37	19	61.933205	38
5	1	1	1	50	14	1367	796	61	12	0.000000	os
5	1	1	1	50	15	1465	785	41	23	0.000000	PtBASe
5	1	1	1	50	16	1538	788	67	21	42.615936	ES
5	1	1	1	50	17	1637	792	40	14	12.528519	2s
5	1	1	1	50	18	1708	787	12	9	1.079803	B
5	1	1	1	50	19	1782	792	16	6	56.952438	=
5	1	1	1	50	20	1860	789	16	15	13.781189	£
5	1	1	1	50	21	1914	782	59	13	52.124901	Eek
5	1	1	1	50	22	2023	784	86	19	53.548248	Sees
5	1	1	1	50	23	2151	779	67	21	1.642731	8sh
5	1	1	1	50	24	2255	778	91	21	59.118038	Nags
5	1	1	1	50	25	2376	781	24	10	84.666412	a
5	1	1	1	50	26	2459	778	41	17	43.175034	8s
4	1	1	1	51	0	388	790	2108	51	-1	
5	1	1	1	51	1	388	826	11	9	44.718266	P
5	1	1	1	51	2	436	820	37	16	84.092857	se
5	1	1	1	51	3	508	819	42	14	0.000000	So
5	1	1	1	51	4	652	823	18	18	79.233208	Q
5	1	1	1	51	5	702	815	111	21	10.327057	ge4ae
5	1	1	1	51	6	849	812	62	17	0.000000	S°5
5	1	1	1	51	7	929	809	104	25	51.303925	(9084
5	1	1	1	51	8	1073	811	83	14	9.785225	282
5	1	1	1	51	9	1175	808	84	19	68.596199	7780
5	1	1	1	51	10	1317	818	17	5	0.000000	..
5	1	1	1	51	11	1367	803	114	21	7.682693	PRaepep
5	1	1	1	51	12	1494	795	34	33	36.474709	“97
5	1	1	1	51	13	1541	802	34	10	50.717010	Be
5	1	1	1	51	14	1636	805	37	14	28.327759	eZ
5	1	1	1	51	15	1708	797	11	13	86.505905	¢
5	1	1	1	51	16	1757	794	36	20	15.722443	p<
5	1	1	1	51	17	1855	804	16	12	34.009262	S&S
5	1	1	1	51	18	1909	795	67	14	56.734005	<Fe
5	1	1	1	51	19	2073	795	41	19	75.963448	oe
5	1	1	1	51	20	2151	798	61	13	42.780853	S82
5	1	1	1	51	21	2255	794	60	15	71.962120	Bes
5	1	1	1	51	22	2381	790	12	13	0.000000	e
5	1	1	1	51	23	2460	793	36	15	91.967865	26
4	1	1	1	52	0	522	796	1974	44	-1	
5	1	1	1	52	1	522	837	3	3	26.858673	a
5	1	1	1	52	2	874	832	17	6	45.758286	me
5	1	1	1	52	3	949	823	36	13	65.579651	5°
5	1	1	1	52	4	1022	828	16	6	31.218498	<=
5	1	1	1	52	5	1071	822	61	15	40.652088	COS
5	1	1	1	52	6	1170	824	35	13	8.934715	oo
5	1	1	1	52	7	1219	819	11	13	8.934715	5
5	1	1	1	52	8	1288	811	21	24	40.092255	ia
5	1	1	1	52	9	1366	815	115	17	45.464512	Sonar
5	1	1	1	52	10	1514	819	10	9	25.934036	7
5	1	1	1	52	11	1539	812	57	12	25.934036	OOF
5	1	1	1	52	12	1708	805	16	24	25.586273	°.
5	1	1	1	52	13	1756	815	43	12	61.739433	en
5	1	1	1	52	14	1934	807	39	16	62.490993	36
5	1	1	1	52	15	2023	804	62	16	44.666069	n®o
5	1	1	1	52	16	2151	809	41	11	50.856888	of
5	1	1	1	52	17	2278	802	13	9	93.853714	a
5	1	1	1	52	18	2324	796	19	25	31.352013	so]
5	1	1	1	52	19	2381	804	12	9	15.901871	&
5	1	1	1	52	20	2460	805	36	12	52.281235	a0
4	1	1	1	53	0	157	809	2342	57	-1	
5	1	1	1	53	1	157	845	93	15	47.988049	—
5	1	1	1	53	2	388	836	12	22	86.369507	g
5	1	1	1	53	3	432	829	41	37	51.845772	bol
5	1	1	1	53	4	508	834	37	16	50.895164	geo
5	1	1	1	53	5	581	848	15	9	43.161499	7
5	1	1	1	53	6	653	843	11	11	0.000000	¢
5	1	1	1	53	7	702	836	85	14	0.000000	eooe
5	1	1	1	53	8	801	829	11	9	0.000000	s
5	1	1	1	53	9	849	828	85	26	0.000000	epee
5	1	1	1	53	10	949	835	88	15	0.000000	asa
5	1	1	1	53	11	1071	834	36	13	23.751411	£&S
5	1	1	1	53	12	1145	826	17	14	41.319153	b
5	1	1	1	53	13	1218	829	36	13	69.820343	Bry
5	1	1	1	53	14	1292	824	36	13	42.147312	FS
5	1	1	1	53	15	1366	826	209	19	21.503258	8985471965
5	1	1	1	53	16	1637	821	35	15	90.108574	pe
5	1	1	1	53	17	1709	823	16	13	80.899048	&
5	1	1	1	53	18	1757	826	36	14	30.766136	8&5
5	1	1	1	53	19	1913	817	36	13	6.346649	o3
5	1	1	1	53	20	2023	817	61	13	5.625549	2B
5	1	1	1	53	21	2151	819	36	14	29.082062	es
5	1	1	1	53	22	2254	809	92	17	0.000000	ar3h
5	1	1	1	53	23	2381	815	17	7	86.160561	&
5	1	1	1	53	24	2460	817	39	12	57.623833	a8
4	1	1	1	54	0	437	822	2063	51	-1	
5	1	1	1	54	1	437	856	11	8	34.336998	1
5	1	1	1	54	2	508	840	37	33	60.972759	Big
5	1	1	1	54	3	702	839	115	26	0.000000	S°FRF
5	1	1	1	54	4	850	855	16	5	59.370804	EF
5	1	1	1	54	5	898	846	65	15	0.000000	nse
5	1	1	1	54	6	998	846	40	16	0.000000	OS
5	1	1	1	54	7	1074	841	82	16	0.000000	Seob
5	1	1	1	54	8	1175	839	80	11	31.994591	seg
5	1	1	1	54	9	1292	837	37	13	81.789436	28
5	1	1	1	54	10	1411	841	16	12	60.899971	a
5	1	1	1	54	11	1538	834	61	15	0.000000	&Ro
5	1	1	1	54	12	1637	834	39	15	39.104698	Ss
5	1	1	1	54	13	1757	839	16	5	27.674034	a,
5	1	1	1	54	14	1860	829	11	10	50.695152	g
5	1	1	1	54	15	1913	829	42	11	68.070587	of
5	1	1	1	54	16	2023	832	11	9	39.104927	g
5	1	1	1	54	17	2097	826	12	10	91.922562	e
5	1	1	1	54	18	2151	822	61	21	27.831482	gee
5	1	1	1	54	19	2275	822	40	14	42.050213	09
5	1	1	1	54	20	2381	823	12	14	40.344490	3
5	1	1	1	54	21	2485	827	15	6	46.165512	a
4	1	1	1	55	0	166	827	2330	99	-1	
5	1	1	1	55	1	166	863	91	63	21.367813	yO
5	1	1	1	55	2	384	861	161	41	29.426430	24222
5	1	1	1	55	3	581	859	17	35	61.045147	8
5	1	1	1	55	4	653	855	15	33	49.683323	§
5	1	1	1	55	5	701	858	116	40	7.697105	g8822
5	1	1	1	55	6	849	858	184	32	0.000000	Seogehl>
5	1	1	1	55	7	1071	855	37	41	3.984192	Ei
5	1	1	1	55	8	1120	852	139	34	0.000000	asheEE
5	1	1	1	55	9	1292	851	37	26	47.288570	Ze
5	1	1	1	55	10	1362	829	237	57	0.000000	ceeiieiiel
5	1	1	1	55	11	1636	853	41	44	53.821903	ar
5	1	1	1	55	12	1708	845	91	38	36.297375	big
5	1	1	1	55	13	1859	839	12	38	20.294296	2
5	1	1	1	55	14	1913	832	66	42	0.000000	EFf
5	1	1	1	55	15	2018	827	91	48	21.312439	Esee
5	1	1	1	55	16	2147	835	65	36	49.592026	33:
5	1	1	1	55	17	2254	830	91	41	0.000000	a387
5	1	1	1	55	18	2377	838	16	11	54.676430	=
5	1	1	1	55	19	2455	832	41	33	24.391960	G8
4	1	1	1	56	0	533	855	1942	48	-1	
5	1	1	1	56	1	533	890	12	13	36.868740	<
5	1	1	1	56	2	653	890	12	10	30.796638	oe
5	1	1	1	56	3	800	885	13	10	58.624767	@
5	1	1	1	56	4	874	884	36	13	48.898743	on
5	1	1	1	56	5	948	883	65	14	21.235092	Oe
5	1	1	1	56	6	1095	883	12	12	69.712227	°
5	1	1	1	56	7	1170	880	40	12	23.233170	oe
5	1	1	1	56	8	1222	879	8	6	61.764103	5
5	1	1	1	56	9	1241	880	17	10	62.295570	ct
5	1	1	1	56	10	1316	878	18	15	46.430336	a
5	1	1	1	56	11	1479	870	28	26	48.062134	~~
5	1	1	1	56	12	1563	879	12	9	69.055023	©
5	1	1	1	56	13	1929	863	20	26	54.282890	oa
5	1	1	1	56	14	2152	872	4	4	0.000000	.
5	1	1	1	56	15	2200	862	18	18	57.599533	z
5	1	1	1	56	16	2328	863	12	11	21.894516	@
5	1	1	1	56	17	2381	862	12	12	27.935623	2
5	1	1	1	56	18	2455	855	20	26	30.676048	ot
4	1	1	1	57	0	170	860	2145	66	-1	
5	1	1	1	57	1	170	883	36	43	19.739822	AN
5	1	1	1	57	2	436	899	42	14	41.655293	os
5	1	1	1	57	3	703	898	16	7	0.000000	Q.
5	1	1	1	57	4	849	891	17	10	23.601387	a
5	1	1	1	57	5	922	891	41	12	42.371029	ee
5	1	1	1	57	6	1021	890	12	9	75.952438	a
5	1	1	1	57	7	1120	889	12	10	0.000000	@
5	1	1	1	57	8	1190	875	41	29	0.000000	is)
5	1	1	1	57	9	1292	882	36	13	75.641403	of
5	1	1	1	57	10	1366	882	40	12	47.921074	pe
5	1	1	1	57	11	1465	884	16	10	10.786743	a
5	1	1	1	57	12	1530	870	19	29	20.069489	ce
5	1	1	1	57	13	1708	882	16	9	0.000000	g
5	1	1	1	57	14	1781	881	12	12	8.095184	D
5	1	1	1	57	15	1859	879	16	7	35.316017	Ss
5	1	1	1	57	16	1914	873	64	19	0.000000	FA9
5	1	1	1	57	17	2023	875	17	13	0.000000	a
5	1	1	1	57	18	2089	862	20	29	47.224022	Ls
5	1	1	1	57	19	2176	873	11	10	39.404175	&
5	1	1	1	57	20	2279	860	36	29	41.610275	mae
4	1	1	1	58	0	171	870	2330	104	-1	
5	1	1	1	58	1	171	921	48	53	70.488266	\
5	1	1	1	58	2	388	902	90	44	35.086418	eae
5	1	1	1	58	3	508	902	90	33	32.190544	32S
5	1	1	1	58	4	653	901	18	36	6.006996	&
5	1	1	1	58	5	701	890	112	47	0.000000	fege
5	1	1	1	58	6	849	895	185	40	0.000000	Tebepek
5	1	1	1	58	7	1071	891	184	50	0.000000	Henbekiy
5	1	1	1	58	8	1292	895	40	37	24.272682	GF
5	1	1	1	58	9	1366	887	127	42	0.000000	e225
5	1	1	1	58	10	1467	883	29	67	0.000000	o°
5	1	1	1	58	11	1513	880	91	48	0.000000	Zghe
5	1	1	1	58	12	1636	894	40	25	24.102646	gi
5	1	1	1	58	13	1709	902	16	13	21.135544	0
5	1	1	1	58	14	1757	891	40	26	53.788815	re
5	1	1	1	58	15	1859	887	12	24	60.760788	2
5	1	1	1	58	16	1913	886	65	34	0.000000	ge
5	1	1	1	58	17	2022	877	92	41	60.505177	S222
5	1	1	1	58	18	2172	879	46	39	52.095600	cP
5	1	1	1	58	19	2254	875	86	42	0.000000	Beee
5	1	1	1	58	20	2381	883	12	27	54.036594	8
5	1	1	1	58	21	2459	870	42	40	67.629471	Fe
4	1	1	1	59	0	436	905	2064	47	-1	
5	1	1	1	59	1	436	935	17	13	35.209641	a
5	1	1	1	59	2	509	931	29	15	0.000000	a
5	1	1	1	59	3	578	938	8	11	95.714455	a
5	1	1	1	59	4	653	939	11	10	51.844868	o
5	1	1	1	59	5	702	931	111	19	17.212357	Spree
5	1	1	1	59	6	849	928	139	24	0.000000	egnosa
5	1	1	1	59	7	1170	929	53	13	20.615891	re.
5	1	1	1	59	8	1317	927	11	13	95.305733	5
5	1	1	1	59	9	1367	921	36	11	57.217987	=2
5	1	1	1	59	10	1636	917	37	12	62.860542	no
5	1	1	1	59	11	1781	918	12	10	31.849266	o
5	1	1	1	59	12	1860	913	11	10	39.245064	a
5	1	1	1	59	13	1914	905	59	35	17.466568	£eag
5	1	1	1	59	14	2047	912	37	13	70.571671	oS
5	1	1	1	59	15	2097	914	12	11	15.139465	®
5	1	1	1	59	16	2200	911	17	7	48.769722	3.
5	1	1	1	59	17	2329	909	11	20	82.261940	5
5	1	1	1	59	18	2381	912	12	13	81.522682	$
5	1	1	1	59	19	2459	907	41	15	30.124786	oo
4	1	1	1	60	0	436	901	2040	59	-1	
5	1	1	1	60	1	436	950	13	10	0.000000	-
5	1	1	1	60	2	508	948	12	11	33.295982	g
5	1	1	1	60	3	702	944	42	12	0.000000	82
5	1	1	1	60	4	757	942	56	10	0.000000	s—8
5	1	1	1	60	5	948	936	85	18	0.000000	Sa48
5	1	1	1	60	6	1071	931	140	21	0.000000	Sas8h
5	1	1	1	60	7	1203	920	30	38	21.706375	2°
5	1	1	1	60	8	1242	924	13	29	47.212975	2g
5	1	1	1	60	9	1292	933	11	13	0.000000	&
5	1	1	1	60	10	1366	929	109	19	8.766754	Tlag8
5	1	1	1	60	11	1513	929	37	17	8.013718	pee
5	1	1	1	60	12	1583	931	16	14	46.964218	gy
5	1	1	1	60	13	1637	931	17	6	0.000000	F
5	1	1	1	60	14	1756	921	37	18	76.499626	as
5	1	1	1	60	15	1856	911	19	34	52.113083	BS
5	1	1	1	60	16	1938	923	11	13	0.000000	£
5	1	1	1	60	17	2047	924	67	13	69.537766	gee
5	1	1	1	60	18	2176	919	41	15	19.484222	ee
5	1	1	1	60	19	2255	915	61	19	22.953423	Bae
5	1	1	1	60	20	2456	901	20	34	44.201744	®,
4	1	1	1	61	0	388	919	2108	50	-1	
5	1	1	1	61	1	388	960	12	9	27.830078	oO
5	1	1	1	61	2	437	958	43	8	46.645489	Om
5	1	1	1	61	3	649	950	15	14	25.585396	2
5	1	1	1	61	4	800	955	13	9	87.953773	8
5	1	1	1	61	5	849	945	12	14	57.757641	8
5	1	1	1	61	6	923	941	12	20	24.223633	BT
5	1	1	1	61	7	973	951	65	14	34.932037	OSA
5	1	1	1	61	8	1119	934	93	33	0.000000	BIESG
5	1	1	1	61	9	1292	941	37	25	49.106503	a8
5	1	1	1	61	10	1415	938	89	16	79.497925	eyoa
5	1	1	1	61	11	1636	938	36	14	55.494965	omy
5	1	1	1	61	12	1706	934	8	11	31.594780	F
5	1	1	1	61	13	1860	934	16	7	38.896904	=
5	1	1	1	61	14	1913	929	42	14	78.026169	<6
5	1	1	1	61	15	2047	938	13	10	0.000000	B
5	1	1	1	61	16	2076	919	33	33	55.103462	Bes
5	1	1	1	61	17	2176	929	36	19	50.305042	Se
5	1	1	1	61	18	2249	927	70	17	54.159466	ARH
5	1	1	1	61	19	2386	927	3	8	72.804871	7
5	1	1	1	61	20	2460	922	36	18	47.533665	mo
4	1	1	1	62	0	388	924	2107	59	-1	
5	1	1	1	62	1	388	971	12	12	83.611076	8
5	1	1	1	62	2	461	967	12	12	0.000000	Se
5	1	1	1	62	3	581	961	12	10	43.930241	8
5	1	1	1	62	4	653	965	11	12	22.816864	©
5	1	1	1	62	5	702	954	111	21	11.554070	pSPBRBS
5	1	1	1	62	6	849	958	62	15	16.998871	Aree
5	1	1	1	62	7	949	955	61	21	0.000000	WBF
5	1	1	1	62	8	1095	945	62	32	12.999031	a8o0
5	1	1	1	62	9	1219	954	36	10	22.092667	oO
5	1	1	1	62	10	1292	957	12	10	68.973145	8
5	1	1	1	62	11	1367	948	187	18	0.000000	aeGREOOst
5	1	1	1	62	12	1588	946	11	21	0.000000	gg
5	1	1	1	62	13	1637	951	35	13	38.490986	85
5	1	1	1	62	14	1778	935	19	32	15.729416	im
5	1	1	1	62	15	1860	941	11	12	0.000000	fF
5	1	1	1	62	16	1913	942	64	14	41.642769	@Fn
5	1	1	1	62	17	2023	941	68	18	33.726372	§2—
5	1	1	1	62	18	2254	941	90	14	31.651306	Maw
5	1	1	1	62	19	2381	937	12	10	83.174911	8
5	1	1	1	62	20	2449	924	46	34	5.535316	Ras
4	1	1	1	63	0	388	947	2005	43	-1	
5	1	1	1	63	1	388	984	17	6	0.000000	S
5	1	1	1	63	2	461	981	12	9	35.696030	a
5	1	1	1	63	3	509	978	17	10	17.567093	mh
5	1	1	1	63	4	582	972	11	13	51.536831	&
5	1	1	1	63	5	653	978	12	10	73.561073	§
5	1	1	1	63	6	703	975	110	14	30.960732	Syeeaee
5	1	1	1	63	7	849	963	18	30	0.000000	eo
5	1	1	1	63	8	874	968	65	19	0.000000	8on
5	1	1	1	63	9	993	968	41	18	49.594250	Tp
5	1	1	1	63	10	1071	962	183	19	0.000000	Pesaran
5	1	1	1	63	11	1366	959	85	14	0.000000	e559
5	1	1	1	63	12	1513	960	42	12	42.979774	ao
5	1	1	1	63	13	1660	958	60	16	23.749680	a8
5	1	1	1	63	14	1756	954	13	12	45.408764	gf
5	1	1	1	63	15	1859	955	12	10	81.646606	®
5	1	1	1	63	16	1913	945	17	32	29.375862	gg
5	1	1	1	63	17	1938	955	42	15	60.946548	BO
5	1	1	1	63	18	2023	949	62	20	0.000000	Soa
5	1	1	1	63	19	2176	949	36	13	33.123329	es
5	1	1	1	63	20	2254	955	37	14	0.000000	83
5	1	1	1	63	21	2304	947	29	13	0.000000	N-
5	1	1	1	63	22	2381	949	12	10	65.298950	8
4	1	1	1	64	0	384	955	2112	57	-1	
5	1	1	1	64	1	384	981	16	31	0.000000	2)
5	1	1	1	64	2	462	991	16	6	0.000000	o
5	1	1	1	64	3	582	986	11	12	65.256241	5
5	1	1	1	64	4	653	990	11	13	81.831207	§
5	1	1	1	64	5	702	980	66	23	3.436394	ages
5	1	1	1	64	6	850	978	113	22	0.000000	Storr
5	1	1	1	64	7	975	982	35	15	0.000000	se
5	1	1	1	64	8	1067	975	65	21	69.484009	wad
5	1	1	1	64	9	1194	977	61	15	79.245193	Bow
5	1	1	1	64	10	1292	976	37	12	80.816093	£9
5	1	1	1	64	11	1366	972	86	23	8.378357	2n5g
5	1	1	1	64	12	1513	971	37	15	86.051041	Se
5	1	1	1	64	13	1588	968	11	12	66.788383	g
5	1	1	1	64	14	1637	973	35	14	85.602966	of
5	1	1	1	64	15	1708	969	12	13	68.183807	&
5	1	1	1	64	16	1752	966	41	13	52.370258	BE
5	1	1	1	64	17	1932	972	46	8	23.817337	Le
5	1	1	1	64	18	2022	967	87	16	30.326057	ae
5	1	1	1	64	19	2200	964	12	13	70.368858	e
5	1	1	1	64	20	2279	962	41	17	57.441620	$y
5	1	1	1	64	21	2381	961	12	13	94.190300	3
5	1	1	1	64	22	2459	955	37	20	75.513489	ae
4	1	1	1	65	0	388	968	2111	48	-1	
5	1	1	1	65	1	388	1003	11	13	0.000000	]
5	1	1	1	65	2	461	999	12	13	49.905243	5
5	1	1	1	65	3	504	996	16	13	49.905243	oy
5	1	1	1	65	4	653	1003	15	10	73.674210	3
5	1	1	1	65	5	727	993	85	12	43.404732	Blan
5	1	1	1	65	6	849	987	188	21	0.000000	BaoShagsd
5	1	1	1	65	7	1067	992	40	15	8.786209	Gis
5	1	1	1	65	8	1144	982	111	21	8.786209	SseoR
5	1	1	1	65	9	1292	986	42	13	57.901833	Fm
5	1	1	1	65	10	1366	985	12	12	56.507473	E
5	1	1	1	65	11	1436	975	21	30	23.748421	ba
5	1	1	1	65	12	1538	986	15	9	35.674370	es
5	1	1	1	65	13	1587	980	12	10	36.086445	©
5	1	1	1	65	14	1637	985	36	12	38.012291	mS
5	1	1	1	65	15	1709	982	10	14	22.829308	Bb
5	1	1	1	65	16	1756	979	43	11	28.704697	+h
5	1	1	1	65	17	1859	976	12	10	38.980301	es
5	1	1	1	65	18	1914	974	62	19	23.632576	Be
5	1	1	1	65	19	2048	980	11	13	85.312141	5
5	1	1	1	65	20	2110	977	4	4	69.950905	7
5	1	1	1	65	21	2176	971	17	17	33.746056	x
5	1	1	1	65	22	2254	978	40	12	49.093914	+3
5	1	1	1	65	23	2328	972	12	9	0.000000	-S
5	1	1	1	65	24	2381	975	12	10	79.582245	&
5	1	1	1	65	25	2484	968	15	18	66.280128	a
4	1	1	1	66	0	248	970	2253	54	-1	
5	1	1	1	66	1	248	1014	5	7	95.298500	>
5	1	1	1	66	2	388	1017	17	7	46.340309	=
5	1	1	1	66	3	456	1013	17	11	78.261208	a
5	1	1	1	66	4	509	1010	11	9	17.895676	oF
5	1	1	1	66	5	577	1008	16	13	0.000000	g
5	1	1	1	66	6	702	1006	111	17	0.000000	eeees
5	1	1	1	66	7	849	1002	189	19	0.000000	F£FErgGe®tf
5	1	1	1	66	8	1071	998	187	23	22.855370	Beampoes
5	1	1	1	66	9	1292	1001	12	11	34.047501	@
5	1	1	1	66	10	1367	996	85	17	39.200989	Seo
5	1	1	1	66	11	1756	991	13	10	0.000000	&
5	1	1	1	66	12	1860	989	11	8	33.635880	es
5	1	1	1	66	13	1913	989	17	12	24.352692	a
5	1	1	1	66	14	2017	982	92	29	89.654137	mags
5	1	1	1	66	15	2176	979	36	20	0.000000	f3
5	1	1	1	66	16	2254	982	86	18	51.782829	Shank
5	1	1	1	66	17	2381	987	16	7	31.582596	§
5	1	1	1	66	18	2460	970	18	32	61.205765	wy
5	1	1	1	66	19	2485	988	16	6	65.978943	Sh
4	1	1	1	67	0	388	993	2108	45	-1	
5	1	1	1	67	1	388	1024	11	13	25.639786	=
5	1	1	1	67	2	509	1019	12	12	10.370598	S
5	1	1	1	67	3	582	1022	11	9	85.509811	5
5	1	1	1	67	4	653	1022	18	16	74.007004	a
5	1	1	1	67	5	702	1024	12	13	52.330776	2
5	1	1	1	67	6	776	1016	37	15	57.456284	B88
5	1	1	1	67	7	849	1014	135	24	0.000000	$FSnh~e
5	1	1	1	67	8	1021	1014	13	10	67.906967	0
5	1	1	1	67	9	1071	1014	90	22	37.007263	FAS
5	1	1	1	67	10	1194	1013	36	10	15.005119	seas
5	1	1	1	67	11	1288	1009	46	16	0.000000	S8@y
5	1	1	1	67	12	1366	1006	114	19	0.000000	¢7™890
5	1	1	1	67	13	1513	1001	42	18	38.796455	@€n
5	1	1	1	67	14	1588	1002	66	14	17.751724	FN
5	1	1	1	67	15	1704	1005	15	13	70.601967	y
5	1	1	1	67	16	1757	996	41	17	41.310356	AF
5	1	1	1	67	17	1859	999	12	14	86.203644	3
5	1	1	1	67	18	1938	993	40	24	91.234070	Se
5	1	1	1	67	19	2022	997	92	20	25.550354	9835
5	1	1	1	67	20	2172	1000	46	13	45.037910	ES
5	1	1	1	67	21	2279	997	61	15	65.904037	BPs
5	1	1	1	67	22	2459	993	37	14	49.050415	ay
4	1	1	1	68	0	388	996	2113	56	-1	
5	1	1	1	68	1	388	1039	12	8	55.520660	a
5	1	1	1	68	2	461	1033	60	19	18.157928	go3
5	1	1	1	68	3	581	1032	12	12	72.850327	9
5	1	1	1	68	4	702	1025	111	26	0.000000	e839
5	1	1	1	68	5	849	1026	189	20	0.000000	Boea<ayae
5	1	1	1	68	6	1071	1023	12	10	59.688187	8
5	1	1	1	68	7	1145	1023	66	16	0.000000	Bao
5	1	1	1	68	8	1242	1023	13	24	0.000000	oh
5	1	1	1	68	9	1317	1024	17	15	80.211082	y
5	1	1	1	68	10	1362	1017	71	15	31.747681	2
5	1	1	1	68	11	1538	1020	17	15	50.124329	y
5	1	1	1	68	12	1587	1017	12	9	49.065636	2
5	1	1	1	68	13	1709	1019	10	9	44.930511	5
5	1	1	1	68	14	1757	1012	41	25	36.533241	oe
5	1	1	1	68	15	1859	1014	12	10	86.574272	&
5	1	1	1	68	16	1913	1012	41	12	63.004562	op
5	1	1	1	68	17	2072	1006	42	18	81.058228	ae
5	1	1	1	68	18	2176	1012	36	9	52.934082	SS
5	1	1	1	68	19	2255	1008	85	14	0.000000	whes
5	1	1	1	68	20	2381	996	12	24	58.868031	2
5	1	1	1	68	21	2459	1006	42	15	41.985279	ae
4	1	1	1	69	0	509	1015	1883	51	-1	
5	1	1	1	69	1	509	1047	12	11	45.271957	®
5	1	1	1	69	2	653	1034	20	32	0.000000	g,
5	1	1	1	69	3	776	1041	36	14	32.736511	es
5	1	1	1	69	4	849	1043	17	12	54.114399	2
5	1	1	1	69	5	923	1039	12	20	65.058228	g
5	1	1	1	69	6	1017	1045	8	5	14.035324	JP
5	1	1	1	69	7	1071	1033	160	14	0.000000	ATegap®o
5	1	1	1	69	8	1292	1034	11	20	38.724575	3
5	1	1	1	69	9	1391	1027	85	18	91.551743	Hone
5	1	1	1	69	10	1658	1022	18	18	88.469513	+
5	1	1	1	69	11	1708	1029	12	12	55.004005	9
5	1	1	1	69	12	1859	1026	12	10	18.538361	@
5	1	1	1	69	13	1914	1023	59	16	14.484695	Oo
5	1	1	1	69	14	2023	1015	36	25	46.078701	Bs
5	1	1	1	69	15	2176	1023	36	11	67.157669	SS
5	1	1	1	69	16	2254	1018	86	15	38.663197	e&%9
5	1	1	1	69	17	2381	1022	11	10	62.486614	§
4	1	1	1	70	0	380	1022	2121	57	-1	
5	1	1	1	70	1	380	1046	19	33	0.000000	i]
5	1	1	1	70	2	461	1051	17	25	25.836395	x
5	1	1	1	70	3	509	1059	11	9	70.699341	§
5	1	1	1	70	4	581	1043	12	24	39.084583	4
5	1	1	1	70	5	653	1059	12	11	34.405037	qe
5	1	1	1	70	6	697	1049	120	29	0.000000	oFoge
5	1	1	1	70	7	850	1041	60	28	42.996475	Ba
5	1	1	1	70	8	901	1036	10	37	9.874565	8
5	1	1	1	70	9	926	1036	37	37	66.289436	Be
5	1	1	1	70	10	973	1047	42	13	21.471901	oo
5	1	1	1	70	11	1095	1044	85	14	0.000000	4838
5	1	1	1	70	12	1198	1047	61	18	61.888329	yok
5	1	1	1	70	13	1366	1041	109	17	0.000000	sGSN8
5	1	1	1	70	14	1513	1037	34	26	64.572968	gr
5	1	1	1	70	15	1587	1035	12	12	75.781113	g
5	1	1	1	70	16	1634	1035	8	11	0.000000	»
5	1	1	1	70	17	1708	1040	11	14	18.044495	2
5	1	1	1	70	18	1756	1037	37	17	26.236931	o8
5	1	1	1	70	19	1909	1036	16	13	58.423126	4
5	1	1	1	70	20	2022	1032	12	9	35.168526	BB
5	1	1	1	70	21	2072	1030	37	17	18.910637	ctog
5	1	1	1	70	22	2176	1036	11	10	74.714088	8
5	1	1	1	70	23	2255	1025	89	23	11.905708	gone
5	1	1	1	70	24	2381	1033	16	8	72.617874	8
5	1	1	1	70	25	2459	1022	42	21	29.356117	o>
4	1	1	1	71	0	388	1040	2083	40	-1	
5	1	1	1	71	1	388	1071	11	9	37.763412	4
5	1	1	1	71	2	850	1060	188	17	0.000000	BSaq@orke
5	1	1	1	71	3	1071	1057	114	22	0.000000	ZEaR
5	1	1	1	71	4	1175	1048	13	35	78.492279	+
5	1	1	1	71	5	1219	1057	36	11	73.080521	VES
5	1	1	1	71	6	1317	1051	11	17	54.236008	a2
5	1	1	1	71	7	1367	1047	113	24	38.176910	ROWE
5	1	1	1	71	8	1538	1060	17	5	26.693810	=o
5	1	1	1	71	9	1588	1047	11	17	73.342529	2
5	1	1	1	71	10	1638	1060	3	4	14.764099	.
5	1	1	1	71	11	1664	1043	20	32	84.711670	+t
5	1	1	1	71	12	1708	1053	12	11	67.956215	6
5	1	1	1	71	13	1757	1049	36	15	0.000000	SE
5	1	1	1	71	14	1854	1050	24	9	96.521439	>
5	1	1	1	71	15	1914	1046	63	16	60.690746	Bag
5	1	1	1	71	16	2023	1041	86	17	31.570526	s8F
5	1	1	1	71	17	2095	1036	17	32	55.534340	oe
5	1	1	1	71	18	2176	1043	36	14	69.339493	Reo
5	1	1	1	71	19	2254	1040	37	18	67.285629	So
5	1	1	1	71	20	2381	1042	17	7	36.280293	=
5	1	1	1	71	21	2459	1043	12	13	63.315811	e
4	1	1	1	72	0	306	1045	2190	57	-1	
5	1	1	1	72	1	306	1080	4	11	89.648239	\
5	1	1	1	72	2	388	1081	12	11	58.985466	3
5	1	1	1	72	3	461	1077	60	25	31.860207	eg
5	1	1	1	72	4	581	1068	19	30	0.000000	<.
5	1	1	1	72	5	653	1071	11	13	66.031555	€
5	1	1	1	72	6	706	1061	57	31	36.987267	cB
5	1	1	1	72	7	800	1076	61	14	64.794312	om
5	1	1	1	72	8	898	1067	37	19	5.424805	Let
5	1	1	1	72	9	973	1068	60	18	0.068085	Be
5	1	1	1	72	10	1096	1069	60	16	0.000000	AaB
5	1	1	1	72	11	1194	1066	36	15	48.117657	8B
5	1	1	1	72	12	1292	1056	42	25	56.706451	RS
5	1	1	1	72	13	1366	1065	12	13	81.498322	28
5	1	1	1	72	14	1416	1068	35	11	57.526176	me
5	1	1	1	72	15	1513	1064	37	13	83.818848	an
5	1	1	1	72	16	1588	1065	11	13	93.460670	3
5	1	1	1	72	17	1781	1062	15	9	6.387604	a
5	1	1	1	72	18	1859	1058	17	7	30.121986	3
5	1	1	1	72	19	1914	1056	59	10	39.342651	os
5	1	1	1	72	20	2022	1053	37	12	0.000000	82
5	1	1	1	72	21	2074	1054	35	18	0.000000	e§
5	1	1	1	72	22	2197	1053	21	12	28.238113	S&S
5	1	1	1	72	23	2304	1050	40	13	0.000000	8ee
5	1	1	1	72	24	2485	1045	11	13	59.652328	5
4	1	1	1	73	0	308	1057	2188	58	-1	
5	1	1	1	73	1	308	1093	3	4	81.964645	\
5	1	1	1	73	2	388	1094	12	11	67.670319	3
5	1	1	1	73	3	461	1080	17	35	41.725883	=f
5	1	1	1	73	4	578	1077	20	35	18.328735	Pa
5	1	1	1	73	5	653	1086	17	19	13.138695	e
5	1	1	1	73	6	702	1081	110	26	36.743568	Basps
5	1	1	1	73	7	874	1085	17	17	40.044434	a
5	1	1	1	73	8	923	1082	37	20	24.264282	ae
5	1	1	1	73	9	975	1087	58	13	24.264282	ke?
5	1	1	1	73	10	1071	1069	183	26	0.000000	S8ARA0R
5	1	1	1	73	11	1225	1065	38	41	57.017345	BB
5	1	1	1	73	12	1292	1076	40	17	83.944733	SE
5	1	1	1	73	13	1366	1072	110	20	25.393509	SESE
5	1	1	1	73	14	1657	1077	8	4	11.509537	_
5	1	1	1	73	15	1708	1073	15	9	41.559181	oo
5	1	1	1	73	16	1778	1057	20	35	0.000000	=z,
5	1	1	1	73	17	1859	1066	12	14	47.243233	F
5	1	1	1	73	18	1913	1066	65	22	11.152199	gps
5	1	1	1	73	19	2023	1064	65	16	60.412663	Bes
5	1	1	1	73	20	2176	1058	11	21	96.307259	3
5	1	1	1	73	21	2278	1059	67	18	53.860912	Sas
5	1	1	1	73	22	2381	1064	12	9	58.472420	&
5	1	1	1	73	23	2460	1057	36	13	42.497425	BO
4	1	1	1	74	0	457	1070	2042	48	-1	
5	1	1	1	74	1	457	1096	24	22	42.257381	isa
5	1	1	1	74	2	509	1104	17	5	13.652725	it
5	1	1	1	74	3	748	1091	24	22	51.520950	i=]
5	1	1	1	74	4	1243	1091	4	4	0.000000	:
5	1	1	1	74	5	1313	1082	21	22	10.561783	iz
5	1	1	1	74	6	1440	1089	16	6	37.478722	~
5	1	1	1	74	7	1588	1088	16	5	16.390289	“
5	1	1	1	74	8	1790	1081	8	5	5.096161	a
5	1	1	1	74	9	1961	1074	12	13	66.546738	<
5	1	1	1	74	10	2097	1070	17	22	27.468124	oO
5	1	1	1	74	11	2200	1074	18	11	55.834984	a
5	1	1	1	74	12	2254	1071	12	13	55.058880	J
5	1	1	1	74	13	2484	1070	15	9	20.852646	a
4	1	1	1	75	0	388	1071	2112	72	-1	
5	1	1	1	75	1	388	1106	18	29	10.785255	5
5	1	1	1	75	2	461	1111	60	32	73.272263	Fs
5	1	1	1	75	3	581	1101	12	30	58.359722	3
5	1	1	1	75	4	653	1107	17	28	90.343208	&
5	1	1	1	75	5	698	1087	115	52	0.000000	SEEks
5	1	1	1	75	6	849	1095	189	38	0.000000	SEeeeees
5	1	1	1	75	7	1070	1089	189	38	0.000000	FSERREF
5	1	1	1	75	8	1292	1101	37	25	28.282028	2
5	1	1	1	75	9	1366	1089	115	35	13.900375	Fes
5	1	1	1	75	10	1515	1086	35	36	80.210678	ig
5	1	1	1	75	11	1587	1095	12	24	0.000000	g
5	1	1	1	75	12	1637	1082	36	37	44.903736	be
5	1	1	1	75	13	1708	1084	17	25	88.604462	F
5	1	1	1	75	14	1756	1071	40	42	47.316074	Ef
5	1	1	1	75	15	1859	1092	17	20	68.304634	=
5	1	1	1	75	16	1913	1084	65	31	18.561874	S86
5	1	1	1	75	17	2022	1081	92	33	5.009766	Eaeg
5	1	1	1	75	18	2176	1081	42	31	54.451134	$8
5	1	1	1	75	19	2254	1071	90	40	0.000000	FESh
5	1	1	1	75	20	2377	1084	16	25	38.705711	yo
5	1	1	1	75	21	2459	1071	41	36	21.338303	Fg
4	1	1	1	76	0	388	1101	2107	52	-1	
5	1	1	1	76	1	388	1135	18	10	0.463608	A
5	1	1	1	76	2	581	1133	12	11	66.849373	°
5	1	1	1	76	3	653	1133	12	12	83.054031	S
5	1	1	1	76	4	702	1128	12	21	40.750694	g8
5	1	1	1	76	5	751	1131	65	18	43.811684	oan
5	1	1	1	76	6	873	1125	104	20	41.330139	Base.
5	1	1	1	76	7	999	1132	35	14	35.133545	Bo
5	1	1	1	76	8	1071	1117	188	36	0.000000	BoeScotad
5	1	1	1	76	9	1292	1127	40	11	34.707161	os
5	1	1	1	76	10	1367	1117	113	21	0.000000	B®aSOF
5	1	1	1	76	11	1513	1121	37	17	16.501297	ea
5	1	1	1	76	12	1587	1121	12	11	52.821777	Oo
5	1	1	1	76	13	1636	1114	13	22	58.598232	&
5	1	1	1	76	14	1708	1118	12	10	87.586098	e
5	1	1	1	76	15	1756	1112	37	25	0.000000	88
5	1	1	1	76	16	1859	1115	12	11	0.000000	e
5	1	1	1	76	17	1913	1111	15	23	43.229599	4
5	1	1	1	76	18	2023	1111	61	11	44.660751	Saw
5	1	1	1	76	19	2175	1108	37	13	55.305519	ao
5	1	1	1	76	20	2254	1106	36	13	0.000000	tes
5	1	1	1	76	21	2328	1111	17	15	0.000000	-
5	1	1	1	76	22	2381	1109	12	10	75.895416	3
5	1	1	1	76	23	2484	1101	11	12	88.357849	5
4	1	1	1	77	0	388	1120	2113	52	-1	
5	1	1	1	77	1	388	1152	17	15	53.221733	wo
5	1	1	1	77	2	461	1147	13	25	19.481644	og
5	1	1	1	77	3	505	1144	16	16	11.824104	=
5	1	1	1	77	4	582	1145	11	23	49.175117	BS
5	1	1	1	77	5	653	1146	11	10	24.444000	§
5	1	1	1	77	6	701	1141	116	27	0.000000	Se8eh
5	1	1	1	77	7	844	1136	190	29	0.000000	oreshi
5	1	1	1	77	8	996	1128	44	44	88.068443	se
5	1	1	1	77	9	1070	1141	184	22	0.000000	gSEZS.ee
5	1	1	1	77	10	1292	1140	40	20	0.000000	B.
5	1	1	1	77	11	1366	1132	110	25	43.792519	SLES
5	1	1	1	77	12	1537	1135	18	15	55.594158	&
5	1	1	1	77	13	1588	1134	11	12	79.578262	B
5	1	1	1	77	14	1656	1129	16	23	82.698853	23
5	1	1	1	77	15	1708	1130	12	11	84.824699	8
5	1	1	1	77	16	1756	1126	40	22	72.112228	84
5	1	1	1	77	17	1859	1127	16	8	13.865295	S
5	1	1	1	77	18	1913	1123	60	26	65.859276	se
5	1	1	1	77	19	2022	1121	87	16	38.448036	8788
5	1	1	1	77	20	2176	1122	36	12	81.167343	ag
5	1	1	1	77	21	2254	1120	62	11	77.521988	omg
5	1	1	1	77	22	2381	1122	11	10	45.691727	8
5	1	1	1	77	23	2459	1122	42	16	37.979473	2Q
4	1	1	1	78	0	973	1128	1425	34	-1	
5	1	1	1	78	1	973	1157	4	4	77.266151	:
5	1	1	1	78	2	1120	1156	17	6	53.258114	ad
5	1	1	1	78	3	1708	1142	11	13	66.997765	5B
5	1	1	1	78	4	1756	1149	17	6	64.310226	Ss
5	1	1	1	78	5	2023	1128	86	28	0.000000	5eQ2%
5	1	1	1	78	6	2176	1134	36	12	52.964394	ao
5	1	1	1	78	7	2303	1131	13	12	0.000000	»
5	1	1	1	78	8	2377	1131	21	12	2.509155	s
4	1	1	1	79	0	388	1138	2112	51	-1	
5	1	1	1	79	1	388	1169	11	20	82.049545	P
5	1	1	1	79	2	461	1173	16	9	47.800602	8
5	1	1	1	79	3	508	1170	17	9	18.152664	4
5	1	1	1	79	4	582	1169	16	16	56.216053	2
5	1	1	1	79	5	653	1157	12	32	65.351517	8
5	1	1	1	79	6	702	1160	115	27	6.972435	Esse?
5	1	1	1	79	7	849	1155	184	30	0.000000	sopts'
5	1	1	1	79	8	1002	1148	39	45	22.437531	fe
5	1	1	1	79	9	1070	1152	184	26	0.000000	BNSte°
5	1	1	1	79	10	1220	1148	42	45	0.000000	@l
5	1	1	1	79	11	1292	1159	42	13	44.670578	SF
5	1	1	1	79	12	1367	1152	109	26	0.000000	ZAeaH
5	1	1	1	79	13	1514	1150	39	21	67.454956	-2
5	1	1	1	79	14	1587	1147	17	26	16.617271	@
5	1	1	1	79	15	1636	1146	37	21	32.953194	98
5	1	1	1	79	16	1708	1156	12	9	77.033264	8
5	1	1	1	79	17	1765	1149	33	14	64.128281	Se
5	1	1	1	79	18	1859	1147	12	25	69.273262	g
5	1	1	1	79	19	1913	1145	65	18	59.351917	£88
5	1	1	1	79	20	2022	1146	92	22	0.000000	ovet
5	1	1	1	79	21	2176	1145	36	15	66.189819	F3
5	1	1	1	79	22	2255	1138	85	25	16.930756	Nees
5	1	1	1	79	23	2459	1140	41	16	39.256348	oe
4	1	1	1	80	0	380	1151	2116	59	-1	
5	1	1	1	80	1	380	1177	22	33	17.794128	os]
5	1	1	1	80	2	461	1183	16	21	39.797249	2
5	1	1	1	80	3	508	1181	18	23	75.511604	F
5	1	1	1	80	4	582	1186	14	20	0.000000	z
5	1	1	1	80	5	653	1190	17	11	0.000000	B®
5	1	1	1	80	6	698	1179	115	21	0.000000	S7S8y
5	1	1	1	80	7	844	1175	189	23	0.000000	Bseet2
5	1	1	1	80	8	987	1167	55	38	0.000000	Bk
5	1	1	1	80	9	1071	1171	115	23	4.701660	SUT
5	1	1	1	80	10	1242	1173	16	9	57.606243	+
5	1	1	1	80	11	1292	1169	37	21	36.910992	28
5	1	1	1	80	12	1367	1173	109	17	0.000000	SSeSe
5	1	1	1	80	13	1513	1173	36	19	67.177856	mS
5	1	1	1	80	14	1587	1174	15	9	79.514336	4
5	1	1	1	80	15	1637	1164	41	20	71.736778	75
5	1	1	1	80	16	1708	1167	17	15	57.519943	B
5	1	1	1	80	17	1756	1163	37	13	56.726376	AS
5	1	1	1	80	18	1914	1156	59	25	21.557274	Boo
5	1	1	1	80	19	2023	1159	86	19	0.000000	SmasS
5	1	1	1	80	20	2165	1160	51	16	39.935844	2
5	1	1	1	80	21	2255	1156	85	17	0.000000	WEsg
5	1	1	1	80	22	2381	1151	12	20	87.651634	3
5	1	1	1	80	23	2484	1153	12	12	35.725853	5
4	1	1	1	81	0	388	1166	2108	55	-1	
5	1	1	1	81	1	388	1192	18	29	48.496902	tt
5	1	1	1	81	2	462	1206	16	5	42.152626	Ba
5	1	1	1	81	3	653	1197	11	6	19.276741	a
5	1	1	1	81	4	727	1192	86	15	23.257713	SER
5	1	1	1	81	5	848	1195	37	10	49.515030	296
5	1	1	1	81	6	997	1192	39	10	52.301392	Oe
5	1	1	1	81	7	1071	1192	66	13	0.000000	Boye
5	1	1	1	81	8	1169	1186	12	9	0.000000	to
5	1	1	1	81	9	1218	1183	41	14	88.303108	OF
5	1	1	1	81	10	1357	1176	21	29	82.293694	oa
5	1	1	1	81	11	1439	1185	36	20	14.852829	a
5	1	1	1	81	12	1538	1186	15	9	36.598946	Se
5	1	1	1	81	13	1587	1185	12	10	47.635231	©
5	1	1	1	81	14	1660	1186	18	12	66.772301	a
5	1	1	1	81	15	1708	1183	15	9	21.481331	¢
5	1	1	1	81	16	1756	1178	37	12	0.000000	¢°o
5	1	1	1	81	17	1859	1175	12	9	74.376007	e
5	1	1	1	81	18	1913	1177	42	19	63.207859	860
5	1	1	1	81	19	2047	1177	62	13	38.809437	aos
5	1	1	1	81	20	2175	1173	42	21	68.232925	33
5	1	1	1	81	21	2250	1167	95	21	0.000000	~F3Zg
5	1	1	1	81	22	2381	1173	11	10	53.548981	oa
5	1	1	1	81	23	2459	1166	37	12	51.265160	2°
4	1	1	1	82	0	384	1179	2112	47	-1	
5	1	1	1	82	1	384	1212	15	14	34.716156	a
5	1	1	1	82	2	461	1213	66	11	26.719994	eS
5	1	1	1	82	3	582	1207	11	13	34.170059	$
5	1	1	1	82	4	652	1204	86	9	25.095367	Bay
5	1	1	1	82	5	755	1206	32	16	40.855942	Oy
5	1	1	1	82	6	873	1199	111	23	0.000000	Seger
5	1	1	1	82	7	1021	1203	17	5	0.000000	hs
5	1	1	1	82	8	1095	1198	91	23	8.664970	2Fan
5	1	1	1	82	9	1214	1198	40	13	15.711983	US
5	1	1	1	82	10	1292	1196	36	12	67.656631	gE
5	1	1	1	82	11	1391	1184	60	34	0.000000	8nu8
5	1	1	1	82	12	1513	1193	12	10	57.859604	@
5	1	1	1	82	13	1588	1197	11	12	85.186882	§
5	1	1	1	82	14	1636	1188	37	21	12.673248	gs2
5	1	1	1	82	15	1708	1193	12	10	9.669968	&
5	1	1	1	82	16	1756	1191	42	12	21.355034	&F
5	1	1	1	82	17	1859	1197	12	10	42.150364	°
5	1	1	1	82	18	1914	1189	11	12	0.000000	5p
5	1	1	1	82	19	1961	1183	15	22	0.000000	OS
5	1	1	1	82	20	2022	1179	36	29	34.425034	gig
5	1	1	1	82	21	2073	1189	12	8	0.000000	B
5	1	1	1	82	22	2200	1184	12	14	81.629822	S
5	1	1	1	82	23	2254	1181	86	23	0.000000	qgsge
5	1	1	1	82	24	2381	1185	16	8	85.844818	&
5	1	1	1	82	25	2459	1179	37	18	42.613377	2%
4	1	1	1	83	0	382	1190	2121	49	-1	
5	1	1	1	83	1	382	1228	24	7	61.693211	a
5	1	1	1	83	2	462	1221	59	17	49.766396	5g
5	1	1	1	83	3	581	1223	12	9	85.117828	8
5	1	1	1	83	4	653	1214	11	20	21.939323	Bo
5	1	1	1	83	5	702	1215	115	24	38.604515	Bad
5	1	1	1	83	6	845	1206	40	32	0.000000	gf
5	1	1	1	83	7	927	1210	111	20	0.000000	hape8
5	1	1	1	83	8	1071	1210	110	24	0.000000	Roms
5	1	1	1	83	9	1218	1211	17	16	64.658951	=.
5	1	1	1	83	10	1292	1208	37	23	21.491470	oB
5	1	1	1	83	11	1366	1207	110	24	0.000000	seme”
5	1	1	1	83	12	1513	1205	37	25	75.817665	BE
5	1	1	1	83	13	1587	1210	12	10	53.392292	2
5	1	1	1	83	14	1632	1200	16	26	71.045959	3
5	1	1	1	83	15	1708	1205	11	12	50.056782	5S
5	1	1	1	83	16	1757	1202	36	20	61.410694	RS
5	1	1	1	83	17	1859	1208	12	11	33.719757	ge
5	1	1	1	83	18	1913	1197	65	20	44.322075	BO
5	1	1	1	83	19	2023	1196	86	23	5.703522	FELo
5	1	1	1	83	20	2175	1196	37	15	0.000000	®&
5	1	1	1	83	21	2278	1191	38	23	33.470772	gg
5	1	1	1	83	22	2381	1193	17	13	80.767815	=
5	1	1	1	83	23	2460	1199	16	5	75.136650	2.
5	1	1	1	83	24	2486	1190	17	20	9.412117	@,
4	1	1	1	84	0	388	1206	2083	49	-1	
5	1	1	1	84	1	388	1241	11	14	89.424400	R
5	1	1	1	84	2	456	1251	24	4	76.670235	—
5	1	1	1	84	3	510	1235	16	13	46.488281	fF
5	1	1	1	84	4	649	1236	8	5	12.808167	*
5	1	1	1	84	5	702	1234	115	18	0.000000	e8roo
5	1	1	1	84	6	873	1230	65	24	0.000000	Sui
5	1	1	1	84	7	950	1227	88	22	0.000000	82eF
5	1	1	1	84	8	1071	1223	115	24	0.000000	ZBEFES
5	1	1	1	84	9	1218	1225	41	18	85.352356	SD
5	1	1	1	84	10	1292	1230	36	14	52.454906	ow
5	1	1	1	84	11	1391	1220	89	20	0.000000	BrK
5	1	1	1	84	12	1464	1214	19	37	8.908356	eS
5	1	1	1	84	13	1513	1218	12	22	70.416367	3
5	1	1	1	84	14	1583	1221	16	17	60.932518	S
5	1	1	1	84	15	1660	1219	13	12	79.694214	»
5	1	1	1	84	16	1708	1219	12	10	78.022232	2
5	1	1	1	84	17	1756	1215	37	22	37.116394	FS
5	1	1	1	84	18	1859	1220	12	13	86.431549	3
5	1	1	1	84	19	1937	1210	36	23	37.032223	3a
5	1	1	1	84	20	2022	1210	93	22	29.520981	S8a™
5	1	1	1	84	21	2200	1210	16	8	25.811996	S$
5	1	1	1	84	22	2255	1206	90	19	15.328300	eyeh
5	1	1	1	84	23	2381	1207	11	11	28.713066	8
5	1	1	1	84	24	2455	1206	16	11	57.474442	3
4	1	1	1	85	0	509	1212	1990	49	-1	
5	1	1	1	85	1	509	1250	12	11	0.000000	°
5	1	1	1	85	2	727	1249	12	9	54.622341	°
5	1	1	1	85	3	873	1244	12	10	19.931442	@
5	1	1	1	85	4	944	1239	65	17	26.718735	374
5	1	1	1	85	5	1071	1237	66	13	0.000000	eee
5	1	1	1	85	6	1170	1243	16	6	0.000000	Se
5	1	1	1	85	7	1239	1242	12	7	23.232803	o
5	1	1	1	85	8	1362	1229	19	26	30.307846	ot
5	1	1	1	85	9	1537	1232	18	12	59.075302	a
5	1	1	1	85	10	1704	1230	15	13	73.767059	<
5	1	1	1	85	11	1752	1222	25	27	15.070496	ime
5	1	1	1	85	12	1938	1233	16	6	87.034027	=
5	1	1	1	85	13	2200	1220	12	11	42.327446	8
5	1	1	1	85	14	2254	1219	36	19	52.735489	os
5	1	1	1	85	15	2328	1224	13	11	1.289604	o
5	1	1	1	85	16	2381	1220	17	11	91.494408	a
5	1	1	1	85	17	2460	1212	39	26	23.123283	Bot
4	1	1	1	86	0	332	1228	2164	44	-1	
5	1	1	1	86	1	332	1262	74	10	0.000000	ss
5	1	1	1	86	2	462	1258	15	8	16.643112	a
5	1	1	1	86	3	581	1254	12	12	58.393082	2
5	1	1	1	86	4	653	1251	12	21	74.812828	B
5	1	1	1	86	5	703	1250	114	18	0.000000	mQ®Is
5	1	1	1	86	6	849	1247	12	12	79.223709	g
5	1	1	1	86	7	973	1247	11	10	33.118408	g
5	1	1	1	86	8	1095	1247	86	17	4.743546	agape
5	1	1	1	86	9	1219	1242	11	13	44.764465	5
5	1	1	1	86	10	1292	1242	37	13	74.883461	Boe
5	1	1	1	86	11	1366	1241	37	16	66.877197	OP
5	1	1	1	86	12	1421	1241	30	21	8.538651	Ba
5	1	1	1	86	13	1632	1234	45	20	78.358459	Pe
5	1	1	1	86	14	1752	1228	17	34	41.343201	rf
5	1	1	1	86	15	1938	1235	40	12	58.564789	ce
5	1	1	1	86	16	2018	1230	96	17	0.985229	see
5	1	1	1	86	17	2176	1230	36	17	0.000000	gB
5	1	1	1	86	18	2254	1234	12	11	68.965469	oF
5	1	1	1	86	19	2303	1235	16	9	31.969612	a
5	1	1	1	86	20	2484	1231	12	12	20.845108	$
4	1	1	1	87	0	461	1232	2010	51	-1	
5	1	1	1	87	1	461	1261	60	19	24.018234	eg
5	1	1	1	87	2	578	1246	21	37	0.000000	2g,
5	1	1	1	87	3	702	1261	37	18	14.947601	pe
5	1	1	1	87	4	849	1243	87	37	0.000000	QePRa
5	1	1	1	87	5	949	1257	84	17	0.000000	bao
5	1	1	1	87	6	1144	1256	42	13	71.024231	ae
5	1	1	1	87	7	1292	1256	12	10	53.630005	a
5	1	1	1	87	8	1391	1244	85	24	22.520500	Beth
5	1	1	1	87	9	1513	1250	40	13	67.688782	Ne
5	1	1	1	87	10	1588	1251	16	18	33.247192	gw
5	1	1	1	87	11	1636	1251	36	13	22.333183	AF
5	1	1	1	87	12	1708	1251	12	12	83.898399	o
5	1	1	1	87	13	1782	1246	16	14	27.675133	v
5	1	1	1	87	14	1859	1245	17	7	44.304165	=
5	1	1	1	87	15	1938	1242	35	17	45.638882	eS
5	1	1	1	87	16	2023	1244	61	11	39.097031	299
5	1	1	1	87	17	2176	1247	16	12	64.661713	=
5	1	1	1	87	18	2254	1246	12	9	29.427879	a
5	1	1	1	87	19	2329	1234	69	22	43.756302	3.2
5	1	1	1	87	20	2460	1232	11	20	65.229477	3
4	1	1	1	88	0	388	1245	2081	47	-1	
5	1	1	1	88	1	388	1279	11	13	0.000000	o
5	1	1	1	88	2	456	1279	70	7	18.014717	SF
5	1	1	1	88	3	703	1269	85	20	0.000000	F558
5	1	1	1	88	4	849	1268	135	18	0.000000	e@ROHe
5	1	1	1	88	5	1021	1269	17	6	63.011211	Se
5	1	1	1	88	6	1071	1261	61	25	38.656921	Bow
5	1	1	1	88	7	1218	1266	12	17	10.729294	<
5	1	1	1	88	8	1292	1267	37	12	32.167747	So
5	1	1	1	88	9	1366	1262	85	17	0.000000	OBES
5	1	1	1	88	10	1513	1265	17	14	7.583267	y
5	1	1	1	88	11	1636	1265	41	10	27.826202	ae
5	1	1	1	88	12	1708	1264	17	10	61.859886	&
5	1	1	1	88	13	1756	1254	13	12	51.341473	&
5	1	1	1	88	14	1859	1254	17	11	69.069763	=
5	1	1	1	88	15	2022	1245	62	20	26.043526	geo
5	1	1	1	88	16	2097	1249	17	13	30.544922	F
5	1	1	1	88	17	2200	1248	12	20	88.802940	8
5	1	1	1	88	18	2254	1246	66	20	19.941444	SPR
5	1	1	1	88	19	2381	1254	11	11	1.371269	s
5	1	1	1	88	20	2459	1254	10	9	0.000000	@
4	1	1	1	89	0	388	1259	1928	54	-1	
5	1	1	1	89	1	388	1278	17	35	66.051033	&.
5	1	1	1	89	2	456	1290	24	6	38.112091	S
5	1	1	1	89	3	510	1286	11	13	23.102234	8
5	1	1	1	89	4	582	1285	17	14	78.145935	N
5	1	1	1	89	5	653	1282	11	17	57.404789	2
5	1	1	1	89	6	772	1271	41	36	48.241455	ths
5	1	1	1	89	7	873	1281	37	14	0.000000	eS
5	1	1	1	89	8	924	1280	36	16	0.000000	38
5	1	1	1	89	9	1000	1275	14	20	62.205463	R
5	1	1	1	89	10	1071	1281	11	12	66.984894	8
5	1	1	1	89	11	1144	1278	37	14	25.941437	oe
5	1	1	1	89	12	1317	1279	17	10	17.848473	x
5	1	1	1	89	13	1391	1279	17	6	71.064133	ER
5	1	1	1	89	14	1439	1271	41	17	39.280220	go
5	1	1	1	89	15	1587	1269	12	10	73.946175	g
5	1	1	1	89	16	1660	1259	17	35	19.766129	cy
5	1	1	1	89	17	1756	1262	37	21	43.906879	38
5	1	1	1	89	18	1859	1268	12	8	50.673988	g
5	1	1	1	89	19	1961	1263	12	11	47.614487	9
5	1	1	1	89	20	2022	1262	87	14	0.000000	8af8
5	1	1	1	89	21	2175	1261	12	9	62.095116	g
5	1	1	1	89	22	2278	1259	38	13	58.088020	go
4	1	1	1	90	0	388	1257	2112	78	-1	
5	1	1	1	90	1	388	1304	17	20	0.000000	$
5	1	1	1	90	2	461	1309	13	24	45.438503	¢
5	1	1	1	90	3	504	1302	17	33	11.301941	®
5	1	1	1	90	4	578	1300	20	27	37.277672	3
5	1	1	1	90	5	653	1300	12	21	21.011551	8B
5	1	1	1	90	6	702	1290	111	40	35.584648	pgags
5	1	1	1	90	7	849	1276	189	50	0.000000	Bgegease
5	1	1	1	90	8	1071	1281	110	39	0.000000	S8288
5	1	1	1	90	9	1218	1270	41	39	67.028503	ER
5	1	1	1	90	10	1292	1281	37	28	23.120155	Go
5	1	1	1	90	11	1366	1281	114	40	0.000000	Se8ae
5	1	1	1	90	12	1513	1265	42	41	52.518124	we
5	1	1	1	90	13	1587	1281	12	25	77.451744	2
5	1	1	1	90	14	1636	1276	42	32	58.801197	EB
5	1	1	1	90	15	1708	1282	91	33	56.537529	sof
5	1	1	1	90	16	1859	1278	16	23	74.997437	3
5	1	1	1	90	17	1934	1261	44	42	48.751453	Sf
5	1	1	1	90	18	2022	1274	87	33	0.000000	gesg
5	1	1	1	90	19	2175	1270	37	35	58.435383	28
5	1	1	1	90	20	2254	1257	87	58	24.098846	eae
5	1	1	1	90	21	2376	1264	24	35	75.405434	&
5	1	1	1	90	22	2459	1261	41	25	54.372070	8s
4	1	1	1	91	0	380	1282	2120	65	-1	
5	1	1	1	91	1	380	1320	19	27	19.587036	oR
5	1	1	1	91	2	582	1331	4	4	0.000000	.
5	1	1	1	91	3	703	1316	110	17	3.301651	ESGQ¢a
5	1	1	1	91	4	923	1321	12	9	0.000000	g
5	1	1	1	91	5	1017	1307	20	27	2.006180	oo
5	1	1	1	91	6	1096	1305	60	27	19.283005	ais)
5	1	1	1	91	7	1219	1310	16	6	88.818626	=
5	1	1	1	91	8	1292	1312	36	18	36.464317	Ee
5	1	1	1	91	9	1391	1312	11	9	48.333374	4
5	1	1	1	91	10	1464	1311	16	5	29.203102	~
5	1	1	1	91	11	1513	1310	42	12	35.221725	we
5	1	1	1	91	12	1587	1307	12	10	31.545448	©
5	1	1	1	91	13	1636	1306	36	17	52.972092	FE
5	1	1	1	91	14	1859	1302	16	7	84.535599	=
5	1	1	1	91	15	1950	1303	28	14	40.560741	>>
5	1	1	1	91	16	2023	1303	16	6	0.000000	a
5	1	1	1	91	17	2072	1304	13	12	0.000000	O
5	1	1	1	91	18	2193	1284	25	32	29.155220	ce
5	1	1	1	91	19	2278	1295	34	18	22.531548	|S
5	1	1	1	91	20	2323	1282	21	35	65.077377	eo
5	1	1	1	91	21	2459	1295	41	13	32.726540	of
4	1	1	1	92	0	461	1305	2035	43	-1	
5	1	1	1	92	1	461	1334	12	13	4.494461	&
5	1	1	1	92	2	509	1336	12	12	77.242348	8
5	1	1	1	92	3	653	1332	12	8	51.104729	a
5	1	1	1	92	4	703	1331	85	13	36.135708	ghost
5	1	1	1	92	5	854	1330	37	18	0.000000	Si
5	1	1	1	92	6	895	1323	115	25	0.000000	gguses
5	1	1	1	92	7	1071	1322	110	18	10.656662	eFsog
5	1	1	1	92	8	1218	1318	17	13	11.707375	>
5	1	1	1	92	9	1317	1326	11	9	53.640076	§
5	1	1	1	92	10	1366	1318	110	17	11.444328	BReoe
5	1	1	1	92	11	1513	1316	40	20	63.468491	ge
5	1	1	1	92	12	1583	1319	9	5	69.638725	2
5	1	1	1	92	13	1636	1321	17	7	53.254883	RE
5	1	1	1	92	14	1706	1314	12	9	53.254883	r
5	1	1	1	92	15	1782	1313	16	18	45.244720	“4
5	1	1	1	92	16	1855	1308	21	22	15.907433	fF
5	1	1	1	92	17	1938	1309	35	12	39.008331	wf
5	1	1	1	92	18	2023	1309	86	19	57.834602	2888
5	1	1	1	92	19	2176	1305	17	12	33.690903	8
5	1	1	1	92	20	2303	1311	16	9	92.145477	ge
5	1	1	1	92	21	2381	1312	17	11	0.000000	gg
5	1	1	1	92	22	2460	1309	36	11	27.473442	&&
4	1	1	1	93	0	388	1315	1956	55	-1	
5	1	1	1	93	1	388	1339	20	31	39.916416	aa
5	1	1	1	93	2	509	1348	16	9	44.359718	+
5	1	1	1	93	3	653	1342	11	13	41.074509	&
5	1	1	1	93	4	698	1338	119	18	22.668106	“S@oaa
5	1	1	1	93	5	849	1344	12	9	49.017174	&
5	1	1	1	93	6	924	1329	110	25	0.000000	Beaeb
5	1	1	1	93	7	1071	1336	35	15	21.936104	=A
5	1	1	1	93	8	1124	1333	57	17	0.000000	gaa
5	1	1	1	93	9	1239	1326	65	25	61.086403	pe
5	1	1	1	93	10	1366	1323	37	31	0.000000	SCS
5	1	1	1	93	11	1418	1323	61	31	0.000000	Raoe
5	1	1	1	93	12	1538	1336	17	6	12.804726	~
5	1	1	1	93	13	1588	1333	16	6	19.293839	«
5	1	1	1	93	14	1636	1324	36	20	0.000000	o8
5	1	1	1	93	15	1708	1328	4	4	8.125961	9
5	1	1	1	93	16	1938	1320	35	15	40.410110	Be
5	1	1	1	93	17	2017	1316	67	20	41.812935	wee
5	1	1	1	93	18	2176	1319	42	10	34.838249	ee
5	1	1	1	93	19	2254	1315	90	18	0.000000	AFOe
4	1	1	1	94	0	164	1322	2332	54	-1	
5	1	1	1	94	1	164	1366	2	5	10.781639	5
5	1	1	1	94	2	388	1357	17	13	7.963455	S
5	1	1	1	94	3	462	1348	11	20	36.016273	3
5	1	1	1	94	4	509	1359	12	12	36.016273	6
5	1	1	1	94	5	653	1356	11	20	64.218483	5
5	1	1	1	94	6	702	1357	37	13	54.322021	ot
5	1	1	1	94	7	758	1349	55	18	0.000000	>So
5	1	1	1	94	8	850	1348	85	18	0.000000	Zama
5	1	1	1	94	9	948	1343	36	14	0.000000	es
5	1	1	1	94	10	997	1354	13	12	50.020226	g
5	1	1	1	94	11	1071	1349	115	15	0.000000	oaarkh
5	1	1	1	94	12	1218	1342	17	13	6.065521	oo
5	1	1	1	94	13	1292	1344	42	20	39.032417	Bo
5	1	1	1	94	14	1367	1341	113	19	0.000000	S2882s
5	1	1	1	94	15	1513	1337	37	15	67.779831	ga
5	1	1	1	94	16	1587	1340	16	9	19.915146	#
5	1	1	1	94	17	1632	1340	16	12	79.374886	&
5	1	1	1	94	18	1782	1332	16	13	86.685867	>
5	1	1	1	94	19	1937	1336	36	11	58.412827	ae
5	1	1	1	94	20	2047	1330	42	20	37.920189	oe
5	1	1	1	94	21	2176	1328	40	24	76.906235	SF
5	1	1	1	94	22	2288	1334	52	12	0.000000	gg
5	1	1	1	94	23	2381	1325	12	9	59.439194	&
5	1	1	1	94	24	2459	1322	37	19	76.877213	+8
4	1	1	1	95	0	388	1333	2108	50	-1	
5	1	1	1	95	1	388	1370	12	11	11.667694	&
5	1	1	1	95	2	461	1370	13	10	42.546848	@
5	1	1	1	95	3	702	1360	111	23	0.000000	BSPFo8
5	1	1	1	95	4	850	1360	85	18	0.000000	SUaa
5	1	1	1	95	5	951	1358	39	13	0.000000	es
5	1	1	1	95	6	1021	1356	12	10	84.356972	8
5	1	1	1	95	7	1071	1360	86	17	9.170670	Feoe
5	1	1	1	95	8	1218	1357	13	10	34.537491	©
5	1	1	1	95	9	1292	1354	17	25	0.000000	g
5	1	1	1	95	10	1366	1355	110	15	0.347702	Bosak
5	1	1	1	95	11	1513	1349	42	18	21.462166	Se.
5	1	1	1	95	12	1587	1358	12	10	18.306648	oa
5	1	1	1	95	13	1636	1346	36	19	43.491978	3B
5	1	1	1	95	14	1747	1340	32	29	61.472275	20,
5	1	1	1	95	15	1785	1346	8	10	25.840210	@
5	1	1	1	95	16	1859	1342	12	12	12.789375	e
5	1	1	1	95	17	1938	1349	16	6	24.382797	2.
5	1	1	1	95	18	2022	1345	37	10	43.736191	eas
5	1	1	1	95	19	2097	1339	16	18	19.503540	8
5	1	1	1	95	20	2255	1339	36	16	48.756958	gw
5	1	1	1	95	21	2306	1333	9	20	27.536636	8
5	1	1	1	95	22	2381	1336	17	18	3.190842	g
5	1	1	1	95	23	2460	1336	36	18	74.641953	a5
4	1	1	1	96	0	377	1346	2124	46	-1	
5	1	1	1	96	1	377	1383	12	8	64.590103	a
5	1	1	1	96	2	462	1381	11	10	0.000000	g
5	1	1	1	96	3	751	1371	12	18	77.211517	a
5	1	1	1	96	4	849	1362	16	30	40.600304	Oo
5	1	1	1	96	5	875	1374	16	7	40.600304	=
5	1	1	1	96	6	948	1367	86	17	23.994911	e749
5	1	1	1	96	7	1120	1366	61	15	57.876442	obs
5	1	1	1	96	8	1313	1356	21	30	33.515640	ma
5	1	1	1	96	9	1379	1372	4	4	63.571651	.
5	1	1	1	96	10	1440	1369	11	9	46.701275	5
5	1	1	1	96	11	1513	1361	36	13	69.776344	Ss
5	1	1	1	96	12	1636	1365	12	12	70.831871	$
5	1	1	1	96	13	1752	1350	41	30	32.118690	“90
5	1	1	1	96	14	1855	1349	24	30	11.477463	on
5	1	1	1	96	15	1933	1354	40	13	58.439171	ao
5	1	1	1	96	16	2022	1356	12	12	45.643078	°
5	1	1	1	96	17	2303	1355	37	10	56.175758	om
5	1	1	1	96	18	2459	1346	42	15	17.613441	ge
4	1	1	1	97	0	509	1349	1966	52	-1	
5	1	1	1	97	1	509	1389	12	12	51.257935	5
5	1	1	1	97	2	653	1378	11	19	84.325180	8
5	1	1	1	97	3	703	1379	114	20	18.767700	seiny.
5	1	1	1	97	4	874	1369	40	31	27.441750	as)
5	1	1	1	97	5	998	1378	35	15	64.074921	se
5	1	1	1	97	6	1071	1373	36	16	71.123352	of
5	1	1	1	97	7	1169	1378	15	9	54.495815	B
5	1	1	1	97	8	1218	1370	36	17	49.028580	#9
5	1	1	1	97	9	1366	1368	61	19	26.350227	Bo
5	1	1	1	97	10	1513	1370	36	14	46.357365	BB
5	1	1	1	97	11	1588	1370	11	10	75.995255	©
5	1	1	1	97	12	1660	1366	13	12	63.052269	>
5	1	1	1	97	13	1961	1366	12	12	53.727936	3
5	1	1	1	97	14	2048	1356	37	21	51.617073	Be
5	1	1	1	97	15	2176	1356	42	18	7.492485	ot
5	1	1	1	97	16	2271	1349	19	30	0.000000	~~
5	1	1	1	97	17	2381	1356	12	11	57.391453	g
5	1	1	1	97	18	2459	1360	16	9	39.510269	&
4	1	1	1	98	0	171	1356	2325	67	-1	
5	1	1	1	98	1	171	1412	30	11	52.687527	-
5	1	1	1	98	2	388	1390	18	30	52.635456	Qo
5	1	1	1	98	3	461	1392	16	20	74.441086	&
5	1	1	1	98	4	510	1402	11	13	59.944820	5
5	1	1	1	98	5	653	1398	12	13	0.000000	B
5	1	1	1	98	6	702	1391	114	26	46.848000	BEEPS
5	1	1	1	98	7	849	1386	189	28	0.000000	ghoe8e8h
5	1	1	1	98	8	1072	1380	114	28	27.652550	pate.
5	1	1	1	98	9	1218	1386	37	28	55.293083	$9
5	1	1	1	98	10	1292	1380	37	25	76.804413	83
5	1	1	1	98	11	1366	1378	114	30	0.600578	go8er
5	1	1	1	98	12	1513	1384	37	17	45.484180	Be
5	1	1	1	98	13	1588	1381	15	19	13.560364	gf
5	1	1	1	98	14	1656	1380	16	21	21.141228	Id
5	1	1	1	98	15	1777	1371	16	22	62.250374	a
5	1	1	1	98	16	1859	1373	12	11	41.342445	$
5	1	1	1	98	17	1938	1369	35	23	74.067200	£8
5	1	1	1	98	18	2022	1369	37	26	3.551270	BS
5	1	1	1	98	19	2074	1375	40	19	12.277649	m9
5	1	1	1	98	20	2190	1375	22	19	54.119514	2
5	1	1	1	98	21	2254	1356	91	36	0.000000	€3ae
5	1	1	1	98	22	2381	1367	17	19	50.984921	3
5	1	1	1	98	23	2460	1363	36	21	56.976097	Bs
4	1	1	1	99	0	161	1384	2340	59	-1	
5	1	1	1	99	1	161	1438	11	5	29.359787	=
5	1	1	1	99	2	388	1422	11	13	7.233017	Gg
5	1	1	1	99	3	461	1414	13	20	78.031555	8
5	1	1	1	99	4	509	1425	12	17	42.292450	4
5	1	1	1	99	5	653	1412	17	27	38.384712	R
5	1	1	1	99	6	702	1409	111	26	0.000000	gEkBs
5	1	1	1	99	7	849	1406	184	33	0.000000	SGeekege
5	1	1	1	99	8	1074	1403	33	27	12.289345	Sk
5	1	1	1	99	9	1120	1404	67	24	12.289345	ese
5	1	1	1	99	10	1218	1402	37	23	52.838181	os
5	1	1	1	99	11	1292	1405	37	24	38.875397	G8
5	1	1	1	99	12	1367	1403	112	31	0.000000	BSskS
5	1	1	1	99	13	1513	1396	37	27	44.395844	Fe
5	1	1	1	99	14	1587	1401	12	12	0.000000	E
5	1	1	1	99	15	1636	1404	37	18	0.000000	*e
5	1	1	1	99	16	1775	1402	25	16	29.297729	—>
5	1	1	1	99	17	1859	1387	12	31	26.532005	9
5	1	1	1	99	18	1938	1390	35	25	15.387947	6B
5	1	1	1	99	19	2022	1393	92	20	33.883125	gLBe
5	1	1	1	99	20	2176	1385	42	29	10.618660	8&3
5	1	1	1	99	21	2254	1387	86	30	36.326939	88°23
5	1	1	1	99	22	2377	1387	16	25	50.766747	3
5	1	1	1	99	23	2459	1384	42	21	62.320553	32
4	1	1	1	100	0	388	1393	2108	56	-1	
5	1	1	1	100	1	388	1435	16	9	55.516556	a
5	1	1	1	100	2	510	1444	16	5	35.890984	2
5	1	1	1	100	3	801	1432	16	6	67.632126	me
5	1	1	1	100	4	924	1424	101	14	0.000000	oie
5	1	1	1	100	5	1120	1427	16	8	47.184151	a
5	1	1	1	100	6	1215	1414	15	29	7.354401	Et
5	1	1	1	100	7	1366	1424	16	9	62.083210	o
5	1	1	1	100	8	1439	1419	17	13	52.186779	o
5	1	1	1	100	9	1538	1423	12	9	63.403545	a
5	1	1	1	100	10	1588	1414	16	20	25.915710	5
5	1	1	1	100	11	1957	1414	16	14	34.180824	a
5	1	1	1	100	12	2022	1408	92	19	22.344215	een
5	1	1	1	100	13	2200	1407	12	11	67.304085	8
5	1	1	1	100	14	2279	1412	17	10	58.963547	Q
5	1	1	1	100	15	2459	1393	37	35	37.536816	8.2
4	1	1	1	101	0	389	1409	2107	49	-1	
5	1	1	1	101	1	389	1445	11	10	79.312569	S
5	1	1	1	101	2	461	1445	13	12	20.781273	oo.»
5	1	1	1	101	3	510	1451	16	5	83.753548	&
5	1	1	1	101	4	653	1441	12	10	81.246109	S
5	1	1	1	101	5	702	1433	114	25	0.000000	e8mee
5	1	1	1	101	6	850	1435	85	18	0.000000	“S85
5	1	1	1	101	7	949	1421	90	41	0.000000	5a°o
5	1	1	1	101	8	1071	1425	110	26	0.000000	BSees
5	1	1	1	101	9	1218	1427	36	20	39.784988	Bo
5	1	1	1	101	10	1391	1428	65	11	0.000000	S5es
5	1	1	1	101	11	1513	1425	42	14	31.022812	Bf
5	1	1	1	101	12	1661	1423	17	10	2.398392	*
5	1	1	1	101	13	1781	1421	16	11	39.156837	2
5	1	1	1	101	14	1859	1420	12	12	64.289810	8
5	1	1	1	101	15	1934	1409	15	39	25.259003	ge
5	1	1	1	101	16	2176	1415	36	17	17.885086	TS
5	1	1	1	101	17	2255	1412	89	19	56.814861	Rete
5	1	1	1	101	18	2485	1414	11	20	64.090050	3
4	1	1	1	102	0	170	1419	2301	48	-1	
5	1	1	1	102	1	170	1460	5	3	40.150078	-
5	1	1	1	102	2	388	1457	12	10	30.499359	3
5	1	1	1	102	3	462	1458	16	6	48.868008	&
5	1	1	1	102	4	510	1458	16	6	58.286064	&
5	1	1	1	102	5	653	1452	17	13	82.157982	&
5	1	1	1	102	6	703	1448	11	13	36.757103	Sey
5	1	1	1	102	7	752	1449	61	12	0.253761	hise
5	1	1	1	102	8	874	1445	62	19	36.497078	ses
5	1	1	1	102	9	997	1438	36	26	51.198074	wi
5	1	1	1	102	10	1145	1440	36	14	31.648972	an
5	1	1	1	102	11	1218	1445	37	16	45.018700	fo
5	1	1	1	102	12	1317	1438	12	13	21.592140	SP
5	1	1	1	102	13	1360	1434	116	21	0.000000	REBSTR
5	1	1	1	102	14	1513	1438	37	11	65.308022	4H
5	1	1	1	102	15	1584	1436	20	20	23.754257	St
5	1	1	1	102	16	1775	1434	25	13	48.590462	=
5	1	1	1	102	17	1859	1433	17	6	39.634499	~
5	1	1	1	102	18	1938	1421	35	29	22.810158	=e]
5	1	1	1	102	19	2022	1419	21	29	33.405945	Qo
5	1	1	1	102	20	2047	1419	18	29	33.405945	mm
5	1	1	1	102	21	2073	1427	12	10	40.924232	®
5	1	1	1	102	22	2098	1436	16	6	0.000000	..
5	1	1	1	102	23	2200	1432	12	10	77.835785	g
5	1	1	1	102	24	2258	1431	4	7	16.629425	0
5	1	1	1	102	25	2381	1423	17	16	39.845882	=
5	1	1	1	102	26	2459	1426	12	12	61.494518	€
4	1	1	1	103	0	389	1432	2107	49	-1	
5	1	1	1	103	1	389	1469	11	12	56.494698	g
5	1	1	1	103	2	462	1465	16	6	32.514664	a
5	1	1	1	103	3	702	1454	37	26	82.327126	ae
5	1	1	1	103	4	755	1458	32	14	0.000000	o<
5	1	1	1	103	5	849	1453	61	24	25.815727	235
5	1	1	1	103	6	973	1458	65	14	16.047150	ofp
5	1	1	1	103	7	1071	1447	110	25	47.816422	882553
5	1	1	1	103	8	1219	1455	36	13	46.785652	28
5	1	1	1	103	9	1292	1452	36	13	22.025993	«3
5	1	1	1	103	10	1367	1452	36	15	62.250648	FS
5	1	1	1	103	11	1464	1451	12	9	44.473198	Qo
5	1	1	1	103	12	1513	1450	40	12	44.739861	wo
5	1	1	1	103	13	1656	1436	20	31	18.145943	os
5	1	1	1	103	14	1859	1450	12	9	64.774498	®
5	1	1	1	103	15	1938	1443	35	10	61.497910	+o
5	1	1	1	103	16	2022	1439	87	17	0.000000	LSB
5	1	1	1	103	17	2175	1437	12	9	0.000000	s
5	1	1	1	103	18	2255	1432	90	22	57.697914	wo.
5	1	1	1	103	19	2328	1428	19	31	0.000000	FB
5	1	1	1	103	20	2381	1440	12	10	73.068222	&
5	1	1	1	103	21	2459	1440	13	10	73.808144	&
5	1	1	1	103	22	2486	1436	10	10	42.472298	@
4	1	1	1	104	0	177	1443	2319	44	-1	
5	1	1	1	104	1	177	1484	2	3	13.463898	.
5	1	1	1	104	2	509	1474	17	12	45.753971	o
5	1	1	1	104	3	653	1475	17	5	54.822052	ie
5	1	1	1	104	4	752	1469	64	14	40.637672	Sta
5	1	1	1	104	5	850	1472	16	6	12.263733	=
5	1	1	1	104	6	919	1455	20	30	19.127899	rs)
5	1	1	1	104	7	997	1467	41	10	59.879360	ak
5	1	1	1	104	8	1071	1464	86	21	61.407974	Bose
5	1	1	1	104	9	1242	1466	16	9	34.320061	gS
5	1	1	1	104	10	1292	1463	42	16	51.310230	ga
5	1	1	1	104	11	1367	1459	11	13	93.182457	5
5	1	1	1	104	12	1439	1462	37	14	7.490372	8
5	1	1	1	104	13	1538	1460	12	10	36.199203	o
5	1	1	1	104	14	1660	1458	13	8	38.843956	a
5	1	1	1	104	15	1781	1457	17	13	10.172386	o
5	1	1	1	104	16	1938	1462	16	5	31.963760	me
5	1	1	1	104	17	2048	1447	36	12	40.618687	=8
5	1	1	1	104	18	2176	1443	36	21	77.625397	83
5	1	1	1	104	19	2279	1452	17	10	9.672867	4°
5	1	1	1	104	20	2328	1446	12	13	44.144459	2
5	1	1	1	104	21	2485	1448	11	13	81.962769	5
4	1	1	1	105	0	461	1445	2011	50	-1	
5	1	1	1	105	1	461	1482	13	11	58.876213	2
5	1	1	1	105	2	653	1482	11	13	95.565186	5
5	1	1	1	105	3	727	1480	86	13	35.832214	agnS
5	1	1	1	105	4	849	1479	86	9	0.000000	types
5	1	1	1	105	5	954	1469	80	24	0.000000	|eSq
5	1	1	1	105	6	1071	1471	110	17	22.187416	FZISUR
5	1	1	1	105	7	1218	1470	37	15	60.402515	CS
5	1	1	1	105	8	1391	1467	85	17	51.339222	Raga
5	1	1	1	105	9	1514	1464	10	12	68.697754	#8
5	1	1	1	105	10	1588	1465	66	15	30.164658	aes)
5	1	1	1	105	11	1859	1462	12	10	83.733032	g
5	1	1	1	105	12	2022	1458	62	15	52.142815	SRE
5	1	1	1	105	13	2251	1445	20	36	0.000000	"y
5	1	1	1	105	14	2328	1459	16	9	62.623154	&
5	1	1	1	105	15	2459	1451	13	9	61.336220	a
4	1	1	1	106	0	462	1455	2042	49	-1	
5	1	1	1	106	1	462	1494	17	9	29.948746	>
5	1	1	1	106	2	509	1489	12	11	60.641159	©
5	1	1	1	106	3	748	1480	16	24	45.294880	ic
5	1	1	1	106	4	870	1478	22	24	44.940674	nm
5	1	1	1	106	5	973	1493	17	6	41.438328	aa
5	1	1	1	106	6	1095	1479	12	13	92.849037	<
5	1	1	1	106	7	1170	1484	16	13	87.374428	=
5	1	1	1	106	8	1218	1482	29	11	71.345306	of
5	1	1	1	106	9	1415	1470	36	24	46.605156	Ooo
5	1	1	1	106	10	1535	1468	14	24	16.380684	c=
5	1	1	1	106	11	1588	1478	16	5	59.417030	=
5	1	1	1	106	12	1781	1471	12	13	69.365295	€
5	1	1	1	106	13	1938	1468	35	12	68.334656	aO
5	1	1	1	106	14	2047	1468	12	12	17.294540	°
5	1	1	1	106	15	2097	1464	17	13	39.378540	o
5	1	1	1	106	16	2196	1459	16	24	23.020142	cy
5	1	1	1	106	17	2255	1469	41	8	12.115242	ome
5	1	1	1	106	18	2381	1462	12	11	63.027805	°
5	1	1	1	106	19	2484	1455	20	24	27.504639	oe
4	1	1	1	107	0	103	1461	2399	76	-1	
5	1	1	1	107	1	103	1511	103	11	40.500214	—
5	1	1	1	107	2	388	1491	18	41	18.095093	go
5	1	1	1	107	3	509	1509	12	23	37.982975	8
5	1	1	1	107	4	653	1505	18	16	48.756920	q
5	1	1	1	107	5	702	1480	115	49	5.786201	Reid
5	1	1	1	107	6	849	1490	91	33	2.479919	FESE
5	1	1	1	107	7	972	1490	66	40	49.673882	Fa,
5	1	1	1	107	8	1071	1485	110	34	0.000000	FiasT
5	1	1	1	107	9	1219	1494	40	21	29.675392	“a
5	1	1	1	107	10	1292	1486	42	41	51.552704	39
5	1	1	1	107	11	1366	1482	115	35	0.000000	B2gs8
5	1	1	1	107	12	1513	1485	40	24	13.980103	FS
5	1	1	1	107	13	1587	1484	12	22	14.845322	8
5	1	1	1	107	14	1636	1477	37	40	25.095825	8
5	1	1	1	107	15	1781	1473	94	36	30.229866	eg
5	1	1	1	107	16	1938	1481	35	31	67.432709	gi
5	1	1	1	107	17	2023	1470	86	38	0.000000	*2ae
5	1	1	1	107	18	2176	1461	41	39	59.516548	S28
5	1	1	1	107	19	2278	1476	67	26	19.577927	Fg
5	1	1	1	107	20	2381	1475	12	31	0.000000	b
5	1	1	1	107	21	2459	1470	43	32	31.711586	Bg
4	1	1	1	108	0	393	1499	2103	45	-1	
5	1	1	1	108	1	393	1533	3	7	74.411377	7
5	1	1	1	108	2	510	1533	11	11	36.990353	3
5	1	1	1	108	3	654	1523	16	14	52.270779	SF
5	1	1	1	108	4	703	1524	114	19	37.334000	ptesk
5	1	1	1	108	5	851	1521	35	15	47.464966	oS
5	1	1	1	108	6	903	1519	36	25	40.142433	,F
5	1	1	1	108	7	948	1524	85	17	49.327324	O08
5	1	1	1	108	8	1020	1513	15	35	30.085938	a
5	1	1	1	108	9	1096	1520	85	21	33.674500	“ees
5	1	1	1	108	10	1242	1516	13	10	77.655602	g
5	1	1	1	108	11	1317	1523	12	12	71.399574	5B
5	1	1	1	108	12	1366	1511	113	21	25.971306	ErPee
5	1	1	1	108	13	1513	1510	42	22	45.511566	8H
5	1	1	1	108	14	1588	1514	17	10	18.933243	&
5	1	1	1	108	15	1636	1515	37	16	50.304489	BS
5	1	1	1	108	16	1781	1509	15	9	55.719303	+
5	1	1	1	108	17	1859	1509	12	13	94.888527	3
5	1	1	1	108	18	1938	1511	41	12	46.876793	ga
5	1	1	1	108	19	2072	1503	37	17	57.737335	o®
5	1	1	1	108	20	2172	1503	46	21	28.079620	ae
5	1	1	1	108	21	2279	1503	61	16	45.131344	ro
5	1	1	1	108	22	2459	1499	37	18	72.500893	ae
4	1	1	1	109	0	119	1508	2377	62	-1	
5	1	1	1	109	1	119	1541	8	25	34.487946	€C
5	1	1	1	109	2	170	1541	11	24	70.468765	>
5	1	1	1	109	3	384	1535	27	35	31.759438	ic)
5	1	1	1	109	4	462	1544	16	16	39.326061	we
5	1	1	1	109	5	509	1545	17	13	0.000000	@
5	1	1	1	109	6	653	1538	12	12	0.000000	&
5	1	1	1	109	7	704	1534	35	21	0.000000	eB
5	1	1	1	109	8	753	1538	60	27	0.000000	R28
5	1	1	1	109	9	850	1533	85	21	0.000000	S588
5	1	1	1	109	10	973	1539	64	15	0.000000	7°58
5	1	1	1	109	11	1071	1530	110	22	0.000000	AnFod
5	1	1	1	109	12	1224	1521	36	25	72.932182	[>
5	1	1	1	109	13	1292	1528	37	20	0.000000	£8
5	1	1	1	109	14	1367	1527	113	20	0.000000	EeehBF
5	1	1	1	109	15	1513	1530	42	15	74.895981	oF
5	1	1	1	109	16	1588	1524	16	18	50.767410	2
5	1	1	1	109	17	1637	1527	41	17	0.000000	E*
5	1	1	1	109	18	1782	1527	16	7	22.407333	me
5	1	1	1	109	19	1859	1525	12	10	47.760986	8
5	1	1	1	109	20	1934	1510	15	33	17.721214	Fy
5	1	1	1	109	21	2024	1508	85	33	10.681580	ogssé
5	1	1	1	109	22	2176	1519	11	12	67.209679	a
5	1	1	1	109	23	2256	1516	35	15	80.811768	De
5	1	1	1	109	24	2381	1517	17	7	37.288368	=
5	1	1	1	109	25	2459	1513	37	18	64.968948	25
4	1	1	1	110	0	140	1524	2331	46	-1	
5	1	1	1	110	1	140	1568	3	2	39.349686	.
5	1	1	1	110	2	645	1544	22	26	55.912930	Ls]
5	1	1	1	110	3	699	1543	20	26	10.472427	Ly
5	1	1	1	110	4	777	1550	36	12	81.174896	Bo
5	1	1	1	110	5	849	1544	67	22	58.548370	<5
5	1	1	1	110	6	903	1540	33	30	48.192886	05
5	1	1	1	110	7	948	1547	37	14	42.252026	to
5	1	1	1	110	8	1022	1550	16	6	86.801674	=
5	1	1	1	110	9	1096	1546	11	13	56.132832	5
5	1	1	1	110	10	1120	1537	12	26	30.092804	oO
5	1	1	1	110	11	1170	1545	11	10	85.595901	®
5	1	1	1	110	12	1243	1543	11	12	70.486267	3
5	1	1	1	110	13	1288	1534	16	26	0.000000	°.
5	1	1	1	110	14	1362	1539	16	13	63.449894	J
5	1	1	1	110	15	1416	1532	64	30	35.947487	so.
5	1	1	1	110	16	1509	1531	16	27	23.241333	ry
5	1	1	1	110	17	1588	1544	16	6	82.183975	=
5	1	1	1	110	18	1661	1544	16	6	15.029007	oH
5	1	1	1	110	19	1781	1535	12	9	83.663292	a
5	1	1	1	110	20	1859	1537	12	9	19.916901	o
5	1	1	1	110	21	1962	1528	16	17	26.212418	I
5	1	1	1	110	22	2047	1530	12	11	61.782841	J
5	1	1	1	110	23	2097	1530	12	9	23.756683	7
5	1	1	1	110	24	2176	1527	36	21	34.535355	e8
5	1	1	1	110	25	2324	1525	16	13	51.919281	9
5	1	1	1	110	26	2381	1524	12	14	96.653175	3
5	1	1	1	110	27	2460	1525	11	9	91.060463	4
4	1	1	1	111	0	388	1526	2112	51	-1	
5	1	1	1	111	1	388	1567	12	10	9.943855	o
5	1	1	1	111	2	653	1564	15	9	75.786377	SB
5	1	1	1	111	3	698	1557	119	19	0.000000	gePHr
5	1	1	1	111	4	849	1564	87	10	57.362923	S868
5	1	1	1	111	5	959	1549	50	31	53.698544	2.9
5	1	1	1	111	6	1022	1557	16	6	90.808334	5
5	1	1	1	111	7	1145	1551	36	16	52.514809	Eo
5	1	1	1	111	8	1242	1557	13	11	28.932198	a
5	1	1	1	111	9	1292	1550	37	16	65.798965	re
5	1	1	1	111	10	1387	1541	19	28	22.051682	f=)
5	1	1	1	111	11	1477	1554	3	4	38.568031	.
5	1	1	1	111	12	1538	1547	11	12	2.099701	g
5	1	1	1	111	13	1588	1551	11	12	85.291199	6
5	1	1	1	111	14	1661	1552	11	12	96.064606	5
5	1	1	1	111	15	1938	1538	40	21	10.438225	&
5	1	1	1	111	16	2047	1543	17	16	0.000000	2
5	1	1	1	111	17	2076	1539	33	12	0.000000	QO
5	1	1	1	111	18	2176	1544	41	12	59.758476	a:
5	1	1	1	111	19	2279	1532	11	20	65.675987	3
5	1	1	1	111	20	2328	1539	12	12	50.807861	©
5	1	1	1	111	21	2381	1541	12	10	73.973190	3
5	1	1	1	111	22	2476	1526	24	28	40.451946	Lo]
4	1	1	1	112	0	108	1542	2392	86	-1	
5	1	1	1	112	1	108	1570	98	58	74.467621	ON
5	1	1	1	112	2	388	1598	12	8	40.735710	a
5	1	1	1	112	3	462	1571	16	31	20.094482	&
5	1	1	1	112	4	653	1575	12	20	66.270088	2
5	1	1	1	112	5	702	1568	115	37	0.000000	Seoie
5	1	1	1	112	6	849	1556	185	46	0.000000	QS¢8e22
5	1	1	1	112	7	1071	1560	116	40	0.000000	7eea3
5	1	1	1	112	8	1219	1568	40	20	19.755020	sk
5	1	1	1	112	9	1292	1560	44	36	0.000000	g%
5	1	1	1	112	10	1366	1554	110	45	26.191910	gorge
5	1	1	1	112	11	1513	1554	37	37	71.071213	af
5	1	1	1	112	12	1588	1563	11	26	17.874893	a
5	1	1	1	112	13	1632	1554	44	35	69.321136	Gs
5	1	1	1	112	14	1781	1552	12	26	25.460808	Bo
5	1	1	1	112	15	1860	1567	16	17	25.460808	o«
5	1	1	1	112	16	1938	1552	35	32	54.907131	SF
5	1	1	1	112	17	2043	1551	66	37	51.013550	S25
5	1	1	1	112	18	2176	1550	36	38	45.701920	38
5	1	1	1	112	19	2279	1554	11	20	85.302353	g
5	1	1	1	112	20	2328	1552	16	19	44.627495	2
5	1	1	1	112	21	2382	1552	11	26	39.503067	2
5	1	1	1	112	22	2459	1542	41	38	43.306999	BS
4	1	1	1	113	0	256	1573	2236	54	-1	
5	1	1	1	113	1	256	1621	2	4	14.329033	$
5	1	1	1	113	2	388	1608	12	10	50.535660	®
5	1	1	1	113	3	457	1594	17	33	42.300797	i)
5	1	1	1	113	4	653	1606	16	9	31.311508	»
5	1	1	1	113	5	703	1600	110	13	0.000000	@P8E5O
5	1	1	1	113	6	849	1597	37	20	19.480171	SB
5	1	1	1	113	7	902	1598	14	13	0.000000	e
5	1	1	1	113	8	929	1601	34	13	45.902615	ma
5	1	1	1	113	9	976	1602	37	14	30.830154	SS
5	1	1	1	113	10	1071	1592	85	20	42.209572	8325
5	1	1	1	113	11	1218	1590	41	18	25.201004	a
5	1	1	1	113	12	1292	1595	42	14	68.576591	Om
5	1	1	1	113	13	1416	1588	60	19	72.707329	#22
5	1	1	1	113	14	1513	1587	42	18	47.173241	8
5	1	1	1	113	15	1636	1584	41	18	4.738091	a3
5	1	1	1	113	16	1781	1588	12	9	33.352859	2
5	1	1	1	113	17	1938	1582	35	16	7.069633	a
5	1	1	1	113	18	2047	1589	16	10	15.574501	¢
5	1	1	1	113	19	2278	1575	13	12	87.314117	>
5	1	1	1	113	20	2328	1573	17	19	56.838230	p
5	1	1	1	113	21	2381	1579	12	9	49.914757	8
5	1	1	1	113	22	2489	1581	3	7	61.024780	Q
4	1	1	1	114	0	293	1589	2208	56	-1	
5	1	1	1	114	1	293	1624	4	10	73.073357	5
5	1	1	1	114	2	385	1617	88	28	18.583832	FB
5	1	1	1	114	3	653	1627	12	11	0.000000	S
5	1	1	1	114	4	703	1605	110	34	0.000000	gS828
5	1	1	1	114	5	850	1609	184	31	0.000000	S2ENee
5	1	1	1	114	6	997	1595	46	53	0.000000	Se
5	1	1	1	114	7	1071	1601	115	37	0.000000	Goeoq
5	1	1	1	114	8	1219	1603	40	33	20.499626	FL
5	1	1	1	114	9	1292	1604	36	27	61.893738	88
5	1	1	1	114	10	1366	1599	110	30	0.000000	SBESE
5	1	1	1	114	11	1513	1605	17	17	69.151161	Be
5	1	1	1	114	12	1588	1599	16	23	88.409874	F
5	1	1	1	114	13	1636	1599	37	14	57.161823	se
5	1	1	1	114	14	1781	1598	90	22	52.926693	Bo.
5	1	1	1	114	15	1938	1595	35	31	21.421677	«@$
5	1	1	1	114	16	2048	1590	66	29	0.000000	s8e
5	1	1	1	114	17	2172	1590	40	30	0.000000	gs
5	1	1	1	114	18	2279	1597	16	8	36.666710	=
5	1	1	1	114	19	2329	1593	16	5	20.461098	5
5	1	1	1	114	20	2381	1590	17	18	0.000000	&
5	1	1	1	114	21	2460	1589	41	28	54.999088	SS
4	1	1	1	115	0	388	1605	2113	57	-1	
5	1	1	1	115	1	388	1647	12	10	73.108322	§
5	1	1	1	115	2	462	1639	12	8	53.909107	a
5	1	1	1	115	3	653	1639	18	10	11.620110	5%
5	1	1	1	115	4	702	1636	37	26	49.098206	pa
5	1	1	1	115	5	776	1637	37	12	35.733673	ee
5	1	1	1	115	6	849	1633	91	19	14.700211	Bee
5	1	1	1	115	7	973	1634	12	11	0.000000	HPO
5	1	1	1	115	8	1022	1636	11	9	0.000000	R
5	1	1	1	115	9	1071	1639	15	8	7.281281	F
5	1	1	1	115	10	1120	1623	67	30	10.293396	g20
5	1	1	1	115	11	1218	1633	40	12	33.729088	a
5	1	1	1	115	12	1317	1633	12	10	32.724884	a
5	1	1	1	115	13	1366	1622	114	24	0.000000	BBs
5	1	1	1	115	14	1513	1620	42	17	57.311409	Se
5	1	1	1	115	15	1588	1624	11	12	83.465988	&
5	1	1	1	115	16	1637	1618	39	21	29.792152	AE
5	1	1	1	115	17	1777	1620	35	14	0.131332	<-
5	1	1	1	115	18	1860	1618	11	13	27.064743	@
5	1	1	1	115	19	1938	1617	35	20	61.562660	oe
5	1	1	1	115	20	2047	1610	62	26	27.868141	Sha
5	1	1	1	115	21	2176	1615	41	17	61.230225	o>
5	1	1	1	115	22	2279	1617	12	12	64.980652	»
5	1	1	1	115	23	2328	1609	18	22	12.684563	£
5	1	1	1	115	24	2460	1605	41	24	27.914749	vy
4	1	1	1	116	0	389	1622	2112	51	-1	
5	1	1	1	116	1	389	1659	11	12	68.102684	8
5	1	1	1	116	2	462	1658	12	11	77.658371	°
5	1	1	1	116	3	653	1656	17	17	89.714867	4
5	1	1	1	116	4	761	1649	27	19	35.853401	£5
5	1	1	1	116	5	803	1650	14	16	0.000000	B
5	1	1	1	116	6	899	1647	61	20	50.514366	Bo
5	1	1	1	116	7	976	1647	34	13	43.469872	be
5	1	1	1	116	8	1071	1647	36	10	39.797939	Eo
5	1	1	1	116	9	1145	1641	36	21	54.438141	AGS
5	1	1	1	116	10	1242	1644	13	10	81.704498	8
5	1	1	1	116	11	1292	1640	40	16	76.220535	28
5	1	1	1	116	12	1367	1644	108	18	42.445847	£6585
5	1	1	1	116	13	1514	1636	10	13	79.643448	8
5	1	1	1	116	14	1587	1636	15	10	19.628983	oo
5	1	1	1	116	15	1637	1633	39	17	48.234909	Os
5	1	1	1	116	16	1781	1643	12	10	32.483536	2
5	1	1	1	116	17	1859	1633	12	10	83.546089	8
5	1	1	1	116	18	1938	1639	11	9	65.927505	g
5	1	1	1	116	19	2072	1629	37	18	57.351814	ad
5	1	1	1	116	20	2176	1631	36	14	30.940292	So
5	1	1	1	116	21	2279	1630	11	12	10.703674	£
5	1	1	1	116	22	2329	1632	11	13	54.562298	§
5	1	1	1	116	23	2381	1630	12	13	80.038910	§
5	1	1	1	116	24	2459	1622	42	19	75.566109	ge
4	1	1	1	117	0	388	1641	2108	63	-1	
5	1	1	1	117	1	388	1671	15	9	0.000000	e
5	1	1	1	117	2	462	1671	11	12	78.198242	8
5	1	1	1	117	3	653	1672	12	12	0.000000	s
5	1	1	1	117	4	702	1658	114	46	0.000000	gEgeS
5	1	1	1	117	5	849	1652	61	39	69.608971	gre
5	1	1	1	117	6	949	1656	84	38	0.000000	8933
5	1	1	1	117	7	1071	1654	114	42	30.400192	Bgsge
5	1	1	1	117	8	1219	1656	35	19	33.792007	FE
5	1	1	1	117	9	1292	1655	42	23	33.166939	3s
5	1	1	1	117	10	1367	1649	113	33	0.000000	Sspee
5	1	1	1	117	11	1513	1650	42	24	0.000000	ae
5	1	1	1	117	12	1588	1655	16	30	89.888123	N
5	1	1	1	117	13	1636	1648	37	29	33.131134	OB
5	1	1	1	117	14	1782	1653	11	14	10.707321	§
5	1	1	1	117	15	1859	1644	17	13	0.000000	fF
5	1	1	1	117	16	1938	1645	39	23	53.799404	gS
5	1	1	1	117	17	2047	1646	62	23	65.518845	£88
5	1	1	1	117	18	2200	1642	12	20	37.515915	3
5	1	1	1	117	19	2279	1643	17	13	37.827461	8
5	1	1	1	117	20	2329	1646	15	21	53.151379	8
5	1	1	1	117	21	2378	1646	15	23	77.565666	8
5	1	1	1	117	22	2455	1641	41	21	57.801723	84
4	1	1	1	118	0	388	1660	2113	43	-1	
5	1	1	1	118	1	388	1690	13	10	34.602783	2
5	1	1	1	118	2	462	1694	15	9	30.833237	+
5	1	1	1	118	3	654	1685	16	12	75.102905	x
5	1	1	1	118	4	703	1689	11	9	28.316818	8
5	1	1	1	118	5	776	1684	36	17	26.868576	23
5	1	1	1	118	6	874	1683	42	19	38.271881	gE
5	1	1	1	118	7	973	1680	61	22	0.000000	e89
5	1	1	1	118	8	1071	1679	66	16	35.997559	“as
5	1	1	1	118	9	1219	1677	36	23	80.539032	4°
5	1	1	1	118	10	1288	1675	40	16	68.069534	OB
5	1	1	1	118	11	1366	1674	85	20	0.000000	Bee
5	1	1	1	118	12	1510	1663	21	31	0.000000	os
5	1	1	1	118	13	1636	1674	41	16	54.371704	8s
5	1	1	1	118	14	1781	1668	12	9	57.253540	g
5	1	1	1	118	15	1859	1668	16	8	21.484184	&
5	1	1	1	118	16	1938	1666	35	15	66.725769	bP
5	1	1	1	118	17	2047	1668	65	15	46.110020	aos
5	1	1	1	118	18	2176	1664	36	21	93.626877	38
5	1	1	1	118	19	2279	1666	16	11	67.703522	wn
5	1	1	1	118	20	2329	1668	16	6	66.428925	&
5	1	1	1	118	21	2382	1671	4	4	43.381481	§$
5	1	1	1	118	22	2460	1660	41	17	47.457825	oe
4	1	1	1	119	0	388	1675	2113	46	-1	
5	1	1	1	119	1	388	1702	17	18	24.963669	RB
5	1	1	1	119	2	463	1705	15	12	55.375610	F
5	1	1	1	119	3	653	1697	12	24	82.894745	@
5	1	1	1	119	4	703	1692	110	26	58.452225	“28825
5	1	1	1	119	5	849	1692	62	21	75.759323	Bas
5	1	1	1	119	6	949	1693	84	23	0.730881	8STS
5	1	1	1	119	7	1071	1690	110	28	0.000000	zekeo
5	1	1	1	119	8	1243	1695	16	11	35.936722	w
5	1	1	1	119	9	1292	1688	37	22	56.353374	Be
5	1	1	1	119	10	1367	1683	108	23	0.000000	LEED
5	1	1	1	119	11	1513	1683	42	23	58.399055	SE
5	1	1	1	119	12	1582	1696	24	7	45.794140	~
5	1	1	1	119	13	1637	1689	36	15	36.821823	Fe
5	1	1	1	119	14	1781	1679	12	20	42.568432	4
5	1	1	1	119	15	1859	1676	17	26	45.731907	=
5	1	1	1	119	16	1938	1678	35	13	0.000000	3
5	1	1	1	119	17	2047	1678	67	19	0.000000	a2
5	1	1	1	119	18	2200	1677	17	7	76.484123	=
5	1	1	1	119	19	2329	1675	11	11	0.000000	s
5	1	1	1	119	20	2459	1675	42	12	43.220135	in
4	1	1	1	120	0	384	1678	2112	60	-1	
5	1	1	1	120	1	384	1709	16	29	27.822990	oO
5	1	1	1	120	2	462	1719	12	9	20.836426	@
5	1	1	1	120	3	653	1705	19	30	19.614288	="
5	1	1	1	120	4	752	1710	60	17	69.063202	eag
5	1	1	1	120	5	849	1709	62	21	85.916328	Fae
5	1	1	1	120	6	948	1705	86	24	84.043747	2239
5	1	1	1	120	7	1095	1705	62	23	38.833076	Ree
5	1	1	1	120	8	1219	1701	12	11	62.858700	Q
5	1	1	1	120	9	1366	1704	109	17	6.553146	poner
5	1	1	1	120	10	1514	1699	36	19	65.833359	35
5	1	1	1	120	11	1588	1704	11	17	19.595596	SS
5	1	1	1	120	12	1636	1700	41	14	14.406189	@2o
5	1	1	1	120	13	1782	1700	16	6	13.585274	Se
5	1	1	1	120	14	1859	1703	16	8	55.764038	&
5	1	1	1	120	15	1938	1693	40	12	60.695473	no
5	1	1	1	120	16	2073	1690	36	21	7.683136	~s
5	1	1	1	120	17	2200	1686	12	18	8.681000	e
5	1	1	1	120	18	2278	1687	13	12	35.170944	ep
5	1	1	1	120	19	2329	1688	11	13	40.729637	8
5	1	1	1	120	20	2460	1678	36	29	35.552513	tog
4	1	1	1	121	0	273	1691	2227	55	-1	
5	1	1	1	121	1	273	1739	3	1	38.841873	:
5	1	1	1	121	2	388	1733	12	12	19.458527	€
5	1	1	1	121	3	462	1741	16	5	36.118317	=
5	1	1	1	121	4	654	1734	16	5	29.405945	a,
5	1	1	1	121	5	728	1724	58	16	4.187759	pao
5	1	1	1	121	6	801	1727	4	4	4.187759	-
5	1	1	1	121	7	898	1721	18	17	82.935333	=
5	1	1	1	121	8	973	1717	61	13	28.119896	EBe
5	1	1	1	121	9	1071	1718	110	17	23.953445	esbpa
5	1	1	1	121	10	1218	1714	37	20	63.361698	ER
5	1	1	1	121	11	1292	1720	12	12	83.955078	p
5	1	1	1	121	12	1391	1719	17	13	85.926888	a
5	1	1	1	121	13	1464	1715	12	11	39.696213	o
5	1	1	1	121	14	1514	1709	10	19	66.054962	38
5	1	1	1	121	15	1637	1715	17	6	48.326775	2
5	1	1	1	121	16	1782	1708	11	9	39.021080	2
5	1	1	1	121	17	1934	1699	19	32	0.000000	oe
5	1	1	1	121	18	2047	1697	41	32	57.992496	ed.
5	1	1	1	121	19	2176	1707	11	10	39.416374	%
5	1	1	1	121	20	2279	1700	11	12	71.946228	3
5	1	1	1	121	21	2469	1691	31	32	31.650360	aed
4	1	1	1	122	0	388	1712	2113	62	-1	
5	1	1	1	122	1	388	1747	18	20	5.724411	ze
5	1	1	1	122	2	462	1747	17	20	44.864765	&
5	1	1	1	122	3	653	1741	17	15	0.000000	e
5	1	1	1	122	4	727	1736	91	38	0.000000	ge8,
5	1	1	1	122	5	849	1731	62	43	28.243324	jes
5	1	1	1	122	6	948	1728	90	33	41.215305	Beal
5	1	1	1	122	7	1071	1730	115	32	39.629879	Bee
5	1	1	1	122	8	1169	1718	20	60	41.840752	g
5	1	1	1	122	9	1218	1728	41	27	26.091644	SB
5	1	1	1	122	10	1292	1724	42	36	58.651314	BF
5	1	1	1	122	11	1366	1722	115	35	0.000000	Boek
5	1	1	1	122	12	1513	1722	91	32	16.495781	ERB
5	1	1	1	122	13	1636	1723	37	30	75.249275	ES
5	1	1	1	122	14	1781	1718	15	26	34.985588	=
5	1	1	1	122	15	1860	1722	16	33	46.083466	NS
5	1	1	1	122	16	1938	1714	39	36	1.932991	&f
5	1	1	1	122	17	2048	1717	67	27	50.868988	S53
5	1	1	1	122	18	2176	1718	42	26	26.415108	gr
5	1	1	1	122	19	2278	1714	18	13	45.119877	=
5	1	1	1	122	20	2459	1713	42	28	50.858215	2s
4	1	1	1	123	0	388	1736	2108	53	-1	
5	1	1	1	123	1	388	1768	13	8	24.531265	o
5	1	1	1	123	2	462	1766	15	9	43.218681	*
5	1	1	1	123	3	653	1758	20	31	3.815224	gt
5	1	1	1	123	4	731	1765	85	14	37.795692	Tyee
5	1	1	1	123	5	849	1761	37	12	48.368584	BE
5	1	1	1	123	6	944	1758	66	16	18.289520	Jog
5	1	1	1	123	7	1071	1757	61	16	41.321102	©2536
5	1	1	1	123	8	1170	1755	11	20	21.812988	3B
5	1	1	1	123	9	1317	1754	11	18	85.248161	2
5	1	1	1	123	10	1367	1750	89	22	54.735901	92,
5	1	1	1	123	11	1513	1748	40	21	7.645081	a®
5	1	1	1	123	12	1588	1755	16	12	89.829628	&
5	1	1	1	123	13	1637	1750	35	18	0.000000	§9
5	1	1	1	123	14	1777	1736	16	31	37.906906	ro)
5	1	1	1	123	15	1956	1748	24	6	27.766785	a
5	1	1	1	123	16	2047	1743	12	25	56.037155	g
5	1	1	1	123	17	2176	1744	40	12	40.735172	£8
5	1	1	1	123	18	2279	1737	17	15	49.348660	x
5	1	1	1	123	19	2329	1744	11	11	59.149979	8
5	1	1	1	123	20	2460	1741	36	14	22.078903	8
4	1	1	1	124	0	65	1738	2432	67	-1	
5	1	1	1	124	1	65	1785	21	20	95.520767	=
5	1	1	1	124	2	389	1785	17	9	37.690453	a
5	1	1	1	124	3	462	1785	17	14	70.667389	2,
5	1	1	1	124	4	653	1776	12	10	59.583145	g
5	1	1	1	124	5	728	1775	89	17	0.000000	aoes
5	1	1	1	124	6	850	1771	53	14	29.404350	25°
5	1	1	1	124	7	973	1768	66	20	35.799019	age
5	1	1	1	124	8	1071	1765	66	23	15.847786	858
5	1	1	1	124	9	1170	1777	11	9	53.773136	8
5	1	1	1	124	10	1218	1765	41	14	94.079063	Se
5	1	1	1	124	11	1292	1769	37	13	37.626728	«3
5	1	1	1	124	12	1366	1766	114	15	28.724861	8e8-5
5	1	1	1	124	13	1513	1768	37	12	39.285645	SS
5	1	1	1	124	14	1588	1777	16	6	45.062668	2
5	1	1	1	124	15	1637	1765	36	13	36.974216	Bs
5	1	1	1	124	16	1781	1767	12	9	20.618835	a
5	1	1	1	124	17	1855	1765	16	12	20.136787	7
5	1	1	1	124	18	1938	1752	40	20	22.557549	Bo
5	1	1	1	124	19	2072	1738	42	36	63.472805	Diy
5	1	1	1	124	20	2278	1753	13	9	25.912247	#
5	1	1	1	124	21	2328	1757	12	12	84.194122	8
5	1	1	1	124	22	2460	1755	37	12	79.563469	BE
4	1	1	1	125	0	61	1763	2436	72	-1	
5	1	1	1	125	1	61	1809	21	11	26.150253	z
5	1	1	1	125	2	164	1804	21	16	79.404327	z
5	1	1	1	125	3	295	1810	19	10	7.938652	A)
5	1	1	1	125	4	388	1793	13	42	30.233490	og
5	1	1	1	125	5	462	1795	17	31	54.419296	8
5	1	1	1	125	6	653	1787	17	36	47.099377	2
5	1	1	1	125	7	727	1786	86	43	25.903221	$852
5	1	1	1	125	8	849	1784	67	33	60.647682	Sem
5	1	1	1	125	9	948	1784	85	36	0.000000	Seg:
5	1	1	1	125	10	1070	1779	63	31	12.114113	gfe
5	1	1	1	125	11	1164	1789	24	13	71.996819	©
5	1	1	1	125	12	1218	1780	42	31	0.000000	8
5	1	1	1	125	13	1292	1780	37	29	53.500473	93
5	1	1	1	125	14	1366	1773	110	35	23.384491	E2283
5	1	1	1	125	15	1513	1779	37	22	60.751480	82
5	1	1	1	125	16	1588	1784	11	8	69.473656	2
5	1	1	1	125	17	1633	1777	44	25	33.989075	38
5	1	1	1	125	18	1781	1778	15	21	65.451103	2
5	1	1	1	125	19	1859	1778	12	22	82.122368	9
5	1	1	1	125	20	1938	1773	40	25	0.892937	2
5	1	1	1	125	21	2043	1768	71	27	35.092590	“ss
5	1	1	1	125	22	2176	1763	42	38	71.922073	ES
5	1	1	1	125	23	2279	1771	17	32	61.249474	2
5	1	1	1	125	24	2328	1770	12	20	48.189034	&
5	1	1	1	125	25	2460	1767	37	29	0.000000	S8
4	1	1	1	126	0	166	1792	2181	46	-1	
5	1	1	1	126	1	166	1824	15	13	62.018333	Q
5	1	1	1	126	2	315	1819	36	19	34.571411	—
5	1	1	1	126	3	728	1813	60	22	29.886940	fas
5	1	1	1	126	4	849	1812	62	18	63.476639	bao
5	1	1	1	126	5	1021	1818	13	9	58.899239	@
5	1	1	1	126	6	1071	1812	61	16	50.709972	Baw
5	1	1	1	126	7	1170	1816	17	6	69.518204	=
5	1	1	1	126	8	1242	1812	18	12	16.740448	yn
5	1	1	1	126	9	1292	1807	36	15	57.503212	3S
5	1	1	1	126	10	1366	1804	110	16	0.000000	S882R8
5	1	1	1	126	11	1513	1803	37	10	38.478920	2
5	1	1	1	126	12	1587	1801	16	19	77.028610	2
5	1	1	1	126	13	1637	1802	41	10	51.311363	Oe
5	1	1	1	126	14	1782	1801	11	9	0.000000	g
5	1	1	1	126	15	1859	1802	12	11	78.140579	g
5	1	1	1	126	16	1938	1797	40	9	63.742966	Be.
5	1	1	1	126	17	2047	1794	62	19	30.659470	~es
5	1	1	1	126	18	2198	1795	12	9	0.000000	-
5	1	1	1	126	19	2339	1792	8	8	37.057724	a
4	1	1	1	127	0	68	1797	2428	81	-1	
5	1	1	1	127	1	68	1832	21	32	41.632317	8
5	1	1	1	127	2	136	1838	50	25	32.002800	os
5	1	1	1	127	3	274	1836	132	42	43.023849	OE
5	1	1	1	127	4	462	1837	17	21	69.838760	8
5	1	1	1	127	5	653	1826	17	38	92.583839	8
5	1	1	1	127	6	727	1830	90	31	23.145279	#82
5	1	1	1	127	7	849	1823	62	31	34.872070	283
5	1	1	1	127	8	948	1820	90	40	63.252491	R555
5	1	1	1	127	9	1071	1826	61	23	40.164558	°22
5	1	1	1	127	10	1170	1824	15	30	91.830849	2
5	1	1	1	127	11	1219	1822	36	25	65.271706	88
5	1	1	1	127	12	1292	1829	40	19	3.664536	Bs
5	1	1	1	127	13	1366	1815	114	35	0.000000	g2288
5	1	1	1	127	14	1513	1814	40	30	39.551205	08
5	1	1	1	127	15	1588	1821	11	21	73.294586	3
5	1	1	1	127	16	1637	1805	35	38	49.797668	QF
5	1	1	1	127	17	1777	1811	16	26	0.000000	$
5	1	1	1	127	18	1859	1815	12	20	31.734032	&
5	1	1	1	127	19	1932	1806	41	31	15.645905	¢@
5	1	1	1	127	20	2046	1802	63	47	78.387970	ved
5	1	1	1	127	21	2172	1803	46	37	86.554070	se
5	1	1	1	127	22	2279	1804	68	36	0.000000	3
5	1	1	1	127	23	2460	1797	36	13	41.339287	ee
4	1	1	1	128	0	71	1832	2141	50	-1	
5	1	1	1	128	1	71	1867	15	12	78.331551	3
5	1	1	1	128	2	137	1867	13	11	34.283096	c
5	1	1	1	128	3	388	1857	18	15	49.456676	a
5	1	1	1	128	4	459	1852	20	30	39.924908	mse
5	1	1	1	128	5	761	1853	45	13	13.604462	et
5	1	1	1	128	6	802	1845	23	30	23.465805	PS
5	1	1	1	128	7	850	1851	60	13	60.227016	RO
5	1	1	1	128	8	897	1845	15	30	73.466965	<
5	1	1	1	128	9	1021	1849	17	16	53.722946	2,
5	1	1	1	128	10	1096	1850	41	6	71.841423	on
5	1	1	1	128	11	1219	1848	40	16	41.039528	oc
5	1	1	1	128	12	1293	1846	41	13	34.839447	AD
5	1	1	1	128	13	1440	1844	36	13	29.179108	us
5	1	1	1	128	14	1538	1844	16	10	71.708527	+
5	1	1	1	128	15	1588	1843	11	13	46.559608	8
5	1	1	1	128	16	1781	1838	17	18	66.553238	2
5	1	1	1	128	17	1938	1838	35	14	64.501114	54
5	1	1	1	128	18	2200	1832	12	8	0.000000	&
4	1	1	1	129	0	72	1836	2273	58	-1	
5	1	1	1	129	1	72	1865	113	29	0.000000	Zz
5	1	1	1	129	2	389	1874	11	19	32.359451	3
5	1	1	1	129	3	462	1874	15	18	29.641281	of
5	1	1	1	129	4	654	1873	17	19	0.000000	e
5	1	1	1	129	5	727	1863	91	28	13.767899	oo,
5	1	1	1	129	6	849	1863	62	22	32.821754	BBS
5	1	1	1	129	7	948	1854	85	27	61.007339	Beek
5	1	1	1	129	8	1077	1857	55	25	85.995110	188
5	1	1	1	129	9	1170	1856	16	25	76.506363	F
5	1	1	1	129	10	1219	1867	36	11	49.846245	so
5	1	1	1	129	11	1292	1860	37	20	77.568916	BB
5	1	1	1	129	12	1366	1848	114	33	0.000000	BgeenS
5	1	1	1	129	13	1513	1850	42	24	54.666367	SF
5	1	1	1	129	14	1583	1857	16	12	52.203556	a
5	1	1	1	129	15	1634	1844	20	27	0.000000	3
5	1	1	1	129	16	1782	1858	11	12	35.704735	»
5	1	1	1	129	17	1860	1847	16	22	17.823418	¢
5	1	1	1	129	18	1938	1848	35	25	35.381813	£8
5	1	1	1	129	19	2047	1836	38	38	36.099808	a3
5	1	1	1	129	20	2176	1842	36	14	0.000000	S53)
5	1	1	1	129	21	2279	1838	12	31	28.852020	§
4	1	1	1	130	0	73	1857	2267	53	-1	
5	1	1	1	130	1	73	1890	119	20	49.562111	3225
5	1	1	1	130	2	724	1880	15	13	0.000000	q
5	1	1	1	130	3	801	1883	15	9	11.160583	we
5	1	1	1	130	4	844	1883	59	8	35.837830	257
5	1	1	1	130	5	948	1882	36	9	14.110382	36
5	1	1	1	130	6	998	1880	35	11	14.110382	on
5	1	1	1	130	7	1095	1879	42	12	20.221573	aa
5	1	1	1	130	8	1170	1882	14	9	58.999527	8
5	1	1	1	130	9	1219	1879	35	12	73.651611	88
5	1	1	1	130	10	1293	1881	36	10	29.677345	S$
5	1	1	1	130	11	1367	1872	109	20	0.000000	Sa8ae
5	1	1	1	130	12	1513	1869	40	22	37.687935	aS
5	1	1	1	130	13	1588	1870	11	11	89.388260	§
5	1	1	1	130	14	1782	1870	14	10	22.031029	¢
5	1	1	1	130	15	1860	1871	15	8	17.616745	&
5	1	1	1	130	16	1938	1868	41	15	54.437248	RS
5	1	1	1	130	17	2073	1861	41	21	22.756866	53
5	1	1	1	130	18	2176	1859	41	20	19.190552	es
5	1	1	1	130	19	2328	1857	12	21	60.726650	a
4	1	1	1	131	0	75	1877	2265	53	-1	
5	1	1	1	131	1	75	1904	113	26	49.283638	BeBe
5	1	1	1	131	2	1341	1892	2	2	0.000000	.
5	1	1	1	131	3	1588	1882	11	9	76.853539	4
5	1	1	1	131	4	1782	1881	11	10	58.068882	®
5	1	1	1	131	5	1860	1880	16	12	61.241512	>
5	1	1	1	131	6	1938	1881	35	10	0.000000	&&
5	1	1	1	131	7	2044	1885	7	4	13.673668	-
5	1	1	1	131	8	2076	1881	33	10	38.805763	ao
5	1	1	1	131	9	2176	1877	36	14	52.737480	ae
5	1	1	1	131	10	2279	1878	16	10	0.000000	~
5	1	1	1	131	11	2329	1880	11	9	41.646774	8
4	1	1	1	132	0	76	1918	151	30	-1	
5	1	1	1	132	1	76	1933	52	15	69.083305	G2
5	1	1	1	132	2	142	1927	13	11	21.506615	@
5	1	1	1	132	3	174	1918	53	24	85.749290	oa
4	1	1	1	133	0	77	1942	151	23	-1	
5	1	1	1	133	1	77	1942	151	23	0.000000	axGtEZz
