level	page_num	block_num	par_num	line_num	word_num	left	top	width	height	conf	text
1	1	0	0	0	0	0	0	2550	1970	-1	
2	1	1	0	0	0	6	2	2543	1889	-1	
3	1	1	1	0	0	6	2	2543	32	-1	
4	1	1	1	1	0	6	2	2543	32	-1	
5	1	1	1	1	1	2	0	130	38	4.329483	OO
3	1	1	2	0	0	171	32	123	33	-1	
4	1	1	2	1	0	171	32	123	33	-1	
5	1	1	2	1	1	171	35	25	21	47.672760	=~
5	1	1	2	1	2	234	32	60	33	49.457787	<<¢
3	1	1	3	0	0	2129	99	362	23	-1	
4	1	1	3	1	0	2129	99	362	23	-1	
5	1	1	3	1	1	2129	101	17	6	45.389656	ia
5	1	1	3	1	2	2375	104	12	9	76.522827	o
5	1	1	3	1	3	2421	99	19	23	48.493195	ct
5	1	1	3	1	4	2474	103	17	10	43.107994	ig
3	1	1	4	0	0	171	62	2319	69	-1	
4	1	1	4	1	0	171	62	2319	69	-1	
5	1	1	4	1	1	171	62	29	33	0.000000	bs
5	1	1	4	1	2	275	68	17	8	36.213699	a
5	1	1	4	1	3	1287	100	13	10	75.400818	©
5	1	1	4	1	4	1336	99	42	13	62.539677	Oot
5	1	1	4	1	5	1410	99	15	9	51.432796	&
5	1	1	4	1	6	1459	100	37	12	73.223106	pe
5	1	1	4	1	7	1528	100	17	13	59.644341	vg
5	1	1	4	1	8	1607	100	114	14	0.000000	peered
5	1	1	4	1	9	1754	100	67	18	35.691826	£4
5	1	1	4	1	10	2078	101	13	20	83.006897	@
5	1	1	4	1	11	2129	101	91	27	35.113846	BSSk
5	1	1	4	1	12	2276	102	42	26	52.680878	SO
5	1	1	4	1	13	2346	103	144	28	0.000000	SSgsee
3	1	1	5	0	0	177	82	2307	70	-1	
4	1	1	5	1	0	177	82	2307	70	-1	
5	1	1	5	1	1	177	82	25	13	52.902866	>
5	1	1	5	1	2	1288	108	85	22	25.893867	wo
5	1	1	5	1	3	1411	110	16	13	3.653191	fF
5	1	1	5	1	4	1459	111	40	22	80.644455	ay
5	1	1	5	1	5	1533	115	12	11	86.058037	6
5	1	1	5	1	6	1606	109	116	33	0.000000	SE2°s
5	1	1	5	1	7	1755	117	36	15	81.026344	Eg
5	1	1	5	1	8	1803	117	17	35	51.369942	8
5	1	1	5	1	9	2078	122	13	23	0.000000	¢
5	1	1	5	1	10	2128	122	87	24	0.000000	@na®
5	1	1	5	1	11	2276	128	42	21	85.029915	BR
5	1	1	5	1	12	2350	125	134	24	0.000000	§2aeqe
3	1	1	6	0	0	178	96	2312	75	-1	
4	1	1	6	1	0	178	96	2312	75	-1	
5	1	1	6	1	1	178	96	27	24	84.061584	2
5	1	1	6	1	2	1283	125	68	13	49.904900	Sis
5	1	1	6	1	3	1410	124	15	22	0.000000	£
5	1	1	6	1	4	1483	135	12	10	50.888042	o
5	1	1	6	1	5	1532	128	17	16	72.322296	&
5	1	1	6	1	6	1607	132	11	19	57.630520	g
5	1	1	6	1	7	1633	122	34	33	33.869827	FR
5	1	1	6	1	8	1681	136	17	6	0.000000	..
5	1	1	6	1	9	1755	130	41	20	68.892731	=",
5	1	1	6	1	10	1878	145	17	10	42.777401	©
5	1	1	6	1	11	1954	144	15	11	15.737495	~
5	1	1	6	1	12	2028	145	16	9	0.000000	e
5	1	1	6	1	13	2079	146	61	14	21.150887	Reg
5	1	1	6	1	14	2161	138	59	25	43.693523	TRS
5	1	1	6	1	15	2252	140	164	31	0.000000	BOOnnaey
5	1	1	6	1	16	2474	152	16	6	57.766350	5
3	1	1	7	0	0	185	93	2329	114	-1	
4	1	1	7	1	0	185	93	2329	114	-1	
5	1	1	7	1	1	185	93	148	62	53.233002	“>
5	1	1	7	1	2	694	130	16	23	85.520935	5
5	1	1	7	1	3	740	142	16	11	21.132492	»
5	1	1	7	1	4	874	143	17	10	0.000000	~
5	1	1	7	1	5	1034	144	84	18	40.575012	Noe
5	1	1	7	1	6	1148	144	59	18	69.654678	sew
5	1	1	7	1	7	1237	145	16	17	21.316254	pr
5	1	1	7	1	8	1287	131	533	50	0.000000	BokSosckeueazgesicuege
5	1	1	7	1	9	1879	159	3	3	41.339752	8
5	1	1	7	1	10	1953	158	4	4	0.000000	8
5	1	1	7	1	11	2078	153	92	36	43.054924	OEE
5	1	1	7	1	12	2193	150	51	42	0.000000	SET
5	1	1	7	1	13	2252	161	85	36	0.000000	EUES
5	1	1	7	1	14	2350	165	39	42	0.000000	Ag
5	1	1	7	1	15	2415	150	99	54	1.210526	e856
3	1	1	8	0	0	694	155	1796	52	-1	
4	1	1	8	1	0	694	155	1796	52	-1	
5	1	1	8	1	1	694	155	4	3	0.000000	.
5	1	1	8	1	2	741	156	4	3	61.380367	.
5	1	1	8	1	3	875	157	3	4	0.000000	.
5	1	1	8	1	4	1035	158	4	4	58.216820	.
5	1	1	8	1	5	1312	165	84	16	31.205162	PoSee
5	1	1	8	1	6	1435	177	16	6	60.433651	Ses
5	1	1	8	1	7	1486	171	58	14	0.000000	esa
5	1	1	8	1	8	1561	172	85	8	0.000000	zoss
5	1	1	8	1	9	1718	190	4	3	0.000000	:
5	1	1	8	1	10	1773	175	43	14	53.051979	o8
5	1	1	8	1	11	1854	181	41	14	65.243813	sm
5	1	1	8	1	12	1928	180	42	17	78.673050	pH
5	1	1	8	1	13	1999	180	46	17	25.997047	eH
5	1	1	8	1	14	2153	183	12	12	54.836731	2
5	1	1	8	1	15	2251	187	66	13	26.246490	oS.
5	1	1	8	1	16	2424	194	66	13	0.000000	oa
3	1	1	9	0	0	383	161	2131	100	-1	
4	1	1	9	1	0	408	161	2106	71	-1	
5	1	1	9	1	1	408	177	12	12	6.057442	»
5	1	1	9	1	2	644	177	12	17	36.795734	4
5	1	1	9	1	3	670	161	87	45	0.000000	b5a>
5	1	1	9	1	4	874	179	18	18	89.233299	4
5	1	1	9	1	5	985	179	268	28	36.791924	QSST
5	1	1	9	1	6	1084	169	53	52	0.000000	TAR
5	1	1	9	1	7	1149	179	84	28	0.000000	ORME
5	1	1	9	1	8	1240	169	23	52	0.000000	S
5	1	1	9	1	9	1288	173	60	33	8.905151	BOR
5	1	1	9	1	10	1388	176	131	31	6.596024	Seek
5	1	1	9	1	11	1557	182	86	31	0.000000	weCH
5	1	1	9	1	12	1661	179	55	31	0.000000	hes
5	1	1	9	1	13	1734	181	86	31	0.000000	sEGk
5	1	1	9	1	14	1853	189	42	28	46.056175	FB
5	1	1	9	1	15	1928	195	41	16	13.990944	g2
5	1	1	9	1	16	2003	196	42	20	59.875492	By
5	1	1	9	1	17	2078	189	89	32	0.000000	Bre-
5	1	1	9	1	18	2180	193	82	29	67.630936	Obed
5	1	1	9	1	19	2281	196	105	25	35.419304	Reese
5	1	1	9	1	20	2422	195	59	37	26.526665	ose
5	1	1	9	1	21	2498	206	16	26	8.788940	8
4	1	1	9	2	0	384	177	2106	73	-1	
5	1	1	9	2	1	384	177	66	32	25.527557	bn!
5	1	1	9	2	2	477	198	136	10	59.325172	coos
5	1	1	9	2	3	645	187	111	36	21.255989	Fiate
5	1	1	9	2	4	862	197	29	13	30.782898	a
5	1	1	9	2	5	985	193	41	31	0.000000	Be
5	1	1	9	2	6	1034	193	219	31	0.000000	rseeeaead
5	1	1	9	2	7	1246	189	15	60	0.000000	>
5	1	1	9	2	8	1286	198	528	40	0.000000	SEESSeocotERER
5	1	1	9	2	9	1631	189	65	60	0.000000	EEE
5	1	1	9	2	10	1706	189	65	60	0.000000	sec
5	1	1	9	2	11	1786	189	40	60	8.176537	es
5	1	1	9	2	12	1854	211	36	20	63.197678	EE
5	1	1	9	2	13	1928	207	36	28	42.069183	FS
5	1	1	9	2	14	2003	213	37	27	69.327362	83
5	1	1	9	2	15	2078	210	36	34	17.226715	By
5	1	1	9	2	16	2132	216	83	34	24.893921	SERS
5	1	1	9	2	17	2227	215	61	31	0.000000	RPE
5	1	1	9	2	18	2317	220	49	28	32.860390	Eo
5	1	1	9	2	19	2402	219	55	25	20.673515	dae
5	1	1	9	2	20	2474	229	16	17	53.243973	>
4	1	1	9	3	0	397	204	2116	50	-1	
5	1	1	9	3	1	397	204	4	4	33.479012	g
5	1	1	9	3	2	1123	214	15	9	15.689011	s
5	1	1	9	3	3	1335	220	67	11	13.821808	OSS
5	1	1	9	3	4	1434	220	66	16	0.000000	y2@a
5	1	1	9	3	5	1594	223	52	14	25.562698	She
5	1	1	9	3	6	1754	227	11	12	15.911575	5
5	1	1	9	3	7	1799	226	8	4	1.297905	g~
5	1	1	9	3	8	1878	231	17	13	77.297462	=
5	1	1	9	3	9	1928	230	11	10	56.395149	8
5	1	1	9	3	10	2028	237	10	9	67.531769	a
5	1	1	9	3	11	2074	236	15	12	40.774246	OG
5	1	1	9	3	12	2153	237	11	11	20.343941	3
5	1	1	9	3	13	2275	234	67	16	41.550468	Boe
5	1	1	9	3	14	2448	240	15	9	33.747086	+
5	1	1	9	3	15	2482	242	31	12	53.448334	i
4	1	1	9	4	0	383	205	2052	56	-1	
5	1	1	9	4	1	383	205	61	16	33.739571	gg,
5	1	1	9	4	2	477	207	136	21	0.000000	2eaesre
5	1	1	9	4	3	644	209	83	25	8.260574	BE"
5	1	1	9	4	4	849	212	37	11	58.157116	ge
5	1	1	9	4	5	984	212	37	23	5.979759	So
5	1	1	9	4	6	1066	213	69	27	0.000000	80s
5	1	1	9	4	7	1150	216	74	28	0.000000	sien
5	1	1	9	4	8	1312	222	35	19	0.000000	BS
5	1	1	9	4	9	1360	216	40	38	0.000000	Sag
5	1	1	9	4	10	1412	227	34	15	7.781792	NE
5	1	1	9	4	11	1463	232	35	18	33.130783	Sm
5	1	1	9	4	12	1510	233	33	15	0.000000	eS
5	1	1	9	4	13	1558	227	65	20	0.000000	oos
5	1	1	9	4	14	1680	233	135	17	11.223663	@58755
5	1	1	9	4	15	1853	233	11	12	65.144028	38
5	1	1	9	4	16	1928	237	35	15	81.773804	83
5	1	1	9	4	17	2102	243	188	16	0.000000	BQOQLSPER
5	1	1	9	4	18	2278	232	83	35	0.000000	SOTO
5	1	1	9	4	19	2378	246	32	12	0.000000	On
3	1	1	10	0	0	384	211	2128	74	-1	
4	1	1	10	1	0	548	211	1964	61	-1	
5	1	1	10	1	1	548	211	27	25	63.299614	~~
5	1	1	10	1	2	1169	235	38	5	49.732037	Se
5	1	1	10	1	3	1331	243	9	4	83.503220	&
5	1	1	10	1	4	1385	242	17	6	34.793465	om
5	1	1	10	1	5	1569	248	4	4	0.000000	.
5	1	1	10	1	6	1853	245	36	13	43.725464	pe
5	1	1	10	1	7	1952	247	12	10	42.936764	©
5	1	1	10	1	8	2003	247	11	10	45.979729	®
5	1	1	10	1	9	2028	247	11	10	15.183014	o
5	1	1	10	1	10	2178	245	46	25	31.132355	Lee
5	1	1	10	1	11	2276	250	36	17	55.254128	a2
5	1	1	10	1	12	2374	259	17	6	0.000000	SS
5	1	1	10	1	13	2423	254	89	18	0.000000	ono
5	1	1	10	1	14	2497	250	19	26	43.170033	ph
4	1	1	10	2	0	384	220	2052	65	-1	
5	1	1	10	2	1	384	220	60	25	64.209641	Beg
5	1	1	10	2	2	644	222	61	24	47.776230	Ba
5	1	1	10	2	3	718	226	33	29	44.178905	Eo
5	1	1	10	2	4	850	225	36	28	62.561443	32
5	1	1	10	2	5	985	237	40	16	0.000000	pe
5	1	1	10	2	6	1036	234	31	15	0.000000	PS
5	1	1	10	2	7	1123	235	11	13	37.387245	ese
5	1	1	10	2	8	1169	236	84	23	19.495026	Pek
5	1	1	10	2	9	1237	230	19	44	19.495026	s
5	1	1	10	2	10	1286	238	42	23	30.769035	Se
5	1	1	10	2	11	1360	239	35	24	0.000000	BS
5	1	1	10	2	12	1413	242	37	25	0.000000	mS
5	1	1	10	2	13	1461	249	39	16	0.000000	SS
5	1	1	10	2	14	1512	244	32	24	0.000000	hS
5	1	1	10	2	15	1560	244	58	23	29.336945	Eee
5	1	1	10	2	16	1633	230	16	44	24.942329	se
5	1	1	10	2	17	1655	244	159	24	0.000000	ekeS5ae
5	1	1	10	2	18	1853	258	28	8	83.185028	BS
5	1	1	10	2	19	1928	254	35	24	43.985321	BB
5	1	1	10	2	20	2002	258	36	20	39.842819	BE
5	1	1	10	2	21	2078	256	358	29	26.534889	SURE
5	1	1	10	2	22	2178	246	65	43	0.308685	TOI
5	1	1	10	2	23	2253	246	62	43	0.000000	SEo
5	1	1	10	2	24	2328	246	62	43	20.105118	Bom
5	1	1	10	2	25	2400	246	40	43	20.105118	ss
3	1	1	11	0	0	379	240	2134	76	-1	
4	1	1	11	1	0	432	240	2081	59	-1	
5	1	1	11	1	1	432	243	13	12	35.718048	5
5	1	1	11	1	2	666	245	12	12	37.946083	&
5	1	1	11	1	3	849	254	12	8	0.000000	”
5	1	1	11	1	4	985	252	41	16	39.130230	BE
5	1	1	11	1	5	1077	240	83	34	0.000000	Ose
5	1	1	11	1	6	1206	255	46	15	0.000000	eaare
5	1	1	11	1	7	1287	236	59	49	6.904129	Sea
5	1	1	11	1	8	1360	256	36	19	5.946182	ee
5	1	1	11	1	9	1417	236	53	49	0.000000	GSR
5	1	1	11	1	10	1483	260	85	21	0.000000	Ese
5	1	1	11	1	11	1560	236	34	49	31.521370	SP
5	1	1	11	1	12	1605	261	62	18	41.137177	ase
5	1	1	11	1	13	1704	264	110	20	0.000000	238Sac
5	1	1	11	1	14	1853	274	15	10	86.903076	go
5	1	1	11	1	15	1928	268	11	9	53.211571	#2
5	1	1	11	1	16	2002	268	15	9	36.355801	£2
5	1	1	11	1	17	2078	270	140	20	0.000000	Senewe
5	1	1	11	1	18	2251	275	61	19	34.484062	Fess
5	1	1	11	1	19	2349	278	40	13	0.000000	Teak
5	1	1	11	1	20	2423	268	90	31	0.000000	rsey
4	1	1	11	2	0	383	247	2100	60	-1	
5	1	1	11	2	1	383	247	62	18	0.000000	2g@
5	1	1	11	2	2	483	247	128	18	20.733009	DODO
5	1	1	11	2	3	644	254	112	21	0.000000	wyoo
5	1	1	11	2	4	742	243	18	36	62.674976	=
5	1	1	11	2	5	849	254	36	20	30.981857	gg
5	1	1	11	2	6	985	257	87	24	7.460403	EbaQ
5	1	1	11	2	7	1122	264	85	17	34.251190	Bgoa
5	1	1	11	2	8	1236	268	16	6	78.352936	F
5	1	1	11	2	9	1286	266	15	9	5.472939	ab
5	1	1	11	2	10	1334	274	67	11	5.472939	eee
5	1	1	11	2	11	1459	274	11	9	27.143341	So
5	1	1	11	2	12	1507	270	37	15	27.143341	Ra
5	1	1	11	2	13	1606	278	41	9	40.836491	eee
5	1	1	11	2	14	1684	275	34	18	30.971367	Ot
5	1	1	11	2	15	1728	264	37	33	65.190216	Bg
5	1	1	11	2	16	1775	264	19	33	50.032749	Gp
5	1	1	11	2	17	1877	274	18	16	87.700607	Q
5	1	1	11	2	18	1928	278	15	9	69.409744	¢
5	1	1	11	2	19	2002	279	12	12	18.792816	&
5	1	1	11	2	20	2077	281	37	13	7.413673	®aE
5	1	1	11	2	21	2153	285	85	15	0.000000	NDS
5	1	1	11	2	22	2299	288	38	13	61.636971	ee
5	1	1	11	2	23	2374	286	109	21	0.000000	°aoesea
4	1	1	11	3	0	379	261	2128	55	-1	
5	1	1	11	3	1	379	261	69	23	11.414963	Sae+
5	1	1	11	3	2	482	266	12	10	72.972992	©
5	1	1	11	3	3	519	266	13	10	12.474098	&
5	1	1	11	3	4	557	267	12	9	66.493286	@
5	1	1	11	3	5	594	266	12	10	80.479797	@
5	1	1	11	3	6	668	264	83	18	0.000000	aoao
5	1	1	11	3	7	850	275	41	13	0.000000	Se
5	1	1	11	3	8	1009	270	63	20	11.038139	Res
5	1	1	11	3	9	1101	275	16	13	0.000000	r@
5	1	1	11	3	10	1143	266	58	25	53.699932	aos
5	1	1	11	3	11	1286	277	41	12	66.798126	ro
5	1	1	11	3	12	1409	285	17	6	43.661880	ne
5	1	1	11	3	13	1435	278	11	12	25.233315	@
5	1	1	11	3	14	1508	286	38	11	40.826614	To
5	1	1	11	3	15	1605	285	86	20	0.000000	SEES
5	1	1	11	3	16	1707	280	118	32	0.000000	STELAa
5	1	1	11	3	17	1853	285	36	18	37.426399	SF
5	1	1	11	3	18	1928	288	40	11	69.380829	Ho
5	1	1	11	3	19	2002	290	41	15	52.455421	Gw
5	1	1	11	3	20	2078	296	28	12	35.593918	TA
5	1	1	11	3	21	2128	291	60	17	0.000000	WBBe
5	1	1	11	3	22	2226	295	36	16	35.572662	SB
5	1	1	11	3	23	2275	298	189	18	35.572662	ogee
5	1	1	11	3	24	2379	291	34	29	35.587143	os
5	1	1	11	3	25	2429	291	52	29	18.354103	FAS
5	1	1	11	3	26	2497	302	10	13	52.450695	oO
3	1	1	12	0	0	383	273	2129	112	-1	
4	1	1	12	1	0	408	273	2104	57	-1	
5	1	1	12	1	1	408	273	11	13	64.403366	<
5	1	1	12	1	2	482	278	124	11	46.577057	2829839
5	1	1	12	1	3	644	276	107	20	0.000000	3oghe
5	1	1	12	1	4	849	288	16	8	42.370876	4
5	1	1	12	1	5	985	280	87	19	0.000000	Steg
5	1	1	12	1	6	1082	290	119	13	0.000000	sso%8$
5	1	1	12	1	7	1235	285	17	13	89.328850	a
5	1	1	12	1	8	1286	285	208	26	3.895920	@@sho@
5	1	1	12	1	9	1454	281	68	35	0.000000	oka
5	1	1	12	1	10	1531	289	37	23	0.000000	ss
5	1	1	12	1	11	1643	298	172	16	0.000000	-EABPOIR
5	1	1	12	1	12	1853	305	35	15	51.048435	ys
5	1	1	12	1	13	1927	299	12	13	8.797668	&
5	1	1	12	1	14	2003	306	16	13	86.856987	=
5	1	1	12	1	15	2078	309	36	18	43.601982	Ba
5	1	1	12	1	16	2177	308	41	14	55.976715	pe
5	1	1	12	1	17	2275	306	62	19	30.995018	BAe
5	1	1	12	1	18	2368	313	144	17	25.467743	Coates
4	1	1	12	2	0	383	284	2124	60	-1	
5	1	1	12	2	1	383	284	65	13	74.001572	sod
5	1	1	12	2	2	483	289	16	7	0.000000	§
5	1	1	12	2	3	520	289	91	7	14.333153	ESS
5	1	1	12	2	4	643	290	108	16	0.000000	srbts
5	1	1	12	2	5	849	289	42	19	45.716457	a2
5	1	1	12	2	6	984	294	217	22	0.000000	SoBSerS8e
5	1	1	12	2	7	1235	300	13	10	34.576019	@
5	1	1	12	2	8	1311	300	84	18	0.000000	73.40
5	1	1	12	2	9	1426	305	43	12	18.402565	Po
5	1	1	12	2	10	1483	312	16	6	11.236313	8.
5	1	1	12	2	11	1557	308	16	14	10.915909	=
5	1	1	12	2	12	1605	300	136	26	39.085903	Beg
5	1	1	12	2	13	1707	296	38	37	41.701454	aE
5	1	1	12	2	14	1772	312	43	14	19.829369	oR
5	1	1	12	2	15	1877	315	12	11	35.770348	9
5	1	1	12	2	16	1927	308	36	18	53.543747	93
5	1	1	12	2	17	2002	312	36	18	44.627457	Fe
5	1	1	12	2	18	2077	316	12	9	63.786274	@
5	1	1	12	2	19	2127	315	111	29	0.000000	Yeene
5	1	1	12	2	20	2299	326	12	11	34.855301	So
5	1	1	12	2	21	2349	322	115	17	0.000000	Fawn
5	1	1	12	2	22	2497	328	10	12	0.000000	o
4	1	1	12	3	0	383	293	2124	67	-1	
5	1	1	12	3	1	383	293	61	13	13.598175	efs
5	1	1	12	3	2	478	296	128	13	62.605064	gods
5	1	1	12	3	3	668	302	37	14	68.860703	ae
5	1	1	12	3	4	744	306	4	9	60.252411	<8
5	1	1	12	3	5	850	310	11	13	44.100212	§
5	1	1	12	3	6	984	297	112	33	0.000000	Fsovre
5	1	1	12	3	7	1146	308	59	18	61.082226	ooo
5	1	1	12	3	8	1236	312	11	13	87.184029	§
5	1	1	12	3	9	1286	310	286	27	2.558739	Botosaissode2h
5	1	1	12	3	10	1606	323	90	13	27.080887	eeu
5	1	1	12	3	11	1724	322	89	18	29.658730	Pune
5	1	1	12	3	12	1853	322	41	15	52.233032	BS
5	1	1	12	3	13	1927	325	41	17	33.410408	ga
5	1	1	12	3	14	2002	331	42	13	45.230160	Fe
5	1	1	12	3	15	2078	326	61	21	0.000000	Fea
5	1	1	12	3	16	2157	326	48	22	0.000000	rR:
5	1	1	12	3	17	2275	329	110	21	0.000000	Qfyer
5	1	1	12	3	18	2402	332	79	24	0.000000	abo
5	1	1	12	3	19	2492	325	15	35	0.000000	fh
4	1	1	12	4	0	383	305	2129	71	-1	
5	1	1	12	4	1	383	307	66	22	62.575600	320
5	1	1	12	4	2	483	311	53	14	65.695068	pp
5	1	1	12	4	3	557	301	17	33	51.692734	p>
5	1	1	12	4	4	593	301	18	33	0.000000	o>
5	1	1	12	4	5	644	305	61	25	29.324997	Bee
5	1	1	12	4	6	718	312	38	26	48.989983	ok
5	1	1	12	4	7	848	309	49	33	23.687851	ae)
5	1	1	12	4	8	984	326	12	19	17.132912	Se
5	1	1	12	4	9	1035	320	30	24	17.132912	Sy
5	1	1	12	4	10	1079	321	122	23	0.000000	aoNSSe
5	1	1	12	4	11	1235	325	13	12	44.737320	9
5	1	1	12	4	12	1286	327	85	20	0.000000	eRe
5	1	1	12	4	13	1387	330	81	22	0.000000	sen5
5	1	1	12	4	14	1483	332	11	20	0.000000	g
5	1	1	12	4	15	1556	339	16	6	67.505966	p
5	1	1	12	4	16	1603	330	112	28	11.138016	Seats
5	1	1	12	4	17	1735	332	79	19	11.138016	acme
5	1	1	12	4	18	1853	335	41	19	57.189629	oF
5	1	1	12	4	19	1927	342	41	13	75.548119	FE
5	1	1	12	4	20	2002	339	42	17	67.137634	FE
5	1	1	12	4	21	2077	342	65	23	28.675224	Bat
5	1	1	12	4	22	2160	340	82	24	28.675224	Paws
5	1	1	12	4	23	2275	347	135	24	47.388298	SESTES
5	1	1	12	4	24	2423	351	34	25	76.741135	Sy
5	1	1	12	4	25	2472	356	40	16	40.399975	om
4	1	1	12	5	0	383	325	2124	60	-1	
5	1	1	12	5	1	383	329	61	14	29.550613	aso
5	1	1	12	5	2	482	325	49	22	69.707275	88
5	1	1	12	5	3	557	325	12	21	23.453186	©
5	1	1	12	5	4	593	325	13	22	43.175018	f
5	1	1	12	5	5	638	327	118	26	0.000000	&oawet
5	1	1	12	5	6	848	332	37	23	59.471054	8s
5	1	1	12	5	7	1009	326	56	34	0.000000	on
5	1	1	12	5	8	1082	343	35	17	0.000000	RE
5	1	1	12	5	9	1146	341	58	14	34.798615	San
5	1	1	12	5	10	1235	338	16	21	60.000381	F
5	1	1	12	5	11	1286	337	188	26	0.000000	Sa2eGasoRy
5	1	1	12	5	12	1507	344	60	24	4.085770	eg
5	1	1	12	5	13	1605	345	37	21	70.116440	goa
5	1	1	12	5	14	1704	348	53	16	26.750603	aa
5	1	1	12	5	15	1802	352	17	16	43.584476	38
5	1	1	12	5	16	1853	355	35	23	63.413433	BA
5	1	1	12	5	17	1927	356	36	12	65.606720	Se
5	1	1	12	5	18	2002	357	37	14	65.008896	By
5	1	1	12	5	19	2102	361	134	24	0.000000	Bdopuarts
5	1	1	12	5	20	2275	360	159	20	0.000000	Pesseaea
5	1	1	12	5	21	2459	368	48	16	48.635654	se
3	1	1	13	0	0	383	341	2129	84	-1	
4	1	1	13	1	0	1009	353	1498	44	-1	
5	1	1	13	1	1	1009	353	17	6	27.077560	x
5	1	1	13	1	2	1122	355	4	4	28.297073	+
5	1	1	13	1	3	1190	356	16	14	0.000000	oF5
5	1	1	13	1	4	1286	353	65	20	24.563477	BSP
5	1	1	13	1	5	1384	357	36	13	0.231110	SRE
5	1	1	13	1	6	1457	360	67	15	0.231110	GoOaksS
5	1	1	13	1	7	1555	359	16	9	53.667789	st
5	1	1	13	1	8	1607	359	64	18	14.986465	SF
5	1	1	13	1	9	1682	361	58	13	12.436722	ade
5	1	1	13	1	10	1802	369	12	12	59.847084	3
5	1	1	13	1	11	1952	370	11	11	82.093201	S
5	1	1	13	1	12	2001	373	42	13	9.899101	as
5	1	1	13	1	13	2148	359	21	38	0.000000	er
5	1	1	13	1	14	2197	375	8	5	46.382927	~
5	1	1	13	1	15	2274	374	91	20	51.698795	BeBas
5	1	1	13	1	16	2397	373	110	22	38.125252	tides
5	1	1	13	1	17	2494	368	17	31	80.612221	§
4	1	1	13	2	0	383	341	2100	71	-1	
5	1	1	13	2	1	383	341	66	24	7.217453	Nghe
5	1	1	13	2	2	480	348	48	12	47.785873	ome
5	1	1	13	2	3	551	348	52	19	33.223396	es
5	1	1	13	2	4	638	348	113	24	17.848145	Shoss
5	1	1	13	2	5	873	356	16	21	0.000000	e
5	1	1	13	2	6	984	354	135	28	9.080750	Serge
5	1	1	13	2	7	1147	356	54	25	9.080750	eRe
5	1	1	13	2	8	1235	370	15	9	43.695625	.
5	1	1	13	2	9	1287	367	84	14	21.881767	Boy
5	1	1	13	2	10	1388	363	56	21	33.170456	RES
5	1	1	13	2	11	1458	371	36	13	0.000000	Se
5	1	1	13	2	12	1507	368	60	20	0.000000	S%3
5	1	1	13	2	13	1601	374	140	17	0.000000	CGFosey
5	1	1	13	2	14	1777	383	36	13	65.240372	3S
5	1	1	13	2	15	1852	378	12	12	0.000000	w
5	1	1	13	2	16	1923	375	40	20	44.804070	gs
5	1	1	13	2	17	2002	385	16	13	34.803520	og
5	1	1	13	2	18	2077	379	66	17	23.824806	Boe
5	1	1	13	2	19	2164	382	73	19	0.000000	eiue
5	1	1	13	2	20	2274	383	66	17	0.000000	FEkoR
5	1	1	13	2	21	2374	383	109	29	31.881371	See
4	1	1	13	3	0	383	363	2129	62	-1	
5	1	1	13	3	1	383	363	61	17	25.073349	“Eo
5	1	1	13	3	2	476	363	11	20	62.619186	b
5	1	1	13	3	3	513	364	11	19	78.414070	b
5	1	1	13	3	4	554	371	45	12	60.796833	RR
5	1	1	13	3	5	668	372	12	9	69.879379	@
5	1	1	13	3	6	703	364	23	22	0.000000	yp
5	1	1	13	3	7	739	373	17	7	2.053207	Be
5	1	1	13	3	8	849	364	16	18	15.837059	6
5	1	1	13	3	9	984	375	110	17	30.359756	73°68
5	1	1	13	3	10	1122	373	42	21	42.811676	Se
5	1	1	13	3	11	1235	381	17	13	0.000000	e
5	1	1	13	3	12	1286	378	282	22	0.000000	EPCasaseagss
5	1	1	13	3	13	1629	383	111	25	14.916039	@2°§s
5	1	1	13	3	14	1853	388	110	23	19.490051	Bweig2
5	1	1	13	3	15	2001	388	37	28	55.521030	84
5	1	1	13	3	16	2077	394	87	19	34.284164	Bue
5	1	1	13	3	17	2201	398	41	17	26.860573	ocths
5	1	1	13	3	18	2274	395	189	30	0.000000	SSSQLEEAE
5	1	1	13	3	19	2503	407	9	12	0.000000	s
3	1	1	14	0	0	407	374	2076	55	-1	
4	1	1	14	1	0	407	374	2076	55	-1	
5	1	1	14	1	1	407	374	37	18	54.812542	o8
5	1	1	14	1	2	669	383	41	13	26.326530	5G
5	1	1	14	1	3	738	380	13	11	31.974548	0
5	1	1	14	1	4	874	378	11	20	67.569992	3
5	1	1	14	1	5	1009	380	82	25	39.591827	Bass
5	1	1	14	1	6	1146	389	55	15	62.724060	Poy
5	1	1	14	1	7	1235	396	12	10	70.139793	o
5	1	1	14	1	8	1281	392	16	12	38.666321	7
5	1	1	14	1	9	1358	391	86	17	0.000000	goss
5	1	1	14	1	10	1458	390	60	23	0.000000	oti
5	1	1	14	1	11	1555	393	17	13	27.405434	Bo
5	1	1	14	1	12	1605	394	135	23	1.066971	geebsas
5	1	1	14	1	13	1777	404	37	12	56.500870	sa
5	1	1	14	1	14	1951	407	17	15	61.580406	a
5	1	1	14	1	15	2102	405	135	22	0.000000	sagan
5	1	1	14	1	16	2224	401	19	37	0.000000	s
5	1	1	14	1	17	2274	408	66	21	10.696526	8bs
5	1	1	14	1	18	2398	411	85	18	26.761963	Paes
3	1	1	15	0	0	382	387	2131	75	-1	
4	1	1	15	1	0	408	387	2105	55	-1	
5	1	1	15	1	1	408	387	35	19	67.540955	BPS
5	1	1	15	1	2	476	387	136	17	37.997375	PPOs
5	1	1	15	1	3	668	387	58	18	43.047523	Rae
5	1	1	15	1	4	849	400	33	12	15.833138	eo
5	1	1	15	1	5	983	389	20	35	17.514183	2g
5	1	1	15	1	6	1009	395	56	20	11.376099	DAS
5	1	1	15	1	7	1100	395	101	25	0.000000	PZO5RS
5	1	1	15	1	8	1310	401	60	19	0.000000	Bog
5	1	1	15	1	9	1408	405	86	18	0.000000	oarge
5	1	1	15	1	10	1530	401	37	26	61.669621	Be
5	1	1	15	1	11	1630	410	110	21	51.341927	$2808
5	1	1	15	1	12	1778	416	36	11	49.438522	88
5	1	1	15	1	13	1852	410	41	23	0.000000	e@4
5	1	1	15	1	14	1926	413	40	22	72.486359	OF
5	1	1	15	1	15	2001	421	40	16	66.308006	ak
5	1	1	15	1	16	2102	415	61	20	0.000000	oag
5	1	1	15	1	17	2275	422	137	20	0.000000	BO®™pr
5	1	1	15	1	18	2446	421	67	19	28.768005	toh
5	1	1	15	1	19	2495	411	21	35	40.929932	SO
4	1	1	15	2	0	382	389	2125	73	-1	
5	1	1	15	2	1	382	389	67	39	36.566208	2.8
5	1	1	15	2	2	478	406	127	21	59.719219	S255
5	1	1	15	2	3	646	396	110	40	31.166138	veges
5	1	1	15	2	4	849	408	29	27	34.903725	ae
5	1	1	15	2	5	993	406	207	37	0.000000	*CSoSECESS
5	1	1	15	2	6	1235	417	12	21	78.701225	g
5	1	1	15	2	7	1286	413	281	32	0.000000	RAFRT
5	1	1	15	2	8	1409	402	47	56	0.000000	Es
5	1	1	15	2	9	1483	413	84	32	13.065613	sees
5	1	1	15	2	10	1605	419	134	33	1.612839	Sssees
5	1	1	15	2	11	1773	428	45	25	53.878727	2
5	1	1	15	2	12	1847	424	46	28	53.681198	gh
5	1	1	15	2	13	1926	442	37	12	13.872414	8S
5	1	1	15	2	14	2001	431	42	20	11.061562	go
5	1	1	15	2	15	2077	418	58	41	8.683990	see
5	1	1	15	2	16	2151	428	86	34	8.683990	eros
5	1	1	15	2	17	2276	419	160	41	0.000000	Bseserg
5	1	1	15	2	18	2448	434	59	23	24.923241	oS
3	1	1	16	0	0	381	422	2132	108	-1	
4	1	1	16	1	0	408	422	2105	69	-1	
5	1	1	16	1	1	408	424	39	20	16.011429	ne
5	1	1	16	1	2	476	429	136	7	27.782280	www
5	1	1	16	1	3	668	424	88	34	27.167877	Bee
5	1	1	16	1	4	848	422	47	38	38.437492	tay
5	1	1	16	1	5	983	428	218	31	13.770126	Creme
5	1	1	16	1	6	1119	424	21	42	0.000000	ug
5	1	1	16	1	7	1150	424	57	42	0.000000	hse
5	1	1	16	1	8	1235	439	15	9	0.000000	¢
5	1	1	16	1	9	1285	433	60	33	23.000404	eee
5	1	1	16	1	10	1358	441	37	26	0.000000	os
5	1	1	16	1	11	1413	438	56	28	0.000000	nok
5	1	1	16	1	12	1505	447	61	26	38.205509	aay
5	1	1	16	1	13	1604	442	141	36	0.000000	agReNG
5	1	1	16	1	14	1777	450	41	18	0.000000	£2
5	1	1	16	1	15	1852	453	36	18	40.449707	Ee
5	1	1	16	1	16	1927	455	41	9	54.081573	8S
5	1	1	16	1	17	2000	453	41	21	66.659821	we
5	1	1	16	1	18	2101	455	139	34	0.000000	ePrSes
5	1	1	16	1	19	2270	454	243	37	27.742363	SESS
5	1	1	16	1	20	2376	449	59	46	18.458488	Eos
5	1	1	16	1	21	2449	454	64	37	28.291336	soa
4	1	1	16	2	0	382	439	2125	58	-1	
5	1	1	16	2	1	382	439	61	17	90.918320	Noo
5	1	1	16	2	2	637	445	71	16	57.212509	a8
5	1	1	16	2	3	739	451	11	9	12.784515	win
5	1	1	16	2	4	847	449	38	19	55.847504	at
5	1	1	16	2	5	983	451	13	12	40.981216	Bg
5	1	1	16	2	6	1034	455	31	11	66.873657	TP
5	1	1	16	2	7	1079	458	33	15	48.736832	ob
5	1	1	16	2	8	1124	447	33	30	24.376228	Fog
5	1	1	16	2	9	1235	461	11	11	76.804268	°
5	1	1	16	2	10	1310	461	63	17	33.573502	why
5	1	1	16	2	11	1408	461	61	17	0.465050	PHA
5	1	1	16	2	12	1506	467	12	10	0.465050	GRG
5	1	1	16	2	13	1604	462	12	10	56.148106	829
5	1	1	16	2	14	1679	468	11	13	56.148106	a
5	1	1	16	2	15	1703	465	36	15	11.055420	rH
5	1	1	16	2	16	1776	469	42	17	44.218220	Boe
5	1	1	16	2	17	1851	468	17	18	38.895805	a
5	1	1	16	2	18	1926	471	37	13	48.835793	ater
5	1	1	16	2	19	2000	473	13	10	32.291000	oo
5	1	1	16	2	20	2102	476	66	18	57.930965	S20
5	1	1	16	2	21	2224	476	16	10	30.763344	S$
5	1	1	16	2	22	2274	477	233	20	0.000000	Meeartoeseog
4	1	1	16	3	0	382	444	2125	82	-1	
5	1	1	16	3	1	382	444	61	28	34.032623	ais
5	1	1	16	3	2	558	464	46	18	20.633987	voit
5	1	1	16	3	3	667	456	89	26	36.772232	ates
5	1	1	16	3	4	848	461	44	18	19.461349	ao
5	1	1	16	3	5	984	462	81	23	25.035141	Bone
5	1	1	16	3	6	1081	465	120	31	0.000000	238°R8
5	1	1	16	3	7	1235	472	17	11	40.892258	”
5	1	1	16	3	8	1285	468	201	32	0.000000	oSheSeeg:
5	1	1	16	3	9	1512	474	55	25	40.860924	88
5	1	1	16	3	10	1604	474	103	26	0.000000	gaec.
5	1	1	16	3	11	1727	480	13	13	0.000000	.
5	1	1	16	3	12	1801	487	12	13	8.521942	&
5	1	1	16	3	13	1851	472	37	27	39.422916	Sd
5	1	1	16	3	14	1927	482	16	13	69.746246	F
5	1	1	16	3	15	2001	485	42	15	90.252151	BN
5	1	1	16	3	16	2101	491	91	17	0.000000	sey.
5	1	1	16	3	17	2229	483	13	20	11.489090	=
5	1	1	16	3	18	2273	492	37	12	30.791138	ga
5	1	1	16	3	19	2344	489	139	28	30.437828	ergags
5	1	1	16	3	20	2494	483	13	43	21.644325	sy
4	1	1	16	4	0	381	464	2094	66	-1	
5	1	1	16	4	1	381	470	65	37	65.458023	age
5	1	1	16	4	2	484	464	45	18	64.369881	ou
5	1	1	16	4	3	637	467	48	31	28.072388	aa
5	1	1	16	4	4	708	480	42	11	31.219574	OF
5	1	1	16	4	5	847	480	13	10	24.870163	@
5	1	1	16	4	6	983	478	107	25	59.014553	ores
5	1	1	16	4	7	1121	488	83	10	1.271332	3298
5	1	1	16	4	8	1230	493	16	13	39.988956	my
5	1	1	16	4	9	1285	483	36	13	0.000000	BP
5	1	1	16	4	10	1333	485	116	24	0.000000	BRa
5	1	1	16	4	11	1411	476	41	37	67.504486	RE
5	1	1	16	4	12	1530	487	40	19	74.730240	84
5	1	1	16	4	13	1604	502	12	8	38.344032	Boo
5	1	1	16	4	14	1649	493	90	21	37.815750	ent
5	1	1	16	4	15	1776	495	37	27	56.477715	2s
5	1	1	16	4	16	1877	501	16	5	0.000000	-
5	1	1	16	4	17	1926	493	36	21	64.159424	oF
5	1	1	16	4	18	2000	499	42	18	55.725868	6
5	1	1	16	4	19	2101	503	15	9	0.000000	SG
5	1	1	16	4	20	2150	502	86	23	0.000000	ee
5	1	1	16	4	21	2220	490	20	39	0.000000	8
5	1	1	16	4	22	2274	503	110	27	41.791821	Haye?
5	1	1	16	4	23	2400	509	75	17	0.000000	BSG
3	1	1	17	0	0	739	484	1767	59	-1	
4	1	1	17	1	0	739	484	1767	59	-1	
5	1	1	17	1	1	739	492	10	10	0.000000	q
5	1	1	17	1	2	872	489	12	18	83.202003	a
5	1	1	17	1	3	1004	484	16	31	26.965752	rs
5	1	1	17	1	4	1112	491	51	19	24.314720	Bt
5	1	1	17	1	5	1285	498	134	19	0.000000	neous
5	1	1	17	1	6	1452	502	46	18	0.000000	hay
5	1	1	17	1	7	1530	501	12	12	50.369720	>
5	1	1	17	1	8	1604	503	135	17	0.000000	Sr26R0
5	1	1	17	1	9	1776	509	12	13	27.180634	¢€&
5	1	1	17	1	10	1852	506	41	20	44.085316	Be
5	1	1	17	1	11	1926	515	37	12	46.475571	95
5	1	1	17	1	12	2000	511	13	10	36.781418	©
5	1	1	17	1	13	2126	509	41	20	52.542023	325
5	1	1	17	1	14	2200	518	17	13	52.542023	a
5	1	1	17	1	15	2274	515	11	20	49.317547	5
5	1	1	17	1	16	2347	525	12	9	19.029861	B
5	1	1	17	1	17	2418	512	21	31	50.420158	Pa
5	1	1	17	1	18	2496	523	10	11	13.138031	®
3	1	1	18	0	0	668	497	1819	52	-1	
4	1	1	18	1	0	668	497	1819	52	-1	
5	1	1	18	1	1	668	497	58	15	17.787155	ae)
5	1	1	18	1	2	847	499	42	15	66.729767	gs:
5	1	1	18	1	3	983	499	217	21	0.000000	BSaease-
5	1	1	18	1	4	1167	495	43	39	82.946915	99
5	1	1	18	1	5	1234	508	12	12	84.616943	9
5	1	1	18	1	6	1285	507	60	19	0.000000	FBeSan
5	1	1	18	1	7	1382	509	91	20	36.686932	gee
5	1	1	18	1	8	1554	516	13	11	0.000000	@
5	1	1	18	1	9	1604	514	135	17	0.000000	FeesGrs
5	1	1	18	1	10	1776	523	15	8	56.740669	§&
5	1	1	18	1	11	1877	521	10	6	92.471977	5
5	1	1	18	1	12	1951	528	11	9	38.804115	8
5	1	1	18	1	13	2025	517	18	17	53.630226	Q
5	1	1	18	1	14	2101	523	61	18	40.175835	NEG
5	1	1	18	1	15	2175	524	11	12	35.306763	©
5	1	1	18	1	16	2200	526	35	23	39.653378	BG
5	1	1	18	1	17	2299	525	41	12	20.344727	BEM
5	1	1	18	1	18	2399	526	34	20	12.865906	oR
3	1	1	19	0	0	381	489	2133	108	-1	
4	1	1	19	1	0	381	489	2133	79	-1	
5	1	1	19	1	1	381	489	62	30	63.095520	ess
5	1	1	19	1	2	490	512	45	9	29.121048	kof
5	1	1	19	1	3	565	512	8	9	69.736580	&
5	1	1	19	1	4	602	512	8	9	80.939819	&
5	1	1	19	1	5	639	512	8	5	33.871582	~
5	1	1	19	1	6	671	491	54	34	35.373291	TES
5	1	1	19	1	7	848	511	41	13	44.537464	x
5	1	1	19	1	8	983	520	12	8	14.372238	B-
5	1	1	19	1	9	1032	513	106	20	0.000000	SCSI
5	1	1	19	1	10	1167	519	38	11	15.338593	La
5	1	1	19	1	11	1234	521	12	9	14.318314	B
5	1	1	19	1	12	1309	517	12	10	13.103333	Bxa
5	1	1	19	1	13	1358	519	66	17	0.000000	Re
5	1	1	19	1	14	1456	522	116	16	0.000000	8Gee9h
5	1	1	19	1	15	1605	529	127	14	10.151230	ABBAS.
5	1	1	19	1	16	1777	531	41	15	60.201260	So
5	1	1	19	1	17	1851	527	36	13	44.894413	S53
5	1	1	19	1	18	1926	528	36	19	32.026901	4d
5	1	1	19	1	19	2000	530	12	12	33.922264	9g
5	1	1	19	1	20	2101	537	62	16	0.000000	WEE
5	1	1	19	1	21	2200	543	11	10	0.000000	648
5	1	1	19	1	22	2273	536	112	22	3.335022	Bomosg
5	1	1	19	1	23	2421	545	11	13	23.814194	ks
5	1	1	19	1	24	2491	534	23	34	38.540901	re]
4	1	1	19	2	0	402	510	2086	57	-1	
5	1	1	19	2	1	402	516	46	8	48.990116	a8.
5	1	1	19	2	2	738	521	12	12	61.014027	8
5	1	1	19	2	3	848	523	41	8	59.918102	a5
5	1	1	19	2	4	975	510	12	32	1.763878	gs
5	1	1	19	2	5	1054	524	107	14	13.250519	$oade
5	1	1	19	2	6	1235	531	16	6	18.883751	2
5	1	1	19	2	7	1284	526	208	21	8.546280	Boxpeben
5	1	1	19	2	8	1530	534	12	12	43.906372	Agere
5	1	1	19	2	9	1604	535	115	18	0.000000	aed...
5	1	1	19	2	10	1802	538	11	13	35.681854	5
5	1	1	19	2	11	1851	540	12	13	76.600006	§
5	1	1	19	2	12	2001	543	37	13	31.874725	Qo
5	1	1	19	2	13	2121	531	66	36	0.000000	g%e@
5	1	1	19	2	14	2273	549	17	14	71.621826	&
5	1	1	19	2	15	2348	555	16	10	29.295868	g
5	1	1	19	2	16	2464	557	24	6	31.609421	A
4	1	1	19	3	0	381	521	2131	61	-1	
5	1	1	19	3	1	381	523	62	15	0.000000	*.28
5	1	1	19	3	2	481	521	129	21	0.000000	WEB
5	1	1	19	3	3	642	525	88	14	0.000000	FOR
5	1	1	19	3	4	847	532	42	20	42.656845	ae
5	1	1	19	3	5	1007	531	61	17	62.276089	Bee
5	1	1	19	3	6	1081	537	44	19	0.000000	oe
5	1	1	19	3	7	1146	536	59	20	0.000000	iy
5	1	1	19	3	8	1280	540	89	24	0.000000	GES
5	1	1	19	3	9	1407	540	86	20	0.000000	nSEoe
5	1	1	19	3	10	1530	545	39	22	53.229984	Hse
5	1	1	19	3	11	1604	543	135	22	0.000000	SESE
5	1	1	19	3	12	1732	536	18	40	0.000000	s
5	1	1	19	3	13	1776	547	37	22	55.775661	OF
5	1	1	19	3	14	1851	551	41	16	51.318108	Es
5	1	1	19	3	15	1925	550	37	18	59.879128	Be
5	1	1	19	3	16	2000	557	37	15	17.505051	SS
5	1	1	19	3	17	2100	563	18	12	85.571571	n
5	1	1	19	3	18	2175	554	66	20	63.207401	Sha
5	1	1	19	3	19	2273	552	67	23	0.000000	SmRmA
5	1	1	19	3	20	2398	557	59	25	0.000000	lee
5	1	1	19	3	21	2471	565	41	17	0.000000	oe
4	1	1	19	4	0	382	536	2129	61	-1	
5	1	1	19	4	1	382	536	61	24	47.630096	Pop
5	1	1	19	4	2	490	539	8	8	17.519852	Sf
5	1	1	19	4	3	527	541	8	9	37.892921	=
5	1	1	19	4	4	565	543	8	4	32.121696	5
5	1	1	19	4	5	602	540	8	9	0.000000	&
5	1	1	19	4	6	642	536	108	25	52.188675	Fog
5	1	1	19	4	7	726	532	29	37	13.901810	oe
5	1	1	19	4	8	847	541	38	35	34.691963	aoe
5	1	1	19	4	9	983	546	40	31	21.893318	Ps
5	1	1	19	4	10	1039	547	26	26	21.893318	oS
5	1	1	19	4	11	1078	546	127	31	0.000000	SagewZa
5	1	1	19	4	12	1234	555	12	13	84.074829	=
5	1	1	19	4	13	1309	555	35	13	38.788635	Sigg
5	1	1	19	4	14	1431	555	12	19	11.081497	@
5	1	1	19	4	15	1456	556	115	25	0.000000	Bage
5	1	1	19	4	16	1604	560	85	18	0.000000	S2oR
5	1	1	19	4	17	1703	564	36	15	51.585419	oe
5	1	1	19	4	18	1800	565	17	20	68.461655	&
5	1	1	19	4	19	1851	566	37	12	49.577621	$2
5	1	1	19	4	20	1925	569	41	19	76.239273	@p
5	1	1	19	4	21	2000	571	36	15	68.281479	58
5	1	1	19	4	22	2100	568	111	23	19.942703	BEES
5	1	1	19	4	23	2273	575	37	11	39.468060	Bo
5	1	1	19	4	24	2347	573	17	18	0.000000	gQI
5	1	1	19	4	25	2397	571	65	26	0.000000	SoA
5	1	1	19	4	26	2495	574	16	23	20.968155	SB
3	1	1	20	0	0	354	553	2151	66	-1	
4	1	1	20	1	0	419	560	2086	53	-1	
5	1	1	20	1	1	419	562	4	4	0.000000	.
5	1	1	20	1	2	481	561	17	6	28.057556	pee
5	1	1	20	1	3	518	560	92	8	26.096130	eee
5	1	1	20	1	4	667	562	18	6	17.947075	—
5	1	1	20	1	5	1032	566	13	12	72.020157	°
5	1	1	20	1	6	1099	566	58	15	0.000000	E5e@
5	1	1	20	1	7	1188	565	17	17	0.000000	HH
5	1	1	20	1	8	1234	568	12	10	30.658943	¢
5	1	1	20	1	9	1284	568	164	20	0.000000	adtagms
5	1	1	20	1	10	1480	570	66	18	53.732216	ar,
5	1	1	20	1	11	1603	572	86	16	0.000000	AasSoe
5	1	1	20	1	12	1776	578	12	9	1.564598	w
5	1	1	20	1	13	1851	577	36	18	11.560379	Ha
5	1	1	20	1	14	2100	582	135	20	22.875000	Sraess
5	1	1	20	1	15	2273	578	110	35	7.392273	Bacogy
5	1	1	20	1	16	2421	584	84	25	0.000000	OBE
4	1	1	20	2	0	354	553	2106	66	-1	
5	1	1	20	2	1	354	553	94	25	10.240784	8o>
5	1	1	20	2	2	481	567	129	18	48.682880	BERR
5	1	1	20	2	3	643	562	107	19	0.000000	areca
5	1	1	20	2	4	847	571	12	12	84.818230	p
5	1	1	20	2	5	872	565	12	13	46.662605	2
5	1	1	20	2	6	983	574	37	17	1.064491	me
5	1	1	20	2	7	1037	562	100	35	0.000000	Sears
5	1	1	20	2	8	1188	585	4	3	92.140785	+
5	1	1	20	2	9	1333	578	116	21	20.597816	Saher
5	1	1	20	2	10	1481	584	84	18	58.201466	Bees
5	1	1	20	2	11	1603	588	65	19	2.184326	Sots
5	1	1	20	2	12	1698	581	41	24	0.000000	ae
5	1	1	20	2	13	1775	586	42	15	39.161972	2h
5	1	1	20	2	14	1925	589	41	16	64.102600	Bo
5	1	1	20	2	15	2000	594	36	14	45.054531	mg
5	1	1	20	2	16	2125	597	12	10	29.569008	@
5	1	1	20	2	17	2200	600	35	12	31.039261	$3
5	1	1	20	2	18	2268	597	192	22	0.000000	MHoeSboast,
3	1	1	21	0	0	375	570	2136	352	-1	
4	1	1	21	1	0	431	570	2075	64	-1	
5	1	1	21	1	1	431	574	12	11	52.069344	3
5	1	1	21	1	2	642	579	61	16	7.048882	SEL
5	1	1	21	1	3	722	574	27	26	55.608810	ey
5	1	1	21	1	4	847	570	41	34	33.864044	Bao
5	1	1	21	1	5	983	586	36	16	27.375275	Oe
5	1	1	21	1	6	1035	587	30	17	16.855469	Te
5	1	1	21	1	7	1081	581	52	22	37.367588	Fg
5	1	1	21	1	8	1235	591	16	5	86.827560	5
5	1	1	21	1	9	1284	588	135	23	7.838501	@298a8
5	1	1	21	1	10	1481	596	85	19	10.472343	Be+25
5	1	1	21	1	11	1603	598	141	19	12.285881	S308
5	1	1	21	1	12	1775	600	38	12	16.666565	Bo
5	1	1	21	1	13	1875	605	13	11	88.561554	g
5	1	1	21	1	14	1925	604	37	12	40.314224	ef
5	1	1	21	1	15	2000	603	36	14	56.078548	BR
5	1	1	21	1	16	2100	600	140	34	0.000000	g.-Fiat
5	1	1	21	1	17	2323	610	61	19	50.471558	“Oh
5	1	1	21	1	18	2421	616	41	13	33.361160	pe
5	1	1	21	1	19	2449	606	12	34	16.018227	&
5	1	1	21	1	20	2474	606	13	34	0.000000	o
5	1	1	21	1	21	2495	611	11	15	0.000000	E
4	1	1	21	2	0	377	586	2133	59	-1	
5	1	1	21	2	1	377	586	65	13	0.000000	Zot
5	1	1	21	2	2	485	591	48	11	48.728489	aa
5	1	1	21	2	3	559	591	48	11	57.911072	te
5	1	1	21	2	4	643	592	61	16	23.351730	3g
5	1	1	21	2	5	695	582	17	32	23.351730	a
5	1	1	21	2	6	738	601	15	8	81.068840	8
5	1	1	21	2	7	847	589	37	31	36.529144	nr)
5	1	1	21	2	8	983	604	11	12	25.940102	3
5	1	1	21	2	9	1007	593	35	31	38.202316	wo
5	1	1	21	2	10	1051	605	17	11	64.767891	ct
5	1	1	21	2	11	1121	594	36	23	74.583252	BB
5	1	1	21	2	12	1233	598	16	21	72.066422	RB
5	1	1	21	2	13	1285	599	164	21	0.000000	PERESCSM
5	1	1	21	2	14	1476	610	15	12	81.019745	&
5	1	1	21	2	15	1554	615	15	9	0.000000	s
5	1	1	21	2	16	1628	608	40	19	1.190178	th
5	1	1	21	2	17	1683	610	30	21	1.190178	>5
5	1	1	21	2	18	1732	616	12	6	92.111519	=
5	1	1	21	2	19	1772	611	45	15	47.457539	oo
5	1	1	21	2	20	1876	617	11	13	81.074326	5
5	1	1	21	2	21	1950	617	11	9	50.812119	3
5	1	1	21	2	22	2000	617	37	12	61.448181	893
5	1	1	21	2	23	2100	623	87	16	0.000000	a3
5	1	1	21	2	24	2196	612	15	31	31.743988	Ss
5	1	1	21	2	25	2273	618	41	19	87.655487	NE
5	1	1	21	2	26	2347	619	66	18	0.000000	cates
5	1	1	21	2	27	2445	620	65	25	0.000000	se
4	1	1	21	3	0	381	596	2130	67	-1	
5	1	1	21	3	1	381	596	61	19	0.000000	gG8
5	1	1	21	3	2	481	602	128	14	41.999016	FREE
5	1	1	21	3	3	643	601	89	21	0.000000	388a
5	1	1	21	3	4	847	614	11	12	88.017708	5
5	1	1	21	3	5	983	604	127	25	0.000000	BESss
5	1	1	21	3	6	1145	614	17	12	0.000000	geo
5	1	1	21	3	7	1234	621	12	10	40.188934	6
5	1	1	21	3	8	1284	614	85	23	42.915363	BESS
5	1	1	21	3	9	1383	617	60	12	42.915363	ote
5	1	1	21	3	10	1505	618	61	20	71.500092	Bge
5	1	1	21	3	11	1603	626	115	21	14.907196	pSiy
5	1	1	21	3	12	1701	614	19	37	28.595139	eh
5	1	1	21	3	13	1775	628	12	10	23.234718	@
5	1	1	21	3	14	1875	632	12	10	23.595596	®@
5	1	1	21	3	15	1925	626	39	22	56.900715	&&
5	1	1	21	3	16	2000	628	36	15	57.813530	Ss
5	1	1	21	3	17	2099	635	141	28	15.844971	esata
5	1	1	21	3	18	2228	628	17	39	15.844971	ey
5	1	1	21	3	19	2273	633	41	20	0.000000	GF
5	1	1	21	3	20	2331	633	52	23	0.000000	ecG
5	1	1	21	3	21	2470	646	41	7	27.354256	alas
4	1	1	21	4	0	381	611	2124	61	-1	
5	1	1	21	4	1	381	611	62	24	0.000000	Sem
5	1	1	21	4	2	480	616	12	10	73.980850	©
5	1	1	21	4	3	517	617	12	10	36.949646	&
5	1	1	21	4	4	555	615	13	10	0.000000	@
5	1	1	21	4	5	592	617	12	9	27.783737	&
5	1	1	21	4	6	642	611	107	25	41.102547	EELSR
5	1	1	21	4	7	847	621	40	15	50.493603	eS
5	1	1	21	4	8	925	618	18	31	21.884972	F
5	1	1	21	4	9	982	612	15	41	0.000000	sg
5	1	1	21	4	10	1007	618	58	21	0.000000	255
5	1	1	21	4	11	1099	626	58	15	1.903725	a8
5	1	1	21	4	12	1228	632	17	12	23.550621	@
5	1	1	21	4	13	1283	629	163	21	0.000000	SoF2"99
5	1	1	21	4	14	1480	630	89	20	74.011810	9558
5	1	1	21	4	15	1627	642	13	10	74.004486	BF
5	1	1	21	4	16	1726	632	13	24	37.940575	£
5	1	1	21	4	17	1775	633	42	26	47.458900	338
5	1	1	21	4	18	1949	649	12	10	19.858917	8
5	1	1	21	4	19	2000	642	36	12	39.361786	54
5	1	1	21	4	20	2099	634	92	38	35.380730	setae
5	1	1	21	4	21	2293	645	212	25	0.000000	So7aee3
5	1	1	21	4	22	2472	639	36	38	51.132416	Eo
4	1	1	21	5	0	405	624	2100	69	-1	
5	1	1	21	5	1	405	625	42	11	36.031494	ee
5	1	1	21	5	2	481	628	10	9	37.100796	8
5	1	1	21	5	3	517	628	11	10	36.794907	8
5	1	1	21	5	4	556	627	10	9	66.859070	2
5	1	1	21	5	5	592	628	11	9	28.531799	8
5	1	1	21	5	6	643	624	82	20	59.178013	Begs
5	1	1	21	5	7	847	632	42	15	24.358932	oF
5	1	1	21	5	8	983	639	81	13	0.000000	padeof
5	1	1	21	5	9	1078	633	83	21	65.345154	epee
5	1	1	21	5	10	1233	645	12	11	66.283112	@
5	1	1	21	5	11	1284	636	164	23	3.355034	STebsess
5	1	1	21	5	12	1480	643	90	17	27.560791	SBOE
5	1	1	21	5	13	1652	649	37	19	51.546589	ae
5	1	1	21	5	14	1800	649	12	12	65.961853	g
5	1	1	21	5	15	1875	652	12	11	69.575623	8
5	1	1	21	5	16	1925	655	12	12	0.000000	8
5	1	1	21	5	17	2000	655	16	15	0.000000	z
5	1	1	21	5	18	2124	655	87	24	0.000000	Seae
5	1	1	21	5	19	2268	651	16	42	50.429989	Fy
5	1	1	21	5	20	2346	665	12	12	0.000000	mi
5	1	1	21	5	21	2469	667	36	13	0.000000	goes
4	1	1	21	6	0	381	635	2099	58	-1	
5	1	1	21	6	1	381	635	66	11	43.508499	COR
5	1	1	21	6	2	480	638	12	10	42.470711	@
5	1	1	21	6	3	517	639	12	10	52.999271	@
5	1	1	21	6	4	555	637	12	10	0.000000	o
5	1	1	21	6	5	592	638	12	11	67.416206	@
5	1	1	21	6	6	662	636	16	12	30.334999	9
5	1	1	21	6	7	737	646	12	8	46.658306	a
5	1	1	21	6	8	871	645	13	11	75.649818	®
5	1	1	21	6	9	1007	641	17	17	40.002789	c
5	1	1	21	6	10	1120	646	15	10	77.392052	+
5	1	1	21	6	11	1283	652	37	15	53.808247	o8
5	1	1	21	6	12	1382	657	17	13	0.000000	S"
5	1	1	21	6	13	1431	660	12	11	84.740746	5
5	1	1	21	6	14	1504	654	61	16	0.000000	470
5	1	1	21	6	15	1602	656	38	17	12.613747	to
5	1	1	21	6	16	1655	649	33	31	12.613747	85
5	1	1	21	6	17	1701	656	37	14	43.831375	a0
5	1	1	21	6	18	1775	661	37	14	72.365097	ag
5	1	1	21	6	19	1925	667	35	14	24.825836	Se
5	1	1	21	6	20	2000	665	36	12	53.156006	Bo
5	1	1	21	6	21	2095	664	67	22	0.592384	dio
5	1	1	21	6	22	2200	664	35	29	55.939602	3g
5	1	1	21	6	23	2272	667	208	23	0.000000	@v3F.5s098
4	1	1	21	7	0	405	644	2105	62	-1	
5	1	1	21	7	1	405	644	38	12	0.000000	S@
5	1	1	21	7	2	642	649	37	15	0.000000	g°
5	1	1	21	7	3	692	654	61	15	74.956726	mes
5	1	1	21	7	4	842	649	16	23	0.000000	g
5	1	1	21	7	5	925	650	18	24	0.000000	@
5	1	1	21	7	6	982	652	179	29	12.229523	Benn
5	1	1	21	7	7	1081	646	7	40	0.000000	7
5	1	1	21	7	8	1101	646	31	40	42.496323	BS
5	1	1	21	7	9	1233	657	13	19	63.656979	3
5	1	1	21	7	10	1332	659	110	26	0.000000	oere8
5	1	1	21	7	11	1479	666	86	16	44.156418	S05
5	1	1	21	7	12	1602	667	141	21	15.023712	SO52e5
5	1	1	21	7	13	1775	676	42	12	60.457211	2S
5	1	1	21	7	14	1875	665	12	25	86.536316	8
5	1	1	21	7	15	1949	682	12	10	44.967583	Be
5	1	1	21	7	16	1999	673	15	19	47.400162	&
5	1	1	21	7	17	2125	681	61	16	0.000000	Se
5	1	1	21	7	18	2272	686	65	15	60.656120	Toe
5	1	1	21	7	19	2350	672	33	41	21.671173	nS
5	1	1	21	7	20	2395	681	42	21	42.638374	SS
5	1	1	21	7	21	2469	688	41	18	15.116348	ay
4	1	1	21	8	0	381	655	2124	66	-1	
5	1	1	21	8	1	381	655	61	21	46.335594	Bes
5	1	1	21	8	2	480	657	12	24	57.796684	2
5	1	1	21	8	3	517	659	12	24	0.000000	¢
5	1	1	21	8	4	555	657	49	32	62.421986	2g
5	1	1	21	8	5	641	664	108	19	12.502533	BEusSe
5	1	1	21	8	6	791	669	16	7	37.576427	gf
5	1	1	21	8	7	847	666	37	25	71.160088	Se
5	1	1	21	8	8	925	676	11	13	85.663162	§
5	1	1	21	8	9	980	677	11	13	50.764942	S
5	1	1	21	8	10	1009	660	55	36	46.310516	Sab
5	1	1	21	8	11	1081	669	48	23	41.536171	wss
5	1	1	21	8	12	1145	676	11	13	69.761734	5
5	1	1	21	8	13	1283	666	107	30	41.507820	Bolsa
5	1	1	21	8	14	1406	672	12	18	40.365570	2
5	1	1	21	8	15	1480	676	88	25	40.161591	aime
5	1	1	21	8	16	1602	672	21	36	0.000000	gp
5	1	1	21	8	17	1627	679	116	24	0.000000	agrat
5	1	1	21	8	18	1775	683	37	21	47.501659	£5
5	1	1	21	8	19	1925	691	35	11	56.639179	yh
5	1	1	21	8	20	1999	687	42	23	0.000000	@s
5	1	1	21	8	21	2099	690	135	26	0.000000	ePakys
5	1	1	21	8	22	2276	692	136	25	0.000000	ogeas
5	1	1	21	8	23	2399	683	16	38	24.885750	—
5	1	1	21	8	24	2445	684	60	37	24.150955	ERAS
4	1	1	21	9	0	381	674	2123	60	-1	
5	1	1	21	9	1	381	674	61	13	72.487114	a®a
5	1	1	21	9	2	480	682	92	8	0.000000	RHEE
5	1	1	21	9	3	605	684	4	4	0.000000	E
5	1	1	21	9	4	641	676	108	21	0.000000	FASS
5	1	1	21	9	5	737	665	18	36	0.000000	e
5	1	1	21	9	6	790	678	12	13	63.944542	F
5	1	1	21	9	7	871	693	18	6	36.661877	£2
5	1	1	21	9	8	924	689	16	9	36.661877	8
5	1	1	21	9	9	976	684	180	19	9.982620	Pa
5	1	1	21	9	10	1033	674	36	35	0.000000	Pse
5	1	1	21	9	11	1079	684	77	19	31.373970	oases
5	1	1	21	9	12	1228	689	24	21	54.566833	@
5	1	1	21	9	13	1284	689	139	23	0.000000	_FSaak
5	1	1	21	9	14	1480	691	90	22	3.269531	CuBe
5	1	1	21	9	15	1602	697	136	21	33.429649	2aguge
5	1	1	21	9	16	1775	703	12	12	73.845490	F
5	1	1	21	9	17	1874	700	12	12	32.190979	g§
5	1	1	21	9	18	1925	698	41	24	28.750542	8S
5	1	1	21	9	19	2000	705	36	16	75.441566	BF
5	1	1	21	9	20	2124	705	103	20	20.370949	gS"
5	1	1	21	9	21	2272	703	184	29	39.253620	Ase
5	1	1	21	9	22	2354	699	43	39	1.556633	ye
5	1	1	21	9	23	2494	723	10	11	4.271454	one
4	1	1	21	10	0	381	688	2105	53	-1	
5	1	1	21	10	1	381	688	14	9	32.925652	t
5	1	1	21	10	2	480	689	12	9	35.566345	a2
5	1	1	21	10	3	517	689	87	11	31.231949	eyo
5	1	1	21	10	4	691	691	61	20	35.868584	Gao
5	1	1	21	10	5	790	691	12	23	50.301113	§
5	1	1	21	10	6	846	700	37	11	21.089844	6
5	1	1	21	10	7	924	700	13	10	24.654556	o
5	1	1	21	10	8	980	700	108	16	0.000000	RDySE
5	1	1	21	10	9	1145	703	11	20	85.749603	3
5	1	1	21	10	10	1283	707	41	16	72.182632	ws
5	1	1	21	10	11	1381	704	61	18	0.000000	@r2
5	1	1	21	10	12	1479	710	86	17	24.442673	e@58
5	1	1	21	10	13	1602	711	114	17	0.000000	Sssioe
5	1	1	21	10	14	1775	714	43	10	39.981377	+>
5	1	1	21	10	15	1874	714	13	9	62.178455	a
5	1	1	21	10	16	1949	720	12	11	28.117973	s
5	1	1	21	10	17	1999	718	37	17	52.043156	ss
5	1	1	21	10	18	2124	723	41	12	21.390526	Om
5	1	1	21	10	19	2370	724	116	17	0.000000	BERT
4	1	1	21	11	0	380	693	2124	58	-1	
5	1	1	21	11	1	380	693	67	20	50.159843	eae
5	1	1	21	11	2	483	699	49	21	16.520531	ge
5	1	1	21	11	3	558	698	49	21	16.520531	ge
5	1	1	21	11	4	641	698	13	10	53.194145	&
5	1	1	21	11	5	691	698	58	26	50.685699	Ges
5	1	1	21	11	6	791	715	10	9	82.617889	&
5	1	1	21	11	7	925	711	11	13	63.334251	B
5	1	1	21	11	8	976	709	88	20	0.000000	A@eg
5	1	1	21	11	9	1098	710	33	18	0.000000	ee.
5	1	1	21	11	10	1233	711	16	16	17.193916	a
5	1	1	21	11	11	1307	720	36	14	68.474770	By
5	1	1	21	11	12	1358	717	89	13	0.000000	Qean
5	1	1	21	11	13	1480	721	89	16	0.000000	EGER
5	1	1	21	11	14	1603	721	140	17	0.000000	SSegls
5	1	1	21	11	15	1796	713	20	35	18.555145	Ss
5	1	1	21	11	16	1874	724	12	11	52.108849	©
5	1	1	21	11	17	1924	724	12	11	79.700211	9
5	1	1	21	11	18	1995	730	16	12	18.923553	g
5	1	1	21	11	19	2099	722	140	29	18.078850	BSesyuy
5	1	1	21	11	20	2272	727	36	23	55.062874	88
5	1	1	21	11	21	2346	733	66	15	35.056053	22s
5	1	1	21	11	22	2469	736	35	14	21.953865	9
4	1	1	21	12	0	405	714	2030	53	-1	
5	1	1	21	12	1	405	714	17	6	43.807838	gh
5	1	1	21	12	2	1099	723	37	10	53.146194	ae
5	1	1	21	12	3	1282	725	13	10	17.090187	®
5	1	1	21	12	4	1431	731	16	5	46.042171	4
5	1	1	21	12	5	1528	727	12	11	61.276474	®
5	1	1	21	12	6	1628	729	35	10	32.678772	wD
5	1	1	21	12	7	1700	730	16	9	58.175091	ot
5	1	1	21	12	8	1775	735	43	12	64.243362	ow
5	1	1	21	12	9	1925	726	35	29	47.017418	5.5
5	1	1	21	12	10	2024	737	11	8	52.645664	4
5	1	1	21	12	11	2124	730	16	29	38.815163	=}
5	1	1	21	12	12	2321	739	36	16	13.845634	Oo
5	1	1	21	12	13	2415	738	20	29	18.823883	ra
4	1	1	21	13	0	375	708	2105	95	-1	
5	1	1	21	13	1	375	708	70	50	36.165245	gi
5	1	1	21	13	2	476	727	127	16	8.845245	ygee
5	1	1	21	13	3	641	716	108	38	52.505013	$2235
5	1	1	21	13	4	787	725	15	35	28.089493	2
5	1	1	21	13	5	846	713	37	52	35.735504	22
5	1	1	21	13	6	922	725	14	35	81.377037	8
5	1	1	21	13	7	978	724	40	31	0.000000	Se
5	1	1	21	13	8	1029	708	35	47	0.000000	eb
5	1	1	21	13	9	1074	718	81	48	0.000000	eens
5	1	1	21	13	10	1228	728	16	27	15.863716	&
5	1	1	21	13	11	1282	728	165	46	0.000000	ghssig.
5	1	1	21	13	12	1479	735	90	35	0.000000	sg82
5	1	1	21	13	13	1602	734	136	36	0.000000	SfehE2
5	1	1	21	13	14	1774	754	38	24	48.053276	Se
5	1	1	21	13	15	1874	745	18	31	77.247025	3
5	1	1	21	13	16	1924	751	42	26	35.870163	Be
5	1	1	21	13	17	1998	747	38	31	55.805397	ad
5	1	1	21	13	18	2098	734	136	54	0.000000	gEgeea
5	1	1	21	13	19	2271	752	62	44	0.000000	SE
5	1	1	21	13	20	2345	742	135	61	0.000000	EECLETL
4	1	1	21	14	0	393	743	2111	62	-1	
5	1	1	21	14	1	393	746	23	18	37.849503	I
5	1	1	21	14	2	480	743	123	21	0.000000	of8tudg
5	1	1	21	14	3	666	751	58	12	0.000000	ono
5	1	1	21	14	4	737	755	15	10	0.000000	e
5	1	1	21	14	5	846	750	17	24	0.000000	$
5	1	1	21	14	6	918	764	4	4	13.106247	B
5	1	1	21	14	7	976	757	42	19	0.077972	~p
5	1	1	21	14	8	1039	754	30	24	0.000000	So
5	1	1	21	14	9	1079	762	30	17	0.000000	og
5	1	1	21	14	10	1123	762	38	18	65.776215	Zs
5	1	1	21	14	11	1232	766	13	9	0.000000	w
5	1	1	21	14	12	1308	764	139	17	0.000000	paeQS>
5	1	1	21	14	13	1479	767	90	17	49.556290	e889
5	1	1	21	14	14	1557	756	17	32	44.972641	&
5	1	1	21	14	15	1602	767	140	25	0.000000	S5syat%m
5	1	1	21	14	16	1775	771	41	22	19.755524	32
5	1	1	21	14	17	1874	778	12	10	80.229660	o
5	1	1	21	14	18	1924	778	15	9	81.139328	&
5	1	1	21	14	19	1998	765	21	29	0.000000	se
5	1	1	21	14	20	2099	778	61	21	0.000000	Bae
5	1	1	21	14	21	2173	778	37	13	0.000000	59
5	1	1	21	14	22	2272	780	160	25	21.457077	Bagge
5	1	1	21	14	23	2493	793	11	12	0.000000	e
4	1	1	21	15	0	380	753	2124	63	-1	
5	1	1	21	15	1	380	753	61	21	0.000000	e8e8
5	1	1	21	15	2	480	762	51	15	64.624435	$2
5	1	1	21	15	3	555	763	11	9	71.587418	2
5	1	1	21	15	4	592	765	11	9	31.033134	§
5	1	1	21	15	5	642	757	111	25	10.207939	OlRRe
5	1	1	21	15	6	784	765	24	7	94.675377	A
5	1	1	21	15	7	871	766	15	18	72.714973	a
5	1	1	21	15	8	922	771	7	11	79.841125	2
5	1	1	21	15	9	1007	771	103	20	43.165436	Barge
5	1	1	21	15	10	1144	774	17	14	44.633389	ge
5	1	1	21	15	11	1232	776	13	10	42.584728	S$
5	1	1	21	15	12	1283	775	85	15	13.143082	FPRER
5	1	1	21	15	13	1384	775	58	24	24.985382	Png
5	1	1	21	15	14	1479	781	66	17	0.000000	obOt
5	1	1	21	15	15	1602	783	11	12	0.000000	Eek
5	1	1	21	15	16	1652	786	90	18	0.000000	sah
5	1	1	21	15	17	1874	789	12	11	83.247681	9
5	1	1	21	15	18	1924	784	41	17	61.382591	§3
5	1	1	21	15	19	1999	787	36	22	87.521599	Fe
5	1	1	21	15	20	2095	791	138	24	0.000000	<f88ody
5	1	1	21	15	21	2320	797	13	12	0.000000	ama
5	1	1	21	15	22	2394	796	16	9	0.000000	ree
5	1	1	21	15	23	2443	799	61	17	10.087723	ss
4	1	1	21	16	0	380	773	2124	57	-1	
5	1	1	21	16	1	380	775	59	14	17.839653	sor
5	1	1	21	16	2	480	778	17	10	6.502823	2
5	1	1	21	16	3	517	773	49	13	6.502823	FS
5	1	1	21	16	4	591	775	12	11	67.908295	§
5	1	1	21	16	5	641	776	108	21	39.206421	SFR
5	1	1	21	16	6	784	785	24	8	23.081238	=
5	1	1	21	16	7	845	783	38	13	37.159096	eB
5	1	1	21	16	8	918	787	25	7	12.021515	DS
5	1	1	21	16	9	981	783	62	16	3.972366	wher
5	1	1	21	16	10	1076	781	60	20	0.000000	bed
5	1	1	21	16	11	1232	787	16	9	0.000000	@
5	1	1	21	16	12	1282	788	159	22	0.000000	o8oseat
5	1	1	21	16	13	1479	793	90	15	51.386932	Stee
5	1	1	21	16	14	1602	792	61	22	0.000000	Boe
5	1	1	21	16	15	1679	783	71	42	0.000000	ees
5	1	1	21	16	16	1774	794	43	24	37.505665	RB
5	1	1	21	16	17	1874	802	11	8	10.287361	Ff
5	1	1	21	16	18	1925	800	40	15	47.170872	SF
5	1	1	21	16	19	1998	801	37	18	57.264793	Fe
5	1	1	21	16	20	2123	811	68	10	0.000000	ESa:5
5	1	1	21	16	21	2271	805	110	21	9.452148	CREST
5	1	1	21	16	22	2400	805	80	25	9.452148	TSO
5	1	1	21	16	23	2493	818	11	12	0.000000	G
4	1	1	21	17	0	381	783	2128	63	-1	
5	1	1	21	17	1	381	789	49	13	25.439438	get
5	1	1	21	17	2	479	786	124	22	32.979675	feos
5	1	1	21	17	3	640	788	112	21	0.000000	OBFteh
5	1	1	21	17	4	842	783	20	31	48.354874	Pa
5	1	1	21	17	5	916	785	25	31	18.647530	io
5	1	1	21	17	6	1027	793	16	23	44.199505	S$
5	1	1	21	17	7	1075	798	86	13	47.251472	aka
5	1	1	21	17	8	1232	808	16	8	18.127533	te
5	1	1	21	17	9	1282	809	12	11	85.681419	of
5	1	1	21	17	10	1331	801	91	19	0.000000	&SOU7
5	1	1	21	17	11	1503	805	62	14	55.384022	STO
5	1	1	21	17	12	1602	811	135	16	0.000000	FRSR®_
5	1	1	21	17	13	1774	812	43	19	59.977119	BS
5	1	1	21	17	14	1874	812	12	9	67.186813	§
5	1	1	21	17	15	1924	814	36	12	81.155762	82
5	1	1	21	17	16	1998	814	37	22	7.886360	&8
5	1	1	21	17	17	2098	816	140	25	0.000000	Beek
5	1	1	21	17	18	2271	819	61	20	67.716728	Sag
5	1	1	21	17	19	2420	823	89	23	33.763420	594.
4	1	1	21	18	0	379	797	2131	84	-1	
5	1	1	21	18	1	379	798	69	41	87.247559	88>
5	1	1	21	18	2	479	798	130	39	46.327255	Suge
5	1	1	21	18	3	643	807	49	28	0.000000	By
5	1	1	21	18	4	712	810	36	22	0.000000	ge
5	1	1	21	18	5	784	798	24	31	28.168274	S
5	1	1	21	18	6	845	797	41	38	36.164604	BR
5	1	1	21	18	7	918	818	24	17	44.039135	&
5	1	1	21	18	8	981	801	175	48	0.000000	gkeugess
5	1	1	21	18	9	1232	818	17	24	42.340355	=F
5	1	1	21	18	10	1282	816	164	38	0.000000	Siykeue
5	1	1	21	18	11	1479	805	86	54	27.084015	wees
5	1	1	21	18	12	1597	821	140	38	0.000000	Baugks
5	1	1	21	18	13	1774	832	36	31	46.771053	fe
5	1	1	21	18	14	1873	822	17	42	50.332928	2
5	1	1	21	18	15	1919	824	41	42	27.385300	Ee
5	1	1	21	18	16	1998	832	42	34	63.741325	at
5	1	1	21	18	17	2098	832	89	31	0.000000	Byer
5	1	1	21	18	18	2197	843	37	17	0.000000	es
5	1	1	21	18	19	2272	819	238	62	0.000000	niyeegeose
4	1	1	21	19	0	380	827	2067	62	-1	
5	1	1	21	19	1	380	827	11	9	77.982681	a
5	1	1	21	19	2	517	830	10	9	60.884930	4
5	1	1	21	19	3	591	829	17	10	0.000000	>>
5	1	1	21	19	4	640	832	109	16	22.393326	Boars
5	1	1	21	19	5	867	831	20	26	25.346588	ms
5	1	1	21	19	6	1031	839	11	20	63.653938	53
5	1	1	21	19	7	1076	841	11	13	36.578594	5
5	1	1	21	19	8	1228	838	20	26	28.871582	ic}
5	1	1	21	19	9	1307	846	61	12	51.357956	oan
5	1	1	21	19	10	1401	841	20	26	59.197685	fo}
5	1	1	21	19	11	1475	846	40	13	0.000000	“®
5	1	1	21	19	12	1594	845	22	26	18.820175	Mo]
5	1	1	21	19	13	1696	847	19	26	11.963562	gt
5	1	1	21	19	14	1799	861	17	6	52.814747	2.
5	1	1	21	19	15	1883	867	7	4	63.197201	4
5	1	1	21	19	16	2019	853	18	26	48.879623	i=]
5	1	1	21	19	17	2098	861	62	16	0.000000	SPA
5	1	1	21	19	18	2178	861	55	19	0.000000	QLS
5	1	1	21	19	19	2271	866	85	15	14.773087	poas
5	1	1	21	19	20	2414	861	33	28	14.188065	oat
4	1	1	21	20	0	379	834	2080	63	-1	
5	1	1	21	20	1	379	834	69	20	51.949341	e5-
5	1	1	21	20	2	480	834	48	18	68.436646	to
5	1	1	21	20	3	641	846	66	15	9.625839	ass
5	1	1	21	20	4	732	844	16	13	9.625839	tg
5	1	1	21	20	5	783	843	24	7	0.000000	h
5	1	1	21	20	6	870	850	12	13	53.243385	5
5	1	1	21	20	7	981	840	54	26	35.274513	Bab
5	1	1	21	20	8	1076	850	83	21	7.479233	oPans
5	1	1	21	20	9	1282	854	17	13	0.000000	Be
5	1	1	21	20	10	1333	856	38	15	0.000000	Se
5	1	1	21	20	11	1385	845	60	35	31.746826	alot
5	1	1	21	20	12	1478	860	16	10	36.088531	af
5	1	1	21	20	13	1527	860	37	13	43.615044	ag
5	1	1	21	20	14	1626	859	116	15	0.000000	pees
5	1	1	21	20	15	1774	863	40	13	50.061649	es
5	1	1	21	20	16	1873	873	12	8	70.945557	w
5	1	1	21	20	17	1923	862	37	20	55.864681	#3
5	1	1	21	20	18	1999	867	35	19	27.969299	A
5	1	1	21	20	19	2098	872	62	16	75.611847	Bae
5	1	1	21	20	20	2186	874	24	13	75.611847	Qe
5	1	1	21	20	21	2271	876	61	16	0.000000	aI
5	1	1	21	20	22	2371	876	36	19	0.000000	ER
5	1	1	21	20	23	2442	884	17	13	49.294212	oo
4	1	1	21	21	0	380	849	2129	62	-1	
5	1	1	21	21	1	380	849	53	20	0.000000	B8
5	1	1	21	21	2	479	853	49	22	71.974098	O8
5	1	1	21	21	3	555	853	9	15	78.500977	1
5	1	1	21	21	4	591	855	17	18	61.821198	@
5	1	1	21	21	5	638	856	111	25	0.000000	Foags
5	1	1	21	21	6	870	863	15	10	89.254547	&
5	1	1	21	21	7	926	863	8	18	77.390442	|
5	1	1	21	21	8	981	860	86	20	36.080460	pero
5	1	1	21	21	9	1115	861	40	20	22.781387	Ges
5	1	1	21	21	10	1228	857	21	28	68.081390	2
5	1	1	21	21	11	1282	867	163	20	0.000000	FySsass
5	1	1	21	21	12	1479	871	90	22	34.792122	Bugs
5	1	1	21	21	13	1602	864	135	31	0.000000	REaass
5	1	1	21	21	14	1773	877	43	14	67.961731	oF
5	1	1	21	21	15	1923	878	13	20	28.541252	&
5	1	1	21	21	16	1998	877	11	20	71.835503	3
5	1	1	21	21	17	2098	882	141	21	0.000000	Besse
5	1	1	21	21	18	2223	872	20	38	0.000000	m
5	1	1	21	21	19	2271	887	60	19	75.051117	Bag
5	1	1	21	21	20	2394	887	115	24	11.736420	Rogow
4	1	1	21	22	0	379	858	2125	64	-1	
5	1	1	21	22	1	379	870	12	9	57.815506	&
5	1	1	21	22	2	404	858	43	32	56.046104	Oot,
5	1	1	21	22	3	515	866	18	17	0.000000	3
5	1	1	21	22	4	635	869	38	8	47.046494	ae
5	1	1	21	22	5	736	878	12	10	82.081352	o
5	1	1	21	22	6	792	868	8	18	39.949512	ill
5	1	1	21	22	7	867	865	20	32	23.423172	wee
5	1	1	21	22	8	981	876	74	12	10.200180	S2e-
5	1	1	21	22	9	1078	869	54	32	29.127968	oes
5	1	1	21	22	10	1143	880	12	13	40.777245	oe
5	1	1	21	22	11	1227	873	17	32	35.779831	Py
5	1	1	21	22	12	1330	879	116	23	0.000000	Baeee
5	1	1	21	22	13	1478	883	85	23	34.823318	Seg
5	1	1	21	22	14	1601	887	12	12	11.072853	8
5	1	1	21	22	15	1626	886	66	23	0.000000	2oe
5	1	1	21	22	16	1773	891	37	18	70.668823	BO
5	1	1	21	22	17	1874	892	89	20	72.320923	BogY
5	1	1	21	22	18	1997	897	42	20	67.051575	os
5	1	1	21	22	19	2098	896	37	19	26.769310	Ze
5	1	1	21	22	20	2152	895	81	23	26.769310	poor
5	1	1	21	22	21	2319	899	185	23	0.000000	SYro™G2o
3	1	1	22	0	0	379	869	2130	128	-1	
4	1	1	22	1	0	429	869	2075	75	-1	
5	1	1	22	1	1	429	877	66	18	27.749405	ar]
5	1	1	22	1	2	554	879	16	18	0.000000	€
5	1	1	22	1	3	638	869	43	37	21.122955	ROR
5	1	1	22	1	4	695	882	34	20	3.587074	ne
5	1	1	22	1	5	870	890	12	9	62.434952	a
5	1	1	22	1	6	976	888	66	14	32.849876	Casa”
5	1	1	22	1	7	1076	883	54	21	42.276997	Fes
5	1	1	22	1	8	1282	883	39	31	52.695992	oh
5	1	1	22	1	9	1333	893	35	10	80.012283	BS
5	1	1	22	1	10	1429	900	12	10	31.588509	a
5	1	1	22	1	11	1527	895	37	21	38.256416	63
5	1	1	22	1	12	1601	899	40	19	39.324642	ag
5	1	1	22	1	13	1699	897	37	19	20.416412	es
5	1	1	22	1	14	1798	905	12	13	0.000000	&
5	1	1	22	1	15	1873	907	12	11	65.240189	o
5	1	1	22	1	16	1923	912	40	13	56.132549	ba
5	1	1	22	1	17	2022	914	12	9	0.000000	z
5	1	1	22	1	18	2098	900	138	35	28.510559	482-48
5	1	1	22	1	19	2266	906	65	22	12.919876	Soh
5	1	1	22	1	20	2349	913	56	26	0.000000	BTg
5	1	1	22	1	21	2419	902	17	42	0.000000	es
5	1	1	22	1	22	2467	919	37	13	38.132645	an
4	1	1	22	2	0	379	889	2082	65	-1	
5	1	1	22	2	1	379	889	37	12	15.909416	Sy
5	1	1	22	2	2	428	891	13	12	18.815880	o
5	1	1	22	2	3	515	893	13	12	41.611500	2
5	1	1	22	2	4	591	891	17	18	39.497417	P
5	1	1	22	2	5	635	890	113	22	0.000000	me858
5	1	1	22	2	6	789	896	17	7	52.141590	=
5	1	1	22	2	7	918	909	24	5	50.810699	_
5	1	1	22	2	8	1030	903	17	12	43.060364	2
5	1	1	22	2	9	1075	903	80	25	38.059807	Fare
5	1	1	22	2	10	1231	907	13	11	84.231812	g
5	1	1	22	2	11	1282	910	37	14	9.585144	mt
5	1	1	22	2	12	1334	904	33	19	9.585144	es
5	1	1	22	2	13	1380	903	37	20	47.307911	Be
5	1	1	22	2	14	1473	909	66	19	52.389130	aod
5	1	1	22	2	15	1601	909	136	20	27.632477	S®Fe9o
5	1	1	22	2	16	1774	911	40	17	43.981281	BE
5	1	1	22	2	17	1874	920	11	12	40.621712	5
5	1	1	22	2	18	1924	923	40	12	46.542725	PS
5	1	1	22	2	19	1993	919	21	19	21.647873	¢
5	1	1	22	2	20	2098	925	112	22	42.425972	333.58
5	1	1	22	2	21	2295	928	18	10	12.400215	a
5	1	1	22	2	22	2442	920	19	34	66.603165	2.
4	1	1	22	3	0	379	897	2129	80	-1	
5	1	1	22	3	1	379	897	37	18	66.967590	oF
5	1	1	22	3	2	479	897	54	21	42.526699	ms
5	1	1	22	3	3	590	911	13	11	37.887386	eo
5	1	1	22	3	4	636	904	117	22	0.000000	Fsee
5	1	1	22	3	5	867	901	19	32	13.597198	ro]
5	1	1	22	3	6	980	911	37	20	59.226532	Be
5	1	1	22	3	7	1075	918	55	17	32.804558	aS
5	1	1	22	3	8	1231	919	13	11	53.167747	oS
5	1	1	22	3	9	1282	926	29	13	0.000000	gf
5	1	1	22	3	10	1330	925	13	10	0.000000	s
5	1	1	22	3	11	1405	926	11	12	65.206085	3
5	1	1	22	3	12	1478	918	91	17	0.000000	QHee
5	1	1	22	3	13	1602	924	140	21	0.000000	Fase
5	1	1	22	3	14	1723	914	18	36	0.000000	sg
5	1	1	22	3	15	1773	924	13	22	63.991402	8
5	1	1	22	3	16	1877	933	4	8	0.000000	,
5	1	1	22	3	17	1923	936	37	14	24.611023	UB
5	1	1	22	3	18	2098	940	37	12	45.494350	BS
5	1	1	22	3	19	2147	927	62	32	45.494350	a05
5	1	1	22	3	20	2221	938	12	12	45.984032	&
5	1	1	22	3	21	2320	931	188	46	0.000000	FESSPESE
4	1	1	22	4	0	379	913	2130	78	-1	
5	1	1	22	4	1	379	913	67	36	65.972824	eee
5	1	1	22	4	2	479	916	123	39	25.082535	ood
5	1	1	22	4	3	586	909	22	62	0.000000	2
5	1	1	22	4	4	634	921	119	32	50.596161	288
5	1	1	22	4	5	736	909	27	62	21.345581	o
5	1	1	22	4	6	787	922	17	13	69.954628	7
5	1	1	22	4	7	869	924	16	36	0.000000	F
5	1	1	22	4	8	923	932	17	35	28.668274	g
5	1	1	22	4	9	980	923	62	40	26.545784	gto
5	1	1	22	4	10	1075	931	85	32	0.000000	nee
5	1	1	22	4	11	1231	932	12	26	23.765427	5
5	1	1	22	4	12	1282	921	164	51	0.000000	SakSESE
5	1	1	22	4	13	1478	935	85	26	43.738712	Ewes
5	1	1	22	4	14	1600	938	87	39	17.423256	gore
5	1	1	22	4	15	1700	940	42	29	17.423256	eS
5	1	1	22	4	16	1773	937	42	42	66.030609	28
5	1	1	22	4	17	1873	942	12	38	75.165726	8
5	1	1	22	4	18	1923	949	40	29	43.380127	52
5	1	1	22	4	19	1997	934	37	44	37.099537	gf
5	1	1	22	4	20	2098	948	138	39	0.000000	Seeeee
5	1	1	22	4	21	2270	938	86	46	0.000000	Bsa
5	1	1	22	4	22	2388	952	68	39	0.000000	edn
5	1	1	22	4	23	2467	953	42	35	0.000000	ee
4	1	1	22	5	0	379	943	2124	54	-1	
5	1	1	22	5	1	379	943	37	10	46.922661	Eo
5	1	1	22	5	2	665	946	37	16	38.544479	es
5	1	1	22	5	3	749	957	4	4	40.733982	O
5	1	1	22	5	4	1097	958	63	10	13.176727	eas.
5	1	1	22	5	5	1231	959	12	10	70.857376	3
5	1	1	22	5	6	1326	962	15	13	46.056343	a
5	1	1	22	5	7	1408	966	4	8	5.282631	i
5	1	1	22	5	8	1479	962	41	16	24.856789	FS
5	1	1	22	5	9	1527	950	16	37	45.357609	on
5	1	1	22	5	10	1552	950	15	37	58.882748	oe
5	1	1	22	5	11	1626	972	16	6	50.541000	8,
5	1	1	22	5	12	1712	965	24	13	28.085754	te
5	1	1	22	5	13	1774	974	16	6	33.083733	2
5	1	1	22	5	14	1923	974	16	6	18.907532	=
5	1	1	22	5	15	1998	972	10	13	79.353600	5
5	1	1	22	5	16	2122	973	92	19	22.441544	Bass
5	1	1	22	5	17	2345	984	16	5	48.190502	8.
5	1	1	22	5	18	2394	983	11	8	32.989723	Ot
5	1	1	22	5	19	2492	986	11	11	82.522415	5
3	1	1	23	0	0	378	948	2131	146	-1	
4	1	1	23	1	0	404	948	2105	60	-1	
5	1	1	23	1	1	404	955	12	10	62.576195	&
5	1	1	23	1	2	429	950	12	10	83.284470	8
5	1	1	23	1	3	554	948	54	20	40.077560	Bm
5	1	1	23	1	4	690	963	11	13	37.050011	77S
5	1	1	23	1	5	735	955	18	12	88.831261	&
5	1	1	23	1	6	789	955	11	10	29.668060	o«
5	1	1	23	1	7	870	961	12	9	64.628273	5
5	1	1	23	1	8	980	962	66	17	73.347794	aig
5	1	1	23	1	9	1075	962	80	17	39.206482	wes
5	1	1	23	1	10	1231	971	11	12	64.291916	g
5	1	1	23	1	11	1282	968	16	20	43.969215	8.
5	1	1	23	1	12	1354	967	86	21	24.861252	$68
5	1	1	23	1	13	1477	978	91	15	74.572365	S423
5	1	1	23	1	14	1601	975	85	20	0.000000	UCSeo
5	1	1	23	1	15	1704	972	37	24	39.013458	RR
5	1	1	23	1	16	1774	981	41	14	33.927643	ES
5	1	1	23	1	17	1873	982	12	8	54.830433	2
5	1	1	23	1	18	1922	979	40	19	67.887650	#2
5	1	1	23	1	19	1997	986	42	9	78.724678	&..
5	1	1	23	1	20	2122	985	62	17	0.000000	=n
5	1	1	23	1	21	2221	983	11	20	0.000000	38
5	1	1	23	1	22	2295	985	110	23	5.010666	BRIS54,9
5	1	1	23	1	23	2442	989	67	16	62.234829	78
4	1	1	23	2	0	378	961	2126	100	-1	
5	1	1	23	2	1	378	961	67	36	0.000000	gof
5	1	1	23	2	2	478	969	49	31	28.597801	88
5	1	1	23	2	3	549	966	56	38	75.443375	23
5	1	1	23	2	4	640	969	66	37	0.000000	255
5	1	1	23	2	5	735	968	18	32	0.000000	F
5	1	1	23	2	6	865	971	22	40	0.000000	&
5	1	1	23	2	7	923	969	17	40	52.497105	©
5	1	1	23	2	8	980	977	62	28	11.939163	Rg
5	1	1	23	2	9	1075	979	84	33	47.749847	2258
5	1	1	23	2	10	1231	983	17	30	37.922821	2
5	1	1	23	2	11	1281	974	160	46	12.641983	Egiess
5	1	1	23	2	12	1477	979	91	54	60.247284	gaat
5	1	1	23	2	13	1600	992	136	32	0.000000	gfe<fe
5	1	1	23	2	14	1773	988	43	36	55.262951	ac
5	1	1	23	2	15	1872	991	16	33	43.549477	2
5	1	1	23	2	16	1922	991	41	39	50.160828	ak
5	1	1	23	2	17	1996	996	38	34	40.395737	Gf
5	1	1	23	2	18	2097	988	139	43	0.000000	frghes
5	1	1	23	2	19	2270	988	116	57	29.871513	as
5	1	1	23	2	20	2420	984	84	77	31.568947	ere:
4	1	1	23	3	0	379	992	2100	65	-1	
5	1	1	23	3	1	379	992	61	18	54.059277	855
5	1	1	23	3	2	478	996	49	17	37.197594	85
5	1	1	23	3	3	553	1005	12	8	68.789146	3
5	1	1	23	3	4	590	1001	12	10	16.113968	$
5	1	1	23	3	5	664	996	38	21	22.194702	eY
5	1	1	23	3	6	788	999	16	14	96.957375	>
5	1	1	23	3	7	920	1012	12	11	30.017265	&
5	1	1	23	3	8	980	1010	17	13	52.278931	o¢
5	1	1	23	3	9	1029	1006	13	11	90.066353	8
5	1	1	23	3	10	1075	1006	79	21	0.000000	88e
5	1	1	23	3	11	1138	995	18	36	83.736694	4
5	1	1	23	3	12	1231	1014	11	13	35.616768	5
5	1	1	23	3	13	1282	1008	41	24	0.000000	g5°§
5	1	1	23	3	14	1354	1010	86	23	64.641541	eas
5	1	1	23	3	15	1502	1019	61	14	50.562840	Shep
5	1	1	23	3	16	1600	1017	42	20	46.143208	oS
5	1	1	23	3	17	1674	1020	37	21	78.934052	my
5	1	1	23	3	18	1773	1019	43	18	36.241611	et
5	1	1	23	3	19	1872	1025	13	11	32.550743	8
5	1	1	23	3	20	1948	1026	15	13	0.000000	E
5	1	1	23	3	21	1996	1023	38	18	62.869942	4g
5	1	1	23	3	22	2098	1026	137	19	0.000000	geObse
5	1	1	23	3	23	2282	1037	99	14	0.000000	Resp
5	1	1	23	3	24	2419	1030	60	27	0.000000	oss
4	1	1	23	4	0	379	1006	2130	65	-1	
5	1	1	23	4	1	379	1006	37	15	0.000000	7
5	1	1	23	4	2	552	1013	49	20	63.651203	#58
5	1	1	23	4	3	640	1006	62	24	10.514183	8o8
5	1	1	23	4	4	736	1011	11	12	65.093132	8
5	1	1	23	4	5	869	1020	13	22	18.793625	P
5	1	1	23	4	6	976	1018	69	18	71.715912	SMS
5	1	1	23	4	7	1096	1022	58	17	28.257278	Sane
5	1	1	23	4	8	1231	1029	17	18	26.500397	B®
5	1	1	23	4	9	1281	1023	85	21	5.076813	eaPod
5	1	1	23	4	10	1405	1031	38	13	45.246666	ett
5	1	1	23	4	11	1477	1028	89	23	74.030945	e755
5	1	1	23	4	12	1601	1030	85	20	0.000000	Bae
5	1	1	23	4	13	1723	1033	16	9	0.000000	sa
5	1	1	23	4	14	1773	1039	29	8	22.483650	Oy
5	1	1	23	4	15	1873	1037	16	17	39.258057	=
5	1	1	23	4	16	1923	1030	36	31	9.260742	go
5	1	1	23	4	17	1996	1035	38	23	71.642616	3B
5	1	1	23	4	18	2098	1043	134	16	28.334908	BECR
5	1	1	23	4	19	2201	1038	41	37	47.912575	FTO
5	1	1	23	4	20	2269	1046	185	25	5.725647	BABB
5	1	1	23	4	21	2371	1038	41	37	5.725647	Re
5	1	1	23	4	22	2427	1038	31	37	21.051376	2a
5	1	1	23	4	23	2491	1047	18	14	33.836945	RM
4	1	1	23	5	0	378	1013	2125	68	-1	
5	1	1	23	5	1	378	1013	62	25	47.022522	288
5	1	1	23	5	2	517	1024	48	15	74.581535	1g
5	1	1	23	5	3	640	1031	66	15	74.491440	Bag
5	1	1	23	5	4	735	1024	12	13	57.476341	&
5	1	1	23	5	5	917	1029	24	16	56.334435	S
5	1	1	23	5	6	1029	1029	13	11	1.099228	eC
5	1	1	23	5	7	1069	1030	91	23	35.028069	fae
5	1	1	23	5	8	1306	1037	134	25	28.834839	BeoRRee
5	1	1	23	5	9	1478	1046	90	15	23.671417	Fase
5	1	1	23	5	10	1600	1042	141	25	0.000000	amass
5	1	1	23	5	11	1772	1049	44	18	46.759525	gi
5	1	1	23	5	12	1872	1054	12	24	48.931473	3
5	1	1	23	5	13	1947	1051	16	13	0.000000	ap
5	1	1	23	5	14	1997	1054	41	20	51.999626	Fe
5	1	1	23	5	15	2097	1055	40	11	29.850708	so
5	1	1	23	5	16	2165	1053	73	25	24.856377	co.
5	1	1	23	5	17	2269	1060	17	13	56.586971	&
5	1	1	23	5	18	2343	1062	38	19	8.292404	oon
5	1	1	23	5	19	2418	1057	85	21	31.743988	S78
4	1	1	23	6	0	378	1033	2129	61	-1	
5	1	1	23	6	1	378	1035	67	24	33.671753	235
5	1	1	23	6	2	480	1033	8	15	89.942688	4
5	1	1	23	6	3	553	1035	46	22	16.708992	Br
5	1	1	23	6	4	640	1038	61	23	0.000000	€8$0
5	1	1	23	6	5	736	1039	10	20	69.872284	3
5	1	1	23	6	6	869	1043	13	22	60.955124	8
5	1	1	23	6	7	917	1047	24	7	26.040634	S
5	1	1	23	6	8	980	1046	62	29	70.212982	Sep
5	1	1	23	6	9	1075	1049	79	14	3.309296	SSC
5	1	1	23	6	10	1231	1059	11	13	35.536415	5
5	1	1	23	6	11	1306	1053	133	20	0.000000	S.@086s3
5	1	1	23	6	12	1477	1060	86	14	13.501282	@FPo
5	1	1	23	6	13	1600	1057	139	24	0.000000	SeBtge
5	1	1	23	6	14	1772	1069	13	9	26.990005	|
5	1	1	23	6	15	1922	1062	37	19	61.114906	Be
5	1	1	23	6	16	2021	1067	16	18	15.943466	a
5	1	1	23	6	17	2098	1067	35	12	0.000000	Bf
5	1	1	23	6	18	2146	1076	86	11	0.000000	annd
5	1	1	23	6	19	2294	1064	37	30	0.000000	BQ
5	1	1	23	6	20	2350	1072	55	17	0.000000	rfu
5	1	1	23	6	21	2419	1077	60	13	0.000000	ss.
5	1	1	23	6	22	2492	1075	15	10	42.065910	&
3	1	1	24	0	0	379	1048	2129	65	-1	
4	1	1	24	1	0	686	1049	1793	54	-1	
5	1	1	24	1	1	686	1049	20	31	30.596138	Ea
5	1	1	24	1	2	980	1057	17	12	73.360779	z
5	1	1	24	1	3	1069	1064	85	13	0.000000	~'ad
5	1	1	24	1	4	1330	1066	89	15	0.000000	gfog
5	1	1	24	1	5	1478	1070	16	7	53.097008	=
5	1	1	24	1	6	1551	1072	17	6	4.443436	e
5	1	1	24	1	7	1600	1067	91	18	58.704559	4084
5	1	1	24	1	8	1798	1069	16	16	77.415245	8
5	1	1	24	1	9	1923	1077	36	11	28.541496	8
5	1	1	24	1	10	1992	1075	16	11	34.895065	0
5	1	1	24	1	11	2096	1077	37	12	0.000000	oH
5	1	1	24	1	12	2172	1079	42	15	0.000000	ORN
5	1	1	24	1	13	2265	1069	22	30	61.455372	wn
5	1	1	24	1	14	2394	1086	41	10	23.391296	nS
5	1	1	24	1	15	2466	1091	13	12	53.036251	8
4	1	1	24	2	0	379	1048	2129	65	-1	
5	1	1	24	2	1	379	1055	61	16	69.233284	BSS
5	1	1	24	2	2	479	1059	15	18	15.825127	«
5	1	1	24	2	3	515	1049	47	22	65.731850	@n
5	1	1	24	2	4	587	1058	8	11	88.294792	2
5	1	1	24	2	5	639	1059	62	18	59.047211	AF
5	1	1	24	2	6	735	1059	17	13	72.313110	&
5	1	1	24	2	7	789	1048	17	30	73.788322	F
5	1	1	24	2	8	869	1067	12	10	93.885010	8
5	1	1	24	2	9	980	1071	12	9	18.125244	8
5	1	1	24	2	10	1113	1055	7	37	0.000000	P
5	1	1	24	2	11	1231	1073	11	12	91.361038	8
5	1	1	24	2	12	1301	1078	120	14	0.000000	wESSS,
5	1	1	24	2	13	1477	1075	37	14	47.518612	98
5	1	1	24	2	14	1551	1078	11	10	37.939114	©
5	1	1	24	2	15	1600	1081	140	18	0.000000	gszegre
5	1	1	24	2	16	1772	1080	42	20	38.076168	bBo
5	1	1	24	2	17	1868	1088	16	14	16.347046	Ss
5	1	1	24	2	18	1922	1089	12	9	43.901859	sg
5	1	1	24	2	19	2021	1087	13	11	46.459038	8
5	1	1	24	2	20	2096	1090	112	19	0.000000	Bsouhs
5	1	1	24	2	21	2269	1096	37	13	0.467987	SS
5	1	1	24	2	22	2327	1076	152	41	0.000000	oFugeos
3	1	1	25	0	0	372	1067	2135	245	-1	
4	1	1	25	1	0	404	1067	2074	56	-1	
5	1	1	25	1	1	404	1067	11	6	31.941254	=
5	1	1	25	1	2	547	1075	6	3	0.000000	-
5	1	1	25	1	3	735	1074	12	11	36.026379	@
5	1	1	25	1	4	870	1078	16	7	22.466797	~
5	1	1	25	1	5	920	1074	17	14	26.047096	OM
5	1	1	25	1	6	1005	1087	4	5	0.000000	:
5	1	1	25	1	7	1118	1086	16	6	54.582253	3.
5	1	1	25	1	8	1143	1079	11	10	70.246262	9
5	1	1	25	1	9	1231	1085	15	10	64.649963	+
5	1	1	25	1	10	1350	1084	95	19	48.553661	“3<2N
5	1	1	25	1	11	1477	1087	37	16	80.061340	50
5	1	1	25	1	12	1551	1091	4	4	17.865433	°
5	1	1	25	1	13	1622	1084	20	25	67.399849	i=
5	1	1	25	1	14	1698	1091	40	14	46.421371	Be
5	1	1	25	1	15	1772	1094	42	14	74.255737	BE
5	1	1	25	1	16	1942	1090	20	25	21.497047	st
5	1	1	25	1	17	1996	1096	12	25	16.390465	g
5	1	1	25	1	18	2022	1099	11	13	62.616325	8
5	1	1	25	1	19	2147	1104	61	12	0.000000	aeNe
5	1	1	25	1	20	2265	1097	17	26	51.485542	BS
5	1	1	25	1	21	2319	1111	14	9	0.000000	S
5	1	1	25	1	22	2347	1105	36	14	28.919342	Ep
5	1	1	25	1	23	2393	1105	36	12	54.094296	wd
5	1	1	25	1	24	2467	1104	11	9	96.308815	a
4	1	1	25	2	0	374	1065	2133	67	-1	
5	1	1	25	2	1	374	1077	16	13	16.414444	7
5	1	1	25	2	2	403	1065	11	33	15.531616	OF
5	1	1	25	2	3	427	1065	19	33	31.959213	mm
5	1	1	25	2	4	515	1074	93	21	0.000000	>pe@
5	1	1	25	2	5	640	1074	61	28	37.888988	err
5	1	1	25	2	6	735	1086	11	9	31.859268	&
5	1	1	25	2	7	788	1080	18	12	67.339729	&
5	1	1	25	2	8	869	1087	12	11	19.367188	2
5	1	1	25	2	9	980	1085	66	17	11.549911	sto
5	1	1	25	2	10	1118	1090	41	16	45.698883	Ed
5	1	1	25	2	11	1231	1081	16	33	49.468826	Fy
5	1	1	25	2	12	1306	1090	35	12	61.542583	a2
5	1	1	25	2	13	1403	1100	42	15	79.386856	ay
5	1	1	25	2	14	1502	1099	11	16	42.042961	3
5	1	1	25	2	15	1600	1097	42	20	0.000000	Be
5	1	1	25	2	16	1673	1100	13	10	6.900955	o
5	1	1	25	2	17	1698	1101	13	10	64.875259	@
5	1	1	25	2	18	1773	1104	37	13	16.851807	cB
5	1	1	25	2	19	1872	1102	13	22	69.169403	a
5	1	1	25	2	20	1922	1100	41	19	38.459892	BF
5	1	1	25	2	21	2021	1113	13	10	91.894432	5
5	1	1	25	2	22	2096	1105	88	22	13.106873	Ero
5	1	1	25	2	23	2269	1111	87	20	0.000000	Bx™Sh
5	1	1	25	2	24	2393	1118	12	10	46.928867	ol
5	1	1	25	2	25	2446	1113	7	10	38.612076	2
5	1	1	25	2	26	2466	1114	41	18	38.612076	Or
4	1	1	25	3	0	378	1089	2124	60	-1	
5	1	1	25	3	1	378	1089	62	15	0.000000	Aw
5	1	1	25	3	2	479	1084	20	30	0.994652	mw
5	1	1	25	3	3	515	1094	93	11	37.860722	PAS
5	1	1	25	3	4	636	1094	54	15	28.630684	emt
5	1	1	25	3	5	788	1094	12	10	67.591209	g
5	1	1	25	3	6	869	1098	15	9	57.124954	+
5	1	1	25	3	7	980	1098	61	16	39.522911	Sve
5	1	1	25	3	8	1077	1098	8	18	66.688324	i
5	1	1	25	3	9	1118	1101	36	18	33.165070	=o
5	1	1	25	3	10	1231	1108	15	9	38.418221	&
5	1	1	25	3	11	1306	1102	63	14	0.000000	Sot
5	1	1	25	3	12	1378	1113	13	9	0.000000	e
5	1	1	25	3	13	1476	1110	42	17	83.534622	ge
5	1	1	25	3	14	1551	1109	17	22	11.735161	SF
5	1	1	25	3	15	1600	1111	135	19	0.000000	BFOSOReR
5	1	1	25	3	16	1768	1118	46	14	29.633553	FF
5	1	1	25	3	17	1916	1108	43	30	36.610874	Loe
5	1	1	25	3	18	2017	1124	16	13	66.715157	a
5	1	1	25	3	19	2096	1117	141	28	0.000000	apsage
5	1	1	25	3	20	2269	1116	233	33	0.000000	e&ane-Se256
4	1	1	25	4	0	378	1101	2124	61	-1	
5	1	1	25	4	1	378	1101	62	15	0.000000	og3
5	1	1	25	4	2	478	1104	49	12	35.643654	$3
5	1	1	25	4	3	552	1107	12	9	71.069450	6
5	1	1	25	4	4	639	1108	55	23	84.753738	age
5	1	1	25	4	5	729	1116	24	8	21.673416	co
5	1	1	25	4	6	788	1105	15	23	44.613300	3
5	1	1	25	4	7	868	1108	13	11	10.560425	@
5	1	1	25	4	8	922	1107	18	30	42.553535	Pe
5	1	1	25	4	9	980	1111	60	25	56.863400	ages
5	1	1	25	4	10	1117	1117	37	17	66.408096	ag
5	1	1	25	4	11	1230	1118	17	20	88.587029	=
5	1	1	25	4	12	1306	1114	140	23	69.940338	So
5	1	1	25	4	13	1372	1110	23	37	0.000000	2
5	1	1	25	4	14	1419	1110	31	37	0.000000	OQ
5	1	1	25	4	15	1477	1125	37	12	7.196388	8B
5	1	1	25	4	16	1600	1125	135	22	0.000000	SAsdge
5	1	1	25	4	17	1797	1134	12	9	88.388374	a
5	1	1	25	4	18	1872	1126	17	22	47.852779	QR
5	1	1	25	4	19	1922	1132	36	16	31.138298	“a
5	1	1	25	4	20	1996	1132	29	20	15.409454	5°
5	1	1	25	4	21	2097	1138	11	14	94.406319	5
5	1	1	25	4	22	2172	1132	65	20	36.134239	Ber
5	1	1	25	4	23	2269	1142	139	20	0.000000	geese
5	1	1	25	4	24	2418	1138	56	18	0.000000	rae
5	1	1	25	4	25	2491	1145	11	13	72.582809	8
4	1	1	25	5	0	374	1114	2128	68	-1	
5	1	1	25	5	1	374	1115	71	23	0.000000	9B
5	1	1	25	5	2	477	1114	124	23	0.000000	€§2
5	1	1	25	5	3	588	1102	22	41	53.682014	py
5	1	1	25	5	4	640	1126	67	13	25.718704	gar
5	1	1	25	5	5	788	1130	12	9	0.000000	S
5	1	1	25	5	6	869	1120	16	13	81.441063	a
5	1	1	25	5	7	980	1122	61	25	52.460934	383
5	1	1	25	5	8	1117	1131	13	10	62.460979	&
5	1	1	25	5	9	1231	1139	11	13	59.962372	8
5	1	1	25	5	10	1305	1136	36	13	72.015175	ae
5	1	1	25	5	11	1357	1131	63	17	2.896194	eae
5	1	1	25	5	12	1498	1140	8	4	76.226105	~
5	1	1	25	5	13	1551	1140	11	20	53.689232	9g
5	1	1	25	5	14	1599	1138	61	13	0.000000	S805
5	1	1	25	5	15	1698	1140	37	16	0.000000	E85
5	1	1	25	5	16	1772	1140	11	13	68.840614	«
5	1	1	25	5	17	1946	1150	12	12	78.225060	B
5	1	1	25	5	18	1996	1153	12	10	66.901184	6
5	1	1	25	5	19	2091	1149	141	21	4.802017	Aevees
5	1	1	25	5	20	2294	1146	65	36	0.000000	Paez
5	1	1	25	5	21	2371	1153	131	20	0.000000	erko®a
4	1	1	25	6	0	378	1126	2124	66	-1	
5	1	1	25	6	1	378	1130	37	11	45.883583	oa
5	1	1	25	6	2	478	1126	11	20	90.827446	3
5	1	1	25	6	3	589	1135	11	14	92.804688	5
5	1	1	25	6	4	639	1132	66	21	42.583431	eS
5	1	1	25	6	5	735	1129	17	17	86.075455	€
5	1	1	25	6	6	788	1142	11	12	65.568161	8
5	1	1	25	6	7	868	1143	12	17	79.936218	a
5	1	1	25	6	8	922	1139	17	18	85.574806	5
5	1	1	25	6	9	979	1142	61	19	62.879707	€88
5	1	1	25	6	10	1068	1145	25	8	30.891548	4
5	1	1	25	6	11	1118	1142	41	19	61.707859	Sp
5	1	1	25	6	12	1305	1150	66	13	35.815689	Ome
5	1	1	25	6	13	1385	1143	60	25	37.423454	SBS
5	1	1	25	6	14	1476	1142	38	26	58.969238	BS
5	1	1	25	6	15	1600	1150	140	25	0.000000	"OFgae.
5	1	1	25	6	16	1772	1152	41	15	1.321396	3c
5	1	1	25	6	17	1871	1156	13	20	77.699654	a
5	1	1	25	6	18	1947	1162	10	20	79.806931	5
5	1	1	25	6	19	1996	1159	43	17	76.493698	389
5	1	1	25	6	20	2147	1166	56	18	41.958862	SB
5	1	1	25	6	21	2269	1158	114	34	15.805931	2£eggg
5	1	1	25	6	22	2466	1171	36	15	55.793144	aK
4	1	1	25	7	0	378	1139	2099	63	-1	
5	1	1	25	7	1	378	1142	37	18	52.489395	48
5	1	1	25	7	2	427	1139	13	22	81.157730	§
5	1	1	25	7	3	514	1146	50	13	59.183903	ne
5	1	1	25	7	4	589	1149	17	13	0.000000	Bb
5	1	1	25	7	5	729	1154	24	6	58.801460	=
5	1	1	25	7	6	787	1155	13	10	92.572998	8
5	1	1	25	7	7	869	1161	16	6	76.199020	4.
5	1	1	25	7	8	980	1156	64	15	0.000000	5o3
5	1	1	25	7	9	1075	1159	16	17	17.490501	@
5	1	1	25	7	10	1117	1157	37	16	56.535316	98
5	1	1	25	7	11	1230	1163	12	17	90.930115	4
5	1	1	25	7	12	1330	1162	115	16	8.747406	BESSe
5	1	1	25	7	13	1477	1169	36	14	63.611797	#2
5	1	1	25	7	14	1550	1162	12	20	72.323669	8
5	1	1	25	7	15	1624	1166	61	19	50.115948	488
5	1	1	25	7	16	1772	1167	37	14	89.392601	ag
5	1	1	25	7	17	1872	1177	12	9	0.000000	8
5	1	1	25	7	18	1996	1168	42	22	61.831226	BS
5	1	1	25	7	19	2096	1167	82	28	0.000000	3deP
5	1	1	25	7	20	2196	1178	39	24	49.180374	me
5	1	1	25	7	21	2343	1182	37	15	0.000000	Ee
5	1	1	25	7	22	2398	1176	79	23	0.000000	ind§
4	1	1	25	8	0	378	1154	2124	61	-1	
5	1	1	25	8	1	378	1161	17	6	26.541473	f°
5	1	1	25	8	2	428	1163	16	5	32.745827	2
5	1	1	25	8	3	477	1156	49	17	17.008476	nm
5	1	1	25	8	4	515	1143	15	34	42.560165	&
5	1	1	25	8	5	553	1159	11	13	0.000000	§
5	1	1	25	8	6	640	1154	67	23	39.256672	eae
5	1	1	25	8	7	788	1167	12	10	56.126934	3
5	1	1	25	8	8	868	1169	16	8	32.499092	es
5	1	1	25	8	9	922	1159	11	20	44.454170	53
5	1	1	25	8	10	980	1163	11	18	34.641968	&
5	1	1	25	8	11	1117	1169	15	9	51.076199	=
5	1	1	25	8	12	1305	1169	139	21	54.416622	PSEBGE
5	1	1	25	8	13	1476	1176	37	17	83.359932	OF
5	1	1	25	8	14	1550	1183	15	9	39.222416	B
5	1	1	25	8	15	1624	1176	111	23	34.933174	8ehs.8
5	1	1	25	8	16	1772	1179	37	15	70.986557	o8
5	1	1	25	8	17	1871	1187	12	13	79.694862	¢
5	1	1	25	8	18	1946	1184	12	10	49.074791	e
5	1	1	25	8	19	1996	1186	42	14	64.979370	af
5	1	1	25	8	20	2122	1189	66	19	0.000000	Sams
5	1	1	25	8	21	2269	1190	233	25	8.551239	Vytrergeg
5	1	1	25	8	22	2488	1185	18	35	0.000000	es
4	1	1	25	9	0	378	1169	2124	56	-1	
5	1	1	25	9	1	378	1169	61	15	49.909622	Gao
5	1	1	25	9	2	473	1169	133	28	0.000000	S$Rgar
5	1	1	25	9	3	639	1169	34	20	54.114933	Fe
5	1	1	25	9	4	735	1183	12	11	82.356087	o
5	1	1	25	9	5	785	1179	12	11	19.503937	8
5	1	1	25	9	6	869	1179	16	13	0.000000	S
5	1	1	25	9	7	922	1180	18	12	54.283516	fh
5	1	1	25	9	8	1004	1179	37	19	0.000000	oo
5	1	1	25	9	9	1068	1174	85	20	28.406693	o8
5	1	1	25	9	10	1227	1172	20	35	53.254440	Pa
5	1	1	25	9	11	1306	1186	65	15	17.542664	ees
5	1	1	25	9	12	1403	1191	41	20	17.542664	§o
5	1	1	25	9	13	1476	1189	12	19	75.200066	§
5	1	1	25	9	14	1625	1196	110	20	19.910194	Bogeg
5	1	1	25	9	15	1772	1190	37	14	57.670509	ge
5	1	1	25	9	16	1872	1202	16	5	42.328396	=
5	1	1	25	9	17	1946	1203	11	9	42.520466	a
5	1	1	25	9	18	1996	1200	42	17	42.520466	OBE
5	1	1	25	9	19	2097	1196	60	20	14.982819	Boa
5	1	1	25	9	20	2172	1203	35	22	22.797989	as
5	1	1	25	9	21	2219	1203	17	16	15.586853	5
5	1	1	25	9	22	2318	1203	86	20	0.000000	ooORR
5	1	1	25	9	23	2441	1205	61	19	41.401093	MRO
4	1	1	25	10	0	378	1180	2099	54	-1	
5	1	1	25	10	1	378	1180	12	14	45.680546	a
5	1	1	25	10	2	477	1183	52	10	47.823929	as
5	1	1	25	10	3	640	1189	24	6	0.000000	=s
5	1	1	25	10	4	782	1194	6	3	41.823662	7
5	1	1	25	10	5	1025	1182	21	27	9.160889	oh
5	1	1	25	10	6	1230	1186	17	27	7.957214	o®
5	1	1	25	10	7	1306	1197	59	10	18.080994	Bee
5	1	1	25	10	8	1376	1188	19	29	47.078445	any
5	1	1	25	10	9	1502	1204	11	13	56.994282	5
5	1	1	25	10	10	1550	1202	12	12	29.714066	9
5	1	1	25	10	11	1649	1203	35	13	22.502510	oo
5	1	1	25	10	12	1772	1203	36	13	71.195824	ae
5	1	1	25	10	13	1871	1208	16	10	50.710686	+
5	1	1	25	10	14	1946	1202	17	27	47.976891	oO
5	1	1	25	10	15	2096	1213	67	14	43.416500	ona
5	1	1	25	10	16	2294	1215	16	13	44.026039	we
5	1	1	25	10	17	2376	1211	31	28	22.302330	LO
5	1	1	25	10	18	2418	1218	59	14	23.758713	et
4	1	1	25	11	0	372	1184	2135	62	-1	
5	1	1	25	11	1	372	1184	72	25	27.151070	LHe
5	1	1	25	11	2	477	1193	49	11	36.836685	S38
5	1	1	25	11	3	589	1200	17	12	46.928631	a
5	1	1	25	11	4	661	1199	8	11	2.293396	R
5	1	1	25	11	5	735	1195	58	17	60.450775	BR
5	1	1	25	11	6	869	1202	16	16	38.410183	wo
5	1	1	25	11	7	922	1194	15	20	0.000000	=&
5	1	1	25	11	8	1004	1200	11	9	42.238350	a
5	1	1	25	11	9	1074	1211	15	9	62.542137	«
5	1	1	25	11	10	1117	1199	41	23	60.552872	5
5	1	1	25	11	11	1230	1207	11	10	20.184982	4
5	1	1	25	11	12	1305	1204	66	21	12.154907	gab
5	1	1	25	11	13	1428	1209	11	10	74.084557	o
5	1	1	25	11	14	1476	1218	37	11	12.596207	25
5	1	1	25	11	15	1624	1210	60	21	38.098484	SFa
5	1	1	25	11	16	1702	1213	32	20	38.097427	is
5	1	1	25	11	17	1772	1214	37	11	0.000000	¢e
5	1	1	25	11	18	1946	1218	92	20	35.243912	gt.
5	1	1	25	11	19	2121	1225	12	10	31.627457	3
5	1	1	25	11	20	2196	1227	36	13	4.433685	5a
5	1	1	25	11	21	2293	1229	136	17	0.000000	Syaee
5	1	1	25	11	22	2422	1217	32	34	27.320480	el
5	1	1	25	11	23	2460	1225	47	20	30.704376	Ae
4	1	1	25	12	0	403	1196	2078	70	-1	
5	1	1	25	12	1	403	1204	36	15	38.392963	re
5	1	1	25	12	2	514	1196	55	29	0.000000	SR
5	1	1	25	12	3	639	1196	66	35	56.363121	222
5	1	1	25	12	4	734	1208	16	23	65.849899	8
5	1	1	25	12	5	782	1217	24	17	35.647552	8
5	1	1	25	12	6	864	1219	16	13	50.343407	&
5	1	1	25	12	7	916	1217	24	23	0.000000	@
5	1	1	25	12	8	1003	1210	42	33	0.000000	£2>
5	1	1	25	12	9	1074	1222	16	13	20.167633	&
5	1	1	25	12	10	1116	1213	42	20	41.979080	2
5	1	1	25	12	11	1230	1217	12	11	16.303787	@
5	1	1	25	12	12	1329	1209	116	39	45.935020	Boats
5	1	1	25	12	13	1473	1228	43	13	4.202385	28
5	1	1	25	12	14	1620	1232	115	20	0.000000	Sees
5	1	1	25	12	15	1724	1220	18	42	0.000000	e
5	1	1	25	12	16	1772	1224	37	26	0.000000	F°
5	1	1	25	12	17	1871	1230	12	22	24.279251	gg
5	1	1	25	12	18	1945	1234	18	21	9.884377	2
5	1	1	25	12	19	1996	1235	42	20	17.649773	$E
5	1	1	25	12	20	2095	1218	136	46	0.000000	gagbee
5	1	1	25	12	21	2269	1241	37	22	0.000000	ao
5	1	1	25	12	22	2323	1230	106	36	0.000000	reee.
5	1	1	25	12	23	2445	1240	36	26	22.944145	ss
4	1	1	25	13	0	402	1218	2080	65	-1	
5	1	1	25	13	1	402	1218	34	23	55.742470	gS
5	1	1	25	13	2	511	1224	95	25	0.000000	cB
5	1	1	25	13	3	640	1225	65	21	74.261620	Sle
5	1	1	25	13	4	734	1240	12	11	0.000000	So
5	1	1	25	13	5	783	1237	9	4	61.382721	s
5	1	1	25	13	6	868	1233	12	13	40.251595	6
5	1	1	25	13	7	916	1241	24	7	68.554489	&
5	1	1	25	13	8	1004	1239	29	11	34.131554	2°
5	1	1	25	13	9	1073	1236	13	9	71.970528	8
5	1	1	25	13	10	1116	1233	42	28	52.162556	94
5	1	1	25	13	11	1230	1240	12	10	51.267975	8
5	1	1	25	13	12	1304	1236	135	24	0.000000	Saghss
5	1	1	25	13	13	1476	1241	40	21	3.931396	28
5	1	1	25	13	14	1624	1248	111	16	0.000000	sarte
5	1	1	25	13	15	1772	1245	41	20	37.273563	as
5	1	1	25	13	16	1945	1255	15	10	0.000000	F
5	1	1	25	13	17	1992	1255	45	23	52.637688	oF
5	1	1	25	13	18	2095	1248	68	26	0.000000	Seb
5	1	1	25	13	19	2171	1254	65	21	0.000000	eSe
5	1	1	25	13	20	2269	1253	36	22	35.156181	Sa
5	1	1	25	13	21	2320	1255	162	28	11.827049	Reaches
4	1	1	25	14	0	398	1238	2109	74	-1	
5	1	1	25	14	1	398	1243	35	26	39.072151	a
5	1	1	25	14	2	471	1238	48	24	0.000000	fe
5	1	1	25	14	3	551	1244	49	29	0.000000	ES
5	1	1	25	14	4	634	1247	17	12	0.000000	&®
5	1	1	25	14	5	688	1254	17	12	27.582397	pg
5	1	1	25	14	6	735	1253	11	13	84.590744	8
5	1	1	25	14	7	782	1249	24	17	25.279541	a
5	1	1	25	14	8	868	1247	15	22	82.809616	8
5	1	1	25	14	9	1000	1251	45	24	39.477428	4
5	1	1	25	14	10	1074	1247	16	30	0.000000	F
5	1	1	25	14	11	1116	1260	42	20	68.920135	oy
5	1	1	25	14	12	1230	1251	16	36	92.311760	B
5	1	1	25	14	13	1305	1256	134	30	15.120010	982458
5	1	1	25	14	14	1476	1262	42	31	53.617386	85
5	1	1	25	14	15	1549	1276	17	13	0.000000	¢
5	1	1	25	14	16	1624	1258	111	35	7.199944	gee
5	1	1	25	14	17	1705	1247	34	50	7.199944	8
5	1	1	25	14	18	1772	1262	37	37	49.745621	28
5	1	1	25	14	19	1871	1265	11	34	61.837334	§
5	1	1	25	14	20	1945	1274	18	19	87.267975	g
5	1	1	25	14	21	1990	1274	47	19	80.709465	SE
5	1	1	25	14	22	2095	1268	86	35	0.000000	BERG
5	1	1	25	14	23	2192	1277	39	25	0.000000	aS
5	1	1	25	14	24	2268	1280	116	32	0.000000	BEBE
5	1	1	25	14	25	2418	1284	35	17	0.000000	Om
5	1	1	25	14	26	2467	1282	40	24	28.141830	oF
3	1	1	26	0	0	402	1260	2105	109	-1	
4	1	1	26	1	0	421	1260	2055	60	-1	
5	1	1	26	1	1	421	1260	25	15	5.905243	Ww
5	1	1	26	1	2	474	1261	58	13	63.542122	RA
5	1	1	26	1	3	589	1264	11	13	58.935223	2
5	1	1	26	1	4	639	1265	61	13	24.848656	mye
5	1	1	26	1	5	734	1267	12	10	78.681549	o
5	1	1	26	1	6	868	1270	17	6	41.936150	=
5	1	1	26	1	7	1004	1281	16	5	40.907463	pa
5	1	1	26	1	8	1116	1275	40	14	54.586456	as
5	1	1	26	1	9	1304	1279	140	17	29.661285	esgeocus
5	1	1	26	1	10	1501	1283	11	13	66.449974	5
5	1	1	26	1	11	1551	1290	15	6	85.759399	2
5	1	1	26	1	12	1624	1283	66	16	22.323410	EQ
5	1	1	26	1	13	1722	1292	13	8	22.323410	SPs
5	1	1	26	1	14	1796	1288	17	6	78.261345	=
5	1	1	26	1	15	1946	1295	11	9	0.000000	g
5	1	1	26	1	16	2096	1296	41	12	14.537804	a.
5	1	1	26	1	17	2219	1299	15	10	40.687035	3
5	1	1	26	1	18	2342	1289	37	31	27.013893	O58
5	1	1	26	1	19	2441	1303	35	13	0.000000	Ao
4	1	1	26	2	0	402	1268	2099	61	-1	
5	1	1	26	2	1	402	1268	36	15	39.766930	RF
5	1	1	26	2	2	471	1276	54	10	36.170914	oS
5	1	1	26	2	3	552	1275	11	12	36.170914	5B
5	1	1	26	2	4	589	1278	17	5	61.287216	E
5	1	1	26	2	5	638	1277	61	15	41.797203	S88
5	1	1	26	2	6	868	1277	12	11	54.610897	8
5	1	1	26	2	7	1004	1277	41	23	47.978992	B5
5	1	1	26	2	8	1074	1279	11	13	90.980576	2
5	1	1	26	2	9	1116	1289	37	13	28.354065	&3
5	1	1	26	2	10	1305	1285	109	21	7.712219	APOE
5	1	1	26	2	11	1550	1297	12	9	43.501328	a
5	1	1	26	2	12	1624	1291	115	20	0.000000	SyhSe
5	1	1	26	2	13	1772	1296	36	13	38.809425	44
5	1	1	26	2	14	1871	1300	17	15	59.199402	=
5	1	1	26	2	15	2020	1303	12	9	50.502609	4
5	1	1	26	2	16	2095	1303	115	18	71.223160	egres
5	1	1	26	2	17	2268	1305	86	21	17.664528	Paes
5	1	1	26	2	18	2375	1298	53	36	44.090782	ese
5	1	1	26	2	19	2444	1313	57	16	50.429913	our
4	1	1	26	3	0	402	1284	2075	54	-1	
5	1	1	26	3	1	402	1284	36	15	37.706367	@a
5	1	1	26	3	2	480	1275	37	34	13.709183	2B
5	1	1	26	3	3	551	1285	54	19	56.500557	pF
5	1	1	26	3	4	638	1289	62	16	0.000000	g€83
5	1	1	26	3	5	734	1286	12	12	12.361160	co
5	1	1	26	3	6	790	1285	8	18	54.850586	I
5	1	1	26	3	7	868	1290	68	17	0.000000	Boo<
5	1	1	26	3	8	1028	1291	12	10	26.264809	o
5	1	1	26	3	9	1073	1291	13	23	84.407883	3
5	1	1	26	3	10	1117	1301	16	5	71.043907	%
5	1	1	26	3	11	1230	1299	11	12	79.982384	3
5	1	1	26	3	12	1328	1302	39	11	39.405407	Rt
5	1	1	26	3	13	1377	1292	37	34	12.709694	Boa
5	1	1	26	3	14	1428	1292	14	34	34.462021	ct
5	1	1	26	3	15	1500	1308	12	17	86.984512	a
5	1	1	26	3	16	1549	1307	13	10	43.016514	3
5	1	1	26	3	17	1623	1301	111	20	22.697205	@Bane
5	1	1	26	3	18	1771	1316	43	12	6.050407	7
5	1	1	26	3	19	1946	1312	16	15	91.055519	N
5	1	1	26	3	20	2020	1312	12	11	89.610954	g
5	1	1	26	3	21	2096	1309	139	28	0.000000	BBeags
5	1	1	26	3	22	2268	1319	12	10	0.000000	@
5	1	1	26	3	23	2342	1320	135	18	0.000000	BopPaeg
4	1	1	26	4	0	402	1295	2105	57	-1	
5	1	1	26	4	1	402	1295	43	12	44.241898	ef
5	1	1	26	4	2	471	1297	47	14	7.852135	fe
5	1	1	26	4	3	552	1301	17	6	7.852135	Tek
5	1	1	26	4	4	639	1302	64	12	45.208855	Aga
5	1	1	26	4	5	735	1299	16	10	47.004971	*
5	1	1	26	4	6	862	1313	24	7	77.077065	>
5	1	1	26	4	7	1003	1310	37	13	92.526337	pe
5	1	1	26	4	8	1074	1316	11	9	53.579983	8
5	1	1	26	4	9	1117	1312	41	17	34.082687	ve
5	1	1	26	4	10	1229	1313	13	11	35.786171	2
5	1	1	26	4	11	1305	1312	60	12	61.327614	bec
5	1	1	26	4	12	1427	1316	12	11	70.140839	o
5	1	1	26	4	13	1476	1312	42	20	33.221733	ek
5	1	1	26	4	14	1549	1319	12	12	51.312408	2
5	1	1	26	4	15	1648	1318	89	21	41.872387	Rowe
5	1	1	26	4	16	1771	1326	41	15	30.398048	BE
5	1	1	26	4	17	1871	1317	17	19	33.866058	g
5	1	1	26	4	18	1942	1315	20	35	18.902069	yy
5	1	1	26	4	19	2020	1324	12	9	64.790970	2
5	1	1	26	4	20	2108	1331	24	12	12.289543	Oo,
5	1	1	26	4	21	2170	1331	18	13	0.000000	F
5	1	1	26	4	22	2268	1339	17	6	0.000000	me
5	1	1	26	4	23	2297	1321	81	37	0.000000	yNof
5	1	1	26	4	24	2396	1325	56	22	0.000000	RRS
5	1	1	26	4	25	2465	1330	42	22	0.000000	Sm
4	1	1	26	5	0	402	1308	2081	59	-1	
5	1	1	26	5	1	402	1308	11	9	76.297531	5
5	1	1	26	5	2	477	1316	4	4	44.096699	.
5	1	1	26	5	3	552	1308	54	17	17.309464	<M
5	1	1	26	5	4	663	1315	37	10	23.591469	4@®
5	1	1	26	5	5	1024	1320	15	13	14.805084	<<
5	1	1	26	5	6	1073	1326	13	8	0.000000	@
5	1	1	26	5	7	1141	1313	21	29	37.717476	Zz
5	1	1	26	5	8	1230	1326	11	12	67.676888	5
5	1	1	26	5	9	1304	1324	60	13	26.240616	CfA
5	1	1	26	5	10	1380	1329	39	14	64.550842	an
5	1	1	26	5	11	1501	1332	61	9	15.780807	in
5	1	1	26	5	12	1624	1330	60	17	66.182411	reo
5	1	1	26	5	13	1697	1336	15	10	0.000000	g
5	1	1	26	5	14	1790	1337	24	7	83.196182	~
5	1	1	26	5	15	2020	1334	11	13	42.588516	i
5	1	1	26	5	16	2096	1334	141	22	1.483902	PEPaso
5	1	1	26	5	17	2268	1337	62	23	22.345932	pare
5	1	1	26	5	18	2367	1336	116	31	18.399620	Sac0sQ
4	1	1	26	6	0	402	1311	2105	62	-1	
5	1	1	26	6	1	402	1318	12	10	59.742695	@
5	1	1	26	6	2	543	1311	20	30	42.279831	“<
5	1	1	26	6	3	639	1322	11	8	67.321960	4
5	1	1	26	6	4	734	1320	70	17	49.684090	|
5	1	1	26	6	5	868	1322	16	9	67.600517	=
5	1	1	26	6	6	1116	1330	11	13	58.442326	&
5	1	1	26	6	7	1304	1336	36	13	44.078365	So
5	1	1	26	6	8	1353	1336	12	10	6.764030	®
5	1	1	26	6	9	1423	1338	15	13	0.000000	~
5	1	1	26	6	10	1501	1341	17	6	35.726334	=
5	1	1	26	6	11	1549	1343	13	8	27.112244	8
5	1	1	26	6	12	1624	1340	109	14	20.649628	Begerts
5	1	1	26	6	13	1772	1343	41	10	48.520271	ah
5	1	1	26	6	14	1870	1347	18	7	71.851685	=
5	1	1	26	6	15	2020	1349	17	6	70.491905	=
5	1	1	26	6	16	2096	1337	41	30	28.159149	Em?
5	1	1	26	6	17	2219	1355	16	11	66.370049	=
5	1	1	26	6	18	2293	1351	67	15	49.900303	oom
5	1	1	26	6	19	2413	1341	20	30	12.312737	co
5	1	1	26	6	20	2485	1342	22	31	31.731094	wn
3	1	1	27	0	0	402	1321	2104	86	-1	
4	1	1	27	1	0	427	1321	2001	58	-1	
5	1	1	27	1	1	427	1328	16	5	0.000000	-
5	1	1	27	1	2	584	1327	16	13	21.323639	«
5	1	1	27	1	3	638	1326	42	18	76.851036	gp
5	1	1	27	1	4	858	1321	30	30	36.712143	nav)
5	1	1	27	1	5	1003	1332	36	22	70.549515	gg
5	1	1	27	1	6	1073	1336	12	11	62.952915	o
5	1	1	27	1	7	1141	1339	16	18	22.601364	4
5	1	1	27	1	8	1234	1339	3	8	59.706238	i
5	1	1	27	1	9	1377	1342	42	18	47.448044	ey
5	1	1	27	1	10	1476	1346	11	19	60.572395	5
5	1	1	27	1	11	1550	1353	16	6	28.672607	a.
5	1	1	27	1	12	1619	1352	16	11	51.678635	a
5	1	1	27	1	13	1648	1349	12	9	13.178032	@
5	1	1	27	1	14	1721	1354	16	9	47.959976	oe
5	1	1	27	1	15	1771	1353	37	11	73.754745	Oa
5	1	1	27	1	16	1871	1355	11	13	89.207611	3
5	1	1	27	1	17	1945	1353	18	13	87.912308	n
5	1	1	27	1	18	2020	1355	15	9	46.336613	+
5	1	1	27	1	19	2120	1357	117	20	18.235733	S484
5	1	1	27	1	20	2268	1359	160	20	28.871712	g2e
5	1	1	27	1	21	2353	1352	27	31	34.615776	74
5	1	1	27	1	22	2395	1352	37	31	36.115509	oe
4	1	1	27	2	0	402	1329	2099	67	-1	
5	1	1	27	2	1	402	1329	37	21	31.033798	ER
5	1	1	27	2	2	551	1337	49	13	85.328506	Ma
5	1	1	27	2	3	639	1338	61	14	0.000000	Ee
5	1	1	27	2	4	734	1337	12	13	21.624771	Go
5	1	1	27	2	5	786	1339	18	18	39.896141	wy
5	1	1	27	2	6	867	1346	71	15	49.455051	woe
5	1	1	27	2	7	1003	1345	12	11	66.088509	°
5	1	1	27	2	8	1070	1349	12	12	62.187428	e
5	1	1	27	2	9	1116	1345	11	19	31.437119	¥
5	1	1	27	2	10	1229	1349	12	10	49.293308	@
5	1	1	27	2	11	1304	1348	84	21	43.141575	Bagh
5	1	1	27	2	12	1411	1353	27	13	51.261856	Us
5	1	1	27	2	13	1501	1359	61	20	17.629089	59
5	1	1	27	2	14	1624	1356	85	24	37.297035	Eee
5	1	1	27	2	15	1871	1370	16	8	0.000000	&
5	1	1	27	2	16	1945	1367	12	11	11.758507	@
5	1	1	27	2	17	2095	1369	38	15	74.758720	ne
5	1	1	27	2	18	2159	1359	27	37	0.000000	read
5	1	1	27	2	19	2268	1369	37	19	71.963936	Se
5	1	1	27	2	20	2342	1371	66	21	9.237305	oS
5	1	1	27	2	21	2397	1363	20	34	4.277817	np
5	1	1	27	2	22	2440	1370	61	23	4.277817	EQ
4	1	1	27	3	0	402	1350	2104	57	-1	
5	1	1	27	3	1	402	1351	37	13	89.623329	Bo
5	1	1	27	3	2	547	1350	56	21	44.244518	$e
5	1	1	27	3	3	638	1353	67	18	46.411232	854
5	1	1	27	3	4	735	1351	10	10	83.339203	7
5	1	1	27	3	5	786	1356	18	18	20.467819	°G
5	1	1	27	3	6	1003	1356	42	15	50.746387	BS
5	1	1	27	3	7	1074	1352	20	30	33.515656	Nw
5	1	1	27	3	8	1116	1365	40	13	23.643372	be
5	1	1	27	3	9	1229	1360	12	20	83.553566	3
5	1	1	27	3	10	1304	1366	60	12	13.230896	Bme
5	1	1	27	3	11	1382	1363	57	24	56.127972	nag
5	1	1	27	3	12	1472	1367	15	24	92.391045	&
5	1	1	27	3	13	1550	1373	11	13	93.738800	5
5	1	1	27	3	14	1624	1369	109	23	0.000000	ePeecad
5	1	1	27	3	15	1772	1373	41	20	75.775894	as
5	1	1	27	3	16	1870	1380	12	10	64.472343	8
5	1	1	27	3	17	1945	1378	15	10	78.576424	+
5	1	1	27	3	18	2020	1375	11	18	77.816521	a
5	1	1	27	3	19	2095	1379	62	19	1.263382	eaaox
5	1	1	27	3	20	2195	1382	16	12	72.388649	>
5	1	1	27	3	21	2268	1380	114	24	0.000000	Reg
5	1	1	27	3	22	2416	1386	36	12	0.000000	geas
5	1	1	27	3	23	2490	1387	16	20	52.324562	ma
3	1	1	28	0	0	401	1353	2105	123	-1	
4	1	1	28	1	0	551	1353	1931	72	-1	
5	1	1	28	1	1	551	1365	12	9	41.109715	a
5	1	1	28	1	2	634	1353	16	31	9.381035	te)
5	1	1	28	1	3	734	1369	11	13	92.350426	<
5	1	1	28	1	4	1003	1370	37	12	51.113911	+O
5	1	1	28	1	5	1116	1377	41	13	44.510632	a4
5	1	1	28	1	6	1225	1381	15	13	78.284149	5
5	1	1	28	1	7	1304	1377	60	13	0.000000	OOF
5	1	1	28	1	8	1500	1380	12	13	0.000000	&
5	1	1	28	1	9	1545	1388	8	5	45.946484	£
5	1	1	28	1	10	1619	1385	47	13	47.522121	ge
5	1	1	28	1	11	1722	1390	17	13	84.847321	>
5	1	1	28	1	12	1771	1384	12	9	42.797207	8
5	1	1	28	1	13	2016	1384	21	31	20.980125	ra
5	1	1	28	1	14	2095	1387	62	34	11.061211	R855
5	1	1	28	1	15	2170	1394	65	23	11.061211	490
5	1	1	28	1	16	2292	1397	42	15	30.532471	Qt
5	1	1	28	1	17	2391	1394	91	31	0.000000	Qaognn
4	1	1	28	2	0	402	1366	2098	59	-1	
5	1	1	28	2	1	402	1366	41	17	40.277580	oF
5	1	1	28	2	2	551	1375	15	9	30.909256	¢
5	1	1	28	2	3	589	1372	11	20	81.635170	3
5	1	1	28	2	4	663	1370	36	27	78.724220	e§
5	1	1	28	2	5	783	1367	21	35	35.592239	ic
5	1	1	28	2	6	867	1372	69	31	47.208691	em
5	1	1	28	2	7	1028	1384	17	5	73.317261	=
5	1	1	28	2	8	1070	1386	19	8	56.285786	=
5	1	1	28	2	9	1108	1372	19	35	23.997841	8g
5	1	1	28	2	10	1304	1390	85	14	0.000000	S55
5	1	1	28	2	11	1426	1387	13	10	0.000000	096
5	1	1	28	2	12	1492	1379	19	35	25.068298	ct
5	1	1	28	2	13	1668	1392	71	23	42.487789	dhe
5	1	1	28	2	14	1771	1394	37	11	63.460621	89
5	1	1	28	2	15	1870	1391	12	31	15.156830	3
5	1	1	28	2	16	1945	1397	17	17	73.631927	8
5	1	1	28	2	17	2020	1401	17	14	62.208481	=
5	1	1	28	2	18	2095	1401	37	13	57.366959	86
5	1	1	28	2	19	2268	1405	90	20	2.014618	eae
5	1	1	28	2	20	2441	1408	59	14	0.000000	EN
4	1	1	28	3	0	402	1379	2098	66	-1	
5	1	1	28	3	1	402	1379	41	20	33.199181	gz
5	1	1	28	3	2	551	1385	12	10	68.604729	8
5	1	1	28	3	3	688	1383	62	17	44.227425	BB
5	1	1	28	3	4	1003	1381	42	35	0.000000	fo
5	1	1	28	3	5	1073	1392	82	25	6.603775	ef
5	1	1	28	3	6	1225	1395	19	23	57.378067	6
5	1	1	28	3	7	1352	1402	93	15	0.000000	geg>
5	1	1	28	3	8	1476	1401	16	14	38.461693	55
5	1	1	28	3	9	1549	1412	12	9	49.054214	0
5	1	1	28	3	10	1623	1406	116	16	0.000000	eypthe
5	1	1	28	3	11	1771	1404	37	20	73.828735	28
5	1	1	28	3	12	1945	1415	16	13	0.000000	z
5	1	1	28	3	13	2095	1411	136	24	5.171623	gages
5	1	1	28	3	14	2268	1417	11	8	6.221504	S78
5	1	1	28	3	15	2317	1413	183	32	0.000000	Sas8ue
5	1	1	28	3	16	2468	1407	34	44	19.565552	sg
4	1	1	28	4	0	401	1394	2099	67	-1	
5	1	1	28	4	1	401	1398	37	14	49.597973	$6
5	1	1	28	4	2	551	1394	46	23	34.941757	Ey
5	1	1	28	4	3	663	1398	39	22	39.548897	8a
5	1	1	28	4	4	733	1402	12	13	82.604073	¢
5	1	1	28	4	5	867	1404	18	12	24.097549	A
5	1	1	28	4	6	921	1408	11	10	34.216682	©
5	1	1	28	4	7	1024	1400	14	34	38.022491	io
5	1	1	28	4	8	1112	1401	16	32	39.461060	ro)
5	1	1	28	4	9	1303	1409	140	21	23.453171	ghaese
5	1	1	28	4	10	1476	1416	39	10	75.829964	og
5	1	1	28	4	11	1623	1418	110	20	0.000000	Te8eae®
5	1	1	28	4	12	1771	1418	36	24	9.136826	3
5	1	1	28	4	13	1870	1425	11	9	47.742390	®
5	1	1	28	4	14	1945	1429	11	10	15.293129	@
5	1	1	28	4	15	2020	1426	16	13	43.686211	o
5	1	1	28	4	16	2095	1424	135	25	18.258591	$®°S35..2
5	1	1	28	4	17	2268	1432	42	16	25.887512	smn
5	1	1	28	4	18	2343	1426	40	35	0.000000	oe
5	1	1	28	4	19	2391	1426	109	35	0.000000	egasaeg
4	1	1	28	5	0	402	1411	2104	57	-1	
5	1	1	28	5	1	402	1411	35	15	46.878220	ge
5	1	1	28	5	2	548	1418	45	13	3.379433	ee
5	1	1	28	5	3	662	1420	42	13	67.064049	of
5	1	1	28	5	4	734	1416	12	10	71.127335	&
5	1	1	28	5	5	867	1418	12	11	21.464073	@
5	1	1	28	5	6	1003	1424	11	18	95.032562	4
5	1	1	28	5	7	1068	1423	23	7	62.734295	—
5	1	1	28	5	8	1116	1422	36	12	44.584827	he
5	1	1	28	5	9	1225	1412	21	33	66.570114	th
5	1	1	28	5	10	1304	1424	134	22	22.414268	Oe
5	1	1	28	5	11	1475	1428	42	18	16.676857	as
5	1	1	28	5	12	1623	1435	109	16	11.901474	Soho
5	1	1	28	5	13	1771	1436	41	13	62.588802	BB,
5	1	1	28	5	14	1870	1437	17	19	32.113548	&
5	1	1	28	5	15	1945	1441	11	11	34.687965	$
5	1	1	28	5	16	2020	1441	11	10	51.823772	&
5	1	1	28	5	17	2119	1446	13	12	58.264130	°
5	1	1	28	5	18	2194	1447	36	11	10.923233	$8
5	1	1	28	5	19	2267	1438	61	24	48.702702	gad
5	1	1	28	5	20	2367	1448	11	8	0.000000	RE
5	1	1	28	5	21	2415	1448	91	20	0.000000	Orie
4	1	1	28	6	0	401	1424	2105	52	-1	
5	1	1	28	6	1	401	1424	37	12	17.858238	+o
5	1	1	28	6	2	545	1435	6	3	46.090809	i
5	1	1	28	6	3	663	1428	36	12	46.864426	£0
5	1	1	28	6	4	733	1428	13	8	76.164978	@
5	1	1	28	6	5	867	1430	72	13	78.168930	Bow
5	1	1	28	6	6	1027	1431	18	13	70.926025	n
5	1	1	28	6	7	1116	1435	36	13	56.384270	a8
5	1	1	28	6	8	1304	1439	60	17	22.407951	BaS
5	1	1	28	6	9	1476	1442	36	12	61.503929	go
5	1	1	28	6	10	1548	1439	12	17	54.209480	4
5	1	1	28	6	11	1623	1445	36	16	8.254013	¢¢
5	1	1	28	6	12	1721	1450	12	9	0.000000	Oo
5	1	1	28	6	13	1771	1450	36	11	13.845520	Gh
5	1	1	28	6	14	2091	1459	8	5	83.574829	~
5	1	1	28	6	15	2120	1453	42	16	62.585808	Ba
5	1	1	28	6	16	2214	1446	21	30	0.000000	eS
5	1	1	28	6	17	2292	1458	15	10	0.063522	o
5	1	1	28	6	18	2366	1455	61	21	0.000000	oR<
5	1	1	28	6	19	2497	1465	9	5	89.663757	3
3	1	1	29	0	0	397	1435	2110	205	-1	
4	1	1	29	1	0	426	1435	2068	48	-1	
5	1	1	29	1	1	426	1438	17	5	55.304642	&
5	1	1	29	1	2	582	1435	24	6	17.249832	_
5	1	1	29	1	3	867	1443	15	9	68.244118	3
5	1	1	29	1	4	1003	1444	36	13	0.000000	+P
5	1	1	29	1	5	1229	1443	17	21	73.035950	5
5	1	1	29	1	6	1377	1447	61	16	23.597473	oS
5	1	1	29	1	7	1475	1455	15	9	67.533752	&
5	1	1	29	1	8	1549	1458	16	5	63.702808	3.
5	1	1	29	1	9	1623	1455	11	10	84.794983	5
5	1	1	29	1	10	1696	1459	40	12	66.065147	o8
5	1	1	29	1	11	1771	1460	39	12	45.599510	<3
5	1	1	29	1	12	1870	1458	11	12	81.482376	8
5	1	1	29	1	13	2020	1463	11	13	58.465038	y
5	1	1	29	1	14	2170	1460	11	18	42.718998	3
5	1	1	29	1	15	2268	1461	11	18	63.064663	a
5	1	1	29	1	16	2415	1472	13	11	61.763176	o
5	1	1	29	1	17	2489	1475	5	5	53.825104	.
4	1	1	29	2	0	401	1441	2075	60	-1	
5	1	1	29	2	1	401	1445	36	17	11.749222	3s
5	1	1	29	2	2	545	1442	61	23	72.514961	Re
5	1	1	29	2	3	662	1441	36	22	45.037857	RF
5	1	1	29	2	4	733	1446	17	23	39.756859	eo
5	1	1	29	2	5	867	1454	12	10	63.410862	g
5	1	1	29	2	6	1003	1458	35	13	46.556240	88
5	1	1	29	2	7	1115	1448	36	26	61.053234	aq
5	1	1	29	2	8	1228	1465	16	9	56.592499	#
5	1	1	29	2	9	1303	1452	110	30	0.000000	Se8oe8,
5	1	1	29	2	10	1476	1465	36	14	88.464607	Fe
5	1	1	29	2	11	1549	1465	16	13	62.073708	E
5	1	1	29	2	12	1622	1458	116	32	18.075882	ggdes
5	1	1	29	2	13	1770	1471	37	20	62.522682	Se
5	1	1	29	2	14	1870	1472	16	18	68.331757	8
5	1	1	29	2	15	1939	1454	92	40	27.481117	Sg
5	1	1	29	2	16	2095	1459	135	41	3.535202	SREERe
5	1	1	29	2	17	2292	1474	37	25	33.616455	Sue
5	1	1	29	2	18	2362	1476	114	25	0.000000	yseee
4	1	1	29	3	0	401	1451	2075	62	-1	
5	1	1	29	3	1	401	1451	42	34	37.333813	Cae
5	1	1	29	3	2	551	1468	11	9	60.294064	5
5	1	1	29	3	3	662	1456	40	34	34.286720	Bc.
5	1	1	29	3	4	867	1465	12	13	63.739361	3
5	1	1	29	3	5	1002	1469	40	22	44.561039	af
5	1	1	29	3	6	1115	1460	36	38	68.563965	238
5	1	1	29	3	7	1228	1475	12	10	30.837349	®
5	1	1	29	3	8	1304	1473	134	26	0.000000	Boe
5	1	1	29	3	9	1407	1469	39	35	0.000000	ZR
5	1	1	29	3	10	1475	1478	42	12	0.000000	OF
5	1	1	29	3	11	1548	1488	17	12	0.000000	gf
5	1	1	29	3	12	1622	1484	110	20	0.000000	SseEes
5	1	1	29	3	13	1766	1482	41	22	0.000000	§3
5	1	1	29	3	14	1945	1496	16	6	9.073669	7
5	1	1	29	3	15	2020	1490	11	13	61.242928	5
5	1	1	29	3	16	2095	1488	66	20	29.768066	Bee?
5	1	1	29	3	17	2194	1491	41	22	36.268188	PS
5	1	1	29	3	18	2268	1489	66	24	60.278503	Boe
5	1	1	29	3	19	2366	1492	110	20	0.000000	Shsgs
4	1	1	29	4	0	397	1475	2110	65	-1	
5	1	1	29	4	1	397	1475	41	21	59.843185	gk
5	1	1	29	4	2	545	1479	59	19	56.385452	~e
5	1	1	29	4	3	662	1476	42	26	49.695568	4s
5	1	1	29	4	4	733	1479	16	27	78.928284	4
5	1	1	29	4	5	867	1480	12	21	71.555862	3
5	1	1	29	4	6	1027	1479	56	27	22.261482	e'
5	1	1	29	4	7	1120	1485	32	25	70.148529	TR
5	1	1	29	4	8	1228	1498	12	11	70.796692	g
5	1	1	29	4	9	1303	1489	134	24	0.000000	#88oe8
5	1	1	29	4	10	1476	1491	35	12	23.978928	(2
5	1	1	29	4	11	1548	1502	12	9	0.000000	¢
5	1	1	29	4	12	1623	1499	115	22	0.000000	SSTEE
5	1	1	29	4	13	1766	1497	46	22	38.881462	$8
5	1	1	29	4	14	1870	1503	16	18	49.465324	2
5	1	1	29	4	15	1944	1504	12	17	67.694046	F
5	1	1	29	4	16	2019	1503	12	20	39.562561	F
5	1	1	29	4	17	2095	1506	116	21	0.000000	ELSGER
5	1	1	29	4	18	2263	1509	41	13	68.934319	EE
5	1	1	29	4	19	2362	1510	65	23	0.000000	Bat
5	1	1	29	4	20	2440	1513	36	19	12.978592	Be
5	1	1	29	4	21	2489	1522	18	18	12.978592	O
4	1	1	29	5	0	401	1488	2099	72	-1	
5	1	1	29	5	1	401	1488	40	32	37.105507	En
5	1	1	29	5	2	550	1506	55	16	68.697678	am
5	1	1	29	5	3	662	1495	40	25	61.817226	48
5	1	1	29	5	4	742	1508	7	8	47.146355	7%
5	1	1	29	5	5	867	1510	17	21	69.057137	=
5	1	1	29	5	6	1003	1500	80	31	50.417675	Feo.
5	1	1	29	5	7	1115	1506	40	30	54.915447	38
5	1	1	29	5	8	1228	1510	17	23	49.514702	a
5	1	1	29	5	9	1303	1504	135	33	0.209846	S$noShS
5	1	1	29	5	10	1475	1504	36	29	63.778767	gs
5	1	1	29	5	11	1548	1513	12	26	50.334187	8
5	1	1	29	5	12	1622	1523	29	25	6.575317	gi
5	1	1	29	5	13	1696	1511	36	28	20.566826	ak
5	1	1	29	5	14	1770	1516	37	38	0.000000	e2@
5	1	1	29	5	15	1866	1523	15	23	53.367241	§
5	1	1	29	5	16	1944	1523	15	26	23.204071	|
5	1	1	29	5	17	2018	1524	13	35	2.342987	§
5	1	1	29	5	18	2094	1520	141	36	0.000000	REeBEN
5	1	1	29	5	19	2267	1524	67	32	0.000000	S2P
5	1	1	29	5	20	2366	1525	134	35	0.000000	SBoss
5	1	1	29	5	21	2486	1516	16	48	33.251320	S
4	1	1	29	6	0	397	1516	2107	64	-1	
5	1	1	29	6	1	397	1516	40	17	34.967125	3°
5	1	1	29	6	2	587	1516	12	22	40.456863	g
5	1	1	29	6	3	662	1520	36	23	45.844421	$8
5	1	1	29	6	4	727	1531	24	6	0.000000	<
5	1	1	29	6	5	867	1533	11	13	93.685234	5
5	1	1	29	6	6	1003	1527	86	17	3.813614	Bo
5	1	1	29	6	7	1139	1530	12	19	42.135742	8
5	1	1	29	6	8	1229	1535	16	5	61.797218	5
5	1	1	29	6	9	1303	1532	61	18	0.000000	PAS
5	1	1	29	6	10	1378	1528	60	34	0.000000	ygeS
5	1	1	29	6	11	1475	1534	36	15	69.600792	Boe
5	1	1	29	6	12	1548	1540	15	8	28.680054	s
5	1	1	29	6	13	1627	1549	3	8	0.000000	I
5	1	1	29	6	14	1675	1536	58	25	53.911827	Op
5	1	1	29	6	15	1783	1544	24	16	38.544914	2
5	1	1	29	6	16	1869	1555	15	10	41.359856	a
5	1	1	29	6	17	1945	1551	15	12	77.632095	>
5	1	1	29	6	18	2095	1557	16	6	0.000000	Ey
5	1	1	29	6	19	2145	1547	84	20	0.000000	BRos
5	1	1	29	6	20	2267	1551	67	24	33.792297	She
5	1	1	29	6	21	2365	1555	61	25	3.579948	SIs
5	1	1	29	6	22	2465	1561	39	12	3.579948	our
4	1	1	29	7	0	401	1530	2075	64	-1	
5	1	1	29	7	1	401	1530	36	15	73.023727	38
5	1	1	29	7	2	550	1532	49	26	32.427261	es
5	1	1	29	7	3	662	1531	36	27	36.356197	a3
5	1	1	29	7	4	732	1539	18	19	48.904148	3
5	1	1	29	7	5	1002	1540	25	11	67.272827	ot
5	1	1	29	7	6	1115	1546	12	8	92.586945	a
5	1	1	29	7	7	1228	1542	12	26	68.360641	3
5	1	1	29	7	8	1327	1547	111	23	0.000000	+Og58
5	1	1	29	7	9	1474	1548	42	20	58.671684	BF
5	1	1	29	7	10	1548	1550	12	10	47.274742	&
5	1	1	29	7	11	1622	1553	114	18	4.667999	geFokR
5	1	1	29	7	12	1770	1556	37	27	23.336113	Fg
5	1	1	29	7	13	1870	1566	11	12	69.810730	3
5	1	1	29	7	14	1944	1564	12	13	23.305908	B
5	1	1	29	7	15	2019	1561	15	19	0.000000	s
5	1	1	29	7	16	2094	1562	112	32	12.766197	2Ea8p
5	1	1	29	7	17	2219	1561	10	20	18.278160	8
5	1	1	29	7	18	2267	1564	65	21	81.284416	sak
5	1	1	29	7	19	2366	1572	16	13	75.177078	&
5	1	1	29	7	20	2439	1567	37	25	19.418243	3
4	1	1	29	8	0	400	1535	2106	71	-1	
5	1	1	29	8	1	400	1535	37	43	33.726768	Bes
5	1	1	29	8	2	551	1554	11	9	63.942738	5
5	1	1	29	8	3	662	1555	36	16	35.882454	we
5	1	1	29	8	4	733	1560	11	9	35.882454	OS
5	1	1	29	8	5	866	1547	17	26	54.638729	2
5	1	1	29	8	6	1003	1553	42	24	25.584061	Ae
5	1	1	29	8	7	1072	1558	17	18	64.279938	>
5	1	1	29	8	8	1115	1556	41	25	29.298187	$e
5	1	1	29	8	9	1229	1569	16	5	0.000000	P
5	1	1	29	8	10	1303	1564	138	24	13.432343	8Sgres
5	1	1	29	8	11	1474	1565	37	24	70.366684	25
5	1	1	29	8	12	1548	1569	12	9	89.768661	g
5	1	1	29	8	13	1622	1568	116	30	3.625069	goer
5	1	1	29	8	14	1808	1588	3	3	27.991096	ge
5	1	1	29	8	15	1944	1577	15	9	0.000000	<
5	1	1	29	8	16	2018	1581	12	13	32.025490	€
5	1	1	29	8	17	2094	1574	140	27	36.210136	83,952
5	1	1	29	8	18	2267	1585	61	18	55.904938	298
5	1	1	29	8	19	2365	1585	67	21	36.071007	Bay
5	1	1	29	8	20	2464	1584	42	21	0.000000	ese
4	1	1	29	9	0	401	1553	2099	67	-1	
5	1	1	29	9	1	401	1563	36	11	76.933693	26
5	1	1	29	9	2	587	1553	21	29	61.769028	2,
5	1	1	29	9	3	662	1572	36	9	26.890343	9
5	1	1	29	9	4	866	1569	12	19	70.054840	5
5	1	1	29	9	5	1002	1574	41	12	68.734070	am
5	1	1	29	9	6	1072	1578	17	5	76.455643	&
5	1	1	29	9	7	1115	1579	41	10	89.829185	BE
5	1	1	29	9	8	1228	1587	17	5	8.601532	_
5	1	1	29	9	9	1352	1581	84	16	0.000000	S€g55
5	1	1	29	9	10	1474	1585	37	16	23.411263	e8
5	1	1	29	9	11	1548	1580	12	11	61.468193	9
5	1	1	29	9	12	1622	1581	110	21	1.264999	BRad®
5	1	1	29	9	13	1770	1584	36	12	28.907738	&s
5	1	1	29	9	14	1870	1588	11	10	77.862305	Q
5	1	1	29	9	15	1945	1596	15	13	89.928467	N
5	1	1	29	9	16	2018	1596	13	10	0.000000	o
5	1	1	29	9	17	2144	1590	85	22	40.322552	QOBGo
5	1	1	29	9	18	2266	1596	67	19	28.689262	gwa
5	1	1	29	9	19	2365	1598	62	22	24.467346	a55
5	1	1	29	9	20	2441	1598	32	21	84.863449	25
5	1	1	29	9	21	2489	1607	11	12	0.000000	o
4	1	1	29	10	0	400	1564	2100	65	-1	
5	1	1	29	10	1	400	1574	36	21	42.933105	a3
5	1	1	29	10	2	550	1564	54	33	55.730648	gE
5	1	1	29	10	3	733	1578	16	26	94.108604	3
5	1	1	29	10	4	1002	1588	29	10	30.782005	or
5	1	1	29	10	5	1072	1584	12	9	0.000000	FF
5	1	1	29	10	6	1115	1591	39	13	27.171532	FF
5	1	1	29	10	7	1224	1575	16	37	0.000000	Fo
5	1	1	29	10	8	1303	1584	133	30	28.861984	gonad
5	1	1	29	10	9	1475	1597	11	13	59.988651	§
5	1	1	29	10	10	1548	1593	11	19	77.042755	3
5	1	1	29	10	11	1646	1594	86	18	51.545849	@8ss
5	1	1	29	10	12	1769	1594	37	19	1.349289	8
5	1	1	29	10	13	1870	1599	11	12	44.035267	3
5	1	1	29	10	14	2018	1607	16	9	41.155323	3
5	1	1	29	10	15	2094	1602	116	18	0.000000	aE08o
5	1	1	29	10	16	2288	1609	15	13	0.000000	¢
5	1	1	29	10	17	2391	1618	36	11	26.213173	BS
5	1	1	29	10	18	2439	1598	35	37	8.736191	S56
5	1	1	29	10	19	2489	1620	11	9	0.000000	e
4	1	1	29	11	0	400	1583	2100	57	-1	
5	1	1	29	11	1	400	1586	13	9	63.336132	o
5	1	1	29	11	2	579	1583	19	32	49.371712	“<
5	1	1	29	11	3	658	1585	43	31	25.949249	htt
5	1	1	29	11	4	867	1589	11	13	0.000000	?
5	1	1	29	11	5	1002	1599	36	10	61.946148	soe
5	1	1	29	11	6	1071	1594	13	12	20.985420	Oo
5	1	1	29	11	7	1115	1603	12	12	74.380249	§
5	1	1	29	11	8	1303	1604	60	15	0.995697	22
5	1	1	29	11	9	1425	1606	15	20	84.678436	9
5	1	1	29	11	10	1474	1603	37	16	24.194427	4&8
5	1	1	29	11	11	1548	1614	12	10	10.448112	8
5	1	1	29	11	12	1618	1604	114	27	0.000000	Zagne&
5	1	1	29	11	13	1770	1608	16	17	30.150116	&
5	1	1	29	11	14	1870	1613	11	12	0.000000	y
5	1	1	29	11	15	1940	1604	20	31	30.699219	"y
5	1	1	29	11	16	2019	1618	16	5	57.275944	>
5	1	1	29	11	17	2095	1617	39	10	50.228577	B+
5	1	1	29	11	18	2145	1608	14	31	59.885906	5
5	1	1	29	11	19	2168	1618	67	17	40.961552	Oy
5	1	1	29	11	20	2292	1622	42	12	89.202576	an
5	1	1	29	11	21	2365	1619	12	13	45.755581	<<
5	1	1	29	11	22	2439	1622	61	18	65.373123	pea
3	1	1	30	0	0	400	1589	2105	86	-1	
4	1	1	30	1	0	417	1589	2088	65	-1	
5	1	1	30	1	1	417	1589	24	31	3.526192	is]
5	1	1	30	1	2	551	1598	16	13	39.967232	a
5	1	1	30	1	3	662	1603	41	13	36.331619	SS
5	1	1	30	1	4	732	1605	12	13	89.583115	¢
5	1	1	30	1	5	867	1605	4	4	42.263546	‘
5	1	1	30	1	6	996	1611	49	8	50.093307	aS
5	1	1	30	1	7	1072	1617	17	5	33.393890	2.
5	1	1	30	1	8	1115	1606	41	21	62.107590	Be
5	1	1	30	1	9	1228	1615	11	20	70.304764	3
5	1	1	30	1	10	1303	1615	35	11	29.511482	BOS
5	1	1	30	1	11	1377	1615	10	9	46.403660	5
5	1	1	30	1	12	1439	1629	3	3	0.000000	.
5	1	1	30	1	13	1499	1615	15	19	0.000000	e
5	1	1	30	1	14	1622	1618	113	17	0.000000	s*kadt
5	1	1	30	1	15	1765	1615	41	23	0.000000	a3
5	1	1	30	1	16	1870	1626	11	9	83.986572	a
5	1	1	30	1	17	2018	1623	12	14	88.383331	<
5	1	1	30	1	18	2095	1628	16	14	0.000000	s
5	1	1	30	1	19	2144	1621	85	29	0.000000	Eee)
5	1	1	30	1	20	2292	1633	35	16	62.038773	ee
5	1	1	30	1	21	2366	1628	84	26	29.774414	S855
5	1	1	30	1	22	2468	1622	39	36	22.684212	wo.
4	1	1	30	2	0	400	1606	2079	57	-1	
5	1	1	30	2	1	400	1606	42	11	43.541847	8a
5	1	1	30	2	2	545	1611	16	14	78.875381	<
5	1	1	30	2	3	587	1610	12	9	74.360107	8
5	1	1	30	2	4	686	1618	12	9	58.691994	®
5	1	1	30	2	5	732	1620	12	10	60.331146	©
5	1	1	30	2	6	867	1609	19	34	35.973267	ad
5	1	1	30	2	7	1002	1621	11	15	82.853699	R
5	1	1	30	2	8	1072	1624	17	9	6.849655	m
5	1	1	30	2	9	1115	1620	36	19	45.432087	ge
5	1	1	30	2	10	1303	1625	90	15	30.648361	Foom
5	1	1	30	2	11	1425	1627	11	20	71.491936	F
5	1	1	30	2	12	1474	1630	12	11	4.224518	oO
5	1	1	30	2	13	1548	1633	12	13	24.389961	»
5	1	1	30	2	14	1622	1632	35	21	55.188412	eg
5	1	1	30	2	15	1671	1636	17	6	0.000000	&
5	1	1	30	2	16	1794	1636	13	10	34.970367	@
5	1	1	30	2	17	1866	1623	19	34	20.286667	Ea
5	1	1	30	2	18	1944	1636	17	12	78.307877	n
5	1	1	30	2	19	2018	1638	13	10	69.523521	3
5	1	1	30	2	20	2119	1636	42	19	61.881889	BES
5	1	1	30	2	21	2193	1643	35	14	62.133781	Se
5	1	1	30	2	22	2292	1644	36	14	66.986168	eS
5	1	1	30	2	23	2365	1644	114	19	47.208984	§radaa
4	1	1	30	3	0	400	1612	2104	63	-1	
5	1	1	30	3	1	400	1612	37	35	63.108871	Beg
5	1	1	30	3	2	587	1622	12	11	39.000694	°
5	1	1	30	3	3	653	1616	24	28	18.682701	os)
5	1	1	30	3	4	727	1632	23	7	17.575645	a
5	1	1	30	3	5	866	1620	20	28	41.722378	oe
5	1	1	30	3	6	996	1637	24	6	47.333824	x
5	1	1	30	3	7	1228	1636	12	12	25.800842	®
5	1	1	30	3	8	1303	1642	60	12	14.412903	tO
5	1	1	30	3	9	1475	1643	11	8	29.737823	a
5	1	1	30	3	10	1548	1646	11	9	67.054672	5
5	1	1	30	3	11	1622	1641	110	21	0.000000	SPasP8
5	1	1	30	3	12	1770	1648	41	12	61.497482	pa
5	1	1	30	3	13	1870	1647	11	9	78.319069	4
5	1	1	30	3	14	1944	1651	12	9	9.593567	@
5	1	1	30	3	15	2015	1643	20	28	23.960220	we
5	1	1	30	3	16	2095	1652	133	19	5.395020	Saeoes
5	1	1	30	3	17	2292	1656	39	19	67.620071	Bt
5	1	1	30	3	18	2366	1662	36	12	30.773590	Bo
5	1	1	30	3	19	2418	1655	58	16	0.000000	Aro
5	1	1	30	3	20	2489	1663	15	10	0.000000	y
3	1	1	31	0	0	550	1634	1954	53	-1	
4	1	1	31	1	0	550	1634	1954	53	-1	
5	1	1	31	1	1	550	1634	12	10	49.169739	2
5	1	1	31	1	2	587	1634	11	13	61.589188	5
5	1	1	31	1	3	661	1640	42	13	65.046844	Ba
5	1	1	31	1	4	729	1643	7	4	78.244324	>
5	1	1	31	1	5	1026	1639	61	17	9.582916	42
5	1	1	31	1	6	1116	1641	41	17	27.380951	2a
5	1	1	31	1	7	1220	1635	22	32	15.468384	cs)
5	1	1	31	1	8	1303	1640	85	34	36.979698	Seep
5	1	1	31	1	9	1425	1648	12	9	28.145973	eo
5	1	1	31	1	10	1475	1658	35	9	22.246407	fe
5	1	1	31	1	11	1622	1654	110	19	1.163254	SoOegESs
5	1	1	31	1	12	1769	1662	42	12	59.523697	Fe:
5	1	1	31	1	13	1869	1657	12	12	6.209778	€
5	1	1	31	1	14	1943	1662	16	8	69.624298	a
5	1	1	31	1	15	2019	1666	11	12	91.862312	5
5	1	1	31	1	16	2094	1659	36	22	64.806442	Ba
5	1	1	31	1	17	2146	1663	35	15	18.563965	eo
5	1	1	31	1	18	2217	1672	17	12	18.563965	Sa
5	1	1	31	1	19	2292	1669	36	15	57.618874	Be
5	1	1	31	1	20	2365	1671	13	12	39.609837	oP
5	1	1	31	1	21	2415	1669	89	18	35.131165	42.58
3	1	1	32	0	0	400	1639	2104	92	-1	
4	1	1	32	1	0	550	1639	1954	68	-1	
5	1	1	32	1	1	550	1646	12	11	47.765163	o
5	1	1	32	1	2	587	1648	12	9	55.275253	&.
5	1	1	32	1	3	687	1639	7	32	0.000000	i)
5	1	1	32	1	4	866	1650	12	17	87.667816	a
5	1	1	32	1	5	1002	1655	41	9	44.365158	ae
5	1	1	32	1	6	1072	1651	17	12	26.991714	Or
5	1	1	32	1	7	1107	1647	19	28	11.690376	OR
5	1	1	32	1	8	1224	1650	19	30	0.000000	oS
5	1	1	32	1	9	1303	1661	35	16	58.611317	BO
5	1	1	32	1	10	1475	1669	11	12	88.394043	5
5	1	1	32	1	11	1548	1670	17	6	30.279266	g.
5	1	1	32	1	12	1622	1667	110	17	14.608879	eao78
5	1	1	32	1	13	1770	1669	37	12	29.423317	2S
5	1	1	32	1	14	1869	1671	12	10	70.365105	8
5	1	1	32	1	15	2095	1678	83	15	0.000000	Foca
5	1	1	32	1	16	2194	1673	10	12	80.411484	2
5	1	1	32	1	17	2292	1681	35	20	64.877487	a3
5	1	1	32	1	18	2366	1683	138	24	16.814941	Bye?as
4	1	1	32	2	0	400	1650	2104	61	-1	
5	1	1	32	2	1	400	1650	40	23	72.411987	og
5	1	1	32	2	2	550	1658	11	13	0.000000	5
5	1	1	32	2	3	661	1655	88	22	0.000000	aks
5	1	1	32	2	4	867	1669	16	5	42.808552	5.
5	1	1	32	2	5	1002	1666	41	13	44.733879	oe
5	1	1	32	2	6	1072	1665	11	9	0.000000	@
5	1	1	32	2	7	1139	1673	17	13	72.162277	a
5	1	1	32	2	8	1228	1679	11	10	35.775024	3
5	1	1	32	2	9	1303	1673	59	20	25.036530	$e
5	1	1	32	2	10	1376	1675	16	6	23.703354	e
5	1	1	32	2	11	1425	1667	61	25	41.273911	5B
5	1	1	32	2	12	1548	1677	15	9	6.043442	o
5	1	1	32	2	13	1622	1676	60	21	25.060669	Ope
5	1	1	32	2	14	1700	1683	35	15	49.509552	ea
5	1	1	32	2	15	1770	1682	40	10	58.948437	me
5	1	1	32	2	16	1869	1682	15	9	31.670311	o
5	1	1	32	2	17	1944	1680	16	17	67.990768	4
5	1	1	32	2	18	2014	1676	20	28	62.911972	ct
5	1	1	32	2	19	2090	1678	16	30	66.113693	3}
5	1	1	32	2	20	2168	1694	13	11	74.006607	6
5	1	1	32	2	21	2195	1687	39	13	53.988304	ay
5	1	1	32	2	22	2391	1694	35	13	17.713081	gs
5	1	1	32	2	23	2488	1700	16	11	20.803772	4
4	1	1	32	3	0	400	1664	2068	67	-1	
5	1	1	32	3	1	400	1669	12	11	54.126740	4
5	1	1	32	3	2	549	1673	17	14	82.197647	a
5	1	1	32	3	3	586	1675	16	9	0.000000	&
5	1	1	32	3	4	661	1675	41	17	28.946922	Be
5	1	1	32	3	5	867	1664	20	32	30.788322	=}
5	1	1	32	3	6	993	1667	24	32	5.262863	Ee]
5	1	1	32	3	7	1072	1685	16	5	53.382187	=
5	1	1	32	3	8	1115	1679	36	18	38.271748	we
5	1	1	32	3	9	1228	1690	16	13	41.000557	2
5	1	1	32	3	10	1326	1682	62	20	50.128994	22.9
5	1	1	32	3	11	1474	1690	40	15	88.344040	8a
5	1	1	32	3	12	1547	1688	12	22	34.580612	3
5	1	1	32	3	13	1622	1697	11	11	72.000473	o
5	1	1	32	3	14	1653	1688	30	20	70.343140	BE
5	1	1	32	3	15	1769	1693	37	17	50.123451	of
5	1	1	32	3	16	1865	1684	20	34	46.690742	Pad
5	1	1	32	3	17	1944	1699	16	13	87.666100	>
5	1	1	32	3	18	2019	1700	16	13	54.365776	>
5	1	1	32	3	19	2093	1689	135	34	0.000000	&95°.25
5	1	1	32	3	20	2292	1703	41	20	6.632004	u%
5	1	1	32	3	21	2371	1706	97	25	0.000000	|38p°
3	1	1	33	0	0	395	1683	2110	160	-1	
4	1	1	33	1	0	425	1683	2075	54	-1	
5	1	1	33	1	1	425	1683	16	13	79.877785	o
5	1	1	33	1	2	549	1683	13	15	49.787022	2
5	1	1	33	1	3	586	1686	12	10	53.062798	¢
5	1	1	33	1	4	741	1686	8	9	32.242729	3
5	1	1	33	1	5	1002	1690	40	12	19.442642	ho
5	1	1	33	1	6	1072	1692	11	12	0.000000	gf
5	1	1	33	1	7	1115	1697	41	7	26.279762	Te
5	1	1	33	1	8	1298	1696	89	19	49.504791	wees
5	1	1	33	1	9	1425	1690	12	24	89.284981	§
5	1	1	33	1	10	1475	1700	35	20	21.033195	ec
5	1	1	33	1	11	1622	1703	36	19	0.000000	GE?
5	1	1	33	1	12	1695	1703	37	15	0.000000	aQ
5	1	1	33	1	13	1770	1710	37	11	43.464909	Ao
5	1	1	33	1	14	1870	1715	11	13	0.000000	§
5	1	1	33	1	15	1943	1712	12	10	54.654732	&
5	1	1	33	1	16	2018	1714	12	12	62.901691	®
5	1	1	33	1	17	2119	1710	110	20	16.713676	ree)
5	1	1	33	1	18	2390	1719	36	14	31.171715	eX
5	1	1	33	1	19	2442	1719	58	18	31.171715	hus
4	1	1	33	2	0	395	1688	2059	56	-1	
5	1	1	33	2	1	395	1691	16	12	80.946762	a
5	1	1	33	2	2	425	1697	11	11	54.861568	§
5	1	1	33	2	3	549	1698	49	13	43.375404	4§
5	1	1	33	2	4	661	1688	37	29	39.328400	fan
5	1	1	33	2	5	862	1692	24	28	25.019333	fas
5	1	1	33	2	6	1001	1702	37	11	0.000000	2Qo
5	1	1	33	2	7	1071	1705	15	9	2.787201	os
5	1	1	33	2	8	1228	1714	11	12	34.150612	°
5	1	1	33	2	9	1303	1711	35	9	5.928650	Meo
5	1	1	33	2	10	1352	1701	16	29	64.315208	ct
5	1	1	33	2	11	1425	1717	11	12	95.325974	5
5	1	1	33	2	12	1494	1714	16	12	13.085670	og
5	1	1	33	2	13	1544	1710	14	23	54.389664	od
5	1	1	33	2	14	1617	1715	121	16	18.539742	Zaeom
5	1	1	33	2	15	1790	1711	16	28	22.352875	rs
5	1	1	33	2	16	1939	1714	16	28	0.000000	r;)
5	1	1	33	2	17	2014	1716	19	28	12.607384	iS
5	1	1	33	2	18	2094	1721	66	16	40.812492	cas
5	1	1	33	2	19	2217	1727	12	11	54.727966	°
5	1	1	33	2	20	2391	1733	16	9	49.148468	Th
4	1	1	33	3	0	400	1701	2105	60	-1	
5	1	1	33	3	1	400	1703	12	11	53.671410	@
5	1	1	33	3	2	549	1710	12	10	30.705124	o
5	1	1	33	3	3	586	1710	15	9	82.450317	&
5	1	1	33	3	4	662	1708	16	6	71.608017	5
5	1	1	33	3	5	726	1701	28	29	37.602253	ond
5	1	1	33	3	6	866	1704	21	29	34.380119	ee
5	1	1	33	3	7	1001	1713	37	15	80.092880	25
5	1	1	33	3	8	1071	1716	12	9	39.851318	o
5	1	1	33	3	9	1139	1715	11	13	78.543320	5
5	1	1	33	3	10	1303	1717	34	17	36.121895	Ls
5	1	1	33	3	11	1352	1722	36	12	8.656616	Eo
5	1	1	33	3	12	1474	1721	41	16	47.967346	2.
5	1	1	33	3	13	1671	1729	11	13	46.567745	xO
5	1	1	33	3	14	1720	1732	15	9	38.312523	se
5	1	1	33	3	15	1769	1728	12	11	53.812347	8
5	1	1	33	3	16	1870	1738	15	6	18.730362	a
5	1	1	33	3	17	2093	1733	135	20	0.000000	Ooaeaygs
5	1	1	33	3	18	2312	1732	15	29	28.631714	gS
5	1	1	33	3	19	2414	1742	37	13	74.699867	Pog
5	1	1	33	3	20	2489	1739	16	19	36.294266	&
4	1	1	33	4	0	399	1715	2106	81	-1	
5	1	1	33	4	1	399	1715	37	25	43.993080	Bg
5	1	1	33	4	2	549	1722	41	22	42.364159	g”
5	1	1	33	4	3	661	1715	40	33	17.771385	Fs
5	1	1	33	4	4	731	1717	18	31	50.261227	8
5	1	1	33	4	5	866	1724	12	21	6.505928	A
5	1	1	33	4	6	1001	1724	82	26	37.207027	ce
5	1	1	33	4	7	1139	1729	11	33	0.000000	G
5	1	1	33	4	8	1228	1727	14	35	73.541481	8
5	1	1	33	4	9	1302	1730	86	29	51.336330	gece
5	1	1	33	4	10	1419	1731	92	28	21.335999	Sg
5	1	1	33	4	11	1547	1742	12	22	47.541191	2
5	1	1	33	4	12	1621	1733	116	42	0.000000	Gsisd
5	1	1	33	4	13	1769	1735	37	34	32.149796	G2
5	1	1	33	4	14	1869	1745	12	24	0.000000	€
5	1	1	33	4	15	1939	1737	16	22	88.100166	2
5	1	1	33	4	16	2018	1747	17	31	63.580154	35
5	1	1	33	4	17	2093	1738	141	46	0.000000	S8oeeg
5	1	1	33	4	18	2291	1725	41	56	0.000000	f8
5	1	1	33	4	19	2365	1740	37	46	0.000000	eS
5	1	1	33	4	20	2414	1746	91	50	0.000000	acie
4	1	1	33	5	0	400	1741	2100	57	-1	
5	1	1	33	5	1	400	1741	36	20	72.454590	33
5	1	1	33	5	2	550	1747	3	3	5.289757	.
5	1	1	33	5	3	661	1748	37	12	69.800621	so
5	1	1	33	5	4	1001	1747	37	19	74.502068	go
5	1	1	33	5	5	1071	1751	11	9	67.796967	4
5	1	1	33	5	6	1302	1754	88	21	57.223545	Sows
5	1	1	33	5	7	1474	1759	41	13	55.899460	cm
5	1	1	33	5	8	1547	1767	17	12	80.386765	&
5	1	1	33	5	9	1621	1761	36	18	52.287163	BG
5	1	1	33	5	10	1790	1771	16	13	58.852188	2
5	1	1	33	5	11	1865	1760	16	30	0.000000	cS)
5	1	1	33	5	12	1943	1768	12	8	76.391945	@
5	1	1	33	5	13	2094	1775	65	13	49.932251	reg
5	1	1	33	5	14	2217	1771	15	18	92.721642	a
5	1	1	33	5	15	2300	1776	8	9	29.230667	3
5	1	1	33	5	16	2365	1785	12	8	27.388916	8
5	1	1	33	5	17	2488	1786	12	12	50.220551	2
4	1	1	33	6	0	399	1751	2104	57	-1	
5	1	1	33	6	1	399	1751	13	13	43.622948	2
5	1	1	33	6	2	661	1754	36	21	48.846855	aS
5	1	1	33	6	3	732	1758	17	14	64.520805	oy
5	1	1	33	6	4	865	1757	13	9	20.124672	g
5	1	1	33	6	5	1139	1764	16	12	14.133896	o
5	1	1	33	6	6	1227	1774	12	11	0.000000	»
5	1	1	33	6	7	1303	1768	84	16	35.299255	Boae
5	1	1	33	6	8	1425	1771	11	12	1.908501	~©
5	1	1	33	6	9	1474	1771	36	15	78.315971	BS
5	1	1	33	6	10	1547	1780	12	9	80.883530	F
5	1	1	33	6	11	1618	1777	114	13	0.000000	~Eegge
5	1	1	33	6	12	1769	1774	36	23	19.772606	oe
5	1	1	33	6	13	1870	1784	10	12	52.229797	5
5	1	1	33	6	14	1943	1772	14	30	27.888535	oI
5	1	1	33	6	15	2017	1779	13	10	89.016754	g
5	1	1	33	6	16	2094	1782	134	20	0.000000	FaSe<s
5	1	1	33	6	17	2292	1782	41	17	48.792149	~O
5	1	1	33	6	18	2365	1788	138	20	9.910896	Bo08H8
4	1	1	33	7	0	399	1763	2055	56	-1	
5	1	1	33	7	1	399	1763	37	13	0.000000	L5
5	1	1	33	7	2	731	1772	13	12	0.000000	S
5	1	1	33	7	3	865	1768	13	11	43.606621	9
5	1	1	33	7	4	1001	1772	37	13	54.662979	a?
5	1	1	33	7	5	1067	1777	21	11	23.039787	uw
5	1	1	33	7	6	1139	1778	12	10	65.873581	8
5	1	1	33	7	7	1315	1776	72	23	0.000000	38
5	1	1	33	7	8	1473	1783	16	9	0.000000	=
5	1	1	33	7	9	1547	1790	12	10	72.139587	3
5	1	1	33	7	10	1646	1784	91	17	1.238663	SRaS
5	1	1	33	7	11	1769	1788	17	15	0.000000	FF
5	1	1	33	7	12	1869	1797	12	9	50.086857	B
5	1	1	33	7	13	1939	1792	16	13	47.374290	3
5	1	1	33	7	14	2018	1790	12	11	78.444122	g
5	1	1	33	7	15	2093	1799	29	10	68.343346	@°
5	1	1	33	7	16	2144	1792	84	23	34.703972	Baas
5	1	1	33	7	17	2316	1802	11	12	91.271919	5
5	1	1	33	7	18	2414	1800	40	19	37.641380	of
4	1	1	33	8	0	399	1773	2101	63	-1	
5	1	1	33	8	1	399	1773	37	16	46.944374	ee
5	1	1	33	8	2	660	1775	38	14	0.000000	°3
5	1	1	33	8	3	732	1785	16	5	0.000000	&
5	1	1	33	8	4	866	1781	11	12	76.433952	5
5	1	1	33	8	5	997	1776	21	32	62.538151	Pa
5	1	1	33	8	6	1135	1779	15	32	33.084824	bt
5	1	1	33	8	7	1303	1791	11	5	57.352314	3
5	1	1	33	8	8	1425	1792	14	9	0.000000	#
5	1	1	33	8	9	1470	1794	41	14	62.948608	~o
5	1	1	33	8	10	1547	1801	15	9	0.000000	&
5	1	1	33	8	11	1621	1791	111	22	5.524261	25eagb
5	1	1	33	8	12	1769	1799	37	15	50.884663	82
5	1	1	33	8	13	1870	1807	15	6	72.552391	2.
5	1	1	33	8	14	1939	1807	16	13	34.631302	3
5	1	1	33	8	15	2018	1803	11	9	84.756325	a
5	1	1	33	8	16	2093	1811	12	9	7.304016	®
5	1	1	33	8	17	2143	1806	40	17	49.042824	oe
5	1	1	33	8	18	2291	1807	12	11	12.843765	S
5	1	1	33	8	19	2365	1802	86	34	0.000000	tePQP
5	1	1	33	8	20	2465	1802	35	34	50.347370	ago
4	1	1	33	9	0	399	1785	2105	58	-1	
5	1	1	33	9	1	399	1785	40	14	76.194984	ge
5	1	1	33	9	2	685	1787	13	10	0.000000	@
5	1	1	33	9	3	731	1792	12	8	68.250374	&
5	1	1	33	9	4	865	1793	16	9	63.177330	a
5	1	1	33	9	5	1001	1794	41	16	49.704128	ao
5	1	1	33	9	6	1071	1806	17	9	22.405586	.
5	1	1	33	9	7	1139	1799	11	8	16.094742	@
5	1	1	33	9	8	1223	1797	16	13	43.186844	3
5	1	1	33	9	9	1303	1797	87	26	44.549934	Bega
5	1	1	33	9	10	1425	1803	16	12	82.963028	F
5	1	1	33	9	11	1473	1809	37	14	0.000000	»g
5	1	1	33	9	12	1621	1802	110	24	0.000000	aoe2h
5	1	1	33	9	13	1768	1810	37	19	61.998093	238
5	1	1	33	9	14	1869	1815	12	8	41.586281	eg
5	1	1	33	9	15	1943	1821	12	12	56.819420	3
5	1	1	33	9	16	2017	1813	13	10	74.393982	8
5	1	1	33	9	17	2143	1816	91	18	18.255081	eBe2
5	1	1	33	9	18	2292	1819	41	20	27.716347	Tn
5	1	1	33	9	19	2365	1825	36	18	43.368828	Bo
5	1	1	33	9	20	2415	1826	89	12	0.000000	fs°S
3	1	1	34	0	0	395	1792	2109	82	-1	
4	1	1	34	1	0	424	1792	2080	63	-1	
5	1	1	34	1	1	424	1792	16	33	47.635155	®.
5	1	1	34	1	2	660	1800	38	21	71.264458	8p
5	1	1	34	1	3	726	1802	23	18	45.050125	2
5	1	1	34	1	4	861	1800	21	33	10.314072	ge.
5	1	1	34	1	5	1025	1811	13	12	18.037865	8
5	1	1	34	1	6	1071	1815	12	11	69.037933	8
5	1	1	34	1	7	1139	1818	11	11	70.896645	°
5	1	1	34	1	8	1227	1812	12	11	78.609161	8
5	1	1	34	1	9	1302	1812	90	21	0.000000	S2Es
5	1	1	34	1	10	1425	1818	11	9	50.619720	2
5	1	1	34	1	11	1473	1821	40	10	78.283699	BR
5	1	1	34	1	12	1547	1819	12	11	78.827309	o
5	1	1	34	1	13	1622	1820	109	24	19.806557	SQoe3
5	1	1	34	1	14	1768	1824	38	15	40.681416	&9
5	1	1	34	1	15	1868	1824	16	9	61.152092	3
5	1	1	34	1	16	2018	1825	11	19	95.519211	3
5	1	1	34	1	17	2094	1830	11	19	54.809006	5B
5	1	1	34	1	18	2143	1828	85	22	0.000000	@ESe
5	1	1	34	1	19	2300	1840	27	11	55.939957	sO
5	1	1	34	1	20	2365	1841	36	14	27.766998	Ee
5	1	1	34	1	21	2417	1829	11	33	52.029518	7
5	1	1	34	1	22	2439	1840	65	14	31.312553	Bp
4	1	1	34	2	0	399	1809	2105	58	-1	
5	1	1	34	2	1	399	1809	42	17	59.497086	So
5	1	1	34	2	2	660	1812	13	11	36.782967	°
5	1	1	34	2	3	728	1824	8	4	94.299332	>
5	1	1	34	2	4	1001	1821	37	15	63.709373	Bo
5	1	1	34	2	5	1071	1827	17	6	45.763786	=
5	1	1	34	2	6	1139	1830	17	10	29.133575	a
5	1	1	34	2	7	1227	1824	16	16	55.531075	2,
5	1	1	34	2	8	1303	1826	84	20	14.357033	a¢°s5
5	1	1	34	2	9	1425	1829	11	11	74.257767	9
5	1	1	34	2	10	1498	1833	12	11	29.864731	o
5	1	1	34	2	11	1622	1835	41	12	0.000000	Bm
5	1	1	34	2	12	1695	1838	11	12	0.000000	Ss
5	1	1	34	2	13	1769	1836	37	13	29.606216	es
5	1	1	34	2	14	1869	1835	12	10	45.563526	2
5	1	1	34	2	15	1943	1835	15	17	46.702782	a
5	1	1	34	2	16	2169	1843	59	14	5.544426	2a
5	1	1	34	2	17	2364	1849	68	18	0.000000	hy
5	1	1	34	2	18	2442	1852	62	15	0.000000	sae
4	1	1	34	3	0	395	1821	2109	54	-1	
5	1	1	34	3	1	395	1821	46	13	53.453972	<=
5	1	1	34	3	2	661	1822	36	19	41.147736	a3
5	1	1	34	3	3	866	1824	11	13	30.911285	a
5	1	1	34	3	4	1001	1831	41	12	69.713882	Se
5	1	1	34	3	5	1071	1835	17	14	80.205399	&
5	1	1	34	3	6	1227	1841	15	9	61.096405	=
5	1	1	34	3	7	1326	1836	64	18	0.000000	§$e8
5	1	1	34	3	8	1425	1841	11	9	72.841057	3%
5	1	1	34	3	9	1473	1839	11	18	13.179688	#
5	1	1	34	3	10	1547	1835	20	31	37.443016	as
5	1	1	34	3	11	1621	1840	111	20	0.000000	ByPPa
5	1	1	34	3	12	1769	1846	37	10	79.454689	Bo
5	1	1	34	3	13	1869	1846	11	13	76.924828	2
5	1	1	34	3	14	1943	1854	12	8	66.580231	a
5	1	1	34	3	15	2018	1843	20	32	0.000000	vy
5	1	1	34	3	16	2093	1851	17	18	70.802391	&
5	1	1	34	3	17	2143	1850	90	20	33.711845	859.2.
5	1	1	34	3	18	2291	1852	36	21	50.768326	OB
5	1	1	34	3	19	2365	1864	40	9	0.000000	LEN
5	1	1	34	3	20	2442	1859	8	12	0.000000	a
5	1	1	34	3	21	2463	1866	41	8	5.665215	ge
3	1	1	35	0	0	399	1818	2101	67	-1	
4	1	1	35	1	0	420	1818	2080	66	-1	
5	1	1	35	1	1	420	1818	16	30	0.000000	eS
5	1	1	35	1	2	656	1823	20	29	21.203827	is
5	1	1	35	1	3	740	1840	8	10	0.000000	e
5	1	1	35	1	4	865	1846	15	9	59.401913	+
5	1	1	35	1	5	1001	1842	15	8	77.186905	+
5	1	1	35	1	6	1026	1844	11	10	20.694824	&
5	1	1	35	1	7	1134	1835	20	29	15.872940	ct
5	1	1	35	1	8	1228	1851	15	6	41.626850	A
5	1	1	35	1	9	1303	1843	58	24	62.757603	Bos
5	1	1	35	1	10	1424	1851	12	10	0.074493	®
5	1	1	35	1	11	1473	1857	12	10	86.226135	3
5	1	1	35	1	12	1543	1844	21	31	33.996269	ca
5	1	1	35	1	13	1646	1852	64	17	86.545639	Noe
5	1	1	35	1	14	1768	1857	38	17	90.454750	So
5	1	1	35	1	15	1864	1851	20	29	26.364624	is)
5	1	1	35	1	16	2027	1868	7	4	40.829506	~
5	1	1	35	1	17	2144	1863	84	21	0.000000	asses
5	1	1	35	1	18	2292	1871	35	13	19.116402	So
5	1	1	35	1	19	2365	1868	135	16	51.844635	fo
5	1	1	35	1	20	2423	1864	25	29	55.807041	or
5	1	1	35	1	21	2464	1868	36	16	29.065079	oof
4	1	1	35	2	0	395	1835	1809	56	-1	
5	1	1	35	2	1	395	1835	19	26	61.720875	ct
5	1	1	35	2	2	660	1843	37	14	13.324623	eo
5	1	1	35	2	3	775	1841	27	26	74.392494	=>
5	1	1	35	2	4	909	1844	31	26	35.085571	Land
5	1	1	35	2	5	1021	1846	17	26	26.373734	ry
5	1	1	35	2	6	1139	1858	16	11	60.405159	>
5	1	1	35	2	7	1227	1858	11	13	54.259041	<
5	1	1	35	2	8	1325	1861	67	10	25.205315	a0.
5	1	1	35	2	9	1470	1854	20	26	43.020702	9,
5	1	1	35	2	10	1666	1857	20	26	45.733051	fo}
5	1	1	35	2	11	1943	1872	12	12	40.886406	»
5	1	1	35	2	12	2017	1875	13	8	50.744522	w
5	1	1	35	2	13	2094	1865	14	26	64.575043	=)
5	1	1	35	2	14	2143	1872	61	12	0.000000	5a
4	1	1	35	3	0	399	1851	1412	34	-1	
5	1	1	35	3	1	399	1854	41	25	36.553101	rg
5	1	1	35	3	2	660	1855	37	26	44.088409	he
5	1	1	35	3	3	731	1851	17	27	50.184818	@
5	1	1	35	3	4	779	1860	23	19	73.127548	S
5	1	1	35	3	5	865	1857	17	24	80.430840	F
5	1	1	35	3	6	913	1860	23	19	41.514275	©
5	1	1	35	3	7	1000	1862	37	21	20.942162	eB
5	1	1	35	3	8	1071	1859	15	22	56.232738	s
5	1	1	35	3	9	1138	1871	12	10	88.635071	F
5	1	1	35	3	10	1227	1871	12	10	31.081223	SF
5	1	1	35	3	11	1302	1863	85	19	39.879414	Sax
5	1	1	35	3	12	1425	1863	11	19	28.061417	8
5	1	1	35	3	13	1474	1857	36	24	55.569122	LE
5	1	1	35	3	14	1547	1872	11	10	84.246414	F
5	1	1	35	3	15	1621	1863	116	22	39.454746	eSasea
5	1	1	35	3	16	1769	1870	42	15	26.329910	Se
