level	page_num	block_num	par_num	line_num	word_num	left	top	width	height	conf	text
1	1	0	0	0	0	0	0	2550	1970	-1	
2	1	1	0	0	0	6	2	2543	1854	-1	
3	1	1	1	0	0	6	2	2543	1843	-1	
4	1	1	1	1	0	2383	73	155	25	-1	
5	1	1	1	1	1	2383	73	42	15	17.761642	en
5	1	1	1	1	2	2496	75	16	16	33.948700	0
5	1	1	1	1	3	2523	71	15	31	0.000000	&.
4	1	1	1	2	0	2210	69	323	44	-1	
5	1	1	1	2	1	2210	69	95	19	0.000000	wevy
5	1	1	1	2	2	2383	84	42	20	41.688999	oR
5	1	1	1	2	3	2494	92	39	21	14.409622	2a
4	1	1	1	3	0	2237	83	12	13	-1	
5	1	1	1	3	1	2237	83	12	13	68.788223	5
4	1	1	1	4	0	1608	57	924	85	-1	
5	1	1	1	4	1	1608	57	16	17	59.373188	:
5	1	1	1	4	2	1800	61	166	42	25.146576	sik,
5	1	1	1	4	3	2038	65	44	43	15.832405	AF
5	1	1	1	4	4	2210	85	95	34	30.722420	GHP
5	1	1	1	4	5	2382	97	69	45	16.283554	On
4	1	1	1	5	0	1499	52	899	92	-1	
5	1	1	1	5	1	1499	52	21	21	23.165390	iw
5	1	1	1	5	2	2381	123	17	21	37.520042	an
4	1	1	1	6	0	1222	50	1313	117	-1	
5	1	1	1	6	1	1222	50	17	6	15.029327	~
5	1	1	1	6	2	1503	64	11	13	91.607529	5
5	1	1	1	6	3	1607	76	16	12	0.000000	z
5	1	1	1	6	4	1825	92	12	23	58.381786	5
5	1	1	1	6	5	1927	92	43	36	17.527176	pan
5	1	1	1	6	6	2034	101	22	34	34.994766	oh
5	1	1	1	6	7	2065	120	17	5	40.876419	me
5	1	1	1	6	8	2210	120	89	25	0.000000	aPrx
5	1	1	1	6	9	2381	132	64	24	38.722290	gia
5	1	1	1	6	10	2493	140	42	27	51.702919	gg
4	1	1	1	7	0	1141	49	1283	122	-1	
5	1	1	1	7	1	1141	49	21	16	0.000000	@
5	1	1	1	7	2	1221	50	44	18	12.103714	a4
5	1	1	1	7	3	1606	90	13	10	66.187393	4
5	1	1	1	7	4	1799	96	18	19	82.126465	Q
5	1	1	1	7	5	1877	105	16	13	94.058319	>
5	1	1	1	7	6	1928	126	16	6	15.689987	8,
5	1	1	1	7	7	1957	112	39	20	35.690269	Bt
5	1	1	1	7	8	2037	123	39	17	49.317711	#5
5	1	1	1	7	9	2209	134	90	24	0.000000	eece
5	1	1	1	7	10	2381	148	43	23	21.596672	ge
4	1	1	1	8	0	853	45	1678	156	-1	
5	1	1	1	8	1	853	45	66	19	35.761612	aot
5	1	1	1	8	2	990	46	16	18	94.449661	4
5	1	1	1	8	3	1067	48	43	29	51.337929	eo
5	1	1	1	8	4	1154	50	33	26	46.974174	<0
5	1	1	1	8	5	1221	67	44	22	39.690361	oy
5	1	1	1	8	6	1456	99	15	9	73.098160	»
5	1	1	1	8	7	1498	87	16	13	0.000000	%
5	1	1	1	8	8	1607	102	11	12	86.058632	5
5	1	1	1	8	9	1713	109	16	17	0.000000	u
5	1	1	1	8	10	1799	124	11	9	16.504585	%
5	1	1	1	8	11	1875	111	44	31	15.850708	ges
5	1	1	1	8	12	1978	123	12	24	0.000000	%
5	1	1	1	8	13	2037	136	42	17	63.327606	Bt
5	1	1	1	8	14	2105	148	69	13	52.649174	vce
5	1	1	1	8	15	2209	145	93	32	0.000000	esaeg
5	1	1	1	8	16	2336	153	10	10	68.500168	*
5	1	1	1	8	17	2381	160	17	13	0.000000	&
5	1	1	1	8	18	2429	153	22	48	31.803482	Ey
5	1	1	1	8	19	2493	166	38	23	44.263519	xe
4	1	1	1	9	0	6	2	2525	221	-1	
5	1	1	1	9	1	6	2	6	4	55.477531	=
5	1	1	1	9	2	527	40	93	23	29.424400	BUR
5	1	1	1	9	3	693	43	15	23	33.361206	9
5	1	1	1	9	4	774	44	43	36	9.719788	&3
5	1	1	1	9	5	852	55	69	36	3.024872	88
5	1	1	1	9	6	989	54	19	39	35.590134	Py
5	1	1	1	9	7	1063	66	40	36	22.708023	34
5	1	1	1	9	8	1139	72	48	28	43.974815	~%
5	1	1	1	9	9	1221	86	12	24	67.240685	g
5	1	1	1	9	10	1247	90	12	8	8.029060	&
5	1	1	1	9	11	1351	97	17	18	54.499950	»
5	1	1	1	9	12	1456	102	60	31	18.896179	"8
5	1	1	1	9	13	1606	124	17	18	66.506424	3
5	1	1	1	9	14	1712	128	11	25	45.496284	3
5	1	1	1	9	15	1799	135	15	20	31.636795	g
5	1	1	1	9	16	1875	133	115	37	0.000000	aetss
5	1	1	1	9	17	2037	151	44	20	7.844124	@f
5	1	1	1	9	18	2110	158	64	24	0.000000	BE
5	1	1	1	9	19	2159	147	17	39	0.000000	y
5	1	1	1	9	20	2210	169	62	27	44.256424	yea
5	1	1	1	9	21	2380	182	69	25	30.997574	ark
5	1	1	1	9	22	2493	190	38	33	64.765457	ag
4	1	1	1	10	0	397	38	2053	178	-1	
5	1	1	1	10	1	397	38	43	18	54.716232	an
5	1	1	1	10	2	526	48	12	8	82.146759	@
5	1	1	1	10	3	697	56	15	28	0.000000	I}
5	1	1	1	10	4	852	77	69	22	0.053528	£2
5	1	1	1	10	5	1062	91	16	13	77.427345	3
5	1	1	1	10	6	1170	101	11	15	91.915932	5
5	1	1	1	10	7	1221	108	38	12	0.000000	3a
5	1	1	1	10	8	1501	135	17	5	27.990685	a
5	1	1	1	10	9	1875	163	64	14	0.000000	@<o
5	1	1	1	10	10	2031	172	49	16	48.044849	ae
5	1	1	1	10	11	2127	170	26	31	0.000000	os
5	1	1	1	10	12	2208	184	95	20	38.238647	Page
5	1	1	1	10	13	2433	209	17	7	40.013355	A
4	1	1	1	11	0	397	57	2136	208	-1	
5	1	1	1	11	1	397	57	42	24	41.857285	Be
5	1	1	1	11	2	521	57	94	48	31.434860	Boge
5	1	1	1	11	3	696	78	43	31	47.956577	ay
5	1	1	1	11	4	774	80	37	28	29.239693	38
5	1	1	1	11	5	851	90	96	41	16.017578	FEES
5	1	1	1	11	6	988	96	43	30	46.679111	gh
5	1	1	1	11	7	1066	103	37	39	37.713188	a2
5	1	1	1	11	8	1139	106	48	29	70.048676	ok
5	1	1	1	11	9	1221	119	38	27	48.045547	#8
5	1	1	1	11	10	1321	133	47	27	45.029930	geo
5	1	1	1	11	11	1428	135	43	25	0.000000	g2
5	1	1	1	11	12	1500	143	13	24	57.913559	3
5	1	1	1	11	13	1605	143	18	37	22.503441	g
5	1	1	1	11	14	1712	155	16	27	34.653732	bo
5	1	1	1	11	15	1798	166	42	20	25.275345	gh
5	1	1	1	11	16	1874	174	120	37	0.000000	Baesh
5	1	1	1	11	17	2037	183	38	29	56.056923	FF
5	1	1	1	11	18	2110	183	37	38	61.342907	Pe
5	1	1	1	11	19	2208	198	95	35	35.759323	Beek
5	1	1	1	11	20	2333	208	18	31	93.963295	3
5	1	1	1	11	21	2380	212	64	35	4.463341	ees
5	1	1	1	11	22	2492	223	41	42	49.667736	28
4	1	1	1	12	0	396	71	2108	188	-1	
5	1	1	1	12	1	396	71	13	17	89.319878	5
5	1	1	1	12	2	526	85	11	13	81.166504	<
5	1	1	1	12	3	774	105	37	14	66.717148	5
5	1	1	1	12	4	903	118	38	11	77.156105	oo
5	1	1	1	12	5	989	124	36	18	41.462227	Bo
5	1	1	1	12	6	1070	138	3	8	10.293510	;
5	1	1	1	12	7	1153	136	34	9	44.148792	*S
5	1	1	1	12	8	1220	144	42	12	39.850204	FS
5	1	1	1	12	9	1350	160	15	10	60.955551	g
5	1	1	1	12	10	1429	160	37	18	64.671616	oa
5	1	1	1	12	11	1501	169	17	5	84.758156	=
5	1	1	1	12	12	1605	182	11	9	65.285545	g
5	1	1	1	12	13	1797	189	43	17	0.000000	Se
5	1	1	1	12	14	1926	208	11	9	30.743217	5
5	1	1	1	12	15	2036	210	17	13	83.991196	a
5	1	1	1	12	16	2109	213	12	10	46.087933	2
5	1	1	1	12	17	2234	229	69	19	54.245037	Set
5	1	1	1	12	18	2333	240	12	11	62.895668	F
5	1	1	1	12	19	2380	241	38	13	41.691467	Ae
5	1	1	1	12	20	2493	247	11	12	81.382172	2
4	1	1	1	13	0	397	88	2133	187	-1	
5	1	1	1	13	1	397	89	39	19	21.637108	oo
5	1	1	1	13	2	525	88	43	26	57.567276	3s
5	1	1	1	13	3	603	101	11	20	75.130722	8
5	1	1	1	13	4	696	111	37	18	50.248802	Oe
5	1	1	1	13	5	774	118	36	15	53.603058	6
5	1	1	1	13	6	846	128	69	16	0.000000	aES
5	1	1	1	13	7	988	137	37	20	25.056824	$6
5	1	1	1	13	8	1138	145	42	16	61.551529	~9
5	1	1	1	13	9	1221	155	38	10	15.301933	2&5
5	1	1	1	13	10	1428	169	41	29	61.019344	ge
5	1	1	1	13	11	1500	176	13	12	75.801620	2
5	1	1	1	13	12	1605	192	12	10	76.962189	a
5	1	1	1	13	13	1711	185	21	30	0.000000	te
5	1	1	1	13	14	1797	200	42	14	22.926323	Sf
5	1	1	1	13	15	1925	208	69	22	14.487152	68a
5	1	1	1	13	16	2062	223	17	13	86.502602	a
5	1	1	1	13	17	2109	224	17	13	0.000000	@
5	1	1	1	13	18	2207	234	64	20	38.785866	9g
5	1	1	1	13	19	2333	253	11	8	0.000000	2
5	1	1	1	13	20	2380	251	63	21	0.000000	ES
5	1	1	1	13	21	2491	261	39	14	68.041260	ae
4	1	1	1	14	0	526	101	1995	183	-1	
5	1	1	1	14	1	526	101	62	35	50.379620	Bog?
5	1	1	1	14	2	648	123	17	16	71.401871	c
5	1	1	1	14	3	696	123	36	20	53.794472	#0
5	1	1	1	14	4	782	134	28	24	35.667130	SG
5	1	1	1	14	5	851	138	90	20	37.917892	Bese
5	1	1	1	14	6	989	148	10	10	32.632607	fs
5	1	1	1	14	7	1066	148	41	17	92.513786	Nw
5	1	1	1	14	8	1169	160	11	16	84.898972	5
5	1	1	1	14	9	1220	165	38	14	48.785027	of
5	1	1	1	14	10	1321	163	20	33	27.500175	ic
5	1	1	1	14	11	1497	189	15	15	23.086670	a
5	1	1	1	14	12	1797	213	42	18	31.998093	fe
5	1	1	1	14	13	1874	220	63	23	0.000000	geek
5	1	1	1	14	14	1976	238	17	6	0.000000	OQ
5	1	1	1	14	15	2036	233	43	11	72.146393	Fa
5	1	1	1	14	16	2134	240	44	11	60.040394	om
5	1	1	1	14	17	2208	246	10	13	69.992912	Q
5	1	1	1	14	18	2285	260	11	9	44.692795	2
5	1	1	1	14	19	2332	262	12	10	58.014091	¢
5	1	1	1	14	20	2379	263	70	21	40.163643	REO
5	1	1	1	14	21	2517	278	4	4	20.172318	$
4	1	1	1	15	0	395	110	2117	198	-1	
5	1	1	1	15	1	395	110	41	22	77.913521	28
5	1	1	1	15	2	580	132	3	8	6.791458	*
5	1	1	1	15	3	602	122	11	20	71.468918	3
5	1	1	1	15	4	695	138	37	17	43.274475	Bo
5	1	1	1	15	5	903	154	37	20	24.263290	eo
5	1	1	1	15	6	987	158	43	13	0.000000	gm
5	1	1	1	15	7	1137	174	24	7	0.000000	~
5	1	1	1	15	8	1220	178	38	13	52.720947	$8
5	1	1	1	15	9	1320	186	47	24	41.078457	Se
5	1	1	1	15	10	1428	197	38	10	56.073627	39
5	1	1	1	15	11	1605	204	11	19	71.611099	5
5	1	1	1	15	12	1710	224	15	10	30.127716	8
5	1	1	1	15	13	1797	232	37	11	48.002090	SE
5	1	1	1	15	14	1870	233	121	27	20.356567	Seep
5	1	1	1	15	15	1975	221	19	43	0.000000	eo
5	1	1	1	15	16	2036	244	90	28	43.445648	ERI
5	1	1	1	15	17	2160	258	18	13	82.559158	a
5	1	1	1	15	18	2212	255	84	25	47.262726	S283
5	1	1	1	15	19	2345	283	4	4	0.000000	.
5	1	1	1	15	20	2379	275	33	15	57.276443	ai
5	1	1	1	15	21	2488	273	24	35	21.479424	Ae)
4	1	1	1	16	0	395	117	2139	197	-1	
5	1	1	1	16	1	395	117	38	32	40.036808	Cay
5	1	1	1	16	2	524	132	90	24	14.331734	Tanb
5	1	1	1	16	3	695	153	43	15	71.757530	Sm
5	1	1	1	16	4	773	162	12	10	40.070499	&
5	1	1	1	16	5	851	162	38	17	63.118004	2°
5	1	1	1	16	6	983	170	47	22	68.781952	SM
5	1	1	1	16	7	1065	182	42	18	43.711365	6m
5	1	1	1	16	8	1169	187	16	12	23.875420	me
5	1	1	1	16	9	1220	193	38	10	57.121071	28
5	1	1	1	16	10	1320	188	16	32	16.077560	‘<
5	1	1	1	16	11	1453	209	12	11	72.821861	S
5	1	1	1	16	12	1500	213	15	10	44.339493	os
5	1	1	1	16	13	1796	244	12	10	75.387749	g
5	1	1	1	16	14	1899	247	89	20	0.000000	ge28
5	1	1	1	16	15	2035	257	39	20	44.400883	2
5	1	1	1	16	16	2132	264	40	22	32.372101	a?
5	1	1	1	16	17	2207	269	63	22	54.843540	we
5	1	1	1	16	18	2251	255	21	40	54.843540	B
5	1	1	1	16	19	2332	282	12	17	10.437073	aw
5	1	1	1	16	20	2378	286	70	23	30.133965	Fe
5	1	1	1	16	21	2491	296	43	18	42.230701	Ae
4	1	1	1	17	0	524	148	1893	159	-1	
5	1	1	1	17	1	524	148	13	11	7.143463	@
5	1	1	1	17	2	551	151	16	6	44.392738	a
5	1	1	1	17	3	721	163	5	6	0.000000	:
5	1	1	1	17	4	795	156	20	29	57.399830	rc
5	1	1	1	17	5	878	175	36	16	45.600143	a0
5	1	1	1	17	6	987	186	13	12	0.000000	o
5	1	1	1	17	7	1214	203	24	7	87.900871	2
5	1	1	1	17	8	1324	213	44	14	56.368073	53
5	1	1	1	17	9	1453	221	64	16	63.720543	5°
5	1	1	1	17	10	1601	222	19	29	8.931282	me
5	1	1	1	17	11	1818	251	16	14	21.827583	3S
5	1	1	1	17	12	1874	256	114	22	0.000000	eigig
5	1	1	1	17	13	2035	271	13	9	46.530079	a
5	1	1	1	17	14	2108	263	21	30	23.481979	ms
5	1	1	1	17	15	2207	285	63	18	0.000000	mEE
5	1	1	1	17	16	2284	281	12	21	73.302002	p
5	1	1	1	17	17	2404	297	13	10	45.661026	@
4	1	1	1	18	0	395	145	2134	182	-1	
5	1	1	1	18	1	395	145	38	20	48.264488	og
5	1	1	1	18	2	525	157	88	22	17.794907	Rega
5	1	1	1	18	3	696	169	11	10	41.734013	5
5	1	1	1	18	4	769	173	20	21	0.000000	¢
5	1	1	1	18	5	850	179	95	25	50.342827	Cree
5	1	1	1	18	6	987	193	42	15	50.449753	3B
5	1	1	1	18	7	1090	200	12	10	21.491989	&
5	1	1	1	18	8	1142	202	12	12	64.872902	9
5	1	1	1	18	9	1219	220	43	14	26.957260	oe
5	1	1	1	18	10	1323	227	16	9	42.429886	8
5	1	1	1	18	11	1452	236	13	8	22.271988	a
5	1	1	1	18	12	1500	239	11	10	64.312225	3
5	1	1	1	18	13	1613	247	8	4	34.351311	>
5	1	1	1	18	14	1706	252	20	16	44.790077	€
5	1	1	1	18	15	1822	266	12	11	73.343590	S
5	1	1	1	18	16	1873	265	119	20	35.455238	BARBS
5	1	1	1	18	17	2061	278	12	13	13.574791	£
5	1	1	1	18	18	2108	285	64	15	39.799324	ag
5	1	1	1	18	19	2232	298	64	18	38.066719	Seo
5	1	1	1	18	20	2332	309	11	13	64.674911	3
5	1	1	1	18	21	2378	305	64	22	19.840973	Sh
5	1	1	1	18	22	2491	313	38	14	34.142700	ef
4	1	1	1	19	0	391	150	2137	199	-1	
5	1	1	1	19	1	391	150	42	37	28.092880	Fart
5	1	1	1	19	2	524	167	69	22	52.946472	229°
5	1	1	1	19	3	650	183	8	18	56.369057	|
5	1	1	1	19	4	694	179	44	26	59.421688	g7
5	1	1	1	19	5	773	195	11	10	63.959045	3
5	1	1	1	19	6	850	194	89	32	13.094666	Sasy
5	1	1	1	19	7	987	209	37	16	60.673569	28
5	1	1	1	19	8	1065	210	41	17	54.928528	28
5	1	1	1	19	9	1143	214	41	20	46.323738	Po
5	1	1	1	19	10	1219	233	44	13	78.175354	ge
5	1	1	1	19	11	1324	238	41	19	37.475964	Ba
5	1	1	1	19	12	1452	245	15	10	0.000000	s
5	1	1	1	19	13	1604	254	12	8	0.000000	o
5	1	1	1	19	14	1719	271	9	8	3.144058	*
5	1	1	1	19	15	1796	265	37	24	60.098240	gs
5	1	1	1	19	16	1869	277	16	14	77.163956	3
5	1	1	1	19	17	1925	284	68	21	0.000000	Q2o0
5	1	1	1	19	18	2035	290	44	18	76.841385	SE
5	1	1	1	19	19	2108	299	63	16	18.370323	P28
5	1	1	1	19	20	2206	304	89	25	35.592964	ears
5	1	1	1	19	21	2331	323	13	12	60.637451	8
5	1	1	1	19	22	2374	318	68	20	32.095444	See
5	1	1	1	19	23	2490	323	38	26	35.129333	RZ
4	1	1	1	20	0	395	174	2133	182	-1	
5	1	1	1	20	1	395	174	41	25	27.816879	Be
5	1	1	1	20	2	524	179	94	32	0.000000	Feag
5	1	1	1	20	3	695	191	37	26	86.223732	Bg
5	1	1	1	20	4	772	203	43	18	57.939583	33
5	1	1	1	20	5	850	208	64	20	44.340965	FBS
5	1	1	1	20	6	987	221	41	12	36.224380	Pag
5	1	1	1	20	7	1089	232	12	13	61.649509	€
5	1	1	1	20	8	1142	236	42	13	14.789085	gF
5	1	1	1	20	9	1219	246	11	12	58.459442	sg
5	1	1	1	20	10	1323	244	38	24	43.863369	go
5	1	1	1	20	11	1452	256	11	22	36.875816	2
5	1	1	1	20	12	1495	258	16	24	60.865116	3
5	1	1	1	20	13	1600	260	20	31	27.624977	ny
5	1	1	1	20	14	1704	285	24	6	32.812965	~
5	1	1	1	20	15	1796	290	42	17	40.673691	gs
5	1	1	1	20	16	1873	289	114	29	18.589790	BPQRo
5	1	1	1	20	17	2035	302	37	20	55.225723	sa
5	1	1	1	20	18	2108	313	64	19	42.788765	B38
5	1	1	1	20	19	2207	320	37	15	54.162422	BS
5	1	1	1	20	20	2258	327	11	20	24.365936	3
5	1	1	1	20	21	2403	336	39	14	85.453407	ao
5	1	1	1	20	22	2516	346	12	10	32.802109	z
4	1	1	1	21	0	395	193	2132	181	-1	
5	1	1	1	21	1	395	193	17	6	18.566833	2
5	1	1	1	21	2	798	219	17	13	0.000000	S
5	1	1	1	21	3	850	226	90	17	6.067848	ggeo
5	1	1	1	21	4	987	233	36	13	78.324440	FF
5	1	1	1	21	5	1064	240	37	15	68.625458	oe
5	1	1	1	21	6	1142	233	38	37	54.059086	Pad
5	1	1	1	21	7	1323	258	12	13	95.578568	5
5	1	1	1	21	8	1604	288	16	6	0.000000	e
5	1	1	1	21	9	1709	293	12	12	68.997620	@
5	1	1	1	21	10	1821	301	17	18	37.733040	=
5	1	1	1	21	11	1898	311	89	17	0.000000	Bare
5	1	1	1	21	12	2129	328	45	21	54.272087	Sid
5	1	1	1	21	13	2206	332	93	18	28.828033	agin
5	1	1	1	21	14	2377	346	70	21	0.000000	ZB2R
5	1	1	1	21	15	2490	350	37	24	42.278591	92
4	1	1	1	22	0	549	207	1948	176	-1	
5	1	1	1	22	1	549	207	64	19	35.384064	Za
5	1	1	1	22	2	695	220	37	19	30.318253	YB
5	1	1	1	22	3	772	223	37	21	73.449585	88
5	1	1	1	22	4	850	235	90	19	0.000000	geo8
5	1	1	1	22	5	986	245	42	16	53.698151	3
5	1	1	1	22	6	1064	250	12	22	96.669083	3
5	1	1	1	22	7	1141	261	13	11	9.358765	®
5	1	1	1	22	8	1218	265	38	17	40.989456	92
5	1	1	1	22	9	1349	270	11	12	60.331604	3
5	1	1	1	22	10	1452	280	59	20	50.910515	868
5	1	1	1	22	11	1603	295	124	20	29.430870	ame
5	1	1	1	22	12	1796	315	41	12	80.875175	ae
5	1	1	1	22	13	1872	315	114	22	1.287376	Sears
5	1	1	1	22	14	2034	329	38	21	10.899231	Z¢
5	1	1	1	22	15	2108	342	59	15	0.000000	34
5	1	1	1	22	16	2231	346	69	18	26.856277	SO
5	1	1	1	22	17	2331	359	11	9	26.471191	¥
5	1	1	1	22	18	2403	364	12	11	65.790573	8
5	1	1	1	22	19	2494	375	3	8	0.000000	r
4	1	1	1	23	0	395	209	2132	189	-1	
5	1	1	1	23	1	395	209	35	23	90.846954	By
5	1	1	1	23	2	524	216	89	27	26.298767	goes
5	1	1	1	23	3	690	234	8	4	91.349182	~
5	1	1	1	23	4	768	243	15	13	0.000000	c
5	1	1	1	23	5	849	247	94	19	34.801262	Zoe
5	1	1	1	23	6	986	262	30	13	77.903145	GE
5	1	1	1	23	7	1089	268	11	12	61.412273	2
5	1	1	1	23	8	1167	272	12	10	90.479797	2
5	1	1	1	23	9	1218	280	12	10	30.816528	$3
5	1	1	1	23	10	1317	274	43	31	11.317749	an)
5	1	1	1	23	11	1498	296	13	12	52.028942	3
5	1	1	1	23	12	1602	309	13	10	82.921356	o
5	1	1	1	23	13	1652	309	22	12	25.551811	om
5	1	1	1	23	14	1796	326	36	12	77.181686	se
5	1	1	1	23	15	1872	327	64	18	66.373627	«8
5	1	1	1	23	16	1921	316	17	33	75.583557	2
5	1	1	1	23	17	2034	343	43	18	51.021172	ee
5	1	1	1	23	18	2107	356	16	11	74.463333	5
5	1	1	1	23	19	2159	359	17	14	76.533882	N
5	1	1	1	23	20	2205	357	90	21	72.099525	2855
5	1	1	1	23	21	2330	369	13	12	87.691086	3
5	1	1	1	23	22	2377	364	12	20	44.793873	5
5	1	1	1	23	23	2404	367	37	29	44.793873	2.9
5	1	1	1	23	24	2489	381	38	17	22.163048	ee
4	1	1	1	24	0	394	223	2112	192	-1	
5	1	1	1	24	1	394	223	12	29	55.268219	3
5	1	1	1	24	2	524	234	81	16	18.455566	sos
5	1	1	1	24	3	694	248	42	18	65.523697	as
5	1	1	1	24	4	772	257	37	23	27.554985	Se
5	1	1	1	24	5	875	265	63	16	0.000000	Os
5	1	1	1	24	6	986	275	42	14	18.509995	os.
5	1	1	1	24	7	1059	271	41	20	77.916908	Be
5	1	1	1	24	8	1142	282	37	26	70.280762	ze
5	1	1	1	24	9	1218	282	38	28	56.085320	8
5	1	1	1	24	10	1323	296	40	21	37.154495	St
5	1	1	1	24	11	1451	308	65	11	25.420769	aad
5	1	1	1	24	12	1602	321	71	22	48.996277	BH
5	1	1	1	24	13	1708	336	17	13	18.684349	oe
5	1	1	1	24	14	1795	338	41	20	45.049763	go
5	1	1	1	24	15	1872	346	40	12	60.410393	Bs
5	1	1	1	24	16	1926	333	61	44	30.189705	Sime
5	1	1	1	24	17	2060	358	15	9	0.000000	&
5	1	1	1	24	18	2132	356	44	33	66.100922	38
5	1	1	1	24	19	2205	372	93	19	24.543610	Bet
5	1	1	1	24	20	2330	383	12	11	75.055847	§
5	1	1	1	24	21	2373	384	65	20	37.902245	gk
5	1	1	1	24	22	2489	400	17	15	54.523880	8
4	1	1	1	25	0	419	242	2108	185	-1	
5	1	1	1	25	1	419	242	17	16	33.411209	c
5	1	1	1	25	2	523	245	65	27	12.798172	838
5	1	1	1	25	3	694	264	38	12	55.536556	oo
5	1	1	1	25	4	771	268	43	24	56.082821	$3
5	1	1	1	25	5	849	273	90	24	58.698139	Sone
5	1	1	1	25	6	987	288	40	11	53.775909	ao
5	1	1	1	25	7	1059	283	41	37	30.689331	ees
5	1	1	1	25	8	1136	299	45	18	30.236977	a
5	1	1	1	25	9	1218	312	38	12	58.541103	Do
5	1	1	1	25	10	1317	316	24	15	4.111626	4
5	1	1	1	25	11	1447	314	21	34	3.244743	Es
5	1	1	1	25	12	1498	325	12	12	64.599075	°
5	1	1	1	25	13	1602	343	18	16	42.374001	wo
5	1	1	1	25	14	1650	346	15	15	0.000000	-
5	1	1	1	25	15	1708	350	12	10	0.000000	)
5	1	1	1	25	16	1791	349	40	22	82.154877	es
5	1	1	1	25	17	1867	356	118	31	10.922081	ages
5	1	1	1	25	18	2034	369	43	13	33.226860	om
5	1	1	1	25	19	2106	377	43	22	49.206146	2h
5	1	1	1	25	20	2205	386	92	21	35.774910	eHow
5	1	1	1	25	21	2330	394	17	10	30.259872	&
5	1	1	1	25	22	2376	398	38	19	34.335953	eR
5	1	1	1	25	23	2428	392	18	34	60.441261	wy
5	1	1	1	25	24	2485	400	42	27	19.766876	Mor)
4	1	1	1	26	0	901	292	1441	132	-1	
5	1	1	1	26	1	901	292	12	13	78.548912	5
5	1	1	1	26	2	986	298	11	19	0.000000	5
5	1	1	1	26	3	1011	310	17	6	0.000000	..
5	1	1	1	26	4	1141	312	37	17	58.533318	zo
5	1	1	1	26	5	1218	325	16	6	0.000000	e
5	1	1	1	26	6	1343	320	24	32	51.009094	ics]
5	1	1	1	26	7	1498	339	17	9	56.650772	*
5	1	1	1	26	8	1708	362	11	12	54.668240	5
5	1	1	1	26	9	1884	382	4	4	8.702698	.
5	1	1	1	26	10	1949	375	11	18	64.330200	2
5	1	1	1	26	11	2033	383	42	18	57.889309	Sa
5	1	1	1	26	12	2107	389	69	18	61.410454	=NQ
5	1	1	1	26	13	2231	404	68	17	13.213234	FOR
5	1	1	1	26	14	2329	412	13	12	40.867081	6
4	1	1	1	27	0	393	262	2133	184	-1	
5	1	1	1	27	1	393	262	13	10	81.013031	g
5	1	1	1	27	2	519	264	98	36	0.000000	Srasg
5	1	1	1	27	3	647	275	20	32	29.678452	el
5	1	1	1	27	4	694	276	37	30	41.712132	3
5	1	1	1	27	5	772	290	36	11	71.994766	$$
5	1	1	1	27	6	848	292	95	26	62.280067	e588
5	1	1	1	27	7	1010	318	13	8	39.814857	a
5	1	1	1	27	8	1088	317	12	21	48.098682	3
5	1	1	1	27	9	1140	325	16	9	32.017563	96
5	1	1	1	27	10	1218	321	42	32	15.895172	Eee
5	1	1	1	27	11	1343	344	15	13	69.061440	a
5	1	1	1	27	12	1602	360	62	17	47.243614	2s
5	1	1	1	27	13	1794	373	37	18	75.455673	Be
5	1	1	1	27	14	1871	379	114	19	43.450989	#9023
5	1	1	1	27	15	2034	398	42	17	37.329353	af
5	1	1	1	27	16	2128	396	21	31	44.243225	¥|
5	1	1	1	27	17	2204	400	39	28	68.203506	$F
5	1	1	1	27	18	2329	424	18	10	84.502899	>
5	1	1	1	27	19	2376	420	70	21	0.000000	oem
4	1	1	1	28	0	393	274	2133	187	-1	
5	1	1	1	28	1	393	274	37	19	22.671822	£¢
5	1	1	1	28	2	522	281	95	32	6.400688	B58
5	1	1	1	28	3	646	296	17	13	41.967651	7
5	1	1	1	28	4	693	296	38	23	38.625114	28
5	1	1	1	28	5	771	301	37	22	60.989452	$8
5	1	1	1	28	6	871	316	66	17	55.744865	Bes
5	1	1	1	28	7	985	319	12	9	43.454514	oa
5	1	1	1	28	8	1063	331	36	19	34.959061	ah
5	1	1	1	28	9	1140	331	38	24	61.484062	28
5	1	1	1	28	10	1218	339	38	14	73.948975	58
5	1	1	1	28	11	1347	358	11	13	19.180077	2
5	1	1	1	28	12	1450	353	13	24	41.834682	g
5	1	1	1	28	13	1498	356	16	17	88.814095	3
5	1	1	1	28	14	1602	373	17	6	52.585091	2
5	1	1	1	28	15	1707	376	16	21	48.910465	3
5	1	1	1	28	16	1794	387	37	27	20.487625	&§
5	1	1	1	28	17	1871	393	115	35	0.000000	Begs
5	1	1	1	28	18	2059	417	12	11	58.466091	8
5	1	1	1	28	19	2105	407	70	26	54.807819	Far
5	1	1	1	28	20	2217	417	77	25	0.000000	eas
5	1	1	1	28	21	2329	441	15	9	36.953171	8
5	1	1	1	28	22	2372	439	74	22	52.815025	Sea
5	1	1	1	28	23	2488	442	38	14	66.762589	&8
4	1	1	1	29	0	394	279	2131	197	-1	
5	1	1	1	29	1	394	279	42	32	18.861351	ES.
5	1	1	1	29	2	548	301	68	18	0.000000	AsQ
5	1	1	1	29	3	646	311	11	9	84.000732	§
5	1	1	1	29	4	718	319	13	12	44.873371	>
5	1	1	1	29	5	767	315	16	12	36.994473	6
5	1	1	1	29	6	844	318	68	27	5.810356	ZEs
5	1	1	1	29	7	985	337	36	18	1.279213	32
5	1	1	1	29	8	1062	347	17	13	85.786018	3
5	1	1	1	29	9	1140	354	38	13	77.216125	so
5	1	1	1	29	10	1213	351	42	18	21.336563	Ss
5	1	1	1	29	11	1497	374	17	13	31.142021	a
5	1	1	1	29	12	1602	381	11	12	76.242584	3
5	1	1	1	29	13	1707	399	12	10	71.893417	®
5	1	1	1	29	14	1794	408	12	10	52.072254	&
5	1	1	1	29	15	1892	410	98	20	0.000000	SBS
5	1	1	1	29	16	2029	416	20	21	43.513535	5
5	1	1	1	29	17	2105	432	12	10	92.939957	8
5	1	1	1	29	18	2204	434	63	18	39.681503	ago
5	1	1	1	29	19	2371	454	15	13	19.932518	6
5	1	1	1	29	20	2412	453	21	15	44.012787	6
5	1	1	1	29	21	2510	454	15	22	87.149620	d
4	1	1	1	30	0	419	302	2081	185	-1	
5	1	1	1	30	1	419	302	17	6	93.041626	=
5	1	1	1	30	2	522	306	13	12	12.461098	82.8
5	1	1	1	30	3	600	317	12	13	0.000000	&
5	1	1	1	30	4	693	322	12	8	62.165585	2
5	1	1	1	30	5	796	335	11	10	4.890060	&
5	1	1	1	30	6	900	343	41	11	66.185951	ac
5	1	1	1	30	7	985	350	17	10	66.706360	&
5	1	1	1	30	8	1139	362	18	13	89.462929	a
5	1	1	1	30	9	1243	370	11	12	69.775772	3
5	1	1	1	30	10	1347	373	11	12	62.131187	&
5	1	1	1	30	11	1450	380	17	18	0.000000	2B
5	1	1	1	30	12	1602	394	14	9	34.088295	*
5	1	1	1	30	13	1649	397	15	14	86.528214	9
5	1	1	1	30	14	1815	414	67	17	36.827393	Soe
5	1	1	1	30	15	1948	429	37	13	32.597267	ap
5	1	1	1	30	16	2058	438	13	9	93.531448	2
5	1	1	1	30	17	2105	442	65	14	50.120907	Bap
5	1	1	1	30	18	2230	452	12	10	27.082718	®
5	1	1	1	30	19	2256	452	16	13	70.920975	=
5	1	1	1	30	20	2329	447	21	33	40.591576	=a
5	1	1	1	30	21	2401	464	18	12	93.353828	>
5	1	1	1	30	22	2487	467	13	20	0.000000	¢
4	1	1	1	31	0	419	309	2107	185	-1	
5	1	1	1	31	1	419	309	17	6	23.865593	=
5	1	1	1	31	2	519	312	17	33	5.770149	ro
5	1	1	1	31	3	546	312	19	33	41.340523	pee
5	1	1	1	31	4	641	329	22	13	18.465256	oS
5	1	1	1	31	5	693	331	41	19	44.661255	Tw
5	1	1	1	31	6	770	339	37	21	51.911831	se
5	1	1	1	31	7	848	339	89	27	20.502167	aees
5	1	1	1	31	8	1010	355	17	17	60.778458	=
5	1	1	1	31	9	1062	363	44	11	70.697922	es
5	1	1	1	31	10	1139	376	13	11	31.879608	®
5	1	1	1	31	11	1208	367	22	33	19.730156	bs]
5	1	1	1	31	12	1342	377	21	33	0.000000	g.
5	1	1	1	31	13	1449	400	13	11	64.678879	o
5	1	1	1	31	14	1496	400	13	11	61.467598	6
5	1	1	1	31	15	1649	411	19	22	83.742355	3
5	1	1	1	31	16	1707	418	17	16	55.018379	oy»
5	1	1	1	31	17	1793	428	43	7	54.191383	FS
5	1	1	1	31	18	1871	430	117	22	0.000000	ZBI
5	1	1	1	31	19	2032	437	39	22	75.478661	we
5	1	1	1	31	20	2105	452	38	12	24.018158	a2
5	1	1	1	31	21	2204	459	11	13	87.768990	»
5	1	1	1	31	22	2233	449	9	33	11.542931	§
5	1	1	1	31	23	2255	460	13	17	67.309486	=
5	1	1	1	31	24	2329	465	11	17	0.000000	ae
5	1	1	1	31	25	2376	468	70	23	22.758003	ES
5	1	1	1	31	26	2501	483	25	11	4.033211	So
4	1	1	1	32	0	392	319	2133	190	-1	
5	1	1	1	32	1	392	319	12	16	60.990032	2
5	1	1	1	32	2	419	325	16	5	46.557106	me
5	1	1	1	32	3	548	331	37	17	89.653694	Bo
5	1	1	1	32	4	645	341	12	11	51.035442	3
5	1	1	1	32	5	714	353	8	4	18.091774	+
5	1	1	1	32	6	796	359	11	9	78.374054	S
5	1	1	1	32	7	847	356	65	26	59.740200	88%
5	1	1	1	32	8	984	367	42	13	7.501434	g£=
5	1	1	1	32	9	1061	374	38	13	42.576107	39
5	1	1	1	32	10	1217	391	42	15	20.468147	Bo
5	1	1	1	32	11	1346	396	12	19	77.739456	5
5	1	1	1	32	12	1445	412	16	12	79.323936	a
5	1	1	1	32	13	1497	414	11	8	14.574020	&
5	1	1	1	32	14	1602	413	11	19	92.466568	3
5	1	1	1	32	15	1793	437	38	18	40.192280	SS
5	1	1	1	32	16	1870	445	114	17	0.000000	agktea?d
5	1	1	1	32	17	2033	451	37	22	43.540226	5B
5	1	1	1	32	18	2105	461	64	18	37.353554	SEs
5	1	1	1	32	19	2200	464	96	24	0.000000	woegs
5	1	1	1	32	20	2375	482	70	16	24.149590	ase
5	1	1	1	32	21	2487	489	38	20	81.121513	#2
4	1	1	1	33	0	419	332	2105	188	-1	
5	1	1	1	33	1	419	332	11	19	87.306335	3
5	1	1	1	33	2	521	332	38	45	46.178314	Boe
5	1	1	1	33	3	577	344	33	23	59.590855	Sg
5	1	1	1	33	4	693	351	11	19	63.826164	8
5	1	1	1	33	5	770	361	42	18	60.335049	as
5	1	1	1	33	6	874	372	62	22	49.009979	aey
5	1	1	1	33	7	985	378	41	25	24.555145	Fe
5	1	1	1	33	8	1087	387	12	11	0.000000	e
5	1	1	1	33	9	1139	391	44	25	39.156868	9t
5	1	1	1	33	10	1216	401	38	24	72.728958	ge
5	1	1	1	33	11	1347	416	11	13	80.434418	5
5	1	1	1	33	12	1496	423	12	11	84.094513	g
5	1	1	1	33	13	1600	434	13	11	29.890160	gs
5	1	1	1	33	14	1655	434	3	9	38.883698	hb
5	1	1	1	33	15	1703	436	15	13	62.304440	4
5	1	1	1	33	16	1814	449	16	12	39.150833	=<
5	1	1	1	33	17	1870	452	89	21	4.194565	f2e¢2
5	1	1	1	33	18	2032	465	41	18	0.000000	at
5	1	1	1	33	19	2105	474	64	18	0.000000	S38
5	1	1	1	33	20	2229	479	69	23	43.830429	Pas
5	1	1	1	33	21	2328	492	12	8	73.401794	o
5	1	1	1	33	22	2374	489	65	30	51.110569	ese
5	1	1	1	33	23	2487	498	37	22	35.943863	se
4	1	1	1	34	0	857	367	1556	155	-1	
5	1	1	1	34	1	857	367	8	27	17.225807	ql
5	1	1	1	34	2	1703	438	15	28	0.000000	cc
5	1	1	1	34	3	1887	454	20	28	0.147102	om
5	1	1	1	34	4	1968	461	19	27	25.024902	ct
5	1	1	1	34	5	2031	479	13	11	44.110355	®
5	1	1	1	34	6	2199	481	35	27	0.925606	Le:
5	1	1	1	34	7	2327	502	13	10	62.942520	@
5	1	1	1	34	8	2374	506	39	16	16.606064	s5
4	1	1	1	35	0	392	349	2132	194	-1	
5	1	1	1	35	1	392	349	37	18	66.438354	30
5	1	1	1	35	2	548	366	63	14	21.495941	Bee
5	1	1	1	35	3	645	354	12	32	28.087471	8
5	1	1	1	35	4	692	367	38	28	23.780556	$3
5	1	1	1	35	5	769	380	38	20	42.821495	os
5	1	1	1	35	6	843	383	68	25	0.000000	ees
5	1	1	1	35	7	925	393	11	8	0.000000	a
5	1	1	1	35	8	983	392	38	26	53.700718	a5
5	1	1	1	35	9	1062	398	36	28	83.554680	Ne
5	1	1	1	35	10	1139	409	18	10	83.554680	&
5	1	1	1	35	11	1215	426	13	10	91.791855	3
5	1	1	1	35	12	1449	433	18	22	24.099190	&%
5	1	1	1	35	13	1496	435	11	19	73.854393	8
5	1	1	1	35	14	1600	446	17	23	65.743782	&
5	1	1	1	35	15	1649	445	22	16	4.029678	8
5	1	1	1	35	16	1706	464	12	12	72.147293	§
5	1	1	1	35	17	1792	466	42	20	72.263489	Ss
5	1	1	1	35	18	1870	472	119	24	54.817825	293a¢
5	1	1	1	35	19	2031	484	39	19	18.600296	BS
5	1	1	1	35	20	2099	493	69	15	0.000000	ek
5	1	1	1	35	21	2204	501	16	13	30.097816	2
5	1	1	1	35	22	2255	502	38	11	25.075302	sR
5	1	1	1	35	23	2328	513	12	13	85.793564	B
5	1	1	1	35	24	2375	517	69	17	56.400711	SHE
5	1	1	1	35	25	2487	520	37	23	35.808899	2g
4	1	1	1	36	0	392	367	2137	183	-1	
5	1	1	1	36	1	392	367	42	21	63.364727	Be
5	1	1	1	36	2	521	375	95	29	0.000000	Ggxg
5	1	1	1	36	3	644	388	17	20	90.349045	&
5	1	1	1	36	4	691	393	13	11	81.130966	3
5	1	1	1	36	5	769	391	38	21	74.227592	33
5	1	1	1	36	6	847	402	89	25	48.388268	Boa2
5	1	1	1	36	7	983	414	38	16	61.574425	32
5	1	1	1	36	8	1061	414	42	28	50.921669	22
5	1	1	1	36	9	1242	427	17	18	63.809090	3
5	1	1	1	36	10	1340	432	28	34	46.165348	Ss
5	1	1	1	36	11	1449	461	62	13	29.799820	om
5	1	1	1	36	12	1600	471	12	12	15.244896	as
5	1	1	1	36	13	1649	463	21	18	0.000000	Z
5	1	1	1	36	14	1706	476	15	9	35.887886	8
5	1	1	1	36	15	1817	479	18	13	79.513527	>
5	1	1	1	36	16	1866	486	118	27	0.000000	ZkzT8
5	1	1	1	36	17	2057	496	12	23	14.807556	8
5	1	1	1	36	18	2105	507	63	15	57.280022	“se
5	1	1	1	36	19	2202	513	90	21	0.000000	Sya5
5	1	1	1	36	20	2327	526	16	8	56.712921	8
5	1	1	1	36	21	2374	523	65	24	0.000000	Ser
5	1	1	1	36	22	2486	535	43	15	58.629814	35,
4	1	1	1	37	0	392	383	2137	184	-1	
5	1	1	1	37	1	392	383	17	5	27.192101	=
5	1	1	1	37	2	692	396	18	33	7.671783	my
5	1	1	1	37	3	769	410	12	11	75.174759	2
5	1	1	1	37	4	895	421	41	16	80.258942	SO
5	1	1	1	37	5	983	433	16	9	28.248398	4
5	1	1	1	37	6	1061	432	42	19	28.224068	Qe
5	1	1	1	37	7	1134	443	47	14	89.001808	ga
5	1	1	1	37	8	1215	445	44	14	29.484909	at
5	1	1	1	37	9	1340	461	24	8	70.017883	4
5	1	1	1	37	10	1648	482	23	19	80.745514	Q
5	1	1	1	37	11	1707	486	15	5	67.453766	&
5	1	1	1	37	12	1792	489	38	14	81.981300	&°
5	1	1	1	37	13	1870	500	93	13	60.422913	33
5	1	1	1	37	14	1918	485	14	40	63.220764	8
5	1	1	1	37	15	1944	485	21	40	62.553032	5
5	1	1	1	37	16	2027	513	42	18	57.190243	38
5	1	1	1	37	17	2129	519	38	19	61.703205	SE
5	1	1	1	37	18	2202	526	90	22	2.609749	ey.8
5	1	1	1	37	19	2327	536	13	10	41.123257	3
5	1	1	1	37	20	2374	537	64	20	37.163643	Pepa
5	1	1	1	37	21	2486	550	43	17	7.009720	Se
4	1	1	1	38	0	392	390	2132	191	-1	
5	1	1	1	38	1	392	390	10	8	26.563148	a
5	1	1	1	38	2	546	401	38	10	43.076149	B*o
5	1	1	1	38	3	643	417	13	10	0.000000	«
5	1	1	1	38	4	687	405	42	20	44.880363	SB
5	1	1	1	38	5	769	421	43	19	46.206047	35
5	1	1	1	38	6	847	428	43	17	33.357216	24
5	1	1	1	38	7	983	431	37	31	0.000000	s3
5	1	1	1	38	8	1163	457	13	10	48.977829	&
5	1	1	1	38	9	1215	456	38	14	32.110916	$F
5	1	1	1	38	10	1354	472	7	5	0.000000	1
5	1	1	1	38	11	1449	471	63	27	39.860592	a
5	1	1	1	38	12	1600	484	16	19	26.365913	Es
5	1	1	1	38	13	1706	494	12	12	63.712734	8
5	1	1	1	38	14	1792	502	17	20	45.073196	35
5	1	1	1	38	15	1870	510	113	20	0.000000	BSBSs
5	1	1	1	38	16	2129	536	16	8	30.444633	we
5	1	1	1	38	17	2279	547	16	10	44.390255	Ese
5	1	1	1	38	18	2327	547	12	13	46.038826	§
5	1	1	1	38	19	2399	551	18	18	71.643661	5S
5	1	1	1	38	20	2486	559	12	9	76.051857	§
5	1	1	1	38	21	2513	561	11	20	59.808498	2
4	1	1	1	39	0	391	407	2133	188	-1	
5	1	1	1	39	1	391	407	43	12	49.015060	or
5	1	1	1	39	2	521	410	37	23	24.018242	Pe
5	1	1	1	39	3	598	415	58	23	24.018242	ge
5	1	1	1	39	4	691	427	38	24	61.074120	gf
5	1	1	1	39	5	769	434	43	23	77.716095	38
5	1	1	1	39	6	847	440	92	19	4.766174	Soe
5	1	1	1	39	7	983	458	12	10	52.991150	8
5	1	1	1	39	8	1060	459	43	17	60.920940	ec
5	1	1	1	39	9	1138	457	43	25	82.818420	§3
5	1	1	1	39	10	1214	469	39	14	60.476795	383
5	1	1	1	39	11	1344	479	13	9	52.590607	a
5	1	1	1	39	12	1448	485	12	10	81.158455	®
5	1	1	1	39	13	1599	505	13	8	0.000000	S
5	1	1	1	39	14	1706	506	11	13	89.322647	5
5	1	1	1	39	15	1792	514	37	21	50.096287	a3
5	1	1	1	39	16	1864	524	16	12	9.662170	a
5	1	1	1	39	17	1946	529	37	15	36.787758	se
5	1	1	1	39	18	2030	527	44	30	20.754387	34
5	1	1	1	39	19	2148	531	24	36	0.000000	‘os
5	1	1	1	39	20	2203	546	93	30	0.150536	ESE
5	1	1	1	39	21	2327	562	13	10	79.689323	B
5	1	1	1	39	22	2374	559	17	21	5.304260	oF
5	1	1	1	39	23	2506	583	18	12	92.100151	é
4	1	1	1	40	0	392	419	2019	174	-1	
5	1	1	1	40	1	392	420	16	6	52.980034	>
5	1	1	1	40	2	416	421	13	12	40.730186	®
5	1	1	1	40	3	521	419	62	29	51.307102	gig
5	1	1	1	40	4	643	441	17	8	0.000000	*
5	1	1	1	40	5	691	445	12	9	55.370731	@
5	1	1	1	40	6	765	448	15	11	38.591766	S
5	1	1	1	40	7	846	454	94	18	0.000000	B8a>7
5	1	1	1	40	8	983	469	40	12	66.666214	8.2
5	1	1	1	40	9	1060	474	37	10	4.111168	8&8
5	1	1	1	40	10	1137	472	38	24	0.000000	£5
5	1	1	1	40	11	1241	485	11	9	38.341217	a
5	1	1	1	40	12	1448	503	12	9	38.742977	8
5	1	1	1	40	13	1494	499	17	25	84.475113	8
5	1	1	1	40	14	1599	515	12	20	30.811935	a
5	1	1	1	40	15	1700	531	23	6	54.524574	A
5	1	1	1	40	16	1817	537	12	11	83.059929	8
5	1	1	1	40	17	1869	540	117	24	4.441284	geedas
5	1	1	1	40	18	2030	550	13	12	52.284454	§
5	1	1	1	40	19	2129	553	38	22	48.946949	ES
5	1	1	1	40	20	2202	561	89	24	53.763000	e755
5	1	1	1	40	21	2326	574	13	10	74.062103	8
5	1	1	1	40	22	2395	580	16	13	29.549927	9
4	1	1	1	41	0	391	427	2106	186	-1	
5	1	1	1	41	1	391	427	41	15	22.409103	og
5	1	1	1	41	2	545	441	38	18	93.623009	ag
5	1	1	1	41	3	691	455	42	11	68.064484	fe
5	1	1	1	41	4	769	461	11	10	0.000000	8
5	1	1	1	41	5	794	457	18	19	0.000000	Q
5	1	1	1	41	6	846	458	90	29	0.000000	a2Soke
5	1	1	1	41	7	983	482	42	13	0.000000	Se
5	1	1	1	41	8	1138	494	37	14	55.317501	sm
5	1	1	1	41	9	1214	489	38	24	45.860687	gs
5	1	1	1	41	10	1344	498	18	18	92.669991	Q
5	1	1	1	41	11	1447	513	13	11	61.894997	®
5	1	1	1	41	12	1705	524	20	31	66.912552	=)
5	1	1	1	41	13	1791	536	37	24	83.628601	38
5	1	1	1	41	14	1868	548	68	23	55.331841	oe
5	1	1	1	41	15	1970	552	12	12	37.386036	FRE
5	1	1	1	41	16	2030	558	38	22	51.287289	=p
5	1	1	1	41	17	2129	565	17	15	0.000000	o
5	1	1	1	41	18	2201	580	42	15	51.782040	ty
5	1	1	1	41	19	2327	592	17	10	49.775673	mh
5	1	1	1	41	20	2373	587	68	18	49.669495	tee
5	1	1	1	41	21	2486	604	11	9	42.821980	5
4	1	1	1	42	0	391	439	2133	187	-1	
5	1	1	1	42	1	391	439	42	20	52.194958	Bo
5	1	1	1	42	2	521	441	93	36	10.449768	BESS
5	1	1	1	42	3	643	460	12	10	85.160713	§
5	1	1	1	42	4	690	465	38	14	27.475517	85
5	1	1	1	42	5	769	472	11	12	71.268112	$
5	1	1	1	42	6	845	479	65	14	47.524155	gas
5	1	1	1	42	7	982	492	38	17	79.839714	2
5	1	1	1	42	8	1082	495	14	12	81.908920	3
5	1	1	1	42	9	1137	502	43	20	35.577881	38
5	1	1	1	42	10	1214	506	38	20	18.762321	8§
5	1	1	1	42	11	1343	518	18	25	0.000000	¢
5	1	1	1	42	12	1448	525	12	12	45.888866	2
5	1	1	1	42	13	1598	543	13	11	42.093655	®
5	1	1	1	42	14	1699	551	24	7	90.426529	=
5	1	1	1	42	15	1791	558	43	16	73.875412	RE
5	1	1	1	42	16	1869	561	113	25	0.000000	aFas3
5	1	1	1	42	17	2030	568	39	33	32.573723	Cary
5	1	1	1	42	18	2129	581	38	19	0.000000	@3
5	1	1	1	42	19	2201	590	95	20	0.000000	Seo-
5	1	1	1	42	20	2327	601	11	8	27.882706	3
5	1	1	1	42	21	2373	598	70	24	12.357063	a8F
5	1	1	1	42	22	2486	604	38	22	0.000000	ge
4	1	1	1	43	0	390	460	2133	179	-1	
5	1	1	1	43	1	390	460	41	10	63.170376	Bs
5	1	1	1	43	2	520	467	68	18	52.514999	nee
5	1	1	1	43	3	643	471	17	19	22.900970	&£
5	1	1	1	43	4	690	479	44	21	41.059971	ss
5	1	1	1	43	5	793	485	12	24	88.846962	§
5	1	1	1	43	6	845	489	96	24	36.322998	3ean
5	1	1	1	43	7	1007	508	16	9	41.960949	*
5	1	1	1	43	8	1055	509	41	21	45.844643	wa
5	1	1	1	43	9	1138	514	11	12	66.999619	8
5	1	1	1	43	10	1213	521	43	23	38.794743	en
5	1	1	1	43	11	1447	538	16	21	0.000000	os
5	1	1	1	43	12	1599	555	11	13	72.780609	5
5	1	1	1	43	13	1646	560	25	14	72.780609	s
5	1	1	1	43	14	1704	562	18	16	7.257927	¥&
5	1	1	1	43	15	1791	570	43	17	11.887199	x8
5	1	1	1	43	16	1868	576	64	19	79.459732	998
5	1	1	1	43	17	2026	592	47	14	49.015213	20
5	1	1	1	43	18	2154	594	16	21	12.772789	g
5	1	1	1	43	19	2227	603	67	20	22.955605	eRe
5	1	1	1	43	20	2326	610	13	12	30.971687	9g
5	1	1	1	43	21	2398	616	40	21	51.838234	se
5	1	1	1	43	22	2486	626	37	13	36.440041	Sg
4	1	1	1	44	0	391	470	2133	187	-1	
5	1	1	1	44	1	391	470	37	14	11.483322	no
5	1	1	1	44	2	516	473	20	33	60.258526	ry
5	1	1	1	44	3	546	478	16	18	46.925411	2,
5	1	1	1	44	4	643	491	17	18	48.350136	es
5	1	1	1	44	5	690	492	37	24	34.320587	ES
5	1	1	1	44	6	768	494	37	29	0.000000	@§
5	1	1	1	44	7	845	506	90	22	60.627712	25393
5	1	1	1	44	8	1007	527	15	10	0.000000	-
5	1	1	1	44	9	1059	523	37	22	79.204185	38
5	1	1	1	44	10	1131	537	24	7	24.216232	JF
5	1	1	1	44	11	1214	543	17	6	76.511368	&
5	1	1	1	44	12	1344	545	17	17	55.685951	2
5	1	1	1	44	13	1447	560	12	13	0.000000	S$
5	1	1	1	44	14	1493	559	13	11	66.095749	9
5	1	1	1	44	15	1598	570	12	12	48.320484	©
5	1	1	1	44	16	1791	583	37	15	65.222168	a3
5	1	1	1	44	17	1893	588	89	23	0.000000	S72O
5	1	1	1	44	18	2056	608	12	11	21.082771	°
5	1	1	1	44	19	2129	609	11	11	43.650517	a
5	1	1	1	44	20	2201	611	90	20	29.472954	SAEs
5	1	1	1	44	21	2326	623	11	20	90.146164	3
5	1	1	1	44	22	2373	632	69	23	56.047066	Bon
5	1	1	1	44	23	2485	636	39	21	81.145454	86
4	1	1	1	45	0	390	482	2133	186	-1	
5	1	1	1	45	1	390	482	37	20	62.357010	a3
5	1	1	1	45	2	545	498	17	5	79.437622	=
5	1	1	1	45	3	845	514	93	29	0.000000	ePga
5	1	1	1	45	4	1136	534	43	26	62.015022	eg
5	1	1	1	45	5	1214	550	41	14	31.400688	ET
5	1	1	1	45	6	1446	574	13	10	67.798203	8
5	1	1	1	45	7	1598	582	17	13	0.000000	&
5	1	1	1	45	8	1704	587	18	10	84.413269	>
5	1	1	1	45	9	1816	598	11	10	85.473328	§
5	1	1	1	45	10	1867	596	120	27	32.564896	ESeis
5	1	1	1	45	11	2030	615	37	19	64.225517	38
5	1	1	1	45	12	2129	621	41	13	52.415573	Ss
5	1	1	1	45	13	2201	626	88	18	44.616604	Bros
5	1	1	1	45	14	2372	645	70	17	62.399078	Sak
5	1	1	1	45	15	2485	653	38	15	59.345078	$8
4	1	1	1	46	0	519	502	2008	175	-1	
5	1	1	1	46	1	519	502	94	25	0.000000	e478
5	1	1	1	46	2	642	511	18	12	19.985924	&
5	1	1	1	46	3	690	517	11	13	28.522713	o
5	1	1	1	46	4	711	509	23	30	62.549355	ot,
5	1	1	1	46	5	767	516	38	31	12.535599	Bs
5	1	1	1	46	6	844	533	18	13	44.590576	a
5	1	1	1	46	7	981	538	43	25	38.654476	ox
5	1	1	1	46	8	1058	546	38	25	36.965637	€s3
5	1	1	1	46	9	1131	559	24	7	0.000000	££
5	1	1	1	46	10	1209	558	43	19	67.785080	<6
5	1	1	1	46	11	1343	573	11	12	76.532547	5
5	1	1	1	46	12	1446	586	13	9	79.150070	3
5	1	1	1	46	13	1599	597	66	18	46.683727	ea
5	1	1	1	46	14	1704	595	12	12	70.086121	§
5	1	1	1	46	15	1790	600	37	33	2.135559	Rg
5	1	1	1	46	16	1868	616	17	6	10.788422	BTS
5	1	1	1	46	17	1919	618	66	19	0.000000	ae
5	1	1	1	46	18	2029	632	34	14	36.025360	BX
5	1	1	1	46	19	2128	634	43	15	25.188034	Sf
5	1	1	1	46	20	2227	638	66	25	54.595711	ese
5	1	1	1	46	21	2325	652	16	8	19.520042	5
5	1	1	1	46	22	2368	638	24	32	51.053772	soy
5	1	1	1	46	23	2489	664	38	13	44.609108	3
4	1	1	1	47	0	389	512	2134	183	-1	
5	1	1	1	47	1	389	512	42	10	32.556061	om
5	1	1	1	47	2	544	520	69	16	0.000000	Be=
5	1	1	1	47	3	642	531	19	16	29.408630	&
5	1	1	1	47	4	689	529	43	20	65.062645	ae
5	1	1	1	47	5	767	548	16	8	36.046528	&
5	1	1	1	47	6	871	550	63	18	62.917660	Hers
5	1	1	1	47	7	981	554	13	21	82.974548	pe
5	1	1	1	47	8	1058	560	13	10	52.177589	§
5	1	1	1	47	9	1213	581	39	14	29.788612	Qe
5	1	1	1	47	10	1343	585	11	13	20.063568	&
5	1	1	1	47	11	1493	599	17	13	81.527954	a
5	1	1	1	47	12	1598	604	12	19	84.020149	g
5	1	1	1	47	13	1704	608	11	30	64.267113	3
5	1	1	1	47	14	1790	628	12	10	29.187843	$2
5	1	1	1	47	15	1867	624	42	20	35.746475	BE
5	1	1	1	47	16	1969	634	18	19	33.510864	ae
5	1	1	1	47	17	2029	641	43	15	50.074883	8H
5	1	1	1	47	18	2128	649	38	10	35.997986	HF
5	1	1	1	47	19	2200	651	89	30	1.430244	S8oe
5	1	1	1	47	20	2326	662	17	13	39.611149	2
5	1	1	1	47	21	2372	663	70	28	35.731117	£28
5	1	1	1	47	22	2485	679	38	16	0.000000	&o
4	1	1	1	48	0	415	523	2113	181	-1	
5	1	1	1	48	1	415	523	16	11	43.565460	Q
5	1	1	1	48	2	519	528	94	21	40.063320	Zam
5	1	1	1	48	3	642	547	12	13	87.970512	&
5	1	1	1	48	4	690	538	40	34	33.547928	Paes
5	1	1	1	48	5	793	548	11	22	93.557571	3
5	1	1	1	48	6	840	555	100	27	0.000000	Zez>
5	1	1	1	48	7	982	577	16	6	44.538383	&
5	1	1	1	48	8	1058	581	43	12	93.766777	eg
5	1	1	1	48	9	1136	573	43	29	48.137917	25
5	1	1	1	48	10	1213	594	38	15	23.357346	22
5	1	1	1	48	11	1343	600	11	20	92.601761	5
5	1	1	1	48	12	1446	611	18	18	56.984406	R
5	1	1	1	48	13	1646	610	25	34	41.980366	Bt
5	1	1	1	48	14	1789	640	38	14	42.650436	$s
5	1	1	1	48	15	1867	634	38	32	37.581329	BR
5	1	1	1	48	16	1924	646	2	25	24.851761	|
5	1	1	1	48	17	1945	644	36	20	24.851761	BS
5	1	1	1	48	18	2029	656	43	15	33.389595	a>
5	1	1	1	48	19	2128	660	37	13	15.738647	@5
5	1	1	1	48	20	2200	666	90	23	22.299507	e@iog
5	1	1	1	48	21	2325	677	12	10	37.304340	8
5	1	1	1	48	22	2372	682	65	20	44.476124	Sei
5	1	1	1	48	23	2484	690	44	14	30.866913	8&2
4	1	1	1	49	0	424	537	2101	184	-1	
5	1	1	1	49	1	424	537	8	5	36.819668	7
5	1	1	1	49	2	519	547	16	13	0.000000	3°
5	1	1	1	49	3	569	548	13	12	82.068039	&
5	1	1	1	49	4	767	566	37	16	64.784164	eg
5	1	1	1	49	5	870	568	64	25	44.642376	S20
5	1	1	1	49	6	981	572	37	26	62.964085	Ee
5	1	1	1	49	7	1083	590	13	12	63.435875	g
5	1	1	1	49	8	1136	596	17	13	16.850998	&
5	1	1	1	49	9	1238	608	16	10	46.182945	2
5	1	1	1	49	10	1493	622	12	12	21.413132	°
5	1	1	1	49	11	1597	634	12	12	4.540474	£
5	1	1	1	49	12	1646	633	14	13	82.157593	@
5	1	1	1	49	13	1703	638	12	13	13.423935	&
5	1	1	1	49	14	1811	653	73	16	51.145645	QE
5	1	1	1	49	15	1943	665	13	10	22.364365	g
5	1	1	1	49	16	2028	671	13	12	66.210144	3
5	1	1	1	49	17	2127	674	42	18	65.673286	Ba
5	1	1	1	49	18	2200	677	43	23	8.092941	tp
5	1	1	1	49	19	2277	689	12	10	8.092941	my
5	1	1	1	49	20	2397	695	13	12	16.744141	&
5	1	1	1	49	21	2484	700	41	21	55.687286	So
4	1	1	1	50	0	388	540	2108	188	-1	
5	1	1	1	50	1	388	540	39	18	53.858154	ac
5	1	1	1	50	2	519	555	135	18	66.221069	Feag
5	1	1	1	50	3	643	544	20	48	0.000000	$
5	1	1	1	50	4	689	564	13	13	0.000000	B
5	1	1	1	50	5	896	580	12	13	28.425552	=
5	1	1	1	50	6	976	576	47	35	20.747803	ZR,
5	1	1	1	50	7	1083	603	16	8	0.000000	s
5	1	1	1	50	8	1136	599	37	20	38.454468	2B
5	1	1	1	50	9	1213	610	43	16	46.004837	gf
5	1	1	1	50	10	1343	620	16	13	26.446236	o
5	1	1	1	50	11	1440	632	24	7	52.497284	=
5	1	1	1	50	12	1493	635	11	12	36.249294	8
5	1	1	1	50	13	1597	647	13	9	55.918861	o
5	1	1	1	50	14	1646	646	14	16	0.000000	§
5	1	1	1	50	15	1704	653	16	5	45.214035	£&
5	1	1	1	50	16	1789	655	12	11	80.640892	8
5	1	1	1	50	17	1943	674	37	13	34.536705	8g
5	1	1	1	50	18	2050	668	22	36	59.590157	Qa
5	1	1	1	50	19	2128	689	10	12	57.112419	A
5	1	1	1	50	20	2251	697	16	9	13.518410	¢
5	1	1	1	50	21	2325	696	12	25	81.960487	g
5	1	1	1	50	22	2397	708	45	20	37.251595	ey
5	1	1	1	50	23	2480	712	16	12	75.329361	8
4	1	1	1	51	0	389	546	2138	193	-1	
5	1	1	1	51	1	389	560	16	5	39.176311	=r
5	1	1	1	51	2	413	546	19	34	18.050537	ap
5	1	1	1	51	3	544	565	64	16	68.525749	$3e
5	1	1	1	51	4	637	573	17	13	68.433220	3
5	1	1	1	51	5	688	577	16	9	67.776436	&
5	1	1	1	51	6	766	581	38	13	57.151333	B°
5	1	1	1	51	7	844	590	89	17	35.184639	2332
5	1	1	1	51	8	1006	606	12	12	58.863621	g
5	1	1	1	51	9	1058	604	37	21	78.784386	$8
5	1	1	1	51	10	1238	619	13	16	27.028801	B
5	1	1	1	51	11	1342	635	13	11	0.000000	®
5	1	1	1	51	12	1442	641	15	12	32.137024	&
5	1	1	1	51	13	1492	649	12	11	53.867104	8
5	1	1	1	51	14	1703	659	12	13	0.000000	&
5	1	1	1	51	15	1789	666	12	11	71.434708	g
5	1	1	1	51	16	1867	670	114	30	8.869324	eyaty
5	1	1	1	51	17	2028	685	44	20	24.121735	a.
5	1	1	1	51	18	2127	693	43	21	36.160130	os
5	1	1	1	51	19	2200	695	94	28	0.000000	3s.
5	1	1	1	51	20	2338	723	3	4	38.559948	|
5	1	1	1	51	21	2373	705	42	34	22.357513	8c.
5	1	1	1	51	22	2484	723	43	12	20.795952	aw
4	1	1	1	52	0	389	567	2133	181	-1	
5	1	1	1	52	1	389	567	37	16	47.307972	Eg
5	1	1	1	52	2	517	577	64	15	71.870926	gis
5	1	1	1	52	3	641	588	12	11	40.986946	8
5	1	1	1	52	4	689	596	16	14	44.474617	yy
5	1	1	1	52	5	766	596	17	15	54.529976	&
5	1	1	1	52	6	844	601	89	23	31.244873	rors
5	1	1	1	52	7	981	614	37	25	51.657402	Bs
5	1	1	1	52	8	1058	623	37	13	64.625679	8S
5	1	1	1	52	9	1135	621	38	20	90.415237	of
5	1	1	1	52	10	1208	628	48	17	77.018822	ge
5	1	1	1	52	11	1343	647	11	9	0.000000	$
5	1	1	1	52	12	1440	655	24	7	68.983841	=
5	1	1	1	52	13	1596	666	16	9	69.975761	¢
5	1	1	1	52	14	1704	673	10	4	19.496292	.
5	1	1	1	52	15	1789	675	43	29	0.000000	3
5	1	1	1	52	16	1866	683	37	22	35.031960	83
5	1	1	1	52	17	1943	694	37	18	58.379551	25
5	1	1	1	52	18	2027	700	39	19	70.312561	og
5	1	1	1	52	19	2153	707	12	11	20.141586	0
5	1	1	1	52	20	2200	710	89	26	0.000000	Rae
5	1	1	1	52	21	2324	722	13	19	29.882484	3
5	1	1	1	52	22	2397	727	39	17	61.971046	ae
5	1	1	1	52	23	2510	737	12	11	61.091789	®
4	1	1	1	53	0	385	582	2110	174	-1	
5	1	1	1	53	1	385	582	41	15	50.794724	“3
5	1	1	1	53	2	518	587	12	11	84.447968	§
5	1	1	1	53	3	544	588	63	20	85.369537	Bae
5	1	1	1	53	4	766	607	38	12	55.887852	xe
5	1	1	1	53	5	844	615	92	22	7.107986	SSS
5	1	1	1	53	6	980	621	12	19	71.778625	8
5	1	1	1	53	7	1057	638	43	14	76.026306	Se
5	1	1	1	53	8	1135	641	38	13	80.315689	OF
5	1	1	1	53	9	1212	641	38	15	42.263176	‘ES
5	1	1	1	53	10	1342	657	5	4	0.000000	:
5	1	1	1	53	11	1488	659	19	31	35.114883	fed
5	1	1	1	53	12	1596	676	72	14	46.649555	om
5	1	1	1	53	13	1789	691	17	7	0.000000	y
5	1	1	1	53	14	1918	699	42	20	43.176270	BS
5	1	1	1	53	15	2028	719	17	10	29.599480	g
5	1	1	1	53	16	2121	726	44	14	38.479378	=~.
5	1	1	1	53	17	2199	727	12	11	69.596512	8
5	1	1	1	53	18	2276	737	13	9	64.769974	3
5	1	1	1	53	19	2370	740	65	11	25.784294	gerd
5	1	1	1	53	20	2484	746	11	10	0.000000	g
4	1	1	1	54	0	388	597	2138	205	-1	
5	1	1	1	54	1	388	597	41	21	18.712677	ee
5	1	1	1	54	2	514	598	92	39	0.000000	g2sy
5	1	1	1	54	3	688	611	37	44	58.824913	ag
5	1	1	1	54	4	766	628	43	23	45.491337	ss
5	1	1	1	54	5	839	633	99	40	41.787201	Boga
5	1	1	1	54	6	976	642	42	34	65.810791	fe
5	1	1	1	54	7	1057	645	38	26	75.192909	gs
5	1	1	1	54	8	1134	660	43	23	19.397324	3c
5	1	1	1	54	9	1211	655	44	41	0.000000	eP
5	1	1	1	54	10	1342	676	16	30	44.461853	on
5	1	1	1	54	11	1441	679	63	27	35.825401	gf
5	1	1	1	54	12	1596	696	70	24	47.341164	gw
5	1	1	1	54	13	1785	699	41	52	32.248520	88
5	1	1	1	54	14	1865	702	120	60	0.000000	GRERE
5	1	1	1	54	15	2027	727	44	30	65.916466	ag
5	1	1	1	54	16	2126	735	38	33	78.025330	38
5	1	1	1	54	17	2194	736	95	43	25.389366	SPs,
5	1	1	1	54	18	2323	742	13	38	70.582390	3
5	1	1	1	54	19	2370	750	70	52	0.000000	BEe
5	1	1	1	54	20	2479	757	47	32	40.109596	$e
4	1	1	1	55	0	414	619	2110	189	-1	
5	1	1	1	55	1	414	619	16	7	63.714111	=
5	1	1	1	55	2	726	650	4	4	0.000000	.
5	1	1	1	55	3	1169	679	8	4	0.000000	,
5	1	1	1	55	4	2225	765	17	6	0.000000	~¥
5	1	1	1	55	5	2393	770	20	29	16.873436	Ee
5	1	1	1	55	6	2504	779	20	29	25.707359	$e)
4	1	1	1	56	0	388	626	2133	185	-1	
5	1	1	1	56	1	388	626	38	13	46.684452	ts
5	1	1	1	56	2	517	633	89	21	15.490143	88e8
5	1	1	1	56	3	641	646	17	17	53.553658	5
5	1	1	1	56	4	714	657	16	6	78.853264	gh
5	1	1	1	56	5	765	652	38	10	86.299339	FF
5	1	1	1	56	6	843	659	90	25	48.036083	Srag
5	1	1	1	56	7	1004	672	16	18	39.870052	gs
5	1	1	1	56	8	1057	673	42	20	54.157524	3
5	1	1	1	56	9	1135	684	37	13	65.585602	Ee
5	1	1	1	56	10	1211	685	38	24	24.177216	oa
5	1	1	1	56	11	1341	707	12	11	0.000000	g
5	1	1	1	56	12	1441	705	63	21	48.465584	Soo
5	1	1	1	56	13	1596	721	63	18	51.792812	Boo
5	1	1	1	56	14	1788	736	16	8	59.303493	g
5	1	1	1	56	15	1865	741	38	19	39.651161	oo
5	1	1	1	56	16	1921	752	39	14	24.797012	ee
5	1	1	1	56	17	2027	752	41	21	44.286236	a2
5	1	1	1	56	18	2126	768	43	14	56.760284	29
5	1	1	1	56	19	2195	769	93	21	17.719460	“£83
5	1	1	1	56	20	2319	781	16	13	94.657188	2
5	1	1	1	56	21	2371	785	42	11	76.500763	PE
5	1	1	1	56	22	2479	792	42	19	91.008125	£8
4	1	1	1	57	0	388	637	2132	189	-1	
5	1	1	1	57	1	388	637	37	15	40.186249	£§
5	1	1	1	57	2	517	646	89	21	28.195869	ato
5	1	1	1	57	3	640	663	18	18	65.879379	6
5	1	1	1	57	4	687	652	43	18	59.518909	25
5	1	1	1	57	5	765	664	38	22	90.274078	38
5	1	1	1	57	6	843	672	39	22	60.725742	Qe
5	1	1	1	57	7	894	685	12	13	0.000000	-
5	1	1	1	57	8	979	684	38	18	0.000000	ac
5	1	1	1	57	9	1082	687	17	21	49.679153	=
5	1	1	1	57	10	1211	697	38	26	30.373291	a
5	1	1	1	57	11	1341	719	11	13	44.912968	g
5	1	1	1	57	12	1444	720	12	11	76.674416	@
5	1	1	1	57	13	1491	727	13	12	65.936768	8
5	1	1	1	57	14	1595	735	13	9	84.995941	&
5	1	1	1	57	15	1788	745	37	28	33.782745	83
5	1	1	1	57	16	1866	759	106	15	0.000000	o8ese
5	1	1	1	57	17	2027	772	11	12	23.195175	£
5	1	1	1	57	18	2125	781	39	12	47.191639	Be
5	1	1	1	57	19	2224	786	69	19	53.600925	Saf
5	1	1	1	57	20	2323	795	12	8	55.078659	3
5	1	1	1	57	21	2370	795	42	21	60.402901	36
5	1	1	1	57	22	2508	813	12	13	28.960899	g
4	1	1	1	58	0	688	672	1810	154	-1	
5	1	1	1	58	1	688	672	17	12	59.938530	2
5	1	1	1	58	2	980	695	16	12	53.953102	>
5	1	1	1	58	3	1056	702	12	10	64.262184	2
5	1	1	1	58	4	1134	707	42	16	65.509750	ay
5	1	1	1	58	5	1444	732	12	13	35.405518	©
5	1	1	1	58	6	1491	740	12	13	46.882534	§
5	1	1	1	58	7	1595	745	16	9	30.830063	a
5	1	1	1	58	8	1865	768	119	21	11.618149	op.
5	1	1	1	58	9	2054	784	16	6	0.000000	s
5	1	1	1	58	10	2125	788	39	19	52.510353	BB
5	1	1	1	58	11	2198	788	12	24	66.083809	2
5	1	1	1	58	12	2275	805	16	10	54.395981	a
5	1	1	1	58	13	2323	804	16	9	4.510460	So
5	1	1	1	58	14	2483	817	15	9	81.233383	¢
4	1	1	1	59	0	388	647	2133	198	-1	
5	1	1	1	59	1	388	647	42	32	67.007462	Sos
5	1	1	1	59	2	517	658	95	21	37.514076	Bees
5	1	1	1	59	3	687	679	43	13	54.901928	ar
5	1	1	1	59	4	765	676	38	21	63.142399	ag
5	1	1	1	59	5	842	687	95	31	0.000000	ono
5	1	1	1	59	6	979	703	37	20	18.919098	2&3
5	1	1	1	59	7	1056	710	37	11	64.141769	Ss
5	1	1	1	59	8	1159	719	12	18	67.670395	a
5	1	1	1	59	9	1205	720	49	20	57.145432	we
5	1	1	1	59	10	1444	745	59	18	52.333714	mR
5	1	1	1	59	11	1595	756	12	9	75.259277	2
5	1	1	1	59	12	1643	759	15	11	80.734154	@
5	1	1	1	59	13	1788	768	17	10	0.000000	s
5	1	1	1	59	14	1890	782	92	14	0.000000	eeert
5	1	1	1	59	15	2026	786	44	20	63.248184	8h
5	1	1	1	59	16	2120	802	47	14	62.117046	ae
5	1	1	1	59	17	2198	802	38	18	42.997585	EP
5	1	1	1	59	18	2254	814	33	16	42.997585	ye
5	1	1	1	59	19	2323	815	12	10	79.645874	8
5	1	1	1	59	20	2370	812	65	25	6.064690	ga
5	1	1	1	59	21	2482	827	39	18	53.917770	og
4	1	1	1	60	0	383	663	2137	195	-1	
5	1	1	1	60	1	383	663	47	34	0.000000	oare!
5	1	1	1	60	2	517	680	94	21	27.174309	Poke
5	1	1	1	60	3	640	691	11	10	22.974976	o«
5	1	1	1	60	4	683	692	42	26	38.525352	75
5	1	1	1	60	5	765	698	37	22	74.696030	83
5	1	1	1	60	6	843	709	88	23	0.000000	m>Bof
5	1	1	1	60	7	978	721	16	9	60.083931	&
5	1	1	1	60	8	1056	723	37	21	75.507919	Be
5	1	1	1	60	9	1133	732	41	15	0.000000	«a
5	1	1	1	60	10	1204	740	45	12	51.427937	BE
5	1	1	1	60	11	1337	751	20	14	34.449661	°
5	1	1	1	60	12	1444	756	17	19	11.046768	Ss
5	1	1	1	60	13	1490	764	16	9	32.248825	4
5	1	1	1	60	14	1595	766	12	24	35.790741	5
5	1	1	1	60	15	1643	771	15	15	37.663799	¢€
5	1	1	1	60	16	1787	780	43	23	43.412788	=
5	1	1	1	60	17	1865	781	86	28	0.000000	g8s8
5	1	1	1	60	18	1966	803	12	24	38.654655	3
5	1	1	1	60	19	2026	808	44	14	49.950825	St
5	1	1	1	60	20	2151	818	17	18	55.702438	o
5	1	1	1	60	21	2198	821	94	22	0.000000	Fuea
5	1	1	1	60	22	2323	826	11	20	62.856880	§
5	1	1	1	60	23	2369	835	70	16	38.687744	gsa
5	1	1	1	60	24	2482	846	38	12	53.627174	22
4	1	1	1	61	0	387	690	2137	183	-1	
5	1	1	1	61	1	387	690	15	13	43.240223	>
5	1	1	1	61	2	512	693	93	26	0.000000	Sege
5	1	1	1	61	3	639	703	12	25	62.039318	3
5	1	1	1	61	4	687	716	37	19	53.645767	ag
5	1	1	1	61	5	842	727	64	18	21.291878	ues
5	1	1	1	61	6	979	734	42	14	30.133827	sN
5	1	1	1	61	7	1056	743	37	9	63.575813	S$
5	1	1	1	61	8	1133	743	38	24	89.184776	Be
5	1	1	1	61	9	1210	753	38	15	62.627834	Gs
5	1	1	1	61	10	1350	767	8	8	61.196602	*
5	1	1	1	61	11	1439	776	16	12	88.082825	a
5	1	1	1	61	12	1490	774	12	23	0.000000	oF
5	1	1	1	61	13	1594	788	64	12	28.815819	8°66
5	1	1	1	61	14	1787	800	37	22	59.415852	Se
5	1	1	1	61	15	1865	803	11	19	55.017208	8
5	1	1	1	61	16	1915	806	69	27	26.594963	B38
5	1	1	1	61	17	2052	823	12	12	33.913414	€
5	1	1	1	61	18	2124	822	39	28	39.301796	&8
5	1	1	1	61	19	2197	837	13	12	53.997135	2p
5	1	1	1	61	20	2250	843	11	6	45.645885	2
5	1	1	1	61	21	2275	844	18	17	0.000000	o
5	1	1	1	61	22	2370	848	69	19	58.023239	Bre
5	1	1	1	61	23	2482	857	42	16	28.317955	Se
4	1	1	1	62	0	386	704	2133	183	-1	
5	1	1	1	62	1	386	704	38	13	0.000000	@2o
5	1	1	1	62	2	466	707	8	14	79.126587	4
5	1	1	1	62	3	516	716	89	22	58.127613	PGE,
5	1	1	1	62	4	639	730	16	8	16.583847	2
5	1	1	1	62	5	686	726	13	35	90.406502	g
5	1	1	1	62	6	764	729	43	25	31.174248	38
5	1	1	1	62	7	841	747	13	10	0.000000	g
5	1	1	1	62	8	914	734	20	30	29.744232	ra
5	1	1	1	62	9	979	746	42	18	51.518188	Py
5	1	1	1	62	10	1055	752	42	22	59.162079	2s
5	1	1	1	62	11	1154	759	17	13	25.910454	oT
5	1	1	1	62	12	1211	776	44	8	14.502403	Fe
5	1	1	1	62	13	1289	781	17	14	83.597244	<
5	1	1	1	62	14	1443	795	17	6	37.268379	=
5	1	1	1	62	15	1490	798	12	10	79.015579	&
5	1	1	1	62	16	1643	791	24	30	36.094799	=a
5	1	1	1	62	17	1787	823	43	17	0.000000	&my
5	1	1	1	62	18	1864	821	119	24	0.000000	BROP
5	1	1	1	62	19	2025	829	39	24	58.974686	£0
5	1	1	1	62	20	2125	853	17	6	49.936127	+
5	1	1	1	62	21	2193	849	15	14	18.983215	3
5	1	1	1	62	22	2224	841	37	23	20.966103	BB
5	1	1	1	62	23	2274	837	12	38	33.968040	os
5	1	1	1	62	24	2322	856	18	21	18.610313	9
5	1	1	1	62	25	2369	861	68	16	0.000000	4a
5	1	1	1	62	26	2482	870	37	17	63.494614	a5
4	1	1	1	63	0	386	716	2107	183	-1	
5	1	1	1	63	1	386	716	38	23	60.317348	42
5	1	1	1	63	2	516	727	68	13	69.354218	Bok
5	1	1	1	63	3	639	740	12	11	83.718109	8
5	1	1	1	63	4	711	744	16	10	85.975662	a
5	1	1	1	63	5	764	753	12	10	53.513950	&
5	1	1	1	63	6	868	751	68	18	51.006550	POF
5	1	1	1	63	7	978	763	18	12	16.308662	yy
5	1	1	1	63	8	1051	766	47	15	58.015411	es
5	1	1	1	63	9	1129	767	21	33	46.043449	vu
5	1	1	1	63	10	1210	774	43	31	44.696735	IC)
5	1	1	1	63	11	1340	798	17	6	32.987244	a
5	1	1	1	63	12	1443	802	12	13	71.250481	B
5	1	1	1	63	13	1490	809	15	9	62.337833	¢
5	1	1	1	63	14	1594	809	12	12	75.220276	»
5	1	1	1	63	15	1812	839	17	8	25.399643	a
5	1	1	1	63	16	1889	829	69	32	31.445335	So...
5	1	1	1	63	17	2048	851	15	13	0.000000	]
5	1	1	1	63	18	2124	860	39	11	0.000000	2
5	1	1	1	63	19	2193	863	93	19	37.337299	vusas
5	1	1	1	63	20	2369	873	65	14	52.771553	One
5	1	1	1	63	21	2482	879	11	20	76.678894	3
4	1	1	1	64	0	412	731	2110	175	-1	
5	1	1	1	64	1	412	731	12	10	92.035599	&
5	1	1	1	64	2	463	733	18	16	41.135006	GC
5	1	1	1	64	3	515	739	90	12	5.701591	848
5	1	1	1	64	4	712	755	17	13	88.694763	B
5	1	1	1	64	5	764	756	43	18	72.263138	SS
5	1	1	1	64	6	841	758	90	24	41.910271	328s
5	1	1	1	64	7	977	776	44	14	35.446709	EG
5	1	1	1	64	8	1055	784	37	13	71.561646	«8
5	1	1	1	64	9	1154	785	100	20	38.701187	Bet
5	1	1	1	64	10	1289	805	62	11	46.858921	ys
5	1	1	1	64	11	1594	831	12	8	48.644646	a
5	1	1	1	64	12	1786	843	38	17	59.687149	sé
5	1	1	1	64	13	1889	848	94	26	33.178055	Fes
5	1	1	1	64	14	2025	863	39	14	0.000000	3
5	1	1	1	64	15	2124	870	44	12	62.574951	$7
5	1	1	1	64	16	2197	877	43	12	31.609406	@o
5	1	1	1	64	17	2322	885	17	16	18.284065	my
5	1	1	1	64	18	2368	887	44	14	30.423904	ae
5	1	1	1	64	19	2507	897	15	9	44.426426	5
4	1	1	1	65	0	412	742	2112	184	-1	
5	1	1	1	65	1	412	742	12	10	31.493301	&
5	1	1	1	65	2	515	747	89	22	0.000000	ERe5
5	1	1	1	65	3	638	760	13	14	68.963249	§
5	1	1	1	65	4	685	769	39	12	58.850014	am
5	1	1	1	65	5	764	772	37	14	19.363083	&s8
5	1	1	1	65	6	867	775	63	21	29.822952	ae)
5	1	1	1	65	7	973	785	42	25	0.000000	o8
5	1	1	1	65	8	1055	795	37	16	69.820679	$3
5	1	1	1	65	9	1133	798	37	15	27.561577	#3
5	1	1	1	65	10	1209	802	43	21	24.037010	2s
5	1	1	1	65	11	1443	824	17	16	32.874924	w
5	1	1	1	65	12	1538	830	21	13	64.600708	e
5	1	1	1	65	13	1594	840	12	10	69.188293	2
5	1	1	1	65	14	1786	852	12	11	47.080315	s
5	1	1	1	65	15	1864	854	113	27	0.000000	SaS8
5	1	1	1	65	16	2025	876	17	13	8.760162	&
5	1	1	1	65	17	2123	880	13	11	0.000000	o
5	1	1	1	65	18	2223	883	63	22	42.489738	eae
5	1	1	1	65	19	2369	896	64	25	58.943665	Fes
5	1	1	1	65	20	2481	900	43	26	47.799614	BF
4	1	1	1	66	0	385	748	2133	180	-1	
5	1	1	1	66	1	385	748	43	14	28.657944	t%
5	1	1	1	66	2	567	764	41	13	59.603760	Bs
5	1	1	1	66	3	638	775	12	10	93.325745	3
5	1	1	1	66	4	711	781	16	9	58.415188	&
5	1	1	1	66	5	764	782	11	11	49.549080	§
5	1	1	1	66	6	841	779	88	22	49.658356	Beas
5	1	1	1	66	7	1071	792	28	31	14.663940	eS
5	1	1	1	66	8	1157	809	13	12	71.822853	o
5	1	1	1	66	9	1210	815	11	13	71.822853	§
5	1	1	1	66	10	1339	824	17	16	49.066116	Bo
5	1	1	1	66	11	1391	828	18	14	31.689537	o<
5	1	1	1	66	12	1485	837	21	13	0.000000	e
5	1	1	1	66	13	1554	846	8	8	87.833862	*
5	1	1	1	66	14	1594	852	11	12	70.230331	g
5	1	1	1	66	15	1782	861	42	13	8.726234	S$8
5	1	1	1	66	16	1864	867	88	21	81.334541	Bags
5	1	1	1	66	17	2051	879	16	18	69.931900	a
5	1	1	1	66	18	2124	889	42	9	40.171452	ct
5	1	1	1	66	19	2197	890	89	29	41.424221	E228
5	1	1	1	66	20	2482	921	36	7	54.663078	ge
4	1	1	1	67	0	386	759	2133	179	-1	
5	1	1	1	67	1	386	759	16	13	54.628681	>
5	1	1	1	67	2	516	764	88	24	47.784431	Baga
5	1	1	1	67	3	686	781	17	12	52.327045	a
5	1	1	1	67	4	763	786	43	22	68.412491	32.
5	1	1	1	67	5	840	797	90	18	8.640556	Pa®e
5	1	1	1	67	6	973	806	46	19	49.566597	3a
5	1	1	1	67	7	1054	812	12	12	65.898460	8
5	1	1	1	67	8	1133	815	37	18	80.236176	Bo
5	1	1	1	67	9	1209	829	38	13	36.525368	ff
5	1	1	1	67	10	1439	833	19	30	29.766930	a2
5	1	1	1	67	11	1500	853	8	8	0.000000	e
5	1	1	1	67	12	1593	865	16	9	58.833660	a
5	1	1	1	67	13	1642	867	19	10	84.537704	2
5	1	1	1	67	14	1786	875	12	8	64.738472	=
5	1	1	1	67	15	1812	872	17	12	16.771835	a
5	1	1	1	67	16	1863	880	120	26	0.000000	aekheo
5	1	1	1	67	17	2025	890	34	16	80.523483	ad
5	1	1	1	67	18	2118	898	49	18	44.270813	eS
5	1	1	1	67	19	2227	915	3	8	55.702354	x
5	1	1	1	67	20	2248	915	12	11	0.000000	F
5	1	1	1	67	21	2321	913	13	12	49.674881	BE
5	1	1	1	67	22	2368	916	70	21	0.000000	&ese
5	1	1	1	67	23	2482	928	37	10	47.560520	SE
4	1	1	1	68	0	385	774	2108	179	-1	
5	1	1	1	68	1	385	774	13	10	62.292484	4
5	1	1	1	68	2	515	785	63	16	0.000000	os
5	1	1	1	68	3	685	795	13	10	68.585762	@
5	1	1	1	68	4	711	800	17	6	0.000000	m.
5	1	1	1	68	5	789	806	11	14	60.049942	3
5	1	1	1	68	6	867	822	11	6	4.333656	a
5	1	1	1	68	7	892	817	17	10	19.589096	oe
5	1	1	1	68	8	977	820	12	12	0.000000	o
5	1	1	1	68	9	1054	825	42	15	19.990761	we.
5	1	1	1	68	10	1133	829	37	16	48.759644	me
5	1	1	1	68	11	1213	842	34	11	28.131165	“3
5	1	1	1	68	12	1339	841	64	21	71.642799	Boa
5	1	1	1	68	13	1442	854	12	13	41.980469	<
5	1	1	1	68	14	1786	884	12	10	84.327972	8
5	1	1	1	68	15	1889	897	16	6	32.188179	pe
5	1	1	1	68	16	1936	896	15	13	20.155853	ee
5	1	1	1	68	17	2024	901	44	21	84.397720	EN
5	1	1	1	68	18	2150	914	63	14	17.336243	ow.
5	1	1	1	68	19	2269	920	16	13	30.370354	8
5	1	1	1	68	20	2322	926	11	13	79.244888	5
5	1	1	1	68	21	2367	929	39	24	55.100441	+O
5	1	1	1	68	22	2420	938	12	13	0.000000	b
5	1	1	1	68	23	2480	939	13	10	66.487602	o
4	1	1	1	69	0	385	774	2133	214	-1	
5	1	1	1	69	1	385	774	43	39	31.691071	ee
5	1	1	1	69	2	465	792	9	18	32.409470	I
5	1	1	1	69	3	514	785	95	45	27.035858	gege
5	1	1	1	69	4	638	795	12	27	0.000000	§
5	1	1	1	69	5	684	806	45	31	63.070873	35
5	1	1	1	69	6	759	819	41	22	76.571442	So
5	1	1	1	69	7	840	813	89	43	25.164505	Sees
5	1	1	1	69	8	976	833	43	27	64.445251	fe
5	1	1	1	69	9	1054	840	43	37	80.216850	SE
5	1	1	1	69	10	1132	846	38	34	74.304581	pe
5	1	1	1	69	11	1208	851	38	29	37.213322	gf
5	1	1	1	69	12	1287	852	19	26	19.161148	on
5	1	1	1	69	13	1334	863	21	19	67.041542	2
5	1	1	1	69	14	1442	868	63	40	47.147198	Ze
5	1	1	1	69	15	1540	883	15	23	47.147198	¢
5	1	1	1	69	16	1593	876	13	35	49.231682	8
5	1	1	1	69	17	1641	900	15	12	0.000000	°
5	1	1	1	69	18	1785	894	44	29	42.013554	es
5	1	1	1	69	19	1863	904	114	38	0.000000	gbeos
5	1	1	1	69	20	2024	915	44	41	30.397629	$2
5	1	1	1	69	21	2122	928	45	27	4.458534	©
5	1	1	1	69	22	2195	929	16	31	7.106972	a
5	1	1	1	69	23	2223	924	63	45	0.000000	3e¢
5	1	1	1	69	24	2321	940	17	39	91.007233	>
5	1	1	1	69	25	2367	948	70	32	68.961777	FUE
5	1	1	1	69	26	2480	948	38	40	48.707119	3k
4	1	1	1	70	0	385	807	2132	197	-1	
5	1	1	1	70	1	385	807	87	24	11.907509	ore
5	1	1	1	70	2	514	826	93	14	27.769867	RUSH
5	1	1	1	70	3	637	834	12	9	34.171288	og
5	1	1	1	70	4	684	837	38	13	86.528358	FY
5	1	1	1	70	5	788	843	17	7	19.291695	&
5	1	1	1	70	6	840	842	63	24	65.409164	SES
5	1	1	1	70	7	977	858	37	18	66.081665	NS
5	1	1	1	70	8	1079	867	17	8	30.286674	=
5	1	1	1	70	9	1156	877	13	12	16.380066	Oo
5	1	1	1	70	10	1209	878	43	10	32.995636	Fe
5	1	1	1	70	11	1391	899	18	12	83.469803	n
5	1	1	1	70	12	1441	891	18	19	62.611526	&
5	1	1	1	70	13	1592	913	13	9	54.256027	3
5	1	1	1	70	14	1785	925	43	21	63.739731	ss
5	1	1	1	70	15	1862	931	64	20	0.000000	PAs
5	1	1	1	70	16	1943	939	38	17	0.000000	ea
5	1	1	1	70	17	2024	939	12	13	30.351364	¢«
5	1	1	1	70	18	2123	952	37	18	49.932552	es
5	1	1	1	70	19	2196	956	62	25	0.000000	FOg
5	1	1	1	70	20	2273	970	16	6	65.301773	&
5	1	1	1	70	21	2367	975	38	15	68.171806	Ao
5	1	1	1	70	22	2421	982	11	12	41.823608	8
5	1	1	1	70	23	2480	971	37	33	22.500450	eo?
4	1	1	1	71	0	384	822	2133	191	-1	
5	1	1	1	71	1	384	822	38	20	27.906219	o8
5	1	1	1	71	2	514	833	63	17	48.603249	ons
5	1	1	1	71	3	591	840	17	20	27.888718	&
5	1	1	1	71	4	637	845	17	18	0.000000	&
5	1	1	1	71	5	684	849	38	15	40.198841	ou
5	1	1	1	71	6	762	850	42	21	8.516418	sf
5	1	1	1	71	7	865	865	71	20	3.617188	8a
5	1	1	1	71	8	976	870	38	22	64.488251	34
5	1	1	1	71	9	1054	877	41	18	66.259201	Qe
5	1	1	1	71	10	1132	881	42	27	38.789597	6s
5	1	1	1	71	11	1204	884	42	25	24.177544	Fs
5	1	1	1	71	12	1287	894	16	19	26.463737	f+
5	1	1	1	71	13	1337	906	17	12	24.182343	og
5	1	1	1	71	14	1390	913	12	12	0.000000	e&
5	1	1	1	71	15	1442	911	11	13	56.779343	3
5	1	1	1	71	16	1488	917	12	13	29.674995	2
5	1	1	1	71	17	1644	931	10	21	61.482655	tl
5	1	1	1	71	18	1785	936	42	19	36.039730	Se
5	1	1	1	71	19	1862	951	12	8	56.138054	o
5	1	1	1	71	20	1913	945	67	25	33.127831	sea
5	1	1	1	71	21	2024	953	43	20	44.664101	8S
5	1	1	1	71	22	2122	961	39	20	70.830864	BS
5	1	1	1	71	23	2195	975	39	21	44.469955	,
5	1	1	1	71	24	2273	977	11	19	41.365894	°F
5	1	1	1	71	25	2320	980	17	16	64.898491	&
5	1	1	1	71	26	2389	979	22	31	8.843796	mh
5	1	1	1	71	27	2479	1001	38	12	66.910889	of
4	1	1	1	72	0	384	840	2108	186	-1	
5	1	1	1	72	1	384	840	39	17	35.894852	20
5	1	1	1	72	2	539	849	64	24	35.824089	Sas
5	1	1	1	72	3	636	864	13	21	86.575378	3
5	1	1	1	72	4	684	863	38	20	65.526276	gy
5	1	1	1	72	5	762	872	18	17	86.049828	=
5	1	1	1	72	6	835	872	97	26	23.764496	Seon
5	1	1	1	72	7	976	891	43	18	58.248772	QP
5	1	1	1	72	8	1067	896	29	15	84.871803	>
5	1	1	1	72	9	1156	894	16	26	0.000000	a9
5	1	1	1	72	10	1208	907	38	23	52.190701	aS
5	1	1	1	72	11	1281	916	24	7	21.580444	m~
5	1	1	1	72	12	1337	921	13	9	79.335892	&
5	1	1	1	72	13	1390	928	17	12	72.746185	T
5	1	1	1	72	14	1435	933	25	8	63.125340	7
5	1	1	1	72	15	1487	931	17	16	39.597473	Ht
5	1	1	1	72	16	1537	932	20	16	50.716328	ew
5	1	1	1	72	17	1588	941	21	13	6.695648	a
5	1	1	1	72	18	1785	948	11	14	0.000000	&
5	1	1	1	72	19	1862	961	114	22	14.727036	Ewes
5	1	1	1	72	20	2023	974	39	17	38.866875	a)
5	1	1	1	72	21	2118	973	47	29	14.003975	Vasa
5	1	1	1	72	22	2217	991	68	19	0.000000	ots
5	1	1	1	72	23	2367	997	68	29	46.245430	$4¢
5	1	1	1	72	24	2479	1015	13	11	3.383270	8
4	1	1	1	73	0	385	855	2132	184	-1	
5	1	1	1	73	1	385	855	37	13	17.307419	Ema
5	1	1	1	73	2	515	863	61	24	70.106216	1%¢
5	1	1	1	73	3	709	880	13	11	76.027931	8
5	1	1	1	73	4	787	882	12	11	55.379082	8
5	1	1	1	73	5	865	887	13	21	2.980492	&
5	1	1	1	73	6	891	890	11	20	22.629692	8
5	1	1	1	73	7	1001	900	13	11	65.379646	g§
5	1	1	1	73	8	1053	904	37	18	6.351692	s8
5	1	1	1	73	9	1131	909	37	23	51.853134	Bg
5	1	1	1	73	10	1338	931	273	34	0.000000	PRSeEQs
5	1	1	1	73	11	1785	963	42	26	49.487946	22
5	1	1	1	73	12	1862	972	94	18	8.088615	Foon
5	1	1	1	73	13	2023	992	39	14	69.649483	Sp
5	1	1	1	73	14	2122	991	38	20	36.937233	8S
5	1	1	1	73	15	2195	996	93	23	21.004250	pSee
5	1	1	1	73	16	2320	1007	17	13	0.000000	F
5	1	1	1	73	17	2420	1014	16	12	0.000000	F
5	1	1	1	73	18	2480	1026	37	13	69.605804	os
4	1	1	1	74	0	385	866	2135	188	-1	
5	1	1	1	74	1	385	866	11	12	68.703682	5
5	1	1	1	74	2	456	877	24	5	49.545860	—
5	1	1	1	74	3	540	875	66	20	34.279015	Pos
5	1	1	1	74	4	636	887	12	10	77.375473	&
5	1	1	1	74	5	684	884	41	27	32.285759	ER
5	1	1	1	74	6	758	899	15	13	29.259094	aa
5	1	1	1	74	7	835	898	67	26	0.000000	Rea
5	1	1	1	74	8	916	907	12	17	0.000000	4
5	1	1	1	74	9	976	912	37	20	45.198372	wa
5	1	1	1	74	10	1143	926	25	13	35.642387	fo
5	1	1	1	74	11	1207	931	39	11	89.406067	28
5	1	1	1	74	12	1287	932	16	22	3.458748	2
5	1	1	1	74	13	1337	946	12	13	42.754814	a5
5	1	1	1	74	14	1389	950	16	9	45.721359	4
5	1	1	1	74	15	1435	955	69	7	50.988510	SE
5	1	1	1	74	16	1784	978	16	8	27.123497	=
5	1	1	1	74	17	1861	986	65	19	0.000000	BZR
5	1	1	1	74	18	1945	990	31	16	14.674393	Ho
5	1	1	1	74	19	2121	1010	39	15	39.681938	£5
5	1	1	1	74	20	2194	1009	90	21	9.262985	SUtps
5	1	1	1	74	21	2320	1021	11	19	55.427109	3
5	1	1	1	74	22	2367	1023	64	17	35.270035	8s.
5	1	1	1	74	23	2479	1040	41	14	48.712654	Be
4	1	1	1	75	0	379	877	2115	182	-1	
5	1	1	1	75	1	379	877	46	14	42.707615	we
5	1	1	1	75	2	564	889	43	21	82.020424	of
5	1	1	1	75	3	636	898	12	13	92.803307	3
5	1	1	1	75	4	840	913	93	19	57.475876	Chee
5	1	1	1	75	5	975	926	13	9	4.209320	w
5	1	1	1	75	6	1052	932	37	13	77.851524	ge
5	1	1	1	75	7	1131	933	11	15	25.029701	os
5	1	1	1	75	8	1207	941	38	15	53.981941	$3
5	1	1	1	75	9	1298	956	8	8	23.228470	*
5	1	1	1	75	10	1337	960	12	10	0.000000	e
5	1	1	1	75	11	1384	962	24	7	20.526802	SA
5	1	1	1	75	12	1488	963	70	18	25.460197	So
5	1	1	1	75	13	1640	973	23	19	87.570511	Q
5	1	1	1	75	14	1784	987	37	13	60.690483	Se
5	1	1	1	75	15	1913	1001	16	9	0.000000	+
5	1	1	1	75	16	1963	1004	13	12	0.000000	AS
5	1	1	1	75	17	2049	1008	13	12	55.676094	8
5	1	1	1	75	18	2195	1020	94	21	0.000000	ag5f
5	1	1	1	75	19	2366	1034	68	17	73.318497	age
5	1	1	1	75	20	2479	1050	15	9	61.448967	&
4	1	1	1	76	0	410	888	2112	183	-1	
5	1	1	1	76	1	410	888	16	13	53.968353	4
5	1	1	1	76	2	513	893	42	25	19.626404	Gg
5	1	1	1	76	3	590	911	13	11	14.358894	sz
5	1	1	1	76	4	714	912	3	8	0.000000	.
5	1	1	1	76	5	762	914	11	11	60.385864	8
5	1	1	1	76	6	834	919	69	23	63.372108	S25
5	1	1	1	76	7	918	913	15	33	24.899719	8:
5	1	1	1	76	8	1053	940	36	26	77.268066	a8
5	1	1	1	76	9	1126	949	41	20	53.228432	me
5	1	1	1	76	10	1207	951	42	15	44.911041	BE
5	1	1	1	76	11	1386	971	15	12	6.720230	S&
5	1	1	1	76	12	1440	972	58	23	0.000000	ogee
5	1	1	1	76	13	1534	989	24	8	56.145950	a
5	1	1	1	76	14	1592	986	69	23	63.422169	2
5	1	1	1	76	15	1780	999	41	23	75.638954	38
5	1	1	1	76	16	1857	999	118	30	45.747532	353708
5	1	1	1	76	17	2023	1013	38	20	14.621269	83
5	1	1	1	76	18	2122	1025	43	20	82.010765	Ar
5	1	1	1	76	19	2194	1033	89	18	17.713051	85a
5	1	1	1	76	20	2319	1042	12	10	73.860291	8
5	1	1	1	76	21	2366	1047	70	24	45.456032	Sop
5	1	1	1	76	22	2479	1055	43	15	8.957405	ge
4	1	1	1	77	0	379	901	2138	182	-1	
5	1	1	1	77	1	379	901	42	14	52.128899	yet
5	1	1	1	77	2	460	909	18	12	77.517960	y
5	1	1	1	77	3	543	909	63	25	38.700714	PER
5	1	1	1	77	4	636	914	17	17	74.638924	F
5	1	1	1	77	5	683	921	43	18	45.807190	ch
5	1	1	1	77	6	757	918	47	34	4.804337	S..
5	1	1	1	77	7	839	941	94	18	38.127308	Borgo
5	1	1	1	77	8	975	941	43	19	29.449127	ef
5	1	1	1	77	9	1052	955	43	11	49.322605	28
5	1	1	1	77	10	1156	970	17	6	19.200600	Ee
5	1	1	1	77	11	1207	963	38	20	62.091743	ef
5	1	1	1	77	12	1282	979	9	4	83.797432	.
5	1	1	1	77	13	1337	972	17	13	64.536591	&
5	1	1	1	77	14	1385	986	9	4	82.471985	&
5	1	1	1	77	15	1440	984	17	10	22.872292	>
5	1	1	1	77	16	1482	996	16	12	39.133118	3
5	1	1	1	77	17	1592	1005	17	12	68.595123	=
5	1	1	1	77	18	1809	1012	18	13	7.521736	B
5	1	1	1	77	19	1860	1019	115	25	11.973328	EBNOE
5	1	1	1	77	20	2022	1034	39	23	47.633152	$e
5	1	1	1	77	21	2121	1038	44	25	0.000000	eG6
5	1	1	1	77	22	2194	1049	68	11	58.785595	ake
5	1	1	1	77	23	2319	1053	84	20	23.551758	Zo
5	1	1	1	77	24	2479	1071	11	12	65.182198	2
5	1	1	1	77	25	2504	1070	13	12	74.275970	®
4	1	1	1	78	0	384	915	2165	187	-1	
5	1	1	1	78	1	384	915	11	10	23.669266	5
5	1	1	1	78	2	514	930	16	5	0.000000	me
5	1	1	1	78	3	786	945	12	13	96.028107	3
5	1	1	1	78	4	890	954	38	12	0.000000	a
5	1	1	1	78	5	976	957	37	19	63.818508	32
5	1	1	1	78	6	1052	967	37	11	70.274445	$868
5	1	1	1	78	7	1130	974	42	14	47.614189	of
5	1	1	1	78	8	1337	993	64	15	42.816818	$8
5	1	1	1	78	9	1440	1000	17	17	77.030930	4
5	1	1	1	78	10	1535	1003	21	13	17.141891	Ss
5	1	1	1	78	11	1592	1019	16	5	0.387871	Ff
5	1	1	1	78	12	1639	1010	15	14	85.581383	6
5	1	1	1	78	13	1784	1023	37	16	31.245750	§s
5	1	1	1	78	14	1860	1038	13	10	88.465225	§
5	1	1	1	78	15	1913	1035	67	15	59.980614	yok
5	1	1	1	78	16	2050	1046	11	20	95.983925	5
5	1	1	1	78	17	2121	1052	12	11	47.206444	@
5	1	1	1	78	18	2194	1059	38	12	11.160881	Qe
5	1	1	1	78	19	2250	1061	38	13	11.160881	re
5	1	1	1	78	20	2366	1073	69	25	33.158409	aoe
5	1	1	1	78	21	2504	1081	45	21	9.920998	ee
4	1	1	1	79	0	383	921	2138	186	-1	
5	1	1	1	79	1	383	921	43	15	48.198570	ce
5	1	1	1	79	2	460	924	12	12	67.605507	§
5	1	1	1	79	3	512	936	89	22	19.075050	Boon
5	1	1	1	79	4	708	937	18	32	70.932571	a
5	1	1	1	79	5	761	950	37	20	77.979378	38
5	1	1	1	79	6	833	955	98	34	0.000000	S3ee
5	1	1	1	79	7	970	972	42	18	64.004700	28
5	1	1	1	79	8	1051	979	38	21	44.461128	Bs
5	1	1	1	79	9	1130	985	42	15	0.000000	5=
5	1	1	1	79	10	1207	985	90	24	25.815193	BOY
5	1	1	1	79	11	1336	1004	72	13	25.929344	oof
5	1	1	1	79	12	1486	1016	16	9	60.237602	S$
5	1	1	1	79	13	1551	1018	8	9	79.391403	*
5	1	1	1	79	14	1591	1026	12	10	11.627396	&
5	1	1	1	79	15	1639	1025	18	14	31.892693	&
5	1	1	1	79	16	1784	1035	36	17	0.000000	o8
5	1	1	1	79	17	1861	1045	113	25	0.922607	S$2a8e
5	1	1	1	79	18	2023	1057	16	13	65.841621	8
5	1	1	1	79	19	2122	1064	42	13	40.005730	"BF
5	1	1	1	79	20	2193	1073	94	17	40.100574	8580
5	1	1	1	79	21	2392	1085	11	20	87.439789	3
5	1	1	1	79	22	2478	1084	43	23	19.071564	$e
4	1	1	1	80	0	378	935	2141	191	-1	
5	1	1	1	80	1	378	935	43	16	56.592182	go
5	1	1	1	80	2	456	937	16	13	15.258072	9
5	1	1	1	80	3	538	951	64	17	18.941048	58
5	1	1	1	80	4	679	950	21	33	31.430862	oa
5	1	1	1	80	5	755	968	43	15	16.687546	“~s
5	1	1	1	80	6	837	975	91	15	66.551315	«358
5	1	1	1	80	7	970	973	20	33	15.977921	Ss
5	1	1	1	80	8	1052	994	11	9	37.699768	&
5	1	1	1	80	9	1154	1003	18	13	57.911411	os
5	1	1	1	80	10	1206	1004	43	13	25.908806	|e
5	1	1	1	80	11	1440	1018	64	21	43.351051	BF
5	1	1	1	80	12	1534	1035	24	7	50.685471	3
5	1	1	1	80	13	1592	1037	16	12	32.939186	fs
5	1	1	1	80	14	1635	1027	19	33	31.658585	vA
5	1	1	1	80	15	1783	1047	43	14	54.206108	ce
5	1	1	1	80	16	1860	1062	16	9	62.304482	8
5	1	1	1	80	17	1962	1064	102	25	10.255318	B28
5	1	1	1	80	18	2147	1079	13	12	84.163040	§
5	1	1	1	80	19	2193	1084	94	21	0.000000	£2,°
5	1	1	1	80	20	2365	1094	65	26	25.527054	eae
5	1	1	1	80	21	2478	1106	41	20	53.968891	so
4	1	1	1	81	0	382	948	2133	196	-1	
5	1	1	1	81	1	382	948	38	20	79.113922	@3
5	1	1	1	81	2	456	951	16	14	52.574425	9
5	1	1	1	81	3	512	955	90	30	0.000000	Sse
5	1	1	1	81	4	682	972	38	18	51.893383	Qs
5	1	1	1	81	5	786	984	12	13	36.866119	8
5	1	1	1	81	6	838	986	92	24	32.130241	Fase
5	1	1	1	81	7	970	994	47	19	0.000000	nN
5	1	1	1	81	8	1051	1004	38	18	90.689980	Se
5	1	1	1	81	9	1130	1006	37	21	70.783669	WF
5	1	1	1	81	10	1207	1013	37	17	57.609688	SR
5	1	1	1	81	11	1280	1020	24	6	64.314110	oO
5	1	1	1	81	12	1336	1026	17	13	20.023636	o
5	1	1	1	81	13	1439	1032	13	23	82.296501	8
5	1	1	1	81	14	1486	1040	12	11	35.500244	68
5	1	1	1	81	15	1639	1051	15	13	43.451752	@
5	1	1	1	81	16	1783	1062	37	13	52.018265	28
5	1	1	1	81	17	1885	1073	89	21	3.834244	Rego
5	1	1	1	81	18	2022	1087	38	15	44.948723	se
5	1	1	1	81	19	2120	1090	39	13	83.492149	26
5	1	1	1	81	20	2193	1102	89	20	40.838745	SSB.
5	1	1	1	81	21	2365	1117	64	16	41.643642	er
5	1	1	1	81	22	2478	1126	12	10	0.000000	&
5	1	1	1	81	23	2503	1126	12	18	62.527802	4
4	1	1	1	82	0	382	964	2167	187	-1	
5	1	1	1	82	1	382	964	93	34	32.487442	a
5	1	1	1	82	2	512	975	89	20	33.745583	Lae
5	1	1	1	82	3	914	1022	16	8	81.542320	g
5	1	1	1	82	4	974	1009	43	32	30.929344	eo
5	1	1	1	82	5	1051	1023	38	21	58.817116	$2
5	1	1	1	82	6	1129	1025	38	26	33.344032	fo
5	1	1	1	82	7	1206	1030	37	18	53.639374	Fg
5	1	1	1	82	8	1288	1005	22	64	57.067787	~
5	1	1	1	82	9	1336	1036	66	23	17.725189	Fy
5	1	1	1	82	10	1439	1056	11	9	46.269577	8
5	1	1	1	82	11	1486	1055	176	19	18.983841	s~ss
5	1	1	1	82	12	1779	1073	41	20	61.228909	ss
5	1	1	1	82	13	1860	1081	117	24	35.946838	Seeks
5	1	1	1	82	14	2021	1098	13	7	92.044968	#2
5	1	1	1	82	15	2120	1105	39	20	84.523010	38
5	1	1	1	82	16	2193	1111	90	28	36.173721	223%
5	1	1	1	82	17	2391	1129	38	19	68.936310	oy
5	1	1	1	82	18	2503	1134	46	17	22.061722	34
4	1	1	1	83	0	382	982	2138	181	-1	
5	1	1	1	83	1	382	984	17	6	36.819649	2.
5	1	1	1	83	2	409	982	16	5	36.819649	&
5	1	1	1	83	3	512	987	12	6	42.199459	5
5	1	1	1	83	4	799	1013	4	3	20.021545	.
5	1	1	1	83	5	1486	1068	12	12	54.333214	3
5	1	1	1	83	6	1591	1074	70	16	27.682327	WM
5	1	1	1	83	7	1782	1096	17	7	15.338440	s
5	1	1	1	83	8	1885	1102	94	17	0.000000	oeof
5	1	1	1	83	9	2043	1105	24	31	0.000000	gt.
5	1	1	1	83	10	2156	1127	8	8	53.976089	s
5	1	1	1	83	11	2194	1129	4	4	30.116661	=
5	1	1	1	83	12	2270	1134	13	12	47.483932	>
5	1	1	1	83	13	2361	1132	22	31	39.574909	ry
5	1	1	1	83	14	2478	1145	42	13	6.384842	8
4	1	1	1	84	0	382	985	2138	186	-1	
5	1	1	1	84	1	382	989	37	13	48.536469	gs
5	1	1	1	84	2	463	999	4	8	73.865608	¢
5	1	1	1	84	3	511	985	64	28	46.613350	BES
5	1	1	1	84	4	589	1003	17	17	25.247238	a
5	1	1	1	84	5	682	1002	38	32	48.143925	2%
5	1	1	1	84	6	786	1017	16	19	73.060837	&
5	1	1	1	84	7	837	1019	95	26	5.356247	9°43
5	1	1	1	84	8	974	1033	44	17	28.803093	30
5	1	1	1	84	9	1051	1044	42	14	54.434143	ze
5	1	1	1	84	10	1129	1040	38	24	43.852562	g8
5	1	1	1	84	11	1200	1048	44	13	19.184731	~s
5	1	1	1	84	12	1283	1060	69	25	40.441437	Yo¢
5	1	1	1	84	13	1439	1066	12	31	79.096848	g
5	1	1	1	84	14	1486	1081	16	13	11.758720	¢<
5	1	1	1	84	15	1638	1092	16	15	5.192101	e
5	1	1	1	84	16	1782	1103	42	13	71.005653	aS
5	1	1	1	84	17	1860	1104	113	29	29.325165	#2227
5	1	1	1	84	18	2021	1115	44	21	92.674225	ag
5	1	1	1	84	19	2120	1131	12	12	51.667515	2
5	1	1	1	84	20	2187	1136	95	20	11.603012	roe
5	1	1	1	84	21	2364	1146	65	25	83.663658	Eng
5	1	1	1	84	22	2477	1156	43	12	65.456642	38
4	1	1	1	85	0	381	1003	2139	188	-1	
5	1	1	1	85	1	381	1003	38	17	81.790443	Fo
5	1	1	1	85	2	459	1007	17	14	85.492348	N
5	1	1	1	85	3	511	1012	43	17	54.115150	9’
5	1	1	1	85	4	602	1023	4	9	59.871197	Q
5	1	1	1	85	5	708	1035	12	8	75.509720	g
5	1	1	1	85	6	785	1037	12	10	54.628021	8
5	1	1	1	85	7	837	1037	89	25	24.332771	Sos
5	1	1	1	85	8	973	1046	13	24	78.971260	8
5	1	1	1	85	9	1051	1056	37	16	64.201073	Be
5	1	1	1	85	10	1129	1065	42	16	57.722549	BE
5	1	1	1	85	11	1231	1062	18	26	38.394615	a
5	1	1	1	85	12	1335	1085	13	10	46.169418	a
5	1	1	1	85	13	1384	1077	21	16	35.897552	¢
5	1	1	1	85	14	1485	1096	12	11	41.921989	7
5	1	1	1	85	15	1589	1099	18	13	1.818092	yp
5	1	1	1	85	16	1632	1108	21	16	37.603653	&
5	1	1	1	85	17	1782	1112	38	16	77.569023	eS
5	1	1	1	85	18	1860	1127	117	15	21.475471	s8ege
5	1	1	1	85	19	2020	1130	39	20	47.496738	ge
5	1	1	1	85	20	2119	1143	42	19	35.462959	Be
5	1	1	1	85	21	2245	1152	37	14	61.094021	Ba
5	1	1	1	85	22	2365	1161	64	22	47.937923	ere
5	1	1	1	85	23	2477	1170	43	21	32.865532	BS
4	1	1	1	86	0	408	1022	2106	180	-1	
5	1	1	1	86	1	408	1022	16	6	11.404991	es
5	1	1	1	86	2	459	1023	17	14	26.673973	3
5	1	1	1	86	3	512	1030	42	15	61.945824	$8
5	1	1	1	86	4	588	1022	17	25	48.439850	¢
5	1	1	1	86	5	707	1044	12	10	48.837860	3
5	1	1	1	86	6	785	1048	12	14	62.767349	2
5	1	1	1	86	7	837	1050	93	25	70.878342	53988
5	1	1	1	86	8	999	1062	12	21	61.425976	2
5	1	1	1	86	9	1075	1067	13	21	95.231667	3
5	1	1	1	86	10	1153	1080	13	10	84.760925	@
5	1	1	1	86	11	1207	1087	37	15	84.698608	of
5	1	1	1	86	12	1400	1095	54	21	23.738792	{4
5	1	1	1	86	13	1484	1107	13	17	82.904434	g
5	1	1	1	86	14	1589	1113	13	10	32.851341	g
5	1	1	1	86	15	1804	1131	22	12	55.048046	>
5	1	1	1	86	16	1859	1137	64	15	60.637924	gts
5	1	1	1	86	17	2021	1149	38	12	30.505371	35
5	1	1	1	86	18	2119	1158	39	12	82.081924	2.5
5	1	1	1	86	19	2213	1162	48	18	49.875755	Se
5	1	1	1	86	20	2364	1173	65	21	1.277962	ako
5	1	1	1	86	21	2477	1186	37	16	59.953350	8S
4	1	1	1	87	0	407	1026	2107	183	-1	
5	1	1	1	87	1	407	1029	12	10	65.202682	®
5	1	1	1	87	2	533	1026	15	29	41.338657	Ps
5	1	1	1	87	3	1334	1105	13	8	84.525238	2
5	1	1	1	87	4	1382	1109	73	15	36.162506	Now
5	1	1	1	87	5	1589	1124	16	9	45.853615	+
5	1	1	1	87	6	1782	1140	37	16	61.197380	eso
5	1	1	1	87	7	1860	1150	16	6	70.062744	&
5	1	1	1	87	8	1936	1150	43	14	41.861347	PR
5	1	1	1	87	9	2021	1159	11	9	58.228535	FF
5	1	1	1	87	10	2115	1170	16	12	45.575718	a
5	1	1	1	87	11	2219	1170	68	17	43.040501	Po
5	1	1	1	87	12	2363	1185	39	18	78.882965	23
5	1	1	1	87	13	2502	1198	12	11	96.105843	3
4	1	1	1	88	0	510	1042	1979	172	-1	
5	1	1	1	88	1	510	1043	39	17	93.379776	ag
5	1	1	1	88	2	588	1042	17	27	0.000000	o,
5	1	1	1	88	3	708	1056	11	13	54.550457	5
5	1	1	1	88	4	785	1064	63	20	48.079483	Sos
5	1	1	1	88	5	889	1077	42	16	59.208164	aN
5	1	1	1	88	6	973	1080	38	14	93.672600	No
5	1	1	1	88	7	1129	1081	42	29	0.000000	g8
5	1	1	1	88	8	1231	1101	11	12	18.603455	¢
5	1	1	1	88	9	1334	1115	13	10	34.945686	&
5	1	1	1	88	10	1388	1118	11	11	0.000000	R
5	1	1	1	88	11	1485	1126	17	5	26.550781	aa
5	1	1	1	88	12	1860	1157	16	6	38.300610	S58
5	1	1	1	88	13	1911	1153	11	20	68.561371	9
5	1	1	1	88	14	2020	1169	44	10	40.711460	aed
5	1	1	1	88	15	2142	1169	19	27	0.000000	st
5	1	1	1	88	16	2244	1182	38	14	47.552490	a9
5	1	1	1	88	17	2364	1196	69	13	29.836288	328
5	1	1	1	88	18	2476	1203	13	11	44.976494	9
4	1	1	1	89	0	407	1038	2107	192	-1	
5	1	1	1	89	1	407	1038	70	22	44.698910	BQ
5	1	1	1	89	2	537	1060	11	13	58.602249	Ss
5	1	1	1	89	3	589	1060	16	14	13.557541	@
5	1	1	1	89	4	703	1059	19	32	2.314590	st
5	1	1	1	89	5	781	1075	16	13	23.151947	e
5	1	1	1	89	6	837	1075	63	21	24.852051	23
5	1	1	1	89	7	973	1095	17	15	32.197647	y
5	1	1	1	89	8	1076	1099	17	17	5.526962	yn
5	1	1	1	89	9	1231	1115	17	6	74.221077	=
5	1	1	1	89	10	1381	1131	24	6	76.890434	~
5	1	1	1	89	11	1438	1125	12	9	27.568588	8
5	1	1	1	89	12	1485	1133	11	13	0.000000	Ss
5	1	1	1	89	13	1590	1142	63	18	9.165878	a)
5	1	1	1	89	14	1782	1157	11	13	57.157372	x
5	1	1	1	89	15	1855	1151	16	32	9.300827	Sj
5	1	1	1	89	16	1935	1166	38	14	67.297089	25
5	1	1	1	89	17	2020	1179	42	14	39.098999	fe
5	1	1	1	89	18	2119	1184	43	18	42.784325	ps
5	1	1	1	89	19	2218	1197	62	10	60.614491	aoa
5	1	1	1	89	20	2389	1204	44	19	67.720963	an
5	1	1	1	89	21	2476	1210	38	20	41.035732	68S
4	1	1	1	90	0	402	1045	2117	205	-1	
5	1	1	1	90	1	402	1045	17	38	0.000000	FI
5	1	1	1	90	2	510	1067	18	12	60.314911	a
5	1	1	1	90	3	589	1076	16	12	41.717983	5
5	1	1	1	90	4	706	1080	13	8	62.389851	&
5	1	1	1	90	5	785	1089	4	4	0.000000	“
5	1	1	1	90	6	836	1092	94	26	51.357063	8995
5	1	1	1	90	7	998	1104	12	13	17.718849	»
5	1	1	1	90	8	1076	1115	17	18	54.169750	3
5	1	1	1	90	9	1128	1115	40	21	48.166180	ae
5	1	1	1	90	10	1231	1122	12	22	6.832916	fe
5	1	1	1	90	11	1280	1121	70	28	64.107567	SB
5	1	1	1	90	12	1434	1142	62	17	25.423576	ar)
5	1	1	1	90	13	1637	1156	20	22	74.529312	5
5	1	1	1	90	14	1778	1171	15	12	26.413940	8
5	1	1	1	90	15	1859	1176	36	13	16.218948	Se
5	1	1	1	90	16	1911	1175	11	20	16.218948	8
5	1	1	1	90	17	1940	1168	32	38	18.366692	Bro
5	1	1	1	90	18	2119	1198	38	19	29.959488	Bo
5	1	1	1	90	19	2218	1202	37	18	45.385048	2°
5	1	1	1	90	20	2364	1211	11	12	12.307770	tony
5	1	1	1	90	21	2416	1225	11	12	4.205368	Bl
5	1	1	1	90	22	2477	1230	42	20	5.811829	Aa
4	1	1	1	91	0	454	1072	2064	186	-1	
5	1	1	1	91	1	454	1072	22	18	4.394440	hk
5	1	1	1	91	2	510	1081	44	21	46.796307	ge
5	1	1	1	91	3	588	1084	16	18	35.633224	&
5	1	1	1	91	4	706	1097	16	9	23.355347	x
5	1	1	1	91	5	836	1104	95	24	0.000000	ge5Q
5	1	1	1	91	6	972	1111	42	27	47.861942	ag
5	1	1	1	91	7	1153	1126	17	24	36.636452	o
5	1	1	1	91	8	1227	1145	8	5	6.952744	of
5	1	1	1	91	9	1278	1139	25	20	16.363693	4
5	1	1	1	91	10	1333	1150	13	10	73.120369	3
5	1	1	1	91	11	1438	1157	11	9	87.894402	3
5	1	1	1	91	12	1588	1161	59	28	45.231667	BF
5	1	1	1	91	13	1781	1183	37	17	47.880856	ER
5	1	1	1	91	14	1853	1183	119	26	11.752533	aPESS
5	1	1	1	91	15	2020	1199	43	24	58.293411	oa
5	1	1	1	91	16	2115	1199	15	41	49.352562	FA
5	1	1	1	91	17	2213	1215	68	21	20.055740	age
5	1	1	1	91	18	2358	1224	48	19	36.115501	ay
5	1	1	1	91	19	2476	1237	42	21	67.997131	g&
4	1	1	1	92	0	406	1073	2107	223	-1	
5	1	1	1	92	1	406	1073	71	46	26.440941	ee
5	1	1	1	92	2	510	1092	41	38	0.000000	o.
5	1	1	1	92	3	587	1103	17	36	1.759399	2
5	1	1	1	92	4	706	1108	17	24	28.988983	2
5	1	1	1	92	5	779	1113	24	41	57.618988	3
5	1	1	1	92	6	835	1125	90	38	20.765656	Fis,
5	1	1	1	92	7	972	1138	41	30	58.555111	we
5	1	1	1	92	8	1075	1133	18	45	25.361366	oe
5	1	1	1	92	9	1126	1137	44	43	25.401505	ae
5	1	1	1	92	10	1230	1160	71	30	57.373802	a=
5	1	1	1	92	11	1333	1162	13	35	61.229263	8
5	1	1	1	92	12	1437	1167	64	40	43.971210	22
5	1	1	1	92	13	1584	1186	17	35	79.949409	3
5	1	1	1	92	14	1637	1190	21	35	84.505295	8
5	1	1	1	92	15	1781	1199	43	29	51.989670	SS
5	1	1	1	92	16	1857	1204	118	36	0.000000	egeee
5	1	1	1	92	17	2014	1214	49	35	75.368843	BE
5	1	1	1	92	18	2118	1224	44	46	23.601608	ef
5	1	1	1	92	19	2217	1235	63	29	0.000000	28y
5	1	1	1	92	20	2363	1244	70	36	51.301403	350
5	1	1	1	92	21	2476	1258	37	38	35.202156	ss
4	1	1	1	93	0	405	1118	2027	174	-1	
5	1	1	1	93	1	405	1118	13	13	2.690948	S
5	1	1	1	93	2	510	1122	42	23	75.583450	of
5	1	1	1	93	3	587	1141	16	5	77.952286	&
5	1	1	1	93	4	706	1141	12	9	75.716705	g
5	1	1	1	93	5	783	1156	12	9	76.348038	&
5	1	1	1	93	6	835	1150	89	26	34.937126	@508
5	1	1	1	93	7	972	1165	37	16	7.055801	=e
5	1	1	1	93	8	1075	1179	16	7	90.469467	=
5	1	1	1	93	9	1127	1176	37	17	28.291595	"oO
5	1	1	1	93	10	1229	1193	13	10	0.000000	g
5	1	1	1	93	11	1437	1202	4	3	34.517014	”
5	1	1	1	93	12	1483	1209	12	9	48.849846	$3
5	1	1	1	93	13	1781	1232	36	16	74.282608	Ss
5	1	1	1	93	14	1857	1235	120	28	0.000000	e279
5	1	1	1	93	15	2020	1249	42	8	51.560379	Fe
5	1	1	1	93	16	2118	1261	12	12	32.297180	°
5	1	1	1	93	17	2213	1261	67	17	33.297256	gag
5	1	1	1	93	18	2362	1277	70	15	46.573376	Bag
4	1	1	1	94	0	402	1132	2111	186	-1	
5	1	1	1	94	1	402	1132	74	19	55.386688	So
5	1	1	1	94	2	509	1141	38	15	13.397034	eB
5	1	1	1	94	3	586	1148	13	12	52.857033	&
5	1	1	1	94	4	706	1144	16	33	32.671120	EI
5	1	1	1	94	5	861	1166	38	19	23.683701	ey
5	1	1	1	94	6	971	1172	13	24	19.754868	5
5	1	1	1	94	7	1074	1187	17	14	78.861900	=
5	1	1	1	94	8	1153	1193	11	11	43.004723	a
5	1	1	1	94	9	1229	1203	13	12	77.864014	g
5	1	1	1	94	10	1333	1207	12	11	46.283566	2
5	1	1	1	94	11	1479	1220	15	13	21.658577	9
5	1	1	1	94	12	1588	1231	12	10	86.226112	2
5	1	1	1	94	13	1636	1227	22	18	51.353516	a
5	1	1	1	94	14	1780	1241	37	22	26.748566	§$
5	1	1	1	94	15	1857	1253	69	17	9.325272	sex
5	1	1	1	94	16	1960	1265	16	14	34.092560	8
5	1	1	1	94	17	2046	1256	11	19	94.247147	3
5	1	1	1	94	18	2118	1271	43	19	11.330330	SB
5	1	1	1	94	19	2268	1271	21	33	20.363220	ce
5	1	1	1	94	20	2362	1290	70	23	27.578644	Syke
5	1	1	1	94	21	2471	1298	42	20	29.826828	os
4	1	1	1	95	0	402	1146	2115	186	-1	
5	1	1	1	95	1	402	1146	15	14	87.362900	3
5	1	1	1	95	2	509	1162	12	11	40.254852	8
5	1	1	1	95	3	582	1161	16	12	90.680046	8
5	1	1	1	95	4	701	1173	16	14	49.087997	3
5	1	1	1	95	5	783	1176	12	11	87.668617	§
5	1	1	1	95	6	835	1179	88	22	0.000000	H4e_
5	1	1	1	95	7	971	1191	37	17	66.741440	By
5	1	1	1	95	8	1152	1205	11	23	64.073868	5
5	1	1	1	95	9	1230	1216	11	9	59.206512	a
5	1	1	1	95	10	1333	1219	17	9	18.855133	”
5	1	1	1	95	11	1436	1218	17	25	72.391205	=
5	1	1	1	95	12	1588	1242	66	25	2.866203	5
5	1	1	1	95	13	1776	1252	41	26	22.714272	ga
5	1	1	1	95	14	1857	1265	37	21	0.000000	aP
5	1	1	1	95	15	1909	1271	37	13	50.814781	5»
5	1	1	1	95	16	2041	1267	20	35	0.000000	=)
5	1	1	1	95	17	2117	1289	38	16	84.425140	¢5
5	1	1	1	95	18	2217	1288	37	20	60.455574	Be
5	1	1	1	95	19	2363	1302	69	25	66.881248	bie
5	1	1	1	95	20	2476	1314	41	18	0.000000	¥8
4	1	1	1	96	0	401	1155	2115	195	-1	
5	1	1	1	96	1	401	1155	16	31	25.564049	fo)
5	1	1	1	96	2	509	1166	38	20	43.914856	$8
5	1	1	1	96	3	586	1173	13	12	66.783066	9
5	1	1	1	96	4	701	1179	20	31	31.251862	ca
5	1	1	1	96	5	783	1189	11	11	48.618294	§
5	1	1	1	96	6	835	1197	16	13	58.965340	+
5	1	1	1	96	7	886	1197	38	26	51.148102	a2
5	1	1	1	96	8	971	1205	37	17	64.453819	BS
5	1	1	1	96	9	1070	1212	16	13	52.315598	3
5	1	1	1	96	10	1229	1226	12	10	83.723663	g
5	1	1	1	96	11	1435	1242	59	25	35.283188	es
5	1	1	1	96	12	1780	1264	42	32	40.444458	ras)
5	1	1	1	96	13	1908	1285	13	11	34.700882	2
5	1	1	1	96	14	1938	1281	39	23	60.316273	RQ
5	1	1	1	96	15	2040	1284	25	31	0.000000	ee
5	1	1	1	96	16	2118	1300	11	9	74.970932	5
5	1	1	1	96	17	2216	1308	67	12	0.000000	og
5	1	1	1	96	18	2361	1316	44	22	7.440140	gs
5	1	1	1	96	19	2475	1324	41	26	42.701653	ss
4	1	1	1	97	0	405	1174	2112	189	-1	
5	1	1	1	97	1	405	1174	15	27	19.558380	¢
5	1	1	1	97	2	510	1187	37	20	58.983772	aS
5	1	1	1	97	3	585	1186	13	26	57.707146	5
5	1	1	1	97	4	701	1196	15	22	62.336884	3
5	1	1	1	97	5	782	1201	12	20	23.970474	a
5	1	1	1	97	6	834	1206	44	17	52.400200	33
5	1	1	1	97	7	912	1224	11	12	55.916420	3
5	1	1	1	97	8	971	1215	37	25	44.178246	22
5	1	1	1	97	9	1073	1227	13	21	95.472252	3
5	1	1	1	97	10	1152	1229	16	21	0.000000	B
5	1	1	1	97	11	1229	1237	11	20	49.485645	8
5	1	1	1	97	12	1333	1245	17	18	74.952194	4
5	1	1	1	97	13	1435	1260	59	19	59.380959	269
5	1	1	1	97	14	1583	1278	16	13	62.135761	3
5	1	1	1	97	15	1635	1275	19	17	77.756760	>
5	1	1	1	97	16	1780	1289	42	17	41.082172	s&
5	1	1	1	97	17	1857	1287	63	29	52.331467	353
5	1	1	1	97	18	1939	1306	37	9	16.296249	B=
5	1	1	1	97	19	2117	1306	43	36	0.000000	&e&
5	1	1	1	97	20	2216	1322	12	20	9.532089	a
5	1	1	1	97	21	2267	1319	17	26	0.000000	.o8
5	1	1	1	97	22	2362	1332	64	25	45.200897	"B32
5	1	1	1	97	23	2475	1350	42	13	71.729652	Os
4	1	1	1	98	0	504	1191	2012	189	-1	
5	1	1	1	98	1	504	1191	20	29	33.429588	ia
5	1	1	1	98	2	586	1213	17	6	27.795555	2
5	1	1	1	98	3	704	1219	13	8	37.190903	D
5	1	1	1	98	4	782	1223	12	10	75.328766	o
5	1	1	1	98	5	834	1223	13	12	35.425278	8
5	1	1	1	98	6	861	1224	62	22	35.425278	Fes
5	1	1	1	98	7	970	1240	38	9	85.665207	ao
5	1	1	1	98	8	1073	1250	12	11	29.426262	e
5	1	1	1	98	9	1342	1266	8	8	90.712090	*
5	1	1	1	98	10	1436	1279	17	6	62.648899	=
5	1	1	1	98	11	1483	1281	11	10	43.148399	6
5	1	1	1	98	12	1588	1292	11	9	20.213837	5
5	1	1	1	98	13	1775	1302	42	16	63.217361	oe
5	1	1	1	98	14	1857	1309	4	4	74.322128	F
5	1	1	1	98	15	1908	1309	36	26	32.946693	34
5	1	1	1	98	16	1959	1314	12	9	24.626854	®
5	1	1	1	98	17	2040	1316	20	29	31.482437	g¢
5	1	1	1	98	18	2117	1333	38	14	49.271259	so
5	1	1	1	98	19	2266	1334	21	29	50.451088	oa
5	1	1	1	98	20	2387	1357	17	6	43.756081	2.
5	1	1	1	98	21	2474	1359	13	8	72.095032	2
5	1	1	1	98	22	2499	1351	17	29	0.000000	oD
4	1	1	1	99	0	405	1202	2074	183	-1	
5	1	1	1	99	1	405	1202	17	14	54.050438	N
5	1	1	1	99	2	509	1209	40	19	67.822083	aa
5	1	1	1	99	3	586	1220	17	6	30.057343	&
5	1	1	1	99	4	704	1229	13	9	74.439011	8
5	1	1	1	99	5	834	1235	63	22	88.167114	385
5	1	1	1	99	6	970	1250	16	9	23.499809	2
5	1	1	1	99	7	1073	1263	12	9	21.556160	nn
5	1	1	1	99	8	1229	1268	15	8	1.499016	Md
5	1	1	1	99	9	1327	1280	24	7	70.047287	=
5	1	1	1	99	10	1435	1286	18	13	61.368977	=
5	1	1	1	99	11	1482	1292	12	10	78.079391	3
5	1	1	1	99	12	1587	1302	12	11	36.941833	8
5	1	1	1	99	13	1779	1320	41	10	39.962631	ee
5	1	1	1	99	14	1882	1317	88	26	27.567871	Fase
5	1	1	1	99	15	2045	1323	20	41	7.008331	Hf
5	1	1	1	99	16	2215	1352	10	9	60.665546	3
5	1	1	1	99	17	2247	1343	2	25	87.679146	|
5	1	1	1	99	18	2383	1359	48	26	63.969185	og
4	1	1	1	100	0	404	1218	2107	202	-1	
5	1	1	1	100	1	404	1218	18	32	80.612549	a
5	1	1	1	100	2	508	1220	43	42	72.123604	BS
5	1	1	1	100	3	585	1227	15	32	37.483650	8
5	1	1	1	100	4	700	1239	20	32	37.523514	y
5	1	1	1	100	5	778	1244	16	36	82.258293	3
5	1	1	1	100	6	834	1249	92	41	9.271233	Gos.
5	1	1	1	100	7	969	1261	44	34	42.699932	Be
5	1	1	1	100	8	1073	1286	11	12	31.765907	oe
5	1	1	1	100	9	1151	1283	11	27	31.384117	6
5	1	1	1	100	10	1228	1287	17	23	25.077271	Og
5	1	1	1	100	11	1332	1298	16	21	50.204857	2
5	1	1	1	100	12	1435	1308	17	30	87.456329	g
5	1	1	1	100	13	1482	1303	12	19	80.648621	8
5	1	1	1	100	14	1586	1313	13	23	27.326820	a
5	1	1	1	100	15	1775	1330	46	31	26.227203	ge
5	1	1	1	100	16	1881	1331	89	48	73.990967	3228
5	1	1	1	100	17	2044	1346	15	20	80.280205	&
5	1	1	1	100	18	2116	1345	39	45	36.786751	58
5	1	1	1	100	19	2215	1363	68	42	51.317482	38
5	1	1	1	100	20	2387	1379	43	41	67.622932	eR
5	1	1	1	100	21	2473	1384	38	36	32.620308	EB
4	1	1	1	101	0	507	1254	2003	178	-1	
5	1	1	1	101	1	507	1254	13	11	69.821251	8
5	1	1	1	101	2	585	1261	17	6	36.723785	5
5	1	1	1	101	3	704	1271	11	10	84.716919	3
5	1	1	1	101	4	833	1286	64	9	0.000000	52
5	1	1	1	101	5	970	1293	42	13	18.290100	aa
5	1	1	1	101	6	1341	1321	9	8	84.815208	*
5	1	1	1	101	7	1435	1335	26	10	0.000000	e-
5	1	1	1	101	8	1586	1346	12	8	84.618813	2
5	1	1	1	101	9	1779	1357	36	18	26.995468	Zo
5	1	1	1	101	10	1881	1362	92	26	0.000000	§s.3
5	1	1	1	101	11	2044	1371	19	34	47.712406	vu
5	1	1	1	101	12	2115	1389	42	12	56.992928	ao
5	1	1	1	101	13	2211	1397	15	13	36.104794	9
5	1	1	1	101	14	2473	1411	37	21	21.282036	oF
4	1	1	1	102	0	403	1258	2108	186	-1	
5	1	1	1	102	1	403	1258	13	12	66.897858	°
5	1	1	1	102	2	507	1265	18	16	16.264160	&
5	1	1	1	102	3	581	1260	16	32	15.628616	io)
5	1	1	1	102	4	700	1270	16	32	38.612976	CI
5	1	1	1	102	5	778	1280	15	24	65.650955	8
5	1	1	1	102	6	833	1284	38	22	42.424603	58
5	1	1	1	102	7	885	1296	11	9	0.000000	2
5	1	1	1	102	8	995	1306	12	10	26.867371	®
5	1	1	1	102	9	1072	1310	17	20	55.029472	s
5	1	1	1	102	10	1150	1312	11	13	42.202995	9
5	1	1	1	102	11	1227	1311	13	29	78.459198	g
5	1	1	1	102	12	1585	1356	13	12	10.624535	e
5	1	1	1	102	13	1779	1375	36	12	49.686600	88
5	1	1	1	102	14	1881	1374	88	27	30.171379	Basg
5	1	1	1	102	15	2043	1394	12	12	42.927090	2
5	1	1	1	102	16	2115	1403	13	9	43.402767	&
5	1	1	1	102	17	2215	1407	63	13	58.631039	Sop
5	1	1	1	102	18	2387	1419	16	8	46.663986	=
5	1	1	1	102	19	2499	1434	12	10	48.441166	4
4	1	1	1	103	0	404	1272	2107	185	-1	
5	1	1	1	103	1	404	1272	11	13	73.305702	5
5	1	1	1	103	2	507	1276	43	21	82.021729	Sa
5	1	1	1	103	3	585	1281	11	13	74.223099	5
5	1	1	1	103	4	699	1295	16	13	79.522949	3
5	1	1	1	103	5	781	1306	12	11	54.107697	2
5	1	1	1	103	6	833	1306	89	23	0.000000	wees
5	1	1	1	103	7	995	1318	16	13	62.431953	=
5	1	1	1	103	8	1072	1333	12	10	0.000000	s
5	1	1	1	103	9	1150	1326	17	23	3.128738	o
5	1	1	1	103	10	1227	1340	12	10	0.000000	g
5	1	1	1	103	11	1322	1337	27	36	31.793983	vr
5	1	1	1	103	12	1434	1353	16	9	0.000000	$
5	1	1	1	103	13	1585	1369	17	15	42.913330	=
5	1	1	1	103	14	1634	1376	14	14	68.036385	2
5	1	1	1	103	15	1778	1386	37	16	68.487595	33
5	1	1	1	103	16	1881	1395	63	18	46.500145	24%
5	1	1	1	103	17	2044	1407	11	9	72.761597	3
5	1	1	1	103	18	2115	1412	44	10	39.346146	oa
5	1	1	1	103	19	2214	1419	63	16	36.435616	RRS
5	1	1	1	103	20	2386	1428	43	25	46.516491	FS
5	1	1	1	103	21	2473	1439	38	18	65.192474	48
4	1	1	1	104	0	403	1285	2107	186	-1	
5	1	1	1	104	1	403	1285	16	8	61.124901	3
5	1	1	1	104	2	507	1296	12	13	86.330566	5
5	1	1	1	104	3	703	1309	12	10	72.718124	g
5	1	1	1	104	4	781	1318	16	8	90.573463	S
5	1	1	1	104	5	833	1322	39	16	0.000000	Fo
5	1	1	1	104	6	886	1328	35	11	0.000000	Fs
5	1	1	1	104	7	971	1332	36	14	76.217682	oe
5	1	1	1	104	8	1072	1344	11	10	53.832439	8
5	1	1	1	104	9	1150	1343	11	7	92.397476	5
5	1	1	1	104	10	1227	1351	17	13	85.839729	a
5	1	1	1	104	11	1435	1363	16	21	28.208595	a
5	1	1	1	104	12	1585	1379	12	15	24.428665	Be
5	1	1	1	104	13	1633	1390	15	13	24.930580	§
5	1	1	1	104	14	1803	1404	16	7	38.871841	a
5	1	1	1	104	15	1894	1404	82	22	4.599380	SoD
5	1	1	1	104	16	2042	1417	17	24	86.696976	g
5	1	1	1	104	17	2142	1422	17	12	12.907089	a
5	1	1	1	104	18	2214	1428	68	23	25.789108	85a
5	1	1	1	104	19	2412	1455	17	11	56.224106	eo
5	1	1	1	104	20	2473	1458	37	13	76.187759	25
4	1	1	1	105	0	403	1295	2107	186	-1	
5	1	1	1	105	1	403	1295	12	11	37.451889	°
5	1	1	1	105	2	533	1308	4	4	58.088310	“|
5	1	1	1	105	3	585	1307	11	20	36.410976	28
5	1	1	1	105	4	699	1315	19	33	15.494957	at
5	1	1	1	105	5	777	1326	16	12	83.508392	S
5	1	1	1	105	6	833	1333	89	17	0.000000	@fF¢
5	1	1	1	105	7	990	1338	23	34	41.346542	to)
5	1	1	1	105	8	1072	1356	11	11	71.157608	3
5	1	1	1	105	9	1150	1351	11	16	70.058701	5
5	1	1	1	105	10	1227	1374	15	8	40.032433	a
5	1	1	1	105	11	1331	1372	17	7	42.730553	5
5	1	1	1	105	12	1433	1385	13	9	34.723923	a
5	1	1	1	105	13	1585	1396	18	12	70.694115	=
5	1	1	1	105	14	1778	1410	36	12	39.654995	38
5	1	1	1	105	15	1881	1415	87	25	7.995064	Bas
5	1	1	1	105	16	2115	1431	38	18	43.932076	ge
5	1	1	1	105	17	2214	1450	15	9	30.067764	+
5	1	1	1	105	18	2385	1458	13	11	81.624161	2
5	1	1	1	105	19	2473	1465	37	16	71.969864	Ea
4	1	1	1	106	0	1331	1375	1183	125	-1	
5	1	1	1	106	1	1331	1375	16	29	32.599174	=}
5	1	1	1	106	2	1633	1403	22	21	0.000000	&
5	1	1	1	106	3	1777	1418	37	19	81.485329	a3
5	1	1	1	106	4	1880	1429	17	12	53.929337	a5
5	1	1	1	106	5	1932	1428	11	17	62.239616	2
5	1	1	1	106	6	2115	1441	38	29	46.854214	Big
5	1	1	1	106	7	2265	1459	17	14	89.719421	N
5	1	1	1	106	8	2386	1469	42	14	0.000000	a
5	1	1	1	106	9	2494	1471	20	29	0.000000	os
4	1	1	1	107	0	403	1315	2107	186	-1	
5	1	1	1	107	1	403	1315	12	12	16.930298	°
5	1	1	1	107	2	507	1317	42	30	74.398987	Py
5	1	1	1	107	3	583	1328	16	19	73.466187	g
5	1	1	1	107	4	699	1339	16	13	85.593086	<
5	1	1	1	107	5	780	1350	17	19	77.035912	&
5	1	1	1	107	6	832	1349	89	23	0.000000	@,¢8
5	1	1	1	107	7	994	1370	12	11	48.840439	o
5	1	1	1	107	8	1071	1368	12	9	76.673363	g
5	1	1	1	107	9	1145	1367	16	14	0.000000	R
5	1	1	1	107	10	1227	1384	16	13	70.027382	>
5	1	1	1	107	11	1429	1388	17	30	23.810623	ow
5	1	1	1	107	12	1585	1411	12	10	0.000000	Q
5	1	1	1	107	13	1906	1436	12	10	33.799301	®
5	1	1	1	107	14	2042	1444	13	24	55.740013	g
5	1	1	1	107	15	2111	1440	20	36	34.340256	ES
5	1	1	1	107	16	2214	1460	43	20	42.328842	BQ
5	1	1	1	107	17	2472	1488	38	13	29.169556	2S
4	1	1	1	108	0	832	1362	1591	140	-1	
5	1	1	1	108	1	832	1362	39	12	25.476990	of
5	1	1	1	108	2	1071	1379	11	20	96.348251	3
5	1	1	1	108	3	1330	1404	12	11	78.193748	°
5	1	1	1	108	4	1433	1413	13	9	2.618294	o
5	1	1	1	108	5	1585	1422	60	18	32.964470	eos
5	1	1	1	108	6	1802	1440	12	9	54.366089	3
5	1	1	1	108	7	1880	1439	88	31	27.273949	Sasso
5	1	1	1	108	8	2137	1465	16	13	0.000000	S
5	1	1	1	108	9	2213	1468	22	28	31.943253	Qe
5	1	1	1	108	10	2252	1475	30	15	32.777725	sy
5	1	1	1	108	11	2385	1485	38	17	2.903992	Qo
4	1	1	1	109	0	398	1336	2111	184	-1	
5	1	1	1	109	1	398	1336	16	13	30.059418	a
5	1	1	1	109	2	507	1344	42	24	35.895050	gz
5	1	1	1	109	3	584	1349	16	13	86.203133	>
5	1	1	1	109	4	702	1361	16	9	11.386032	+
5	1	1	1	109	5	780	1369	12	10	82.814056	=
5	1	1	1	109	6	833	1375	93	21	14.980469	Bea
5	1	1	1	109	7	990	1372	15	34	1.080582	E|
5	1	1	1	109	8	1150	1394	10	14	52.574722	°
5	1	1	1	109	9	1226	1399	15	20	0.000000	g
5	1	1	1	109	10	1330	1417	15	8	80.680313	g
5	1	1	1	109	11	1434	1424	11	13	74.735809	g
5	1	1	1	109	12	1584	1440	15	9	92.727127	a
5	1	1	1	109	13	1627	1447	6	4	0.000000	Ss
5	1	1	1	109	14	1777	1443	37	20	78.948555	So
5	1	1	1	109	15	1880	1455	11	9	53.966518	a
5	1	1	1	109	16	1932	1462	35	14	42.154102	on)
5	1	1	1	109	17	2047	1468	3	8	85.349640	Q
5	1	1	1	109	18	2114	1475	39	16	60.007751	2S
5	1	1	1	109	19	2239	1477	47	34	70.295975	Wel
5	1	1	1	109	20	2381	1490	20	30	19.673050	So
5	1	1	1	109	21	2411	1503	13	12	0.000000	®
5	1	1	1	109	22	2468	1500	41	15	6.554604	k=
4	1	1	1	110	0	398	1341	2115	195	-1	
5	1	1	1	110	1	398	1341	17	25	2.833977	iy
5	1	1	1	110	2	527	1351	17	25	10.125648	cc
5	1	1	1	110	3	579	1355	21	25	33.767998	ra}
5	1	1	1	110	4	703	1366	19	25	0.000000	-2
5	1	1	1	110	5	780	1381	11	11	55.434715	°
5	1	1	1	110	6	832	1382	63	22	64.122498	283
5	1	1	1	110	7	908	1397	13	9	79.671059	2
5	1	1	1	110	8	990	1403	15	13	29.724571	5
5	1	1	1	110	9	1071	1410	17	7	0.000000	o
5	1	1	1	110	10	1145	1403	23	25	39.695126	ba)
5	1	1	1	110	11	1330	1428	17	12	18.693604	S
5	1	1	1	110	12	1433	1436	15	10	0.000000	=
5	1	1	1	110	13	1585	1451	16	12	83.632446	>
5	1	1	1	110	14	1777	1466	11	10	71.417450	®
5	1	1	1	110	15	1879	1470	94	21	59.870232	enya
5	1	1	1	110	16	2042	1478	17	14	92.450890	N
5	1	1	1	110	17	2115	1486	41	25	54.483639	a
5	1	1	1	110	18	2213	1493	42	23	82.764313	$2
5	1	1	1	110	19	2380	1516	43	13	68.172531	as
5	1	1	1	110	20	2468	1515	45	21	38.969196	oo
4	1	1	1	111	0	402	1363	2112	180	-1	
5	1	1	1	111	1	402	1363	15	18	54.966145	4
5	1	1	1	111	2	506	1377	43	10	25.440910	th)
5	1	1	1	111	3	583	1377	17	13	0.000000	&
5	1	1	1	111	4	702	1385	12	24	35.636147	g
5	1	1	1	111	5	832	1400	89	18	67.860649	2.28
5	1	1	1	111	6	994	1418	16	6	90.118118	=
5	1	1	1	111	7	1071	1418	11	13	95.817368	3
5	1	1	1	111	8	1221	1423	20	28	30.585510	Fa
5	1	1	1	111	9	1330	1441	12	10	78.403831	®
5	1	1	1	111	10	1432	1448	13	9	20.859993	@
5	1	1	1	111	11	1584	1465	12	10	62.521927	o
5	1	1	1	111	12	1630	1458	14	15	90.766853	N
5	1	1	1	111	13	1803	1472	17	16	51.254887	v
5	1	1	1	111	14	1880	1485	37	12	2.850967	mE
5	1	1	1	111	15	1931	1486	37	21	2.850967	aS
5	1	1	1	111	16	2038	1488	24	28	24.374077	ie]
5	1	1	1	111	17	2113	1503	16	9	14.003006	a
5	1	1	1	111	18	2145	1512	3	8	14.003006	F
5	1	1	1	111	19	2214	1508	62	23	0.000000	G&y
5	1	1	1	111	20	2411	1530	12	11	0.080986	®
5	1	1	1	111	21	2472	1530	42	13	35.306267	Qs.
4	1	1	1	112	0	402	1383	2107	184	-1	
5	1	1	1	112	1	402	1383	17	6	35.036743	a.
5	1	1	1	112	2	507	1387	37	14	26.597298	0
5	1	1	1	112	3	583	1392	12	8	92.278198	a
5	1	1	1	112	4	780	1404	11	12	0.000000	S
5	1	1	1	112	5	831	1405	95	28	39.922852	Sore
5	1	1	1	112	6	993	1425	12	10	0.000000	®
5	1	1	1	112	7	1071	1434	16	12	72.116013	a
5	1	1	1	112	8	1145	1427	24	28	27.928497	das)
5	1	1	1	112	9	1222	1434	20	27	38.944397	=a
5	1	1	1	112	10	1330	1452	11	10	55.332649	4
5	1	1	1	112	11	1433	1459	11	13	77.427635	3
5	1	1	1	112	12	1626	1468	18	28	45.053223	hy
5	1	1	1	112	13	1776	1487	37	14	37.130692	ep
5	1	1	1	112	14	1878	1499	38	14	49.174889	ed
5	1	1	1	112	15	1932	1503	11	12	90.380859	8
5	1	1	1	112	16	2041	1509	18	16	87.332840	a
5	1	1	1	112	17	2114	1509	43	30	14.922348	Pa)
5	1	1	1	112	18	2213	1527	12	9	92.639008	a
5	1	1	1	112	19	2385	1540	37	11	40.703110	me
5	1	1	1	112	20	2471	1541	38	26	48.878384	fs
4	1	1	1	113	0	402	1390	2081	173	-1	
5	1	1	1	113	1	402	1390	12	10	62.494106	8
5	1	1	1	113	2	507	1402	16	6	0.000000	c.
5	1	1	1	113	3	776	1416	15	13	79.086449	S
5	1	1	1	113	4	827	1422	94	21	28.539307	vgn
5	1	1	1	113	5	993	1435	15	10	39.595623	+
5	1	1	1	113	6	1070	1446	17	7	94.353912	=
5	1	1	1	113	7	1149	1449	10	14	40.752365	p
5	1	1	1	113	8	1225	1453	13	10	52.907516	©
5	1	1	1	113	9	1432	1473	13	10	0.000000	o
5	1	1	1	113	10	1581	1473	20	32	0.000000	oh
5	1	1	1	113	11	1776	1498	37	16	44.067726	es
5	1	1	1	113	12	1879	1513	91	16	42.330238	Sass
5	1	1	1	113	13	2113	1527	13	11	32.753227	®
5	1	1	1	113	14	2214	1526	62	32	22.819283	moog
5	1	1	1	113	15	2385	1547	11	13	94.931786	5
5	1	1	1	113	16	2472	1554	11	9	57.315941	a
4	1	1	1	114	0	402	1398	2081	185	-1	
5	1	1	1	114	1	402	1401	11	13	55.322571	2
5	1	1	1	114	2	505	1398	93	37	47.149410	wes
5	1	1	1	114	3	702	1419	17	14	46.750458	5
5	1	1	1	114	4	776	1429	15	13	66.751785	8
5	1	1	1	114	5	830	1437	95	21	46.675373	Bese
5	1	1	1	114	6	993	1446	12	10	30.920143	8
5	1	1	1	114	7	1070	1455	12	10	28.822304	§
5	1	1	1	114	8	1148	1464	11	11	9.177673	5
5	1	1	1	114	9	1325	1458	16	40	0.000000	Fi
5	1	1	1	114	10	1432	1485	12	10	87.849800	8
5	1	1	1	114	11	1584	1493	16	18	58.196159	gs
5	1	1	1	114	12	1629	1494	15	16	64.161072	a
5	1	1	1	114	13	1776	1507	37	20	20.940033	3
5	1	1	1	114	14	1879	1526	88	14	28.692444	ESBS
5	1	1	1	114	15	2041	1537	12	17	81.903305	4
5	1	1	1	114	16	2140	1537	17	14	44.041058	m
5	1	1	1	114	17	2213	1545	37	17	17.397453	6s
5	1	1	1	114	18	2405	1561	78	22	23.603134	Bp
4	1	1	1	115	0	174	1402	2334	191	-1	
5	1	1	1	115	1	174	1402	3	3	0.000000	.
5	1	1	1	115	2	226	1402	2	2	43.664875	.
5	1	1	1	115	3	402	1416	16	6	44.599609	=
5	1	1	1	115	4	702	1435	17	14	37.552608	y
5	1	1	1	115	5	779	1444	17	14	96.696777	=
5	1	1	1	115	6	857	1451	12	12	47.499218	2?
5	1	1	1	115	7	908	1457	11	13	35.149147	s
5	1	1	1	115	8	993	1458	11	12	55.279961	3
5	1	1	1	115	9	1070	1466	12	12	51.680252	8
5	1	1	1	115	10	1148	1475	11	15	20.275299	8
5	1	1	1	115	11	1225	1473	12	25	82.643394	g
5	1	1	1	115	12	1329	1489	12	11	75.742371	3
5	1	1	1	115	13	1584	1513	71	10	61.372238	SN
5	1	1	1	115	14	1776	1526	42	12	25.275406	ee
5	1	1	1	115	15	1878	1536	13	8	68.749588	ao
5	1	1	1	115	16	1930	1540	16	6	0.000000	Q
5	1	1	1	115	17	2054	1556	4	4	22.056343	.
5	1	1	1	115	18	2122	1549	35	19	72.338463	EO
5	1	1	1	115	19	2213	1558	67	18	9.285698	Bas
5	1	1	1	115	20	2384	1571	45	17	0.000000	aA
5	1	1	1	115	21	2471	1577	37	16	64.409904	gu
4	1	1	1	116	0	401	1423	2107	178	-1	
5	1	1	1	116	1	401	1423	12	12	0.000000	®
5	1	1	1	116	2	505	1428	43	21	42.154903	Be
5	1	1	1	116	3	697	1440	24	32	35.975708	fo]
5	1	1	1	116	4	779	1451	11	18	32.718872	es
5	1	1	1	116	5	831	1459	37	17	69.501312	28
5	1	1	1	116	6	993	1472	11	11	1.430244	g
5	1	1	1	116	7	1070	1479	16	8	9.276573	s
5	1	1	1	116	8	1238	1500	4	4	54.104286	.
5	1	1	1	116	9	1329	1501	11	9	33.349709	3
5	1	1	1	116	10	1631	1524	15	16	77.884087	8
5	1	1	1	116	11	1797	1527	16	32	23.979599	r=)
5	1	1	1	116	12	1904	1541	63	18	40.656425	dae
5	1	1	1	116	13	2041	1555	17	13	70.636436	=
5	1	1	1	116	14	2113	1555	43	32	34.714912	ms:
5	1	1	1	116	15	2264	1571	11	12	6.936539	B
5	1	1	1	116	16	2397	1588	18	12	38.994183	a
5	1	1	1	116	17	2497	1592	11	9	91.019791	3
4	1	1	1	117	0	109	1413	2400	200	-1	
5	1	1	1	117	1	109	1413	3	2	42.099167	.
5	1	1	1	117	2	402	1436	11	9	71.968842	5
5	1	1	1	117	3	582	1438	16	26	68.473351	w.
5	1	1	1	117	4	826	1458	22	29	40.867783	oa
5	1	1	1	117	5	899	1464	20	26	61.184841	oR
5	1	1	1	117	6	992	1484	12	9	88.792763	8
5	1	1	1	117	7	1070	1488	16	7	57.318325	=
5	1	1	1	117	8	1144	1483	20	27	0.000000	i*
5	1	1	1	117	9	1225	1489	14	26	16.459061	st
5	1	1	1	117	10	1328	1511	17	13	65.672592	a
5	1	1	1	117	11	1432	1510	18	18	63.867535	R
5	1	1	1	117	12	1626	1543	10	5	53.070217	&
5	1	1	1	117	13	1878	1554	34	14	0.000000	ag
5	1	1	1	117	14	1929	1557	37	14	0.000000	ak
5	1	1	1	117	15	2041	1570	17	5	95.577072	=
5	1	1	1	117	16	2212	1581	12	11	85.504311	°
5	1	1	1	117	17	2263	1584	12	10	8.620186	Q
5	1	1	1	117	18	2380	1585	16	26	12.675354	o:
5	1	1	1	117	19	2471	1601	38	12	69.825249	to
4	1	1	1	118	0	400	1450	2114	193	-1	
5	1	1	1	118	1	400	1453	13	13	51.501602	g
5	1	1	1	118	2	504	1450	38	45	65.320084	ge
5	1	1	1	118	3	582	1458	17	43	0.000000	&
5	1	1	1	118	4	701	1477	11	20	0.000000	Boo
5	1	1	1	118	5	830	1474	94	36	15.261383	FSIS
5	1	1	1	118	6	992	1494	12	30	44.892689	2
5	1	1	1	118	7	1065	1496	16	25	56.143814	8
5	1	1	1	118	8	1147	1506	11	29	43.129227	8
5	1	1	1	118	9	1224	1506	12	33	53.025780	&
5	1	1	1	118	10	1324	1526	17	15	28.023712	P
5	1	1	1	118	11	1426	1530	25	21	64.222351	a
5	1	1	1	118	12	1583	1520	63	50	42.072430	ie
5	1	1	1	118	13	1775	1540	43	51	33.102425	ae
5	1	1	1	118	14	1877	1564	94	40	10.196693	See
5	1	1	1	118	15	2040	1587	18	12	0.000000	¢
5	1	1	1	118	16	2112	1578	39	34	52.254013	24
5	1	1	1	118	17	2211	1586	64	35	68.509872	wes
5	1	1	1	118	18	2383	1602	44	34	60.956367	ae
5	1	1	1	118	19	2470	1613	44	30	68.434586	FS
4	1	1	1	119	0	401	1468	2099	182	-1	
5	1	1	1	119	1	401	1468	11	12	88.302856	5
5	1	1	1	119	2	530	1481	12	8	69.321785	a
5	1	1	1	119	3	700	1497	12	12	0.654007	&
5	1	1	1	119	4	778	1503	12	10	27.071449	$
5	1	1	1	119	5	856	1506	12	11	24.496948	2
5	1	1	1	119	6	907	1511	12	8	45.727272	8
5	1	1	1	119	7	1151	1535	4	8	53.582989	0
5	1	1	1	119	8	1325	1536	20	31	18.356445	age
5	1	1	1	119	9	1427	1554	16	11	44.885826	e
5	1	1	1	119	10	1625	1569	29	7	84.444748	~
5	1	1	1	119	11	1877	1587	18	16	36.528648	&
5	1	1	1	119	12	1929	1593	12	10	41.927048	8
5	1	1	1	119	13	2040	1601	12	10	55.186916	©
5	1	1	1	119	14	2139	1609	17	13	81.256828	=
5	1	1	1	119	15	2212	1619	67	17	18.303436	ro,
5	1	1	1	119	16	2384	1628	16	13	54.012245	o
5	1	1	1	119	17	2492	1645	8	5	0.000000	-
4	1	1	1	120	0	401	1480	2081	176	-1	
5	1	1	1	120	1	401	1482	16	5	20.124443	me
5	1	1	1	120	2	530	1480	17	27	37.121548	oO
5	1	1	1	120	3	830	1516	63	15	36.082806	On
5	1	1	1	120	4	992	1525	11	12	21.948555	3
5	1	1	1	120	5	1065	1525	20	27	0.000000	ss
5	1	1	1	120	6	1224	1547	12	9	75.372086	a
5	1	1	1	120	7	1327	1546	19	27	30.911987	<3
5	1	1	1	120	8	1425	1567	24	7	84.283638	=
5	1	1	1	120	9	1578	1571	16	12	0.000000	a
5	1	1	1	120	10	1775	1589	42	18	24.567032	oy
5	1	1	1	120	11	1877	1600	63	16	18.719315	sae
5	1	1	1	120	12	2112	1613	44	23	0.000000	2=
5	1	1	1	120	13	2212	1634	16	5	38.714531	pO
5	1	1	1	120	14	2263	1632	11	6	0.000000	@.
5	1	1	1	120	15	2383	1642	12	8	0.000000	B
5	1	1	1	120	16	2410	1646	12	9	25.724678	x
5	1	1	1	120	17	2470	1646	12	10	0.000000	o
4	1	1	1	121	0	396	1489	2111	207	-1	
5	1	1	1	121	1	396	1489	16	26	48.064713	2
5	1	1	1	121	2	500	1496	46	32	85.043472	Be
5	1	1	1	121	3	581	1514	17	23	44.569313	og
5	1	1	1	121	4	700	1511	15	19	34.331696	a
5	1	1	1	121	5	778	1526	17	21	49.695187	og
5	1	1	1	121	6	830	1525	89	40	34.162247	ask
5	1	1	1	121	7	991	1540	173	39	0.000000	o.6U6k!~CUS
5	1	1	1	121	8	1220	1557	19	32	32.516106	3
5	1	1	1	121	9	1327	1579	17	14	33.672226	a
5	1	1	1	121	10	1432	1584	3	5	14.542130	:
5	1	1	1	121	11	1578	1592	16	23	59.244911	3
5	1	1	1	121	12	1776	1606	41	23	59.129112	FO
5	1	1	1	121	13	1877	1613	89	34	12.230110	Bae
5	1	1	1	121	14	2040	1622	110	41	35.266373	Fy
5	1	1	1	121	15	2207	1639	70	33	29.014015	38s
5	1	1	1	121	16	2383	1656	38	27	64.564316	828
5	1	1	1	121	17	2469	1657	38	39	52.714901	ag
4	1	1	1	122	0	855	1548	1090	104	-1	
5	1	1	1	122	1	855	1548	17	22	15.328209	°o
5	1	1	1	122	2	1068	1570	17	8	43.450581	7
5	1	1	1	122	3	1775	1633	4	4	56.456470	.
5	1	1	1	122	4	1929	1646	16	6	40.141136	<a
4	1	1	1	123	0	399	1516	2111	201	-1	
5	1	1	1	123	1	399	1516	13	38	75.704193	3
5	1	1	1	123	2	504	1527	38	27	54.372372	$8
5	1	1	1	123	3	580	1538	16	22	9.797356	E
5	1	1	1	123	4	699	1539	90	24	27.899796	an
5	1	1	1	123	5	991	1562	17	30	32.426643	Loe
5	1	1	1	123	6	1068	1590	17	20	15.276001	s
5	1	1	1	123	7	1146	1581	18	24	15.594025	S°
5	1	1	1	123	8	1224	1591	12	31	49.291451	§$
5	1	1	1	123	9	1327	1604	17	22	48.689247	3
5	1	1	1	123	10	1430	1602	17	17	53.794956	&
5	1	1	1	123	11	1578	1616	16	26	26.849449	3
5	1	1	1	123	12	1799	1641	12	24	12.040710	g
5	1	1	1	123	13	1877	1640	93	43	46.907211	Ess,
5	1	1	1	123	14	2039	1659	17	20	8.960175	&
5	1	1	1	123	15	2112	1661	43	42	31.193687	ga
5	1	1	1	123	16	2210	1671	67	28	35.407112	Bue
5	1	1	1	123	17	2382	1680	43	34	22.769455	g8
5	1	1	1	123	18	2469	1693	41	24	68.814819	98
4	1	1	1	124	0	504	1554	2008	179	-1	
5	1	1	1	124	1	504	1554	4	4	7.698608	,
5	1	1	1	124	2	700	1572	16	6	39.704193	te
5	1	1	1	124	3	830	1579	38	15	45.332302	"a
5	1	1	1	124	4	906	1586	17	5	24.050972	5
5	1	1	1	124	5	1431	1628	16	5	50.380051	a
5	1	1	1	124	6	1581	1643	12	10	35.301872	@
5	1	1	1	124	7	1877	1666	16	13	95.893745	=
5	1	1	1	124	8	2039	1680	16	9	81.356415	+
5	1	1	1	124	9	2261	1703	17	6	27.883133	re
5	1	1	1	124	10	2382	1707	12	11	25.689331	@
5	1	1	1	124	11	2495	1718	17	15	60.360302	4,
4	1	1	1	125	0	399	1557	2107	191	-1	
5	1	1	1	125	1	399	1557	13	9	54.253433	8
5	1	1	1	125	2	528	1565	18	21	37.327023	%
5	1	1	1	125	3	581	1573	17	16	36.293262	x
5	1	1	1	125	4	699	1581	12	22	79.129768	g
5	1	1	1	125	5	777	1571	16	31	28.874329	&§
5	1	1	1	125	6	854	1594	64	26	30.118782	"os
5	1	1	1	125	7	987	1593	15	33	25.383904	2s
5	1	1	1	125	8	1146	1619	17	17	56.311569	>
5	1	1	1	125	9	1224	1631	16	14	0.000000	§
5	1	1	1	125	10	1326	1628	13	28	0.000000	:
5	1	1	1	125	11	1429	1635	17	30	71.087868	a
5	1	1	1	125	12	1581	1655	15	18	41.045666	3
5	1	1	1	125	13	1799	1667	17	24	66.035538	=
5	1	1	1	125	14	1876	1679	89	24	47.354622	ages
5	1	1	1	125	15	2038	1690	13	25	47.625462	§
5	1	1	1	125	16	2111	1691	39	32	47.417854	Be
5	1	1	1	125	17	2210	1696	63	31	35.818268	Bes
5	1	1	1	125	18	2382	1716	39	22	31.658066	gS
5	1	1	1	125	19	2469	1722	37	26	54.478218	PE
4	1	1	1	126	0	399	1568	2107	205	-1	
5	1	1	1	126	1	399	1568	12	19	48.210617	3
5	1	1	1	126	2	524	1580	20	35	2.417221	st
5	1	1	1	126	3	699	1605	12	11	0.786583	°
5	1	1	1	126	4	777	1605	11	10	19.595398	s
5	1	1	1	126	5	854	1618	37	15	52.377518	oe
5	1	1	1	126	6	902	1608	16	35	24.712914	So
5	1	1	1	126	7	990	1628	12	12	51.388847	2
5	1	1	1	126	8	1064	1632	21	12	77.255409	>
5	1	1	1	126	9	1145	1637	17	16	3.192795	e
5	1	1	1	126	10	1223	1647	16	14	34.274437	|
5	1	1	1	126	11	1326	1658	12	10	21.680138	&
5	1	1	1	126	12	1429	1666	13	11	12.407570	®
5	1	1	1	126	13	1573	1665	19	35	43.566483	Ss
5	1	1	1	126	14	1795	1683	20	35	37.184147	oe
5	1	1	1	126	15	1876	1698	89	16	0.000000	gENS
5	1	1	1	126	16	2038	1717	13	10	46.574074	®
5	1	1	1	126	17	2111	1716	39	14	52.724327	Bo
5	1	1	1	126	18	2205	1722	43	19	25.422279	ee
5	1	1	1	126	19	2382	1733	16	20	27.581543	ee
5	1	1	1	126	20	2469	1748	8	11	44.139175	9
5	1	1	1	126	21	2488	1738	18	35	55.191608	08
4	1	1	1	127	0	398	1588	2109	200	-1	
5	1	1	1	127	1	398	1588	18	24	0.000000	z
5	1	1	1	127	2	528	1604	68	24	50.449509	Fog
5	1	1	1	127	3	698	1618	13	22	90.275314	a
5	1	1	1	127	4	776	1617	12	19	90.275314	=
5	1	1	1	127	5	854	1632	63	22	5.917847	8.
5	1	1	1	127	6	990	1640	15	20	73.754440	&
5	1	1	1	127	7	1067	1643	12	43	71.157059	3
5	1	1	1	127	8	1141	1654	16	17	76.155891	8
5	1	1	1	127	9	1217	1672	24	7	81.443489	3
5	1	1	1	127	10	1322	1653	19	45	27.847565	ET
5	1	1	1	127	11	1426	1662	20	45	0.000000	Ee
5	1	1	1	127	12	1581	1688	11	4	55.203762	*
5	1	1	1	127	13	1799	1709	17	12	0.000000	§
5	1	1	1	127	14	1875	1707	92	39	64.706833	8238
5	1	1	1	127	15	2038	1729	13	25	0.000000	e
5	1	1	1	127	16	2111	1731	38	31	84.959480	§8
5	1	1	1	127	17	2210	1741	68	27	52.595795	$28
5	1	1	1	127	18	2381	1747	44	28	52.982784	EP
5	1	1	1	127	19	2468	1760	39	28	0.000000	Z¢
4	1	1	1	128	0	399	1607	2107	196	-1	
5	1	1	1	128	1	399	1607	14	30	56.282997	ad
5	1	1	1	128	2	699	1642	16	5	10.977280	a
5	1	1	1	128	3	776	1647	11	10	17.800941	%
5	1	1	1	128	4	854	1655	68	15	26.110382	fer
5	1	1	1	128	5	990	1662	11	12	77.849854	3
5	1	1	1	128	6	1222	1680	12	13	0.000000	Q
5	1	1	1	128	7	1326	1693	11	9	22.774666	®
5	1	1	1	128	8	1428	1693	13	23	85.076790	3
5	1	1	1	128	9	1799	1724	15	20	25.636223	g
5	1	1	1	128	10	1876	1737	11	8	60.657936	g
5	1	1	1	128	11	1952	1738	12	22	80.756081	a
5	1	1	1	128	12	2038	1755	12	9	0.000000	&
5	1	1	1	128	13	2206	1765	70	15	6.173973	Fre
5	1	1	1	128	14	2390	1776	29	10	29.528015	ae
5	1	1	1	128	15	2469	1783	37	20	53.274818	gk
4	1	1	1	129	0	398	1631	2107	186	-1	
5	1	1	1	129	1	398	1631	12	11	50.341515	2
5	1	1	1	129	2	527	1637	16	18	57.504925	a
5	1	1	1	129	3	698	1649	15	18	0.000000	¢
5	1	1	1	129	4	772	1658	15	12	12.792961	¢
5	1	1	1	129	5	854	1671	66	16	36.953514	aoe
5	1	1	1	129	6	990	1676	11	9	83.472626	g
5	1	1	1	129	7	1067	1689	11	11	74.634964	8
5	1	1	1	129	8	1144	1686	17	22	71.698883	=
5	1	1	1	129	9	1222	1694	11	12	20.931213	A
5	1	1	1	129	10	1326	1704	11	12	83.619591	3
5	1	1	1	129	11	1428	1717	18	13	80.398636	a
5	1	1	1	129	12	1875	1747	17	21	2.896790	o
5	1	1	1	129	13	2038	1766	17	5	24.130554	a
5	1	1	1	129	14	2256	1771	19	37	75.633156	ct
5	1	1	1	129	15	2407	1786	18	24	40.110203	B
5	1	1	1	129	16	2469	1806	36	11	46.572189	Be
4	1	1	1	130	0	398	1642	2112	203	-1	
5	1	1	1	130	1	398	1642	18	29	36.378822	w
5	1	1	1	130	2	488	1657	55	20	47.379951	De
5	1	1	1	130	3	579	1653	12	39	26.337875	Z
5	1	1	1	130	4	697	1669	13	24	72.380226	g
5	1	1	1	130	5	776	1671	16	30	41.518364	8
5	1	1	1	130	6	854	1683	63	31	55.063255	Fes
5	1	1	1	130	7	989	1687	12	17	63.172775	a
5	1	1	1	130	8	1066	1701	17	27	18.096436	RF
5	1	1	1	130	9	1144	1710	12	10	43.677158	F
5	1	1	1	130	10	1221	1707	18	35	55.704975	a
5	1	1	1	130	11	1325	1718	12	22	78.671539	8
5	1	1	1	130	12	1428	1737	18	20	50.705383	=
5	1	1	1	130	13	1799	1754	16	34	73.422333	S
5	1	1	1	130	14	1874	1769	13	10	46.793018	&
5	1	1	1	130	15	1926	1758	42	35	0.000000	gé
5	1	1	1	130	16	2034	1772	18	32	53.298393	<
5	1	1	1	130	17	2209	1779	68	41	19.560989	Sng
5	1	1	1	130	18	2333	1810	86	26	28.937576	28
5	1	1	1	130	19	2493	1819	17	26	36.144455	5
4	1	1	1	131	0	397	1673	2018	183	-1	
5	1	1	1	131	1	397	1673	12	13	25.436050	5
5	1	1	1	131	2	440	1673	52	32	0.000000	\AN)
5	1	1	1	131	3	527	1679	12	31	89.046219	8
5	1	1	1	131	4	697	1693	16	15	52.349449	~
5	1	1	1	131	5	775	1702	12	21	35.116020	2
5	1	1	1	131	6	849	1707	67	24	53.824890	888
5	1	1	1	131	7	989	1715	16	23	76.817001	¢
5	1	1	1	131	8	1066	1731	16	19	73.889938	&
5	1	1	1	131	9	1143	1733	13	20	80.071617	g
5	1	1	1	131	10	1221	1744	12	9	33.553116	&
5	1	1	1	131	11	1325	1734	19	46	66.138000	a.
5	1	1	1	131	12	1428	1759	11	9	57.488434	5
5	1	1	1	131	13	1797	1797	12	10	37.414581	gs
5	1	1	1	131	14	1874	1790	18	15	74.202843	*
5	1	1	1	131	15	1925	1794	41	21	43.525536	ef
5	1	1	1	131	16	2037	1805	11	22	63.381802	§
5	1	1	1	131	17	2208	1809	64	47	46.034298	$328
5	1	1	1	131	18	2381	1836	34	8	25.319664	am
4	1	1	1	132	0	393	1687	1656	152	-1	
5	1	1	1	132	1	393	1687	16	27	76.414108	3
5	1	1	1	132	2	527	1711	11	10	23.809158	&
5	1	1	1	132	3	578	1705	18	21	0.000000	F
5	1	1	1	132	4	697	1722	17	17	76.820412	=
5	1	1	1	132	5	853	1723	69	25	39.321480	BEY
5	1	1	1	132	6	1144	1754	10	13	53.476501	a
5	1	1	1	132	7	1221	1755	11	25	47.905602	OB
5	1	1	1	132	8	1324	1764	18	24	25.748489	g
5	1	1	1	132	9	1423	1761	16	46	42.178185	Fy
5	1	1	1	132	10	1622	1798	28	8	57.578041	=
5	1	1	1	132	11	1797	1809	12	13	81.405533	2
5	1	1	1	132	12	1875	1816	16	6	59.687805	5s
5	1	1	1	132	13	1925	1813	38	25	53.221703	FS
5	1	1	1	132	14	2037	1829	12	10	52.353310	¢
4	1	1	1	133	0	397	1716	1488	120	-1	
5	1	1	1	133	1	397	1716	12	12	48.680920	og
5	1	1	1	133	2	465	1724	13	6	52.831276	NY
5	1	1	1	133	3	527	1724	11	12	17.106979	3B
5	1	1	1	133	4	578	1727	17	15	22.625381	Of
5	1	1	1	133	5	697	1741	12	9	71.421188	®
5	1	1	1	133	6	776	1734	16	18	88.575348	N
5	1	1	1	133	7	852	1746	12	16	0.000000	2
5	1	1	1	133	8	989	1765	11	8	30.331253	3
5	1	1	1	133	9	1065	1764	12	21	68.453384	8
5	1	1	1	133	10	1143	1767	15	20	0.000000	S
5	1	1	1	133	11	1221	1782	11	9	70.793709	>
5	1	1	1	133	12	1268	1785	68	17	37.060795	BEE
5	1	1	1	133	13	1371	1798	24	7	24.549431	o
5	1	1	1	133	14	1428	1802	16	13	66.032745	&
5	1	1	1	133	15	1517	1793	31	37	22.871429	iC)
5	1	1	1	133	16	1621	1808	29	22	93.045525	a
5	1	1	1	133	17	1797	1824	16	12	71.140709	&
5	1	1	1	133	18	1874	1824	11	12	62.539764	°
4	1	1	1	134	0	396	1729	1149	99	-1	
5	1	1	1	134	1	396	1729	16	27	61.099098	4
5	1	1	1	134	2	526	1736	15	9	91.250999	*
5	1	1	1	134	3	578	1744	11	10	75.945442	8
5	1	1	1	134	4	696	1752	12	24	62.509350	3
5	1	1	1	134	5	770	1751	22	22	21.398689	2
5	1	1	1	134	6	852	1763	68	24	1.592369	Gye
5	1	1	1	134	7	988	1775	12	30	71.413063	g
5	1	1	1	134	8	1065	1786	17	14	93.913330	=
5	1	1	1	134	9	1143	1789	11	24	76.347389	3
5	1	1	1	134	10	1220	1799	70	18	57.183502	£e
5	1	1	1	134	11	1323	1803	18	23	40.929535	82
5	1	1	1	134	12	1371	1806	24	20	29.508446	S
5	1	1	1	134	13	1423	1816	16	12	85.560318	&
5	1	1	1	134	14	1521	1821	24	7	34.793648	~
4	1	1	1	135	0	396	1758	895	66	-1	
5	1	1	1	135	1	396	1758	17	14	86.808502	N
5	1	1	1	135	2	528	1765	66	24	52.140266	Jog
5	1	1	1	135	3	696	1778	12	10	62.787170	®
5	1	1	1	135	4	774	1787	17	9	33.228676	a
5	1	1	1	135	5	852	1785	63	25	38.020767	#38
5	1	1	1	135	6	987	1805	13	15	0.000000	&
5	1	1	1	135	7	1065	1802	17	22	76.295883	&
5	1	1	1	135	8	1142	1814	12	10	21.791016	@
5	1	1	1	135	9	1221	1817	70	7	0.000000	—
4	1	1	1	136	0	396	1771	522	59	-1	
5	1	1	1	136	1	396	1773	17	14	24.091324	gy
5	1	1	1	136	2	443	1771	23	17	46.222992	PR
5	1	1	1	136	3	577	1792	12	9	41.282249	4
5	1	1	1	136	4	692	1787	19	29	5.995018	ss
5	1	1	1	136	5	774	1798	11	13	50.473026	§
5	1	1	1	136	6	847	1807	16	13	76.335175	<
5	1	1	1	136	7	877	1801	15	29	59.375549	oO
5	1	1	1	136	8	903	1811	15	9	53.275970	&
4	1	1	1	137	0	395	1788	395	32	-1	
5	1	1	1	137	1	395	1788	71	23	40.424843	fe
5	1	1	1	137	2	525	1789	17	16	48.322655	GF
5	1	1	1	137	3	578	1803	10	12	33.654793	sg
5	1	1	1	137	4	696	1805	94	15	8.839935	oS
