level	page_num	block_num	par_num	line_num	word_num	left	top	width	height	conf	text
1	1	0	0	0	0	0	0	2550	1970	-1	
2	1	1	0	0	0	166	15	2383	1801	-1	
3	1	1	1	0	0	166	15	2383	1801	-1	
4	1	1	1	1	0	1259	15	1286	25	-1	
5	1	1	1	1	1	1259	15	17	21	51.100380	eo
5	1	1	1	1	2	1314	19	44	11	89.630913	om
5	1	1	1	1	3	2515	25	30	15	64.224945	—
4	1	1	1	2	0	1258	20	1287	51	-1	
5	1	1	1	2	1	1258	28	94	29	23.512718	£32
5	1	1	1	2	2	1391	20	17	37	0.000000	F
5	1	1	1	2	3	1442	22	38	33	41.077591	72
5	1	1	1	2	4	1515	23	16	35	85.704483	2
5	1	1	1	2	5	1596	24	95	32	68.463127	FLES
5	1	1	1	2	6	1724	26	69	39	48.593502	Lee
5	1	1	1	2	7	2053	32	12	30	9.104378	§
5	1	1	1	2	8	2105	33	121	33	0.000000	8Z8NE
5	1	1	1	2	9	2286	36	44	27	16.884377	fo
5	1	1	1	2	10	2360	38	185	33	0.000000	pesseRe
4	1	1	1	3	0	710	50	1800	34	-1	
5	1	1	1	3	1	710	54	16	18	73.577408	©
5	1	1	1	3	2	758	55	16	11	20.948502	@
5	1	1	1	3	3	892	57	17	11	29.578033	a
5	1	1	1	3	4	1051	59	39	11	60.748158	Or
5	1	1	1	3	5	1122	60	59	11	72.020996	pew
5	1	1	1	3	6	1214	63	15	8	13.657646	»
5	1	1	1	3	7	1262	50	89	27	0.000000	FLFR.
5	1	1	1	3	8	1390	57	16	8	0.000000	F
5	1	1	1	3	9	1442	55	38	18	0.000000	20
5	1	1	1	3	10	1518	60	17	15	60.024647	2
5	1	1	1	3	11	1596	55	81	19	27.837074	Bee.
5	1	1	1	3	12	1724	56	69	22	20.254242	Seg
5	1	1	1	3	13	2053	63	12	13	9.263268	&
5	1	1	1	3	14	2105	57	116	24	0.000000	at°oe
5	1	1	1	3	15	2286	63	44	20	66.685768	BR
5	1	1	1	3	16	2363	60	91	24	41.832195	§2a0
5	1	1	1	3	17	2468	52	15	36	78.419296	8
5	1	1	1	3	18	2494	62	16	15	78.419296	&
4	1	1	1	4	0	758	54	1752	57	-1	
5	1	1	1	4	1	758	54	8	28	46.403461	bs
5	1	1	1	4	2	893	71	3	3	0.000000	F
5	1	1	1	4	3	1051	57	27	28	19.316673	hab
5	1	1	1	4	4	1122	74	47	4	71.698692	Per
5	1	1	1	4	5	1210	59	7	28	0.000000	Ms
5	1	1	1	4	6	1262	67	68	31	28.901543	BPP
5	1	1	1	4	7	1342	68	64	32	25.791504	EOS
5	1	1	1	4	8	1422	69	62	31	25.791504	See
5	1	1	1	4	9	1498	70	37	37	28.727264	ae
5	1	1	1	4	10	1550	70	237	34	0.000000	aZeeeaaegs
5	1	1	1	4	11	1850	72	17	18	0.000000	o
5	1	1	1	4	12	1927	74	16	17	54.545929	v
5	1	1	1	4	13	1999	68	24	28	15.056847	loam
5	1	1	1	4	14	2053	77	69	26	0.000000	gee
5	1	1	1	4	15	2133	74	35	37	0.000000	Se
5	1	1	1	4	16	2178	84	9	5	0.000000	~
5	1	1	1	4	17	2209	73	89	31	27.138954	Pine
5	1	1	1	4	18	2315	80	144	25	7.067734	ensSue
5	1	1	1	4	19	2493	88	17	19	49.021858	5
4	1	1	1	5	0	393	80	1983	37	-1	
5	1	1	1	5	1	393	87	43	12	59.428440	po
5	1	1	1	5	2	710	80	44	26	24.970306	os
5	1	1	1	5	3	1187	97	17	6	28.512215	Pa
5	1	1	1	5	4	1258	85	16	26	28.152451	iy
5	1	1	1	5	5	1336	85	20	26	25.700310	ca"
5	1	1	1	5	6	1429	98	4	4	0.000000	.
5	1	1	1	5	7	1545	103	17	5	27.340096	a
5	1	1	1	5	8	1617	86	19	26	9.855736	oe
5	1	1	1	5	9	1673	87	62	26	5.921165	arene)
5	1	1	1	5	10	1775	94	18	6	44.080795	Ss
5	1	1	1	5	11	2049	90	16	26	19.838959	ba
5	1	1	1	5	12	2260	95	12	15	60.974232	5
5	1	1	1	5	13	2311	91	65	26	24.103813	&oO®
4	1	1	1	6	0	393	84	2143	66	-1	
5	1	1	1	6	1	393	87	68	37	15.565987	EEF
5	1	1	1	6	2	658	89	43	32	0.000000	ge
5	1	1	1	6	3	710	91	65	46	0.000000	eee
5	1	1	1	6	4	865	93	44	31	45.057178	go
5	1	1	1	6	5	1000	94	108	37	0.000000	GESPE
5	1	1	1	6	6	1126	96	103	46	0.000000	OETEZ
5	1	1	1	6	7	1262	95	141	38	26.756805	ee
5	1	1	1	6	8	1432	98	68	35	0.965462	Cee
5	1	1	1	6	9	1509	84	97	58	0.000000	Peee
5	1	1	1	6	10	1639	88	70	50	11.504745	Bete
5	1	1	1	6	11	1736	101	56	31	17.008163	ty)
5	1	1	1	6	12	1825	108	42	20	20.937889	Be
5	1	1	1	6	13	1900	109	43	26	44.999474	By
5	1	1	1	6	14	1973	110	46	24	39.129303	py
5	1	1	1	6	15	2053	98	296	52	0.000000	HEFESSEEPEES
5	1	1	1	6	16	2365	108	35	34	0.000000	SS
5	1	1	1	6	17	2422	102	63	46	0.000000	GES
5	1	1	1	6	18	2493	89	43	52	0.000000	eB
4	1	1	1	7	0	392	118	1986	31	-1	
5	1	1	1	7	1	392	119	38	15	43.168354	op
5	1	1	1	7	2	494	118	126	15	3.772461	2aSEoP
5	1	1	1	7	3	658	121	85	13	0.000000	ban
5	1	1	1	7	4	865	119	13	19	17.925690	o
5	1	1	1	7	5	892	120	12	16	9.070007	®
5	1	1	1	7	6	1000	120	107	20	0.710373	Betas
5	1	1	1	7	7	1122	122	11	24	0.000000	Z
5	1	1	1	7	8	1187	128	12	10	41.184345	@
5	1	1	1	7	9	1288	125	114	18	0.000000	SISU@P
5	1	1	1	7	10	1441	126	351	22	0.000000	QeSsearsAgetrer
5	1	1	1	7	11	1824	125	43	20	14.292465	ee
5	1	1	1	7	12	1901	127	42	22	55.561920	Sr
5	1	1	1	7	13	1976	128	43	18	67.158951	ay
5	1	1	1	7	14	2079	133	89	16	31.354279	eee
5	1	1	1	7	15	2208	135	43	13	33.038109	oe
5	1	1	1	7	16	2311	128	39	17	50.332321	go
5	1	1	1	7	17	2365	133	13	9	50.332321	x
4	1	1	1	8	0	393	129	2112	38	-1	
5	1	1	1	8	1	393	132	62	21	20.157516	Ba3
5	1	1	1	8	2	489	132	137	8	0.000000	~“~“~“™~
5	1	1	1	8	3	657	134	38	21	0.000000	35
5	1	1	1	8	4	711	135	58	18	0.000000	Fv
5	1	1	1	8	5	865	139	38	20	68.560211	3a
5	1	1	1	8	6	1000	142	37	10	75.664413	oo
5	1	1	1	8	7	1072	129	35	35	58.864899	ant
5	1	1	1	8	8	1126	133	72	27	0.000000	$isn
5	1	1	1	8	9	1262	135	113	27	24.600952	eee
5	1	1	1	8	10	1390	139	89	24	43.781219	Neos
5	1	1	1	8	11	1517	137	115	21	0.000000	2a
5	1	1	1	8	12	1697	139	89	18	0.000000	ESeyX
5	1	1	1	8	13	1824	139	38	21	55.943203	85
5	1	1	1	8	14	1904	142	34	15	89.451721	Fo
5	1	1	1	8	15	1976	143	38	16	85.234871	§o
5	1	1	1	8	16	2052	141	39	13	55.700375	re
5	1	1	1	8	17	2156	143	95	19	0.000000	BREE
5	1	1	1	8	18	2263	135	90	36	0.000000	RS,
5	1	1	1	8	19	2363	143	63	24	52.153812	Og
5	1	1	1	8	20	2416	135	15	36	52.153812	p
5	1	1	1	8	21	2467	142	38	20	7.137039	Eo
4	1	1	1	9	0	1000	145	1401	29	-1	
5	1	1	1	9	1	1000	153	16	6	58.529087	&
5	1	1	1	9	2	1155	153	26	5	18.250641	os
5	1	1	1	9	3	1415	145	89	21	0.000000	e598
5	1	1	1	9	4	1544	150	37	17	0.000000	2a6
5	1	1	1	9	5	1619	152	38	19	9.764847	eH
5	1	1	1	9	6	1673	150	61	15	0.000000	QB
5	1	1	1	9	7	1748	148	12	26	5.043655	g
5	1	1	1	9	8	1850	159	16	6	37.284241	PB
5	1	1	1	9	9	1900	154	38	15	41.486427	469
5	1	1	1	9	10	1976	155	38	15	67.172600	89
5	1	1	1	9	11	2051	156	13	10	76.021744	@
5	1	1	1	9	12	2155	155	43	13	54.814865	ope
5	1	1	1	9	13	2233	156	12	10	54.814865	a
5	1	1	1	9	14	2337	155	12	12	0.000000	»
5	1	1	1	9	15	2388	153	13	13	65.415527	2
4	1	1	1	10	0	418	149	2061	34	-1	
5	1	1	1	10	1	418	153	12	11	55.877605	@
5	1	1	1	10	2	445	155	10	12	0.000000	&
5	1	1	1	10	3	680	149	88	21	15.481300	aw)
5	1	1	1	10	4	1024	151	82	20	0.000000	aPSR
5	1	1	1	10	5	1142	152	81	27	0.651566	PERS
5	1	1	1	10	6	1215	147	18	36	0.651566	se
5	1	1	1	10	7	1261	157	12	12	45.593712	of
5	1	1	1	10	8	1309	151	72	23	55.075935	ak.
5	1	1	1	10	9	1466	159	93	14	65.636581	23a
5	1	1	1	10	10	1547	148	34	34	66.674683	30
5	1	1	1	10	11	1595	160	16	12	76.843857	5
5	1	1	1	10	12	1667	161	16	13	74.915405	g
5	1	1	1	10	13	1774	166	12	12	16.693939	oo
5	1	1	1	10	14	1824	161	42	12	32.630775	BS
5	1	1	1	10	15	2002	167	11	9	66.867134	§
5	1	1	1	10	16	2047	162	43	18	18.138504	@u
5	1	1	1	10	17	2129	160	350	23	0.000000	2eSPgereghocta
5	1	1	1	10	18	2445	153	38	34	0.224106	as
4	1	1	1	11	0	392	154	2090	36	-1	
5	1	1	1	11	1	392	162	38	14	56.570076	2S
5	1	1	1	11	2	494	154	129	32	0.000000	OUOOS
5	1	1	1	11	3	757	170	16	7	86.830475	=
5	1	1	1	11	4	864	169	13	9	4.367912	o
5	1	1	1	11	5	1000	169	11	12	70.787178	3
5	1	1	1	11	6	1095	167	134	16	22.375275	Spree
5	1	1	1	11	7	1262	163	42	18	3.265305	BEL
5	1	1	1	11	8	1341	169	34	15	28.614792	ES
5	1	1	1	11	9	1397	164	81	19	18.020775	DOSS
5	1	1	1	11	10	1496	165	33	17	54.651333	TR
5	1	1	1	11	11	1549	168	31	15	58.676697	SS
5	1	1	1	11	12	1600	171	57	15	26.862732	Seo
5	1	1	1	11	13	1669	159	15	32	34.340126	Ss
5	1	1	1	11	14	1823	173	38	14	0.081947	®S
5	1	1	1	11	15	1900	166	37	20	74.383270	Sa
5	1	1	1	11	16	1976	177	38	10	30.138710	o8
5	1	1	1	11	17	2078	176	12	13	0.000000	&
5	1	1	1	11	18	2156	169	11	13	87.034050	5
5	1	1	1	11	19	2233	175	141	15	0.000000	Saxggte
5	1	1	1	11	20	2466	176	16	9	62.947704	+
4	1	1	1	12	0	388	165	2064	33	-1	
5	1	1	1	12	1	388	168	66	22	62.040207	$228
5	1	1	1	12	2	497	177	46	11	13.683250	ee
5	1	1	1	12	3	570	178	49	11	33.149834	eo
5	1	1	1	12	4	658	165	110	25	0.000000	wwress
5	1	1	1	12	5	864	179	13	11	9.524796	&
5	1	1	1	12	6	1025	172	17	13	15.168243	TB
5	1	1	1	12	7	1092	172	14	20	15.168243	o
5	1	1	1	12	8	1187	181	42	8	54.487038	TE
5	1	1	1	12	9	1288	176	62	18	51.208466	S225
5	1	1	1	12	10	1388	177	167	20	0.000000	QFRF°05
5	1	1	1	12	11	1539	168	20	33	58.062485	9
5	1	1	1	12	12	1619	182	13	11	25.047691	$
5	1	1	1	12	13	1697	172	89	25	0.000000	PEyac
5	1	1	1	12	14	1824	186	29	7	8.616241	Os
5	1	1	1	12	15	2042	187	2	2	46.556778	:
5	1	1	1	12	16	2129	182	68	11	0.000000	POH
5	1	1	1	12	17	2210	181	139	16	0.000000	ISAFE
5	1	1	1	12	18	2342	173	58	33	17.361259	TPO
5	1	1	1	12	19	2414	186	38	10	17.361259	my
4	1	1	1	13	0	392	177	2091	39	-1	
5	1	1	1	13	1	392	180	62	13	8.565132	acs
5	1	1	1	13	2	704	177	17	26	36.930099	3°
5	1	1	1	13	3	999	183	68	16	0.000000	Evora
5	1	1	1	13	4	1094	182	87	17	0.000000	san"
5	1	1	1	13	5	1211	187	18	6	62.386841	=
5	1	1	1	13	6	1260	183	39	13	28.266632	a
5	1	1	1	13	7	1287	178	16	26	49.807945	B
5	1	1	1	13	8	1333	179	20	26	20.199997	st
5	1	1	1	13	9	1365	185	10	12	36.077614	©
5	1	1	1	13	10	1492	193	37	9	59.850395	Qa
5	1	1	1	13	11	1594	179	18	26	22.794006	ot
5	1	1	1	13	12	1646	179	16	26	29.392197	5s
5	1	1	1	13	13	1671	187	12	13	33.131218	5
5	1	1	1	13	14	1721	180	17	28	39.483639	oO
5	1	1	1	13	15	1775	193	11	10	72.137070	5
5	1	1	1	13	16	1925	188	11	19	57.072510	3
5	1	1	1	13	17	1976	188	37	21	43.216560	ay
5	1	1	1	13	18	2051	189	38	13	51.481110	eg
5	1	1	1	13	19	2155	192	12	12	84.974411	°
5	1	1	1	13	20	2228	182	22	34	52.844131	Jf
5	1	1	1	13	21	2263	193	59	15	28.888138	ts
5	1	1	1	13	22	2337	197	11	9	2.097092	&
5	1	1	1	13	23	2388	194	95	14	0.000000	Soo
4	1	1	1	14	0	392	182	2060	38	-1	
5	1	1	1	14	1	392	192	37	12	62.946320	a5
5	1	1	1	14	2	493	189	126	17	25.083862	28298
5	1	1	1	14	3	658	189	110	21	13.774094	3283p
5	1	1	1	14	4	865	182	47	32	0.000000	Ea-s
5	1	1	1	14	5	999	197	40	19	20.171539	5S
5	1	1	1	14	6	1052	184	57	36	0.000000	ST°
5	1	1	1	14	7	1116	196	60	14	63.964809	Soe
5	1	1	1	14	8	1261	195	119	16	20.263016	SoCo
5	1	1	1	14	9	1415	187	18	32	37.824165	yp
5	1	1	1	14	10	1440	193	43	17	62.303986	to
5	1	1	1	14	11	1544	192	112	13	36.410706	BS
5	1	1	1	14	12	1674	188	62	33	48.123337	AES
5	1	1	1	14	13	1742	199	24	8	47.273651	SD
5	1	1	1	14	14	1823	202	43	16	52.127213	sQ
5	1	1	1	14	15	1899	197	16	19	89.224113	8
5	1	1	1	14	16	1975	198	16	9	3.363785	g
5	1	1	1	14	17	2051	203	39	11	31.910057	ae
5	1	1	1	14	18	2129	198	94	17	0.000000	grees
5	1	1	1	14	19	2259	203	37	10	17.807693	Fogg
5	1	1	1	14	20	2336	201	116	19	18.766335	ress
4	1	1	1	15	0	391	201	2143	36	-1	
5	1	1	1	15	1	391	201	67	16	22.198555	eb
5	1	1	1	15	2	490	201	133	21	0.000000	gud
5	1	1	1	15	3	657	201	111	19	14.285004	SFS5s
5	1	1	1	15	4	864	203	38	21	26.983955	a)
5	1	1	1	15	5	1050	207	125	18	0.000000	BOS.5s
5	1	1	1	15	6	1211	205	17	13	17.151917	&
5	1	1	1	15	7	1260	210	39	12	2.209335	SR
5	1	1	1	15	8	1338	207	67	19	2.209335	abot
5	1	1	1	15	9	1440	205	38	25	26.286240	SS
5	1	1	1	15	10	1517	212	38	19	32.818810	ea
5	1	1	1	15	11	1594	211	37	19	66.043808	BF
5	1	1	1	15	12	1696	205	94	23	0.000000	Sxea
5	1	1	1	15	13	1823	213	38	18	39.869572	SS
5	1	1	1	15	14	1924	217	17	11	40.468262	oe
5	1	1	1	15	15	1975	208	42	23	38.383652	By.
5	1	1	1	15	16	2051	212	38	13	34.270500	¢8
5	1	1	1	15	17	2129	210	405	27	0.000000	Forasckssstegris
4	1	1	1	16	0	417	212	2086	36	-1	
5	1	1	1	16	1	417	212	37	19	43.781605	ago
5	1	1	1	16	2	493	222	130	14	12.277740	FERRS
5	1	1	1	16	3	657	215	108	22	0.000000	Faee%
5	1	1	1	16	4	864	218	43	20	41.657482	Bo
5	1	1	1	16	5	998	217	64	21	0.000000	Tso
5	1	1	1	16	6	1090	220	85	19	0.000000	"599
5	1	1	1	16	7	1211	220	12	10	80.052826	8
5	1	1	1	16	8	1287	215	168	25	0.000000	S2agerk
5	1	1	1	16	9	1466	217	37	26	23.544624	ge
5	1	1	1	16	10	1520	223	39	15	40.456272	re
5	1	1	1	16	11	1619	221	37	17	17.324608	ES
5	1	1	1	16	12	1675	223	33	13	21.378166	Oe
5	1	1	1	16	13	1725	226	65	15	38.348038	OB
5	1	1	1	16	14	1849	233	11	9	67.797241	g
5	1	1	1	16	15	1898	217	13	23	0.000000	o¢
5	1	1	1	16	16	1975	222	17	19	0.000000	s
5	1	1	1	16	17	2051	227	31	11	50.975510	mo
5	1	1	1	16	18	2128	226	42	13	37.495232	fF
5	1	1	1	16	19	2203	223	171	25	6.918182	“Ose
5	1	1	1	16	20	2338	214	42	38	9.296120	RC
5	1	1	1	16	21	2413	218	90	29	0.000000	egkad
4	1	1	1	17	0	391	217	2137	44	-1	
5	1	1	1	17	1	391	217	68	30	49.524132	Bev.
5	1	1	1	17	2	493	236	12	10	44.750092	®
5	1	1	1	17	3	530	236	50	11	48.540047	26
5	1	1	1	17	4	606	237	12	11	84.028923	®
5	1	1	1	17	5	654	230	118	24	10.749191	soRom
5	1	1	1	17	6	864	234	44	17	43.548260	ow
5	1	1	1	17	7	998	226	71	32	52.783188	eos.
5	1	1	1	17	8	1114	235	64	16	55.609394	are
5	1	1	1	17	9	1211	231	11	13	61.569984	8
5	1	1	1	17	10	1260	231	166	23	2.370773	Boosts
5	1	1	1	17	11	1465	237	94	18	0.000000	5,88
5	1	1	1	17	12	1594	231	63	20	46.061745	Bee
5	1	1	1	17	13	1675	234	111	27	34.627693	OURS
5	1	1	1	17	14	1823	234	37	21	58.235710	No
5	1	1	1	17	15	1898	237	38	18	19.063950	68
5	1	1	1	17	16	1976	242	36	18	91.726891	Fe
5	1	1	1	17	17	2051	240	38	18	76.483574	Fe
5	1	1	1	17	18	2128	238	94	19	0.000000	Baar
5	1	1	1	17	19	2284	237	64	22	0.000000	BRP
5	1	1	1	17	20	2381	236	101	22	11.812500	kara”
5	1	1	1	17	21	2517	237	11	14	38.402958	o
4	1	1	1	18	0	442	236	2091	41	-1	
5	1	1	1	18	1	442	241	12	17	43.315472	ae
5	1	1	1	18	2	493	247	12	10	54.423981	&
5	1	1	1	18	3	531	248	11	9	66.320702	8
5	1	1	1	18	4	568	248	11	10	65.382263	§
5	1	1	1	18	5	606	249	11	9	75.998505	8
5	1	1	1	18	6	678	236	22	32	17.114037	ic}
5	1	1	1	18	7	756	254	17	6	13.645409	—
5	1	1	1	18	8	863	247	39	15	76.084206	os
5	1	1	1	18	9	998	244	63	18	17.776634	AEP
5	1	1	1	18	10	1093	246	82	16	17.776634	Neo
5	1	1	1	18	11	1210	245	15	22	31.736855	FS
5	1	1	1	18	12	1260	243	271	26	0.000000	eQeTeseosat
5	1	1	1	18	13	1593	248	192	19	0.000000	SRSEkSees
5	1	1	1	18	14	1823	250	42	19	51.939049	TE
5	1	1	1	18	15	1898	254	43	15	39.438873	£2
5	1	1	1	18	16	1975	250	42	17	55.865463	SS
5	1	1	1	18	17	2050	257	39	11	47.369873	$5
5	1	1	1	18	18	2124	251	120	26	0.000000	VESNE
5	1	1	1	18	19	2309	261	12	10	0.000000	g
5	1	1	1	18	20	2412	252	121	24	26.865959	Bees
4	1	1	1	19	0	392	250	2135	41	-1	
5	1	1	1	19	1	392	250	62	22	55.682442	NPE
5	1	1	1	19	2	490	258	87	14	42.097164	Fee
5	1	1	1	19	3	603	260	12	12	26.239212	ek
5	1	1	1	19	4	651	255	117	22	25.440781	aSoes
5	1	1	1	19	5	890	262	12	8	49.722122	a
5	1	1	1	19	6	1023	257	65	22	71.978157	Bae
5	1	1	1	19	7	1121	260	57	17	25.853302	Sar
5	1	1	1	19	8	1210	268	12	11	11.996422	S$
5	1	1	1	19	9	1261	254	165	28	0.000000	BPeSESs
5	1	1	1	19	10	1459	261	100	21	23.971008	eos
5	1	1	1	19	11	1594	260	191	23	0.000000	Fsecectas
5	1	1	1	19	12	1823	270	37	12	68.177597	WF
5	1	1	1	19	13	1898	264	42	19	68.820175	FE
5	1	1	1	19	14	1974	261	43	24	69.911102	FE
5	1	1	1	19	15	2050	268	12	9	76.279495	s
5	1	1	1	19	16	2127	266	83	19	5.799927	Sea
5	1	1	1	19	17	2232	278	17	5	5.799927	8
5	1	1	1	19	18	2287	262	33	20	58.849342	OF
5	1	1	1	19	19	2331	257	196	34	0.000000	veTeFo
5	1	1	1	19	20	2466	253	35	42	36.221622	5g
5	1	1	1	19	21	2511	253	18	42	59.147430	B
4	1	1	1	20	0	391	269	2112	42	-1	
5	1	1	1	20	1	391	272	68	15	28.854324	D5”
5	1	1	1	20	2	487	274	11	18	39.390850	2
5	1	1	1	20	3	524	274	11	19	19.330841	2
5	1	1	1	20	4	562	275	49	19	28.592850	bp
5	1	1	1	20	5	655	274	40	20	9.502571	WZ
5	1	1	1	20	6	710	269	62	24	0.000000	aea
5	1	1	1	20	7	864	272	41	25	62.924049	as
5	1	1	1	20	8	997	271	92	21	23.138008	Sees
5	1	1	1	20	9	1118	271	61	19	50.366867	fee
5	1	1	1	20	10	1210	289	15	10	0.000000	*
5	1	1	1	20	11	1259	274	89	27	25.124275	BSPo
5	1	1	1	20	12	1363	279	36	17	27.333435	as
5	1	1	1	20	13	1416	274	39	29	3.327682	gs
5	1	1	1	20	14	1468	279	9	9	3.327682	h
5	1	1	1	20	15	1496	276	61	16	19.106895	Rss
5	1	1	1	20	16	1592	275	133	26	0.000000	eeaeor
5	1	1	1	20	17	1746	279	44	16	45.599171	ge
5	1	1	1	20	18	1823	282	36	24	58.980003	3G
5	1	1	1	20	19	1898	284	38	13	70.165543	So
5	1	1	1	20	20	1974	286	38	15	16.304169	&F
5	1	1	1	20	21	2050	278	43	24	7.599167	&4
5	1	1	1	20	22	2127	278	42	27	0.000000	BS
5	1	1	1	20	23	2179	281	65	22	0.000000	eNG
5	1	1	1	20	24	2282	281	142	25	0.000000	S2Soes
5	1	1	1	20	25	2439	286	64	25	57.360680	ous
4	1	1	1	21	0	416	283	2117	43	-1	
5	1	1	1	21	1	416	288	37	25	28.309891	82
5	1	1	1	21	2	487	297	136	16	58.114418	AAAA
5	1	1	1	21	3	682	291	85	18	37.348080	Bags
5	1	1	1	21	4	886	283	15	38	28.640968	EI
5	1	1	1	21	5	998	293	62	21	45.003006	Fe
5	1	1	1	21	6	1093	290	81	23	0.932167	Beek
5	1	1	1	21	7	1210	300	17	13	79.904747	S
5	1	1	1	21	8	1259	288	295	29	0.000000	FeIGESESh,aE8S
5	1	1	1	21	9	1592	291	114	24	0.000000	SEaee
5	1	1	1	21	10	1745	290	40	18	57.632622	38
5	1	1	1	21	11	1894	298	41	18	62.778183	oS
5	1	1	1	21	12	1973	302	44	13	53.740616	¢F
5	1	1	1	21	13	2049	301	44	15	69.097092	gE
5	1	1	1	21	14	2127	298	115	19	14.893951	eis
5	1	1	1	21	15	2282	298	96	18	0.000000	gee
5	1	1	1	21	16	2411	297	122	29	0.000000	aeaeeis
4	1	1	1	22	0	390	297	2137	35	-1	
5	1	1	1	22	1	390	297	43	26	59.116615	gs
5	1	1	1	22	2	488	307	134	12	53.526917	SPSS
5	1	1	1	22	3	681	303	65	15	7.963173	See
5	1	1	1	22	4	863	316	17	6	0.000000	~
5	1	1	1	22	5	1118	307	56	16	66.715805	Pog
5	1	1	1	22	6	1254	312	16	11	66.291420	a
5	1	1	1	22	7	1336	310	115	16	0.000000	SeBSsr
5	1	1	1	22	8	1489	311	38	12	29.896812	as
5	1	1	1	22	9	1592	306	118	20	20.702332	Sbere
5	1	1	1	22	10	1745	308	38	14	0.000000	85
5	1	1	1	22	11	1821	305	42	25	61.218727	By
5	1	1	1	22	12	1898	310	37	16	39.382000	BPS
5	1	1	1	22	13	1974	314	16	13	85.151611	F
5	1	1	1	22	14	2049	315	12	11	39.360901	&
5	1	1	1	22	15	2127	312	116	20	0.000000	SRoOoe
5	1	1	1	22	16	2283	314	115	16	13.036026	BFeBas
5	1	1	1	22	17	2438	308	38	24	20.574532	tas
5	1	1	1	22	18	2516	320	11	10	56.330101	g
4	1	1	1	23	0	415	306	2086	41	-1	
5	1	1	1	23	1	415	313	38	15	68.210152	os
5	1	1	1	23	2	525	316	85	5	36.606781	“ee
5	1	1	1	23	3	659	306	107	25	0.000000	Wees
5	1	1	1	23	4	752	302	16	37	68.035492	4
5	1	1	1	23	5	886	315	12	12	0.000000	m
5	1	1	1	23	6	997	308	19	34	47.371197	2g
5	1	1	1	23	7	1032	312	98	25	0.000000	BQ495
5	1	1	1	23	8	1209	315	13	10	58.134094	©
5	1	1	1	23	9	1285	323	63	13	5.559616	aes
5	1	1	1	23	10	1386	320	64	19	5.559616	lees
5	1	1	1	23	11	1490	316	68	26	0.000000	 SPo
5	1	1	1	23	12	1592	319	119	20	7.171280	BPSSE
5	1	1	1	23	13	1745	319	12	13	36.817345	<
5	1	1	1	23	14	1897	325	38	13	61.382694	6%
5	1	1	1	23	15	1973	317	38	29	15.169785	S83
5	1	1	1	23	16	2050	326	37	14	48.563889	Sy
5	1	1	1	23	17	2126	322	120	18	0.000000	BEGNR
5	1	1	1	23	18	2282	324	69	20	0.000000	BEESR
5	1	1	1	23	19	2385	327	116	20	54.414833	OSES
4	1	1	1	24	0	390	323	2142	40	-1	
5	1	1	1	24	1	390	324	63	18	0.000000	asa
5	1	1	1	24	2	486	327	137	20	54.077637	1a
5	1	1	1	24	3	567	318	18	34	0.000000	ea
5	1	1	1	24	4	681	329	90	19	32.293831	$33
5	1	1	1	24	5	863	323	26	17	26.301376	Be
5	1	1	1	24	6	1022	324	152	29	0.000000	GSEsagg
5	1	1	1	24	7	1209	336	13	9	56.365566	»
5	1	1	1	24	8	1258	327	294	22	0.000000	SBFsrs™aagkse
5	1	1	1	24	9	1592	333	114	16	5.558784	BuhOE
5	1	1	1	24	10	1745	330	39	23	43.419380	$2
5	1	1	1	24	11	1821	337	37	18	48.560505	gay
5	1	1	1	24	12	1897	335	42	18	79.922874	SF
5	1	1	1	24	13	2048	335	39	28	47.889210	3
5	1	1	1	24	14	2153	336	37	15	0.000000	EG
5	1	1	1	24	15	2205	334	43	18	0.000000	NE
5	1	1	1	24	16	2282	334	37	21	0.000000	FS
5	1	1	1	24	17	2335	334	146	19	0.000000	TQS
5	1	1	1	24	18	2443	327	61	34	0.000000	EaAB
5	1	1	1	24	19	2522	342	10	12	0.000000	es
4	1	1	1	25	0	416	332	2085	36	-1	
5	1	1	1	25	1	416	338	42	10	55.653191	Pe
5	1	1	1	25	2	729	339	42	14	65.149567	rE
5	1	1	1	25	3	862	332	32	30	50.947803	ag)
5	1	1	1	25	4	997	341	17	16	0.000000	ae
5	1	1	1	25	5	1047	346	82	14	0.000000	Gegeed
5	1	1	1	25	6	1209	346	12	11	12.278580	&
5	1	1	1	25	7	1258	342	197	19	0.000000	*O9nOR
5	1	1	1	25	8	1417	336	13	30	0.000000	eo
5	1	1	1	25	9	1440	336	38	30	0.000000	BS
5	1	1	1	25	10	1489	344	64	14	32.672447	BTS
5	1	1	1	25	11	1592	343	117	17	0.000000	FTO7%4AR
5	1	1	1	25	12	1741	344	16	15	56.132904	F
5	1	1	1	25	13	1822	351	42	13	85.073463	23.
5	1	1	1	25	14	1898	352	40	10	13.545181	Ba
5	1	1	1	25	15	2075	351	13	11	53.249771	o
5	1	1	1	25	16	2126	344	64	21	51.075493	oF
5	1	1	1	25	17	2230	349	12	10	21.080414	STO
5	1	1	1	25	18	2307	349	71	17	19.384232	Eao%S
5	1	1	1	25	19	2411	346	90	22	37.060349	5449
4	1	1	1	26	0	390	345	2142	35	-1	
5	1	1	1	26	1	390	345	66	19	14.955505	See
5	1	1	1	26	2	680	345	13	22	45.560246	8
5	1	1	1	26	3	738	355	8	8	35.560173	a
5	1	1	1	26	4	863	354	44	16	24.225906	to
5	1	1	1	26	5	1022	352	81	18	7.193192	Berg
5	1	1	1	26	6	1139	354	35	10	50.893246	fae
5	1	1	1	26	7	1209	357	15	10	77.905624	8
5	1	1	1	26	8	1258	357	42	13	66.365738	BE
5	1	1	1	26	9	1386	350	167	21	7.383545	eSageg<c
5	1	1	1	26	10	1592	354	93	20	0.000000	FSeg
5	1	1	1	26	11	1772	354	11	13	0.000000	&
5	1	1	1	26	12	1843	346	20	30	27.613693	2s
5	1	1	1	26	13	1973	356	41	24	49.184093	Ra
5	1	1	1	26	14	2049	366	11	4	59.681030	3
5	1	1	1	26	15	2126	358	116	22	23.930466	Bob
5	1	1	1	26	16	2218	349	30	35	53.907932	em
5	1	1	1	26	17	2281	356	38	22	0.000000	28
5	1	1	1	26	18	2334	349	16	35	0.000000	e°
5	1	1	1	26	19	2359	353	67	23	54.269615	aha
5	1	1	1	26	20	2489	356	43	19	54.045254	50
4	1	1	1	27	0	390	352	2136	49	-1	
5	1	1	1	27	1	390	352	63	37	17.308838	Bins
5	1	1	1	27	2	650	364	24	9	39.941277	a
5	1	1	1	27	3	695	360	25	19	15.199371	ee
5	1	1	1	27	4	862	364	44	18	41.901482	ac
5	1	1	1	27	5	996	366	12	13	59.609779	eg
5	1	1	1	27	6	1048	361	125	28	0.000000	-Raatt
5	1	1	1	27	7	1259	368	42	18	11.917839	S54?
5	1	1	1	27	8	1368	362	5	25	24.794449	3
5	1	1	1	27	9	1407	366	46	21	13.165878	OR
5	1	1	1	27	10	1463	370	68	19	36.850426	Sas
5	1	1	1	27	11	1591	367	120	22	9.893631	SezeN
5	1	1	1	27	12	1745	369	43	24	56.596291	ga
5	1	1	1	27	13	1816	365	47	21	56.259426	2
5	1	1	1	27	14	1896	370	43	22	83.934578	og
5	1	1	1	27	15	1973	367	42	27	35.945427	BF
5	1	1	1	27	16	2075	363	12	23	10.859863	3S
5	1	1	1	27	17	2127	373	62	22	5.333374	wee
5	1	1	1	27	18	2204	378	38	15	5.333374	ss
5	1	1	1	27	19	2282	374	146	27	0.000000	Fisker
5	1	1	1	27	20	2464	369	11	24	0.000000	e
5	1	1	1	27	21	2494	373	32	19	39.605141	os
4	1	1	1	28	0	388	373	2112	42	-1	
5	1	1	1	28	1	388	377	68	33	71.842865	age
5	1	1	1	28	2	493	373	46	18	39.983028	Hou
5	1	1	1	28	3	569	374	46	19	25.568779	nd
5	1	1	1	28	4	658	369	40	37	33.367943	Gey
5	1	1	1	28	5	714	376	58	26	22.517365	FB
5	1	1	1	28	6	862	383	11	10	44.641014	a
5	1	1	1	28	7	997	378	62	23	0.000000	Hen
5	1	1	1	28	8	1091	381	82	23	0.000000	h8Gen
5	1	1	1	28	9	1208	379	18	22	66.270912	2
5	1	1	1	28	10	1258	380	92	24	33.385155	Botan
5	1	1	1	28	11	1386	382	63	19	0.000000	ees
5	1	1	1	28	12	1465	376	87	20	0.000000	sees
5	1	1	1	28	13	1591	373	120	30	0.000000	25m
5	1	1	1	28	14	1745	395	16	6	75.130974	F
5	1	1	1	28	15	1820	387	38	17	62.534149	Be
5	1	1	1	28	16	1896	398	16	10	77.120148	=
5	1	1	1	28	17	1972	391	42	12	44.857147	a&
5	1	1	1	28	18	2074	395	16	9	41.778755	ao
5	1	1	1	28	19	2126	390	119	22	11.884918	Yetet
5	1	1	1	28	20	2277	386	223	29	13.540253	Shee
5	1	1	1	28	21	2384	378	42	41	13.540253	se
5	1	1	1	28	22	2442	386	58	29	9.433784	Fay
4	1	1	1	29	0	649	388	1883	37	-1	
5	1	1	1	29	1	649	396	44	13	0.000000	—9oead
5	1	1	1	29	2	861	393	11	11	31.808311	°
5	1	1	1	29	3	888	403	11	18	72.990746	4
5	1	1	1	29	4	996	388	112	32	17.890015	SFESe
5	1	1	1	29	5	1138	395	38	20	74.830276	a3
5	1	1	1	29	6	1257	397	295	25	0.000000	Sog@PFRRetessgs
5	1	1	1	29	7	1591	402	114	16	0.000000	asseeo
5	1	1	1	29	8	1744	398	44	13	56.159218	8F
5	1	1	1	29	9	1817	398	40	23	40.745789	2H
5	1	1	1	29	10	1897	399	37	23	58.813721	gr
5	1	1	1	29	11	1972	401	12	11	71.949738	o
5	1	1	1	29	12	2075	406	17	13	94.870193	>
5	1	1	1	29	13	2152	402	43	23	0.000000	Sox
5	1	1	1	29	14	2228	408	17	9	0.000000	t
5	1	1	1	29	15	2281	410	37	15	18.343040	we
5	1	1	1	29	16	2336	407	86	15	9.772606	oto
5	1	1	1	29	17	2489	407	15	6	48.985981	a
5	1	1	1	29	18	2513	402	19	15	51.193245	2
4	1	1	1	30	0	388	402	2137	36	-1	
5	1	1	1	30	1	388	406	64	29	0.000000	RSe
5	1	1	1	30	2	500	421	7	9	41.549385	.
5	1	1	1	30	3	537	421	8	10	0.000000	p
5	1	1	1	30	4	575	421	8	10	14.940979	5
5	1	1	1	30	5	612	422	8	9	13.122803	f
5	1	1	1	30	6	681	409	11	9	0.000000	2
5	1	1	1	30	7	707	402	62	30	0.000000	ooo
5	1	1	1	30	8	861	413	44	15	47.259480	es
5	1	1	1	30	9	996	407	137	28	38.373840	5385.85
5	1	1	1	30	10	1204	411	16	13	87.501053	3
5	1	1	1	30	11	1283	411	64	18	19.021149	er
5	1	1	1	30	12	1540	419	15	9	28.980644	o
5	1	1	1	30	13	1642	412	63	20	36.513542	Step
5	1	1	1	30	14	1739	408	17	32	14.111717	o»
5	1	1	1	30	15	1771	412	12	13	85.680458	&
5	1	1	1	30	16	1841	412	21	21	60.775139	2
5	1	1	1	30	17	1896	424	12	10	0.000000	@
5	1	1	1	30	18	1972	414	42	15	58.993057	BN
5	1	1	1	30	19	2074	421	12	12	15.886391	2
5	1	1	1	30	20	2125	414	121	23	10.018845	neaebs
5	1	1	1	30	21	2280	414	245	24	0.000000	Seebogegeeo
4	1	1	1	31	0	650	421	1875	35	-1	
5	1	1	1	31	1	650	423	9	5	87.967163	~
5	1	1	1	31	2	680	410	17	34	25.250900	oe
5	1	1	1	31	3	861	424	44	13	58.158932	22
5	1	1	1	31	4	1021	423	100	13	2.427681	BEee~
5	1	1	1	31	5	1141	424	31	13	86.349037	99
5	1	1	1	31	6	1207	425	12	12	84.415596	S
5	1	1	1	31	7	1257	414	21	34	0.000000	a2
5	1	1	1	31	8	1284	425	91	13	0.000000	bSoanG
5	1	1	1	31	9	1408	427	42	16	58.340778	Sp
5	1	1	1	31	10	1487	423	38	11	32.730057	Sao
5	1	1	1	31	11	1591	424	113	22	0.000000	goss
5	1	1	1	31	12	1743	424	39	23	14.927032	Bs
5	1	1	1	31	13	1845	434	13	12	65.886658	5
5	1	1	1	31	14	1921	421	93	24	43.195610	Bony
5	1	1	1	31	15	2074	432	15	10	83.019722	&
5	1	1	1	31	16	2177	434	64	13	16.090790	860
5	1	1	1	31	17	2281	437	11	9	89.588806	§
5	1	1	1	31	18	2359	436	63	13	65.874229	x55
5	1	1	1	31	19	2436	430	16	22	46.557865	4
5	1	1	1	31	20	2513	432	12	24	72.500473	5
4	1	1	1	32	0	388	422	2112	45	-1	
5	1	1	1	32	1	388	422	69	24	55.957870	+82
5	1	1	1	32	2	491	431	129	18	11.506950	Das
5	1	1	1	32	3	654	427	111	24	25.966484	Btoes
5	1	1	1	32	4	861	437	43	7	24.896545	aE
5	1	1	1	32	5	991	435	17	16	0.000000	PE
5	1	1	1	32	6	1053	436	50	18	0.000000	Tee
5	1	1	1	32	7	1119	436	51	15	37.453552	am
5	1	1	1	32	8	1208	438	11	9	73.142624	8
5	1	1	1	32	9	1257	431	140	21	0.000000	ZESRSE<
5	1	1	1	32	10	1436	438	116	17	27.033089	bongo
5	1	1	1	32	11	1590	436	89	20	59.387383	3838
5	1	1	1	32	12	1743	437	40	19	34.777298	ge
5	1	1	1	32	13	1819	432	43	33	65.803749	BR
5	1	1	1	32	14	1895	441	38	13	51.013039	oS
5	1	1	1	32	15	1971	439	43	23	72.657547	84
5	1	1	1	32	16	2125	438	116	27	0.000000	Sy788
5	1	1	1	32	17	2280	442	91	25	26.594070	san
5	1	1	1	32	18	2409	449	16	9	26.594070	878
5	1	1	1	32	19	2484	439	16	18	14.714478	P
4	1	1	1	33	0	389	437	2135	42	-1	
5	1	1	1	33	1	389	443	63	19	48.354218	SRO
5	1	1	1	33	2	499	448	8	9	40.324329	&
5	1	1	1	33	3	536	448	84	11	22.439941	33
5	1	1	1	33	4	654	437	111	31	27.933823	ages
5	1	1	1	33	5	861	445	43	21	16.569885	Zo
5	1	1	1	33	6	1020	446	38	18	24.063835	Boe
5	1	1	1	33	7	1160	455	17	7	18.853836	Gye
5	1	1	1	33	8	1207	448	18	17	73.531296	SF
5	1	1	1	33	9	1257	446	172	23	16.096184	SOBSeee
5	1	1	1	33	10	1442	442	14	33	45.047153	ge
5	1	1	1	33	11	1462	450	95	17	0.000000	BhSm
5	1	1	1	33	12	1589	448	120	22	0.000000	gpoAatog
5	1	1	1	33	13	1744	457	43	13	72.641006	Fe.
5	1	1	1	33	14	1845	454	11	12	86.566071	5
5	1	1	1	33	15	1896	455	36	20	71.477905	#4
5	1	1	1	33	16	1947	449	6	32	28.687714	=
5	1	1	1	33	17	1971	458	12	11	28.687714	«9
5	1	1	1	33	18	2074	451	17	15	91.238838	N
5	1	1	1	33	19	2176	456	39	17	68.636826	He
5	1	1	1	33	20	2306	456	116	22	0.000000	Pelee
5	1	1	1	33	21	2440	453	84	26	16.342003	re
4	1	1	1	34	0	166	454	2364	46	-1	
5	1	1	1	34	1	166	474	2	2	18.572464	;
5	1	1	1	34	2	384	457	67	28	0.000000	go8
5	1	1	1	34	3	490	469	92	8	30.967194	paw
5	1	1	1	34	4	603	472	17	6	0.000000	ge
5	1	1	1	34	5	653	462	112	27	0.000000	T2Fae
5	1	1	1	34	6	860	465	39	26	45.021248	ae
5	1	1	1	34	7	995	454	182	39	0.000000	PecgesZ
5	1	1	1	34	8	1207	465	17	20	62.533211	F
5	1	1	1	34	9	1268	460	77	27	13.902374	ese
5	1	1	1	34	10	1387	458	169	35	0.000000	sessees
5	1	1	1	34	11	1590	464	114	30	53.999603	Reuss
5	1	1	1	34	12	1743	464	39	30	60.965584	FR
5	1	1	1	34	13	1819	466	42	26	37.820419	BL
5	1	1	1	34	14	1894	476	38	19	39.995388	as
5	1	1	1	34	15	1972	471	37	27	50.044327	mo
5	1	1	1	34	16	2074	467	17	15	36.198433	oS
5	1	1	1	34	17	2125	458	120	42	7.001846	GRESS
5	1	1	1	34	18	2279	468	68	28	28.741150	ESR
5	1	1	1	34	19	2359	475	36	22	0.000000	OR
5	1	1	1	34	20	2414	454	60	51	0.000000	REY
5	1	1	1	34	21	2485	478	45	20	30.020638	ME
4	1	1	1	35	0	383	476	2147	55	-1	
5	1	1	1	35	1	383	482	74	26	21.643333	eee
5	1	1	1	35	2	489	477	19	32	59.288101	a
5	1	1	1	35	3	569	476	51	36	0.000000	eS
5	1	1	1	35	4	653	476	111	41	0.000000	Sigua
5	1	1	1	35	5	860	484	39	26	52.319580	89
5	1	1	1	35	6	994	489	38	21	74.593666	He
5	1	1	1	35	7	1050	482	27	33	0.000000	BE
5	1	1	1	35	8	1091	485	37	34	0.000000	rg
5	1	1	1	35	9	1160	482	58	23	44.933594	nos
5	1	1	1	35	10	1252	481	68	29	0.000000	Zag
5	1	1	1	35	11	1336	489	36	37	0.000000	ek
5	1	1	1	35	12	1389	489	84	31	40.127365	yrs
5	1	1	1	35	13	1490	487	61	22	31.146889	Fee
5	1	1	1	35	14	1589	487	115	34	0.000000	SSSR
5	1	1	1	35	15	1743	489	43	22	47.049736	of
5	1	1	1	35	16	1819	492	38	28	71.520432	82
5	1	1	1	35	17	1895	496	42	24	35.794968	BE
5	1	1	1	35	18	1971	487	37	26	47.037598	5
5	1	1	1	35	19	2072	492	168	34	0.000000	 853<%
5	1	1	1	35	20	2280	492	43	26	41.738144	EP
5	1	1	1	35	21	2361	492	34	31	33.096939	9%
5	1	1	1	35	22	2414	490	116	41	0.000000	o8BOR
4	1	1	1	36	0	388	504	2111	39	-1	
5	1	1	1	36	1	388	504	62	14	61.438946	dof
5	1	1	1	36	2	490	511	130	15	47.963242	EER
5	1	1	1	36	3	653	504	114	29	0.000000	SSSFE
5	1	1	1	36	4	861	505	41	20	26.253632	=e
5	1	1	1	36	5	939	492	25	57	9.100449	.
5	1	1	1	36	6	994	507	133	23	0.000000	Sq8588
5	1	1	1	36	7	1206	507	18	30	63.685490	F
5	1	1	1	36	8	1255	508	90	25	6.308777	SESES
5	1	1	1	36	9	1384	509	64	23	0.000000	pe
5	1	1	1	36	10	1512	510	38	13	0.000000	bSee
5	1	1	1	36	11	1589	511	94	23	0.000000	oauks
5	1	1	1	36	12	1742	511	44	15	49.006073	ge
5	1	1	1	36	13	1819	516	4	4	19.995316	"2
5	1	1	1	36	14	1894	516	43	15	53.850266	BE
5	1	1	1	36	15	1971	523	36	12	14.777573	oe
5	1	1	1	36	16	2124	513	115	23	23.773911	gadis
5	1	1	1	36	17	2280	514	37	14	13.214951	Ef
5	1	1	1	36	18	2333	518	62	23	0.000000	e8s
5	1	1	1	36	19	2435	517	64	26	16.986656	ees
4	1	1	1	37	0	387	519	2137	35	-1	
5	1	1	1	37	1	387	519	63	25	17.082748	2o98
5	1	1	1	37	2	489	526	12	9	37.917130	©
5	1	1	1	37	3	526	526	12	11	48.652321	&
5	1	1	1	37	4	564	525	12	10	68.613892	®
5	1	1	1	37	5	602	527	12	10	66.056969	@
5	1	1	1	37	6	678	520	86	28	0.000000	seae
5	1	1	1	37	7	860	527	12	13	95.524719	5
5	1	1	1	37	8	994	519	138	26	7.079666	Ross
5	1	1	1	37	9	1255	525	173	21	0.000000	SRapost
5	1	1	1	37	10	1461	530	12	10	0.602501	Pred
5	1	1	1	37	11	1540	522	14	24	32.908226	S
5	1	1	1	37	12	1589	523	119	22	0.000000	2OFTe
5	1	1	1	37	13	1738	525	48	26	45.183769	BB
5	1	1	1	37	14	1843	530	13	12	66.623726	e
5	1	1	1	37	15	1894	530	38	13	37.167629	oo
5	1	1	1	37	16	1971	530	36	16	33.861328	BY
5	1	1	1	37	17	2073	536	16	18	33.770287	gy
5	1	1	1	37	18	2119	525	126	26	0.000000	@Scae
5	1	1	1	37	19	2274	528	250	26	0.000000	RgePsagasa
4	1	1	1	38	0	412	528	2112	39	-1	
5	1	1	1	38	1	412	536	38	16	85.948730	Se
5	1	1	1	38	2	490	537	48	10	66.820740	32
5	1	1	1	38	3	565	537	48	11	45.641571	5G
5	1	1	1	38	4	653	534	92	21	0.000000	Bese
5	1	1	1	38	5	859	540	12	9	38.796844	=
5	1	1	1	38	6	883	529	18	31	15.874405	gf
5	1	1	1	38	7	934	528	23	39	46.860088	ied
5	1	1	1	38	8	993	534	134	23	0.000000	@25a56
5	1	1	1	38	9	1206	538	12	10	0.000000	@
5	1	1	1	38	10	1259	538	85	18	0.000000	Past
5	1	1	1	38	11	1361	544	189	15	0.000000	sssSaktogs
5	1	1	1	38	12	1588	540	120	18	0.000000	seas
5	1	1	1	38	13	1843	543	12	13	74.825958	3
5	1	1	1	38	14	1920	544	11	9	46.827106	2
5	1	1	1	38	15	1970	544	38	14	65.125916	86
5	1	1	1	38	16	2175	546	70	15	3.656776	BEE
5	1	1	1	38	17	2279	549	38	14	57.981525	ne"
5	1	1	1	38	18	2357	551	41	13	53.487480	oS
5	1	1	1	38	19	2435	550	43	12	7.015701	eS
5	1	1	1	38	20	2512	545	12	15	7.015701	uk
4	1	1	1	39	0	386	540	2143	38	-1	
5	1	1	1	39	1	386	544	69	14	25.793365	C22
5	1	1	1	39	2	489	547	12	10	81.250511	©
5	1	1	1	39	3	526	548	12	10	26.977814	@
5	1	1	1	39	4	564	547	12	10	53.169159	©
5	1	1	1	39	5	601	549	13	10	45.039413	@
5	1	1	1	39	6	670	540	20	29	74.121933	oa
5	1	1	1	39	7	859	546	43	15	19.267212	oy
5	1	1	1	39	8	994	554	11	13	26.839638	5
5	1	1	1	39	9	1044	555	13	9	0.000000	f08s5
5	1	1	1	39	10	1089	550	42	14	67.183350	2
5	1	1	1	39	11	1201	550	17	11	64.195724	a
5	1	1	1	39	12	1256	553	84	13	0.000000	Bor
5	1	1	1	39	13	1362	549	63	22	0.000000	™OS
5	1	1	1	39	14	1485	551	68	25	68.561752	eos
5	1	1	1	39	15	1589	550	114	21	0.000000	BFSas
5	1	1	1	39	16	1741	552	13	10	87.765144	8
5	1	1	1	39	17	1843	558	13	10	56.226330	@
5	1	1	1	39	18	1894	552	38	14	29.742188	89s
5	1	1	1	39	19	1969	556	13	12	45.972256	38
5	1	1	1	39	20	2072	554	17	13	27.931656	Fr
5	1	1	1	39	21	2118	557	96	19	24.892738	397d
5	1	1	1	39	22	2305	564	16	5	47.304825	2
5	1	1	1	39	23	2357	563	17	5	0.000000	co
5	1	1	1	39	24	2408	552	18	17	0.000000	Ros
5	1	1	1	39	25	2460	553	69	25	46.213741	ae
4	1	1	1	40	0	439	546	2089	43	-1	
5	1	1	1	40	1	439	560	16	5	51.317104	ad
5	1	1	1	40	2	674	546	17	31	10.229401	wo
5	1	1	1	40	3	751	558	12	9	78.739243	2
5	1	1	1	40	4	854	559	44	15	44.887321	ano
5	1	1	1	40	5	937	564	18	13	67.636848	&
5	1	1	1	40	6	1019	556	85	17	0.000000	G?as
5	1	1	1	40	7	1205	563	13	10	74.060776	©
5	1	1	1	40	8	1255	562	218	16	0.000000	BS¢e
5	1	1	1	40	9	1337	552	51	31	10.279655	ee
5	1	1	1	40	10	1415	562	58	16	56.572456	Aso
5	1	1	1	40	11	1538	570	17	6	25.803825	xs
5	1	1	1	40	12	1588	564	38	14	49.399590	go
5	1	1	1	40	13	1741	558	45	17	82.735458	en
5	1	1	1	40	14	1894	565	41	10	0.000000	™S
5	1	1	1	40	15	1970	558	37	23	59.409538	3g
5	1	1	1	40	16	2071	568	13	10	27.211296	&@
5	1	1	1	40	17	2122	567	122	22	0.000000	PQoSB
5	1	1	1	40	18	2229	557	18	36	41.378307	ey
5	1	1	1	40	19	2279	564	167	21	0.000000	Sees
5	1	1	1	40	20	2412	557	36	36	25.497437	Fa
4	1	1	1	41	0	387	560	2142	47	-1	
5	1	1	1	41	1	387	560	63	24	59.180660	B82
5	1	1	1	41	2	488	566	126	13	10.862350	e@e¢2e¢
5	1	1	1	41	3	653	562	11	13	35.029587	§°
5	1	1	1	41	4	703	560	63	26	19.007553	whS
5	1	1	1	41	5	859	575	13	10	0.000000	®
5	1	1	1	41	6	937	578	13	10	17.950226	8
5	1	1	1	41	7	993	567	138	23	0.000000	S2nbey
5	1	1	1	41	8	1206	574	12	9	46.989647	a
5	1	1	1	41	9	1255	574	120	17	0.000000	fhGoaSs”
5	1	1	1	41	10	1412	575	60	17	0.000000	os
5	1	1	1	41	11	1490	575	60	13	51.486603	Boo
5	1	1	1	41	12	1635	570	15	22	9.215073	ad,
5	1	1	1	41	13	1741	574	39	12	39.474709	a9
5	1	1	1	41	14	1843	578	12	10	37.252129	oe
5	1	1	1	41	15	1893	576	38	18	26.323387	9?
5	1	1	1	41	16	1969	582	13	10	79.859695	&
5	1	1	1	41	17	2071	580	13	12	70.947868	3
5	1	1	1	41	18	2149	578	17	12	76.302109	>
5	1	1	1	41	19	2227	581	11	12	81.740219	3
5	1	1	1	41	20	2300	571	69	36	0.000000	<Oo7
5	1	1	1	41	21	2383	578	37	21	0.000000	ga
5	1	1	1	41	22	2437	583	35	20	0.000000	sa
5	1	1	1	41	23	2491	580	38	20	68.297333	ee
4	1	1	1	42	0	386	575	2137	40	-1	
5	1	1	1	42	1	386	577	64	20	34.878128	B85
5	1	1	1	42	2	489	577	11	14	18.832703	4
5	1	1	1	42	3	526	579	11	13	28.852905	eH
5	1	1	1	42	4	564	578	49	20	40.108585	RR
5	1	1	1	42	5	652	575	18	18	75.721329	B
5	1	1	1	42	6	699	578	64	23	32.789734	wee
5	1	1	1	42	7	860	580	38	25	87.484238	Se
5	1	1	1	42	8	937	590	12	13	88.684631	g
5	1	1	1	42	9	993	575	107	27	11.706841	Spee
5	1	1	1	42	10	1206	584	116	20	24.344261	Be
5	1	1	1	42	11	1358	591	63	14	11.797554	OMS
5	1	1	1	42	12	1460	584	89	19	3.192963	SASS
5	1	1	1	42	13	1537	574	21	35	3.192963	S
5	1	1	1	42	14	1588	585	42	18	0.000000	res
5	1	1	1	42	15	1691	580	12	22	0.000000	e
5	1	1	1	42	16	1741	585	39	15	4.570175	B99
5	1	1	1	42	17	1843	590	12	12	39.563705	8
5	1	1	1	42	18	1894	594	36	14	38.180649	$2.
5	1	1	1	42	19	1970	592	37	13	79.753464	Be
5	1	1	1	42	20	2068	592	15	23	29.021629	ag
5	1	1	1	42	21	2122	591	117	15	67.383804	229290
5	1	1	1	42	22	2278	586	12	19	33.627106	ZB
5	1	1	1	42	23	2331	589	116	23	0.000000	5ye°Sea
5	1	1	1	42	24	2486	594	37	18	56.032619	re
4	1	1	1	43	0	386	591	2112	32	-1	
5	1	1	1	43	1	386	596	64	11	49.227715	Gam
5	1	1	1	43	2	488	592	17	15	51.548035	RF
5	1	1	1	43	3	525	594	51	15	34.005127	ER
5	1	1	1	43	4	601	594	17	15	44.768486	RF
5	1	1	1	43	5	652	591	63	17	0.000000	go
5	1	1	1	43	6	751	603	12	10	0.000000	agae
5	1	1	1	43	7	885	603	67	9	48.356243	BR
5	1	1	1	43	8	988	592	40	20	0.000000	Sy
5	1	1	1	43	9	1044	592	82	26	0.000000	oeeB
5	1	1	1	43	10	1200	606	24	7	65.464600	>
5	1	1	1	43	11	1255	592	140	26	0.000000	SbFsts
5	1	1	1	43	12	1411	588	13	35	41.832767	0
5	1	1	1	43	13	1434	598	63	20	0.000000	oBsg
5	1	1	1	43	14	1588	600	114	18	0.000000	SmaeS
5	1	1	1	43	15	1741	601	44	17	63.079525	ao
5	1	1	1	43	16	1843	602	11	13	95.359718	5
5	1	1	1	43	17	1918	608	13	10	29.549934	3
5	1	1	1	43	18	1969	601	15	18	65.967323	2
5	1	1	1	43	19	2122	601	116	22	9.171982	ESS
5	1	1	1	43	20	2222	594	25	35	9.171982	es
5	1	1	1	43	21	2278	601	168	16	0.000000	QUEERS
5	1	1	1	43	22	2462	601	36	14	0.000000	OR
4	1	1	1	44	0	386	605	2142	34	-1	
5	1	1	1	44	1	386	606	13	13	60.507626	&
5	1	1	1	44	2	412	608	12	9	0.000000	o
5	1	1	1	44	3	488	608	129	11	0.000000	+a4¢
5	1	1	1	44	4	604	597	20	30	43.716087	2
5	1	1	1	44	5	652	609	12	10	36.006565	©
5	1	1	1	44	6	704	605	15	9	79.980103	+
5	1	1	1	44	7	735	612	31	10	0.000000	eQ
5	1	1	1	44	8	858	613	39	12	0.000000	5
5	1	1	1	44	9	936	614	13	10	30.713364	BB
5	1	1	1	44	10	990	615	47	11	47.586304	Ras
5	1	1	1	44	11	1089	609	11	10	10.377197	a
5	1	1	1	44	12	1113	605	13	13	0.000000	€
5	1	1	1	44	13	1281	607	271	20	0.000000	SSSnE_@SPmae
5	1	1	1	44	14	1588	615	62	14	27.217972	EE
5	1	1	1	44	15	1741	614	39	15	36.018787	a
5	1	1	1	44	16	1894	617	36	12	54.522041	55
5	1	1	1	44	17	1969	615	41	16	70.503410	o¢
5	1	1	1	44	18	2071	624	18	5	23.804375	=~
5	1	1	1	44	19	2123	615	95	20	39.083500	BEEN
5	1	1	1	44	20	2278	617	116	18	7.606964	TraeasS
5	1	1	1	44	21	2410	611	62	32	0.000000	tag
5	1	1	1	44	22	2485	615	43	24	0.000000	ar
4	1	1	1	45	0	390	614	2081	28	-1	
5	1	1	1	45	1	390	618	65	12	19.054077	rem
5	1	1	1	45	2	488	619	125	10	46.568733	FB
5	1	1	1	45	3	597	603	20	33	51.855526	ET
5	1	1	1	45	4	702	615	13	11	0.000000	g
5	1	1	1	45	5	1017	625	18	7	24.124657	a
5	1	1	1	45	6	1114	619	11	20	94.287849	5
5	1	1	1	45	7	1254	619	64	15	0.000000	26a
5	1	1	1	45	8	1357	625	42	13	61.275085	E
5	1	1	1	45	9	1460	621	94	14	55.836800	Boece
5	1	1	1	45	10	1588	614	117	26	0.000000	FusSSa
5	1	1	1	45	11	1741	628	12	12	18.114685	8
5	1	1	1	45	12	1842	625	12	14	25.003113	se
5	1	1	1	45	13	1894	625	37	13	57.354530	Ba
5	1	1	1	45	14	1995	626	16	13	47.842293	=
5	1	1	1	45	15	2071	632	12	8	60.608334	w
5	1	1	1	45	16	2122	633	64	9	48.603775	Be
5	1	1	1	45	17	2227	625	11	13	45.031113	ews
5	1	1	1	45	18	2303	628	13	11	95.047646	3
5	1	1	1	45	19	2382	627	89	13	0.000000	$43
4	1	1	1	46	0	386	622	2136	36	-1	
5	1	1	1	46	1	386	627	38	9	43.908783	52
5	1	1	1	46	2	653	624	110	17	50.556217	moRCE
5	1	1	1	46	3	881	622	15	28	55.766277	=}
5	1	1	1	46	4	937	625	11	13	23.708488	Bo
5	1	1	1	46	5	987	624	91	25	40.098358	peers
5	1	1	1	46	6	1205	629	17	15	15.451675	2,
5	1	1	1	46	7	1331	635	13	12	74.104813	°
5	1	1	1	46	8	1408	625	141	24	30.045036	205255
5	1	1	1	46	9	1588	640	67	6	0.000000	esas
5	1	1	1	46	10	1690	634	17	12	0.000000	s
5	1	1	1	46	11	1758	625	28	28	44.095745	o>
5	1	1	1	46	12	1842	640	12	9	53.724907	&
5	1	1	1	46	13	1892	638	43	11	78.187180	62
5	1	1	1	46	14	1969	632	38	17	60.932171	BB
5	1	1	1	46	15	2200	635	30	11	56.805428	@t
5	1	1	1	46	16	2278	635	69	23	30.843132	mae
5	1	1	1	46	17	2407	638	115	18	0.000000	SoH
4	1	1	1	47	0	385	628	2086	35	-1	
5	1	1	1	47	1	385	631	64	15	0.000000	SSS
5	1	1	1	47	2	488	624	22	35	36.318100	yp
5	1	1	1	47	3	526	639	10	13	63.791477	5
5	1	1	1	47	4	562	637	51	15	28.981506	wo»
5	1	1	1	47	5	651	628	111	22	29.424286	SYBGE
5	1	1	1	47	6	858	639	13	9	83.357269	2
5	1	1	1	47	7	936	639	13	10	0.000000	&¢
5	1	1	1	47	8	989	639	20	14	56.714745	oF
5	1	1	1	47	9	1066	636	57	17	0.000000	Fat
5	1	1	1	47	10	1205	628	17	35	32.721107	Ej
5	1	1	1	47	11	1280	639	192	17	24.106384	gugze2n8o
5	1	1	1	47	12	1536	648	16	9	63.174976	BS
5	1	1	1	47	13	1588	640	114	20	1.580963	S8hab
5	1	1	1	47	14	1741	640	42	18	22.638229	FE
5	1	1	1	47	15	1842	650	12	10	33.966072	8
5	1	1	1	47	16	1892	647	38	15	13.948593	88
5	1	1	1	47	17	1969	646	38	17	72.894409	88
5	1	1	1	47	18	2122	643	94	18	24.226601	Ee
5	1	1	1	47	19	2303	639	90	24	11.342934	SomB
5	1	1	1	47	20	2406	645	65	18	79.318665	205
4	1	1	1	48	0	381	640	2168	49	-1	
5	1	1	1	48	1	381	645	71	19	0.000000	@e
5	1	1	1	48	2	488	652	11	9	80.267662	5
5	1	1	1	48	3	524	653	13	10	78.217598	8
5	1	1	1	48	4	652	640	60	22	38.898132	Ras
5	1	1	1	48	5	750	648	13	11	0.000000	*e
5	1	1	1	48	6	803	654	17	16	43.012005	wy
5	1	1	1	48	7	858	650	39	14	19.208328	bee
5	1	1	1	48	8	935	651	13	10	78.296333	8
5	1	1	1	48	9	992	650	111	20	18.838203	Debam
5	1	1	1	48	10	1200	646	16	26	15.745239	2
5	1	1	1	48	11	1255	647	88	33	0.000000	Pegg
5	1	1	1	48	12	1358	649	165	25	0.000000	prRrsas
5	1	1	1	48	13	1582	652	123	21	49.700455	ABRSR
5	1	1	1	48	14	1740	659	46	13	37.346352	oh
5	1	1	1	48	15	1893	660	36	16	68.457550	gs
5	1	1	1	48	16	1965	657	41	16	3.577232	<¢
5	1	1	1	48	17	2070	650	16	32	49.268436	g
5	1	1	1	48	18	2117	658	16	12	40.392143	®
5	1	1	1	48	19	2149	655	36	34	62.140499	94
5	1	1	1	48	20	2201	658	42	24	61.509411	47
5	1	1	1	48	21	2277	659	13	22	35.821785	8
5	1	1	1	48	22	2303	664	11	12	35.821785	§
5	1	1	1	48	23	2381	661	38	12	0.000000	aS
5	1	1	1	48	24	2435	659	36	15	0.000000	5a
5	1	1	1	48	25	2490	656	30	27	45.060844	79
5	1	1	1	48	26	2547	661	2	11	80.230637	|
4	1	1	1	49	0	385	656	2164	42	-1	
5	1	1	1	49	1	385	660	64	18	55.879845	oFs
5	1	1	1	49	2	487	658	125	24	0.000000	SESY
5	1	1	1	49	3	652	663	114	23	0.000000	plaae
5	1	1	1	49	4	803	672	11	13	81.766663	F
5	1	1	1	49	5	857	663	39	15	57.699173	8S
5	1	1	1	49	6	930	663	15	18	38.328747	F
5	1	1	1	49	7	987	665	138	25	35.037148	S384
5	1	1	1	49	8	1254	664	17	18	44.646053	2
5	1	1	1	49	9	1306	656	140	42	0.000000	SeRgGaa
5	1	1	1	49	10	1463	670	59	13	0.000000	tee
5	1	1	1	49	11	1536	666	12	18	36.180031	a
5	1	1	1	49	12	1613	672	17	6	9.866188	Bo
5	1	1	1	49	13	1842	671	63	17	56.635971	48
5	1	1	1	49	14	1993	674	13	10	35.127403	@
5	1	1	1	49	15	2122	679	15	9	49.528816	a
5	1	1	1	49	16	2221	663	17	34	42.465263	FA
5	1	1	1	49	17	2329	664	120	27	29.300034	Meee
5	1	1	1	49	18	2435	660	37	39	36.072639	ac
5	1	1	1	49	19	2484	673	13	10	48.970848	eo
5	1	1	1	49	20	2547	681	2	11	70.322418	|
4	1	1	1	50	0	487	667	2035	39	-1	
5	1	1	1	50	1	487	667	17	27	29.633369	3°
5	1	1	1	50	2	600	675	12	9	54.773239	5
5	1	1	1	50	3	750	678	17	13	54.353279	>
5	1	1	1	50	4	858	674	38	13	50.374649	ra
5	1	1	1	50	5	1065	678	65	18	0.000000	82s
5	1	1	1	50	6	1204	683	13	9	8.867485	o
5	1	1	1	50	7	1305	677	43	17	28.368568	en
5	1	1	1	50	8	1408	681	145	21	0.000000	ESEgee
5	1	1	1	50	9	1582	679	122	19	59.982609	wouor
5	1	1	1	50	10	1740	678	39	26	61.278866	gg
5	1	1	1	50	11	1893	682	42	22	46.016647	eS
5	1	1	1	50	12	1968	678	12	18	64.057961	a
5	1	1	1	50	13	2070	684	12	13	18.351715	e
5	1	1	1	50	14	2148	682	69	16	49.235462	rao
5	1	1	1	50	15	2277	683	43	14	36.271458	Bm
5	1	1	1	50	16	2333	685	34	12	36.271458	On
5	1	1	1	50	17	2459	683	37	13	50.567326	oa
5	1	1	1	50	18	2509	679	13	27	14.584106	¢g
4	1	1	1	51	0	385	677	2164	39	-1	
5	1	1	1	51	1	385	677	63	29	51.349007	+353
5	1	1	1	51	2	487	683	87	14	37.904339	SF
5	1	1	1	51	3	599	685	13	12	37.904339	2S
5	1	1	1	51	4	650	681	112	23	0.000000	Se59F
5	1	1	1	51	5	802	685	12	13	33.733704	=
5	1	1	1	51	6	884	689	15	9	16.725418	S
5	1	1	1	51	7	933	685	8	12	65.087448	oR
5	1	1	1	51	8	1017	679	13	26	44.055374	g
5	1	1	1	51	9	1113	690	17	7	88.646416	=
5	1	1	1	51	10	1204	693	12	11	80.715454	8
5	1	1	1	51	11	1253	683	120	30	37.483452	guess
5	1	1	1	51	12	1434	688	119	17	0.000000	"3SBaE
5	1	1	1	51	13	1586	692	68	17	46.509575	Fass
5	1	1	1	51	14	1741	694	11	10	37.807964	g
5	1	1	1	51	15	1842	689	16	12	0.000000	y
5	1	1	1	51	16	1892	694	12	10	0.000000	&
5	1	1	1	51	17	1969	686	36	20	59.650375	3.5
5	1	1	1	51	18	2122	690	11	13	29.327980	a
5	1	1	1	51	19	2148	697	12	15	45.877247	2
5	1	1	1	51	20	2172	697	18	8	59.514423	st
5	1	1	1	51	21	2200	696	8	11	54.903061	&
5	1	1	1	51	22	2220	680	17	36	66.376907	oa
5	1	1	1	51	23	2302	692	175	20	8.663780	BSseo
5	1	1	1	51	24	2437	682	58	38	16.537086	rss
5	1	1	1	51	25	2510	700	7	16	0.000000	§
4	1	1	1	52	0	385	693	2141	37	-1	
5	1	1	1	52	1	385	697	61	14	67.574852	Fes
5	1	1	1	52	2	487	696	49	11	45.093323	®e
5	1	1	1	52	3	561	696	51	15	59.621582	598
5	1	1	1	52	4	650	693	115	21	0.000000	BES*RB
5	1	1	1	52	5	802	700	12	20	41.824379	F
5	1	1	1	52	6	857	696	39	14	0.000000	es
5	1	1	1	52	7	929	702	25	7	0.000000	D
5	1	1	1	52	8	991	700	17	15	6.191795	we
5	1	1	1	52	9	1042	696	88	21	0.000000	eone
5	1	1	1	52	10	1204	704	16	10	10.058983	3
5	1	1	1	52	11	1305	696	38	25	22.576385	eB
5	1	1	1	52	12	1381	699	65	29	48.805481	NER
5	1	1	1	52	13	1480	703	46	15	47.085461	Fe
5	1	1	1	52	14	1587	709	11	9	0.000000	BS°
5	1	1	1	52	15	1637	700	64	22	78.147469	Feo
5	1	1	1	52	16	1740	705	43	13	57.164871	ga
5	1	1	1	52	17	1841	703	13	11	50.886406	g@
5	1	1	1	52	18	1891	704	43	24	69.586945	#53
5	1	1	1	52	19	1967	704	16	9	59.858978	2
5	1	1	1	52	20	2070	698	17	19	34.760696	B
5	1	1	1	52	21	2121	704	12	10	60.321957	oF
5	1	1	1	52	22	2173	706	64	14	33.634331	233
5	1	1	1	52	23	2276	697	169	31	17.265503	832836
5	1	1	1	52	24	2484	693	42	37	0.000000	B85
4	1	1	1	53	0	385	706	2136	38	-1	
5	1	1	1	53	1	385	707	51	15	71.902924	per
5	1	1	1	53	2	487	708	48	18	22.746689	oF
5	1	1	1	53	3	562	709	55	12	79.648438	RR
5	1	1	1	53	4	647	709	94	22	56.825233	Bel,
5	1	1	1	53	5	857	707	38	24	23.330498	eo
5	1	1	1	53	6	931	710	21	15	44.369411	o>
5	1	1	1	53	7	1038	708	92	24	21.415733	Sia
5	1	1	1	53	8	1253	706	300	34	17.713303	eiosyst8earr
5	1	1	1	53	9	1586	715	115	26	0.000000	go788
5	1	1	1	53	10	1739	718	45	26	19.246330	ae
5	1	1	1	53	11	1841	715	13	22	50.581459	gs
5	1	1	1	53	12	1891	715	13	10	72.737030	3
5	1	1	1	53	13	1968	715	37	23	59.749924	58
5	1	1	1	53	14	2065	719	146	25	0.000000	Zoesatd
5	1	1	1	53	15	2277	721	114	20	0.000000	SEeR
5	1	1	1	53	16	2413	713	57	25	32.301132	cok
5	1	1	1	53	17	2510	727	11	12	19.073784	a8
4	1	1	1	54	0	384	716	2137	36	-1	
5	1	1	1	54	1	384	722	57	13	31.571304	Sor
5	1	1	1	54	2	487	726	48	13	24.322678	By
5	1	1	1	54	3	561	726	51	13	24.322678	oo
5	1	1	1	54	4	697	724	64	20	0.000000	~cs
5	1	1	1	54	5	799	721	12	12	90.851013	&
5	1	1	1	54	6	857	722	12	12	88.316429	8
5	1	1	1	54	7	935	733	11	9	58.147720	o
5	1	1	1	54	8	992	716	37	25	0.000000	Sk
5	1	1	1	54	9	1044	719	80	23	0.000000	Shae
5	1	1	1	54	10	1204	725	15	9	0.000000	gs
5	1	1	1	54	11	1252	730	14	8	19.345413	SP
5	1	1	1	54	12	1305	730	62	11	19.345413	aOR
5	1	1	1	54	13	1433	730	11	20	53.874939	I
5	1	1	1	54	14	1509	727	39	14	70.370316	Go
5	1	1	1	54	15	1585	727	45	18	6.974602	Ae
5	1	1	1	54	16	1663	730	11	14	30.072624	<
5	1	1	1	54	17	1765	737	17	11	33.037102	eo
5	1	1	1	54	18	1840	737	13	11	0.664299	¢
5	1	1	1	54	19	1892	727	42	15	80.558006	BR
5	1	1	1	54	20	1967	728	38	20	69.237839	OB
5	1	1	1	54	21	2120	726	116	24	0.000000	BreSB
5	1	1	1	54	22	2276	734	245	18	0.000000	nokaawesesd
4	1	1	1	55	0	385	720	2111	46	-1	
5	1	1	1	55	1	385	720	69	33	22.127579	Sar.
5	1	1	1	55	2	524	738	93	13	0.000000	Af
5	1	1	1	55	3	651	731	42	17	35.561592	Bo
5	1	1	1	55	4	796	738	24	8	6.826241	~
5	1	1	1	55	5	857	734	42	16	74.460022	te
5	1	1	1	55	6	929	744	24	7	24.799713	DS
5	1	1	1	55	7	991	734	85	20	0.000000	Gata
5	1	1	1	55	8	1089	741	34	14	0.000000	ss
5	1	1	1	55	9	1204	736	17	13	62.844494	>
5	1	1	1	55	10	1279	735	144	23	8.521332	BOBS
5	1	1	1	55	11	1379	728	18	34	0.000000	G
5	1	1	1	55	12	1413	728	35	34	58.825565	te
5	1	1	1	55	13	1459	737	62	16	39.031265	RES
5	1	1	1	55	14	1585	733	64	25	31.358727	268
5	1	1	1	55	15	1663	745	17	6	0.000000	&
5	1	1	1	55	16	1739	745	25	10	7.402817	oS
5	1	1	1	55	17	1887	740	42	25	58.733082	23
5	1	1	1	55	18	1967	742	38	17	11.139511	E88
5	1	1	1	55	19	2070	747	16	7	1.637383	~
5	1	1	1	55	20	2120	745	39	13	0.000000	SB
5	1	1	1	55	21	2199	753	17	5	0.000000	eS
5	1	1	1	55	22	2275	750	70	11	45.272198	eS
5	1	1	1	55	23	2432	733	64	33	50.600853	4496
4	1	1	1	56	0	384	744	2142	44	-1	
5	1	1	1	56	1	384	745	63	12	63.943001	ege
5	1	1	1	56	2	487	744	49	18	58.255085	Wo
5	1	1	1	56	3	650	744	111	17	0.000000	Stes
5	1	1	1	56	4	800	756	18	8	49.978981	a
5	1	1	1	56	5	884	752	16	12	62.394108	o
5	1	1	1	56	6	991	746	37	15	0.000000	ge
5	1	1	1	56	7	1086	755	38	12	0.000000	@o
5	1	1	1	56	8	1203	748	67	26	41.336700	SF
5	1	1	1	56	9	1306	749	86	20	0.000000	FRet
5	1	1	1	56	10	1411	744	118	35	40.853710	russ,
5	1	1	1	56	11	1534	751	13	9	40.853710	§
5	1	1	1	56	12	1586	751	119	24	13.827621	FSatag
5	1	1	1	56	13	1739	757	12	9	39.543419	§
5	1	1	1	56	14	1840	749	12	20	70.610741	3
5	1	1	1	56	15	1916	755	13	11	60.993408	o
5	1	1	1	56	16	1967	755	15	10	58.514668	&
5	1	1	1	56	17	2069	755	12	13	28.783531	5
5	1	1	1	56	18	2120	743	39	35	0.000000	S38
5	1	1	1	56	19	2172	747	69	27	0.000000	kak
5	1	1	1	56	20	2275	744	143	44	0.000000	Se<chye
5	1	1	1	56	21	2432	757	38	19	23.985336	ge
5	1	1	1	56	22	2509	752	17	29	84.141388	g
4	1	1	1	57	0	385	747	2110	47	-1	
5	1	1	1	57	1	385	747	23	35	0.000000	=f
5	1	1	1	57	2	523	764	12	11	63.130745	§
5	1	1	1	57	3	563	764	8	15	42.483223	4
5	1	1	1	57	4	650	758	170	16	0.000000	SOROS
5	1	1	1	57	5	882	765	14	13	67.908783	B
5	1	1	1	57	6	991	755	62	27	62.835381	B38
5	1	1	1	57	7	1111	752	20	32	0.000000	<%
5	1	1	1	57	8	1252	761	294	22	0.000000	Froass@gerggesg
5	1	1	1	57	9	1586	772	17	6	14.197693	Eo
5	1	1	1	57	10	1636	765	64	20	36.945656	se
5	1	1	1	57	11	1765	767	12	18	93.661903	4
5	1	1	1	57	12	1891	768	37	12	28.573639	et
5	1	1	1	57	13	1967	761	42	24	45.810516	ome
5	1	1	1	57	14	2068	769	13	10	44.746124	8
5	1	1	1	57	15	2120	766	116	28	0.000000	$8so0
5	1	1	1	57	16	2301	768	16	19	59.508652	2
5	1	1	1	57	17	2405	773	12	9	59.028297	1
5	1	1	1	57	18	2431	766	64	18	41.274563	2s
4	1	1	1	58	0	410	765	2116	34	-1	
5	1	1	1	58	1	410	771	30	13	45.830772	Bp.
5	1	1	1	58	2	486	765	55	21	0.000000	O88
5	1	1	1	58	3	599	767	17	17	77.404205	@
5	1	1	1	58	4	647	762	17	33	9.879677	np
5	1	1	1	58	5	676	772	85	14	27.174011	Rope
5	1	1	1	58	6	882	778	16	9	0.000000	S
5	1	1	1	58	7	1038	777	8	5	31.383560	+
5	1	1	1	58	8	1075	770	23	18	7.940018	2
5	1	1	1	58	9	1111	778	12	11	61.537491	8
5	1	1	1	58	10	1278	766	144	33	0.000000	SSe¢oge
5	1	1	1	58	11	1585	780	13	10	3.476212	o
5	1	1	1	58	12	1687	777	13	10	81.240295	g
5	1	1	1	58	13	1738	775	45	17	60.636909	#3
5	1	1	1	58	14	1840	779	16	11	33.855331	«oe
5	1	1	1	58	15	1891	778	38	16	71.104179	FS
5	1	1	1	58	16	1966	781	38	13	40.474922	8s
5	1	1	1	58	17	2068	781	13	11	43.822540	9
5	1	1	1	58	18	2198	778	17	13	9.895172	z
5	1	1	1	58	19	2275	781	18	17	12.056305	AS
5	1	1	1	58	20	2328	781	115	17	11.610168	VOLS
5	1	1	1	58	21	2433	774	62	33	32.272720	Ss
5	1	1	1	58	22	2510	774	20	33	24.213242	we
4	1	1	1	59	0	384	775	2136	43	-1	
5	1	1	1	59	1	384	779	12	9	82.474045	&
5	1	1	1	59	2	523	785	12	8	68.209152	a
5	1	1	1	59	3	644	785	6	4	0.000000	-
5	1	1	1	59	4	680	781	3	8	49.257397	7
5	1	1	1	59	5	937	778	71	18	43.345650	7
5	1	1	1	59	6	1078	775	19	32	59.149849	<<
5	1	1	1	59	7	1199	775	70	24	23.141533	g@et
5	1	1	1	59	8	1329	787	41	10	29.579117	oo
5	1	1	1	59	9	1432	782	114	21	0.000000	ea2aoeet
5	1	1	1	59	10	1585	786	115	23	5.239578	Beesego
5	1	1	1	59	11	1738	788	42	14	50.130821	ss
5	1	1	1	59	12	1849	793	8	5	40.470245	7
5	1	1	1	59	13	1890	790	38	19	45.933159	#8
5	1	1	1	59	14	1967	795	11	9	92.275261	§
5	1	1	1	59	15	1993	788	11	13	44.534424	8
5	1	1	1	59	16	2069	794	11	12	39.149479	5D
5	1	1	1	59	17	2172	787	64	19	17.842117	BR
5	1	1	1	59	18	2225	783	14	32	0.000000	&
5	1	1	1	59	19	2301	784	63	34	25.214569	Saxe
5	1	1	1	59	20	2382	793	61	18	25.214569	eam
5	1	1	1	59	21	2461	790	59	24	18.395615	Pa
4	1	1	1	60	0	383	785	2117	42	-1	
5	1	1	1	60	1	383	785	67	24	65.598572	oases
5	1	1	1	60	2	487	786	48	29	56.244240	Fo
5	1	1	1	60	3	563	790	15	18	0.000000	€
5	1	1	1	60	4	599	802	18	10	0.000000	.
5	1	1	1	60	5	647	787	88	29	35.019707	Rg
5	1	1	1	60	6	748	791	12	34	77.095764	8
5	1	1	1	60	7	803	799	8	18	39.400124	fT
5	1	1	1	60	8	881	797	18	16	54.491367	a
5	1	1	1	60	9	987	792	66	27	0.000000	TAL
5	1	1	1	60	10	1065	795	32	25	0.000000	wy
5	1	1	1	60	11	1111	798	12	12	36.138290	o
5	1	1	1	60	12	1202	798	17	17	17.372192	w
5	1	1	1	60	13	1252	793	89	32	14.552780	FAR
5	1	1	1	60	14	1334	789	58	40	14.552780	beh
5	1	1	1	60	15	1405	794	147	26	0.000000	SOoass
5	1	1	1	60	16	1636	798	63	23	45.230927	Bes
5	1	1	1	60	17	1738	802	44	14	64.683884	af
5	1	1	1	60	18	1840	799	12	9	9.951706	2°
5	1	1	1	60	19	1890	805	12	10	85.711853	&
5	1	1	1	60	20	1966	802	38	23	72.632980	ga
5	1	1	1	60	21	2068	807	13	9	11.933334	&
5	1	1	1	60	22	2119	800	91	20	32.657822	Fake
5	1	1	1	60	23	2275	799	147	28	0.000000	aSShSE
5	1	1	1	60	24	2483	807	17	13	48.652916	x
4	1	1	1	61	0	383	804	2142	39	-1	
5	1	1	1	61	1	383	806	69	19	31.803482	ger
5	1	1	1	61	2	486	806	124	21	38.509518	BASF
5	1	1	1	61	3	644	805	90	27	15.602234	mess
5	1	1	1	61	4	928	824	24	5	0.000000	—
5	1	1	1	61	5	1041	819	62	14	32.647598	25208
5	1	1	1	61	6	1252	804	294	39	0.000000	eeecgoecoage?
5	1	1	1	61	7	1585	816	114	18	2.135925	sxiee
5	1	1	1	61	8	1738	816	39	18	75.653168	FS
5	1	1	1	61	9	1840	819	11	12	30.304848	og
5	1	1	1	61	10	1891	816	41	23	40.545586	gu
5	1	1	1	61	11	1992	825	17	6	34.889282	82
5	1	1	1	61	12	2068	818	17	15	23.543655	8
5	1	1	1	61	13	2119	815	122	24	0.000000	oFS8w
5	1	1	1	61	14	2275	820	64	18	0.000000	SoS
5	1	1	1	61	15	2378	797	14	53	0.000000	E
5	1	1	1	61	16	2404	816	121	26	0.000000	Ror
4	1	1	1	62	0	383	814	2136	46	-1	
5	1	1	1	62	1	383	820	64	20	43.218273	83°
5	1	1	1	62	2	561	821	50	22	46.077850	pe
5	1	1	1	62	3	645	824	120	22	0.000000	PPBReS
5	1	1	1	62	4	878	814	20	30	2.104378	Ft}
5	1	1	1	62	5	990	827	37	20	64.743996	Sp
5	1	1	1	62	6	1063	820	60	27	45.661945	*QTE
5	1	1	1	62	7	1202	826	13	10	51.571903	@
5	1	1	1	62	8	1251	817	15	34	37.476730	go
5	1	1	1	62	9	1278	833	55	10	41.763908	EBS
5	1	1	1	62	10	1379	825	140	21	30.841782	eeaggs
5	1	1	1	62	11	1584	827	94	23	55.102882	pads
5	1	1	1	62	12	1738	830	38	18	64.871445	ge
5	1	1	1	62	13	1839	832	12	12	54.754379	o
5	1	1	1	62	14	1890	839	41	13	68.156975	Ba
5	1	1	1	62	15	1966	826	41	24	89.435287	BF
5	1	1	1	62	16	2068	835	16	8	71.466583	2
5	1	1	1	62	17	2119	830	116	18	43.724476	89545
5	1	1	1	62	18	2270	837	16	23	47.812012	a
5	1	1	1	62	19	2326	831	90	20	0.000000	SyaQ
5	1	1	1	62	20	2435	833	58	23	11.313332	mae
5	1	1	1	62	21	2508	838	11	14	11.313332	g
4	1	1	1	63	0	382	833	2115	33	-1	
5	1	1	1	63	1	382	838	13	13	44.249187	s
5	1	1	1	63	2	598	833	12	21	88.734558	B
5	1	1	1	63	3	648	838	67	16	70.182709	2832
5	1	1	1	63	4	795	846	23	8	88.399498	=
5	1	1	1	63	5	881	837	13	13	0.134750	g
5	1	1	1	63	6	990	839	11	12	76.510208	3
5	1	1	1	63	7	1062	839	40	14	35.313652	oo
5	1	1	1	63	8	1201	837	14	12	12.966003	¢
5	1	1	1	63	9	1252	844	63	14	65.660995	&ae
5	1	1	1	63	10	1380	841	88	25	0.000000	pese
5	1	1	1	63	11	1507	840	44	17	36.565285	igo
5	1	1	1	63	12	1631	835	68	24	0.000000	aFeo
5	1	1	1	63	13	1738	844	42	15	13.561890	84
5	1	1	1	63	14	1840	845	11	13	66.168945	5
5	1	1	1	63	15	1890	850	42	12	66.168945	RS
5	1	1	1	63	16	1966	847	17	6	42.070518	=
5	1	1	1	63	17	2068	845	12	10	59.081818	@
5	1	1	1	63	18	2119	843	64	22	0.000000	Seo
5	1	1	1	63	19	2198	848	40	11	0.000000	yo
5	1	1	1	63	20	2300	844	86	17	0.000000	eFf7
5	1	1	1	63	21	2482	856	15	10	21.025558	=
4	1	1	1	64	0	382	841	2137	47	-1	
5	1	1	1	64	1	382	841	70	21	39.577442	See
5	1	1	1	64	2	485	842	87	22	34.202713	«eo
5	1	1	1	64	3	643	847	122	23	0.000000	~SheQ
5	1	1	1	64	4	881	850	16	9	52.325191	t+
5	1	1	1	64	5	933	847	17	16	35.774117	B®
5	1	1	1	64	6	989	852	13	11	59.643333	6
5	1	1	1	64	7	1040	852	87	13	32.244171	afm.
5	1	1	1	64	8	1202	850	12	13	82.278488	5
5	1	1	1	64	9	1278	850	114	22	0.000000	PRasth
5	1	1	1	64	10	1432	853	11	12	0.000000	ERR
5	1	1	1	64	11	1476	856	75	25	0.000000	os.
5	1	1	1	64	12	1584	852	115	21	0.000000	Spl8s
5	1	1	1	64	13	1737	860	13	11	86.787163	8
5	1	1	1	64	14	1843	859	84	18	36.963863	an
5	1	1	1	64	15	1962	853	41	21	30.916862	a
5	1	1	1	64	16	2068	857	11	12	79.199203	B
5	1	1	1	64	17	2119	856	90	21	55.486427	RESP
5	1	1	1	64	18	2301	860	16	10	29.790665	>
5	1	1	1	64	19	2332	848	32	35	0.000000	_H0
5	1	1	1	64	20	2384	852	31	20	25.700653	eB
5	1	1	1	64	21	2434	852	39	25	39.381710	Ee
5	1	1	1	64	22	2507	853	12	35	63.187393	3
4	1	1	1	65	0	382	857	2118	41	-1	
5	1	1	1	65	1	382	864	64	16	65.739670	aod
5	1	1	1	65	2	560	857	56	20	39.796452	Bao
5	1	1	1	65	3	649	862	115	23	0.000000	.-Sis
5	1	1	1	65	4	800	860	17	17	74.162369	€
5	1	1	1	65	5	881	861	12	23	42.506577	EF
5	1	1	1	65	6	933	864	17	18	66.413437	2
5	1	1	1	65	7	989	863	38	15	25.948578	So
5	1	1	1	65	8	1062	863	65	21	25.948578	Sms
5	1	1	1	65	9	1201	863	13	24	0.000000	&@
5	1	1	1	65	10	1251	865	192	29	0.000000	BSARFSS38
5	1	1	1	65	11	1481	865	64	17	14.812889	Fee
5	1	1	1	65	12	1584	861	114	27	0.000000	Beer
5	1	1	1	65	13	1682	857	18	41	0.000000	SE
5	1	1	1	65	14	1763	863	18	28	12.598763	S$
5	1	1	1	65	15	1838	868	13	23	67.240967	§
5	1	1	1	65	16	1889	876	41	14	56.844902	8&
5	1	1	1	65	17	1965	873	38	18	71.527679	gf
5	1	1	1	65	18	2067	869	16	15	85.579491	F
5	1	1	1	65	19	2119	872	38	16	19.372360	BS
5	1	1	1	65	20	2173	859	65	44	19.372360	rank
5	1	1	1	65	21	2274	870	142	28	34.765350	Buses
5	1	1	1	65	22	2437	875	63	12	18.665726	we
4	1	1	1	66	0	382	875	2142	40	-1	
5	1	1	1	66	1	382	877	64	16	24.092758	SoS
5	1	1	1	66	2	484	882	13	12	80.477257	»
5	1	1	1	66	3	522	877	11	14	41.846245	8
5	1	1	1	66	4	593	877	16	13	32.795837	s
5	1	1	1	66	5	648	880	38	25	41.432510	es
5	1	1	1	66	6	700	875	64	19	58.372120	Pao
5	1	1	1	66	7	794	883	24	8	10.857941	—
5	1	1	1	66	8	881	884	12	13	0.000000	®
5	1	1	1	66	9	932	883	25	18	53.949364	a
5	1	1	1	66	10	991	877	35	14	0.000000	#7
5	1	1	1	66	11	1039	873	57	32	0.000000	aN5
5	1	1	1	66	12	1109	885	13	10	24.420593	6
5	1	1	1	66	13	1202	888	11	13	89.422722	§
5	1	1	1	66	14	1250	880	43	21	19.663193	Q@
5	1	1	1	66	15	1328	879	88	29	0.000000	oe!
5	1	1	1	66	16	1456	879	92	22	58.174622	Roma
5	1	1	1	66	17	1585	883	118	17	0.000000	2BAa50F2
5	1	1	1	66	18	1737	879	39	26	75.372696	2g
5	1	1	1	66	19	1839	892	11	13	0.000000	g
5	1	1	1	66	20	1914	894	13	11	22.688934	eo
5	1	1	1	66	21	1965	887	37	18	68.299362	25
5	1	1	1	66	22	2118	889	120	19	47.982311	Sorat
5	1	1	1	66	23	2273	892	65	17	7.257462	8s
5	1	1	1	66	24	2403	882	90	33	0.000000	Rgo%s
5	1	1	1	66	25	2506	882	18	33	32.364906	Bp
4	1	1	1	67	0	382	887	2142	37	-1	
5	1	1	1	67	1	382	889	68	16	41.878922	earth
5	1	1	1	67	2	485	896	11	13	62.920696	5
5	1	1	1	67	3	521	887	92	27	12.209282	oO
5	1	1	1	67	4	722	895	37	14	33.980286	Fo
5	1	1	1	67	5	881	898	17	13	48.407955	=
5	1	1	1	67	6	988	891	18	25	19.774124	Oe.
5	1	1	1	67	7	1039	894	83	13	19.774124	SEES
5	1	1	1	67	8	1201	901	16	9	0.000000	BS
5	1	1	1	67	9	1250	895	90	23	59.048977	ByoS
5	1	1	1	67	10	1378	891	82	20	31.382187	BRR
5	1	1	1	67	11	1506	899	44	16	56.027817	SSS
5	1	1	1	67	12	1583	896	118	21	29.405144	Feels
5	1	1	1	67	13	1737	898	43	14	22.054604	fy.
5	1	1	1	67	14	1838	907	13	8	73.832436	&
5	1	1	1	67	15	1889	900	38	16	88.677307	#8
5	1	1	1	67	16	1966	900	11	13	39.576717	8
5	1	1	1	67	17	2067	897	18	18	42.690727	>
5	1	1	1	67	18	2118	900	56	22	51.262054	eer
5	1	1	1	67	19	2197	901	38	21	53.752235	ee
5	1	1	1	67	20	2299	902	96	22	0.000000	Soe
5	1	1	1	67	21	2430	906	94	16	0.000000	ofSsam
4	1	1	1	68	0	382	900	2136	40	-1	
5	1	1	1	68	1	382	907	64	16	28.869545	$a0
5	1	1	1	68	2	483	905	89	18	37.074818	879
5	1	1	1	68	3	597	911	12	11	71.889954	§
5	1	1	1	68	4	648	900	116	27	0.000000	BEOrPe
5	1	1	1	68	5	877	902	73	23	48.444401	ge
5	1	1	1	68	6	1014	907	82	21	69.157257	“BES
5	1	1	1	68	7	1112	908	15	17	41.029247	&
5	1	1	1	68	8	1201	911	17	20	85.271805	=
5	1	1	1	68	9	1250	907	140	33	5.734932	BEBSS3
5	1	1	1	68	10	1407	912	35	15	39.635986	2%
5	1	1	1	68	11	1481	911	69	21	52.811516	BRE
5	1	1	1	68	12	1583	917	115	12	31.309021	Sh<30
5	1	1	1	68	13	1737	913	39	10	44.393486	“9
5	1	1	1	68	14	1838	917	15	9	14.879005	$
5	1	1	1	68	15	1888	915	41	10	0.000000	2s
5	1	1	1	68	16	1965	914	42	24	48.826286	3p
5	1	1	1	68	17	2066	917	19	16	24.949242	2
5	1	1	1	68	18	2118	912	115	28	0.000000	BSoSC5
5	1	1	1	68	19	2273	915	142	24	0.000000	wEBSSS
5	1	1	1	68	20	2455	920	63	16	5.620110	SSR
4	1	1	1	69	0	408	916	2116	35	-1	
5	1	1	1	69	1	408	920	37	15	32.633835	3
5	1	1	1	69	2	558	924	17	9	45.802532	s
5	1	1	1	69	3	597	923	11	20	54.659622	9
5	1	1	1	69	4	648	928	38	13	46.499458	ho
5	1	1	1	69	5	699	918	59	31	35.702507	Sse
5	1	1	1	69	6	929	926	13	12	0.000000	S
5	1	1	1	69	7	988	925	18	13	79.836014	o
5	1	1	1	69	8	1039	921	52	22	0.000000	on
5	1	1	1	69	9	1109	925	12	24	50.953552	3
5	1	1	1	69	10	1201	931	11	14	67.183456	§
5	1	1	1	69	11	1249	925	167	19	3.729790	SobEFRS
5	1	1	1	69	12	1432	925	86	20	0.000000	Fuge
5	1	1	1	69	13	1584	916	86	35	48.660957	2288
5	1	1	1	69	14	1686	929	11	13	66.704620	§
5	1	1	1	69	15	1737	929	45	20	0.188934	3a
5	1	1	1	69	16	1838	928	11	8	67.051346	a
5	1	1	1	69	17	1889	926	37	19	0.000000	o=»®&
5	1	1	1	69	18	1965	934	37	15	73.060677	Fs
5	1	1	1	69	19	2066	935	13	11	79.719536	@
5	1	1	1	69	20	2112	931	121	17	0.000000	LSFog
5	1	1	1	69	21	2273	931	91	18	0.000000	F527
5	1	1	1	69	22	2403	933	68	16	3.747162	Gea
5	1	1	1	69	23	2479	923	13	30	5.750275	7
5	1	1	1	69	24	2507	932	17	8	0.000000	&
4	1	1	1	70	0	407	933	2111	28	-1	
5	1	1	1	70	1	407	936	12	10	67.062912	®
5	1	1	1	70	2	523	933	8	16	65.276047	J
5	1	1	1	70	3	558	935	13	10	75.241516	@
5	1	1	1	70	4	699	936	59	13	47.365852	8.8.6
5	1	1	1	70	5	880	934	12	12	35.744202	eS
5	1	1	1	70	6	926	943	24	7	19.077301	ya
5	1	1	1	70	7	984	934	95	22	0.000000	€nsF
5	1	1	1	70	8	1276	941	12	13	0.000000	Zoe
5	1	1	1	70	9	1327	935	196	21	0.000000	%72a8ers,
5	1	1	1	70	10	1583	940	43	20	36.106094	Ey
5	1	1	1	70	11	1660	942	41	13	6.439499	366
5	1	1	1	70	12	1763	943	16	9	51.314449	S
5	1	1	1	70	13	1837	938	12	12	45.001606	gE
5	1	1	1	70	14	1888	939	43	17	0.000000	Sf
5	1	1	1	70	15	1964	944	12	13	62.988834	¢€
5	1	1	1	70	16	2067	946	11	10	52.640526	3
5	1	1	1	70	17	2114	946	9	4	74.106766	-
5	1	1	1	70	18	2143	943	94	15	2.501190	@95a
5	1	1	1	70	19	2273	947	90	12	54.069122	S255
5	1	1	1	70	20	2402	951	13	10	33.520950	38
5	1	1	1	70	21	2480	941	38	15	51.650105	ao
4	1	1	1	71	0	381	932	2137	50	-1	
5	1	1	1	71	1	381	932	38	29	39.065414	93
5	1	1	1	71	2	486	942	8	15	79.794350	J
5	1	1	1	71	3	559	945	47	21	20.457489	gS
5	1	1	1	71	4	648	943	110	28	13.358902	Beses
5	1	1	1	71	5	798	945	16	15	93.399651	>
5	1	1	1	71	6	880	947	69	19	70.964867	BS
5	1	1	1	71	7	1039	945	88	23	0.000000	BoDe
5	1	1	1	71	8	1201	946	17	18	27.541740	&
5	1	1	1	71	9	1250	945	89	25	0.000000	BSos
5	1	1	1	71	10	1378	936	89	43	0.000000	Tes8S
5	1	1	1	71	11	1481	941	66	34	45.975609	p58
5	1	1	1	71	12	1582	951	115	26	36.694191	Reais
5	1	1	1	71	13	1736	950	45	22	41.754192	ey
5	1	1	1	71	14	1837	951	16	21	73.500931	8
5	1	1	1	71	15	1889	953	42	14	0.000000	§$2
5	1	1	1	71	16	1964	950	38	26	85.397209	&8
5	1	1	1	71	17	2067	965	16	6	33.897339	in
5	1	1	1	71	18	2143	955	94	21	40.949074	gars
5	1	1	1	71	19	2272	957	68	12	22.338287	SoS
5	1	1	1	71	20	2360	970	8	5	22.338287	2
5	1	1	1	71	21	2380	949	138	33	37.321510	S8gHsa
4	1	1	1	72	0	381	942	2143	52	-1	
5	1	1	1	72	1	381	942	69	38	0.000000	ae6
5	1	1	1	72	2	521	958	81	24	24.753418	@obrk
5	1	1	1	72	3	647	958	86	28	59.760647	SERS
5	1	1	1	72	4	880	967	12	12	22.785194	6
5	1	1	1	72	5	926	961	24	7	20.732101	~~
5	1	1	1	72	6	988	960	37	24	22.012535	Ka
5	1	1	1	72	7	1040	954	80	34	0.000000	epiis
5	1	1	1	72	8	1249	956	299	29	0.000000	gPoRheeeCess
5	1	1	1	72	9	1582	973	13	9	0.000000	BR
5	1	1	1	72	10	1633	964	39	20	0.000000	ea
5	1	1	1	72	11	1736	973	13	10	41.824268	3
5	1	1	1	72	12	1837	973	17	6	34.637978	S$
5	1	1	1	72	13	1888	967	38	19	0.000000	fo
5	1	1	1	72	14	1964	970	38	16	23.338669	28
5	1	1	1	72	15	2066	972	12	13	84.901634	B
5	1	1	1	72	16	2117	962	116	30	0.000000	Seess
5	1	1	1	72	17	2272	969	117	24	1.825417	F482
5	1	1	1	72	18	2455	969	37	21	58.506973	BB
5	1	1	1	72	19	2506	980	18	14	64.682724	w
4	1	1	1	73	0	432	963	2060	40	-1	
5	1	1	1	73	1	432	975	12	14	20.980927	ge
5	1	1	1	73	2	483	968	17	18	42.073486	*
5	1	1	1	73	3	548	963	11	29	22.418510	as
5	1	1	1	73	4	697	971	66	17	31.130463	are
5	1	1	1	73	5	880	980	12	10	49.857040	g
5	1	1	1	73	6	1039	977	26	13	28.236732	5°
5	1	1	1	73	7	1109	981	11	12	72.968620	5
5	1	1	1	73	8	1201	967	16	29	29.411972	=}
5	1	1	1	73	9	1276	976	12	10	64.557068	©
5	1	1	1	73	10	1326	973	90	27	0.000000	@EO8
5	1	1	1	73	11	1455	976	89	20	0.000000	$2
5	1	1	1	73	12	1533	969	20	33	21.871178	a
5	1	1	1	73	13	1583	984	4	4	0.000000	*
5	1	1	1	73	14	1610	979	35	15	58.122158	oS
5	1	1	1	73	15	1660	978	42	20	43.570740	So
5	1	1	1	73	16	1752	970	28	29	12.340942	on
5	1	1	1	73	17	1837	980	12	13	69.620720	2
5	1	1	1	73	18	1914	978	16	13	24.084602	Se
5	1	1	1	73	19	1964	987	43	13	35.152161	se
5	1	1	1	73	20	2065	986	17	8	9.338013	s+
5	1	1	1	73	21	2117	989	41	13	0.000000	BS
5	1	1	1	73	22	2195	990	13	10	0.000000	s
5	1	1	1	73	23	2272	978	65	25	37.597488	87s
5	1	1	1	73	24	2401	982	91	19	21.683533	oe
4	1	1	1	74	0	377	981	2140	36	-1	
5	1	1	1	74	1	377	981	67	19	21.124481	JES
5	1	1	1	74	2	555	985	60	18	8.666245	ee
5	1	1	1	74	3	646	986	112	18	19.985817	tins
5	1	1	1	74	4	880	989	66	13	35.171265	sm
5	1	1	1	74	5	987	985	13	10	0.000000	@
5	1	1	1	74	6	1083	983	37	23	51.153870	38
5	1	1	1	74	7	1200	990	12	12	21.711243	9
5	1	1	1	74	8	1249	986	13	10	16.533020	fp
5	1	1	1	74	9	1301	985	93	22	21.345253	kok.
5	1	1	1	74	10	1454	994	38	16	29.151939	88
5	1	1	1	74	11	1531	993	17	17	8.414070	F&F
5	1	1	1	74	12	1608	993	93	15	20.061821	Fo%E
5	1	1	1	74	13	1735	992	44	18	0.000000	@9
5	1	1	1	74	14	1837	993	12	10	18.207718	&
5	1	1	1	74	15	1887	989	39	17	92.090500	Be
5	1	1	1	74	16	1959	994	42	19	43.578331	Ea
5	1	1	1	74	17	2066	996	11	9	5.189743	q
5	1	1	1	74	18	2143	997	38	16	44.505962	To?
5	1	1	1	74	19	2221	998	17	10	40.856674	mm
5	1	1	1	74	20	2324	982	94	39	10.128593	Srong
5	1	1	1	74	21	2433	982	60	39	0.000000	SS?
5	1	1	1	74	22	2506	996	11	12	0.000000	a
4	1	1	1	75	0	381	987	2141	40	-1	
5	1	1	1	75	1	381	987	38	33	51.889091	Em)
5	1	1	1	75	2	483	990	24	33	12.094299	oy
5	1	1	1	75	3	521	994	93	20	66.762100	PAD
5	1	1	1	75	4	643	1000	64	17	87.340309	Tyr
5	1	1	1	75	5	746	998	11	9	55.180264	7
5	1	1	1	75	6	879	999	13	13	76.951691	2
5	1	1	1	75	7	988	1000	63	14	40.840424	mi
5	1	1	1	75	8	1039	991	20	33	9.975525	@
5	1	1	1	75	9	1083	1002	40	14	34.369194	2S
5	1	1	1	75	10	1200	1003	15	9	12.083710	gf
5	1	1	1	75	11	1249	994	39	37	4.275703	wae
5	1	1	1	75	12	1300	998	121	25	0.000000	eSaen
5	1	1	1	75	13	1455	1005	81	22	36.738415	EG!
5	1	1	1	75	14	1608	1001	89	22	43.774910	ZQee
5	1	1	1	75	15	1735	1005	44	21	35.470901	BF
5	1	1	1	75	16	1888	1004	38	10	61.642647	EB
5	1	1	1	75	17	1989	1004	15	9	52.774025	a
5	1	1	1	75	18	2065	1006	13	11	59.223713	8
5	1	1	1	75	19	2116	1013	13	12	0.000000	PBI
5	1	1	1	75	20	2169	1006	64	18	0.000000	NSs
5	1	1	1	75	21	2276	1002	61	23	0.000000	pee
5	1	1	1	75	22	2355	1008	167	15	0.000000	esyusg,&
4	1	1	1	76	0	377	1000	2069	33	-1	
5	1	1	1	76	1	377	1000	21	27	38.348434	CG}
5	1	1	1	76	2	428	1000	22	27	19.647369	he
5	1	1	1	76	3	692	1016	6	4	41.823662	7
5	1	1	1	76	4	875	1001	20	27	25.984009	P<
5	1	1	1	76	5	983	1001	17	27	46.100685	ta
5	1	1	1	76	6	1039	1012	16	6	0.000000	_
5	1	1	1	76	7	1109	1017	16	6	0.000000	s
5	1	1	1	76	8	1200	1013	12	13	50.875530	®
5	1	1	1	76	9	1608	1016	17	14	86.726959	=
5	1	1	1	76	10	1762	1026	17	6	32.045876	a
5	1	1	1	76	11	1833	1014	15	13	51.268661	g
5	1	1	1	76	12	1888	1015	12	9	40.728184	a
5	1	1	1	76	13	1989	1006	17	27	6.768570	o&
5	1	1	1	76	14	2142	1014	18	13	84.829247	a
5	1	1	1	76	15	2221	1020	11	8	73.650520	5
5	1	1	1	76	16	2402	1019	44	9	59.494366	a
4	1	1	1	77	0	376	1011	2146	55	-1	
5	1	1	1	77	1	376	1019	68	28	0.000000	gef
5	1	1	1	77	2	482	1013	126	41	0.000000	gi2.
5	1	1	1	77	3	646	1019	69	31	39.731846	sei
5	1	1	1	77	4	798	1011	17	31	51.252972	gh
5	1	1	1	77	5	879	1020	70	31	50.982704	fF
5	1	1	1	77	6	987	1019	63	37	30.114136	gsi
5	1	1	1	77	7	1082	1016	38	33	57.227905	ef
5	1	1	1	77	8	1199	1025	17	30	25.092392	§
5	1	1	1	77	9	1248	1016	173	39	0.000000	Eopgena
5	1	1	1	77	10	1449	1019	49	26	35.122803	eo
5	1	1	1	77	11	1531	1031	17	21	78.863235	=
5	1	1	1	77	12	1603	1027	96	30	0.000000	Fgea
5	1	1	1	77	13	1731	1028	43	26	36.954018	GF
5	1	1	1	77	14	1836	1028	12	21	26.986000	3
5	1	1	1	77	15	1881	1021	48	35	14.633636	52
5	1	1	1	77	16	1963	1023	37	27	73.228661	83
5	1	1	1	77	17	2064	1019	18	39	67.438629	F
5	1	1	1	77	18	2116	1022	116	44	0.000000	geeis
5	1	1	1	77	19	2268	1012	254	51	9.276726	Giaeegsed
5	1	1	1	77	20	2505	1007	22	64	60.152878	a
4	1	1	1	78	0	406	1031	2091	45	-1	
5	1	1	1	78	1	406	1040	12	13	0.000000	g
5	1	1	1	78	2	595	1045	12	13	27.490295	g
5	1	1	1	78	3	672	1042	42	13	37.987648	ae
5	1	1	1	78	4	793	1031	22	35	35.681259	th
5	1	1	1	78	5	927	1031	21	35	39.090790	2.
5	1	1	1	78	6	1012	1050	13	11	24.097534	5
5	1	1	1	78	7	1082	1047	13	10	82.563934	&
5	1	1	1	78	8	1249	1043	17	13	0.000000	&
5	1	1	1	78	9	1326	1050	17	6	46.199440	Re
5	1	1	1	78	10	1453	1053	13	11	11.792000	o
5	1	1	1	78	11	1479	1047	12	11	76.692535	8
5	1	1	1	78	12	1632	1050	43	14	32.795242	Se
5	1	1	1	78	13	1762	1051	17	6	16.230682	Be
5	1	1	1	78	14	1836	1051	12	12	0.000000	g
5	1	1	1	78	15	1887	1057	5	4	0.000000	*
5	1	1	1	78	16	1963	1050	37	14	26.229912	ae
5	1	1	1	78	17	2065	1059	17	5	58.287792	2
5	1	1	1	78	18	2116	1057	13	10	49.595558	8
5	1	1	1	78	19	2297	1041	17	35	85.391541	3.
5	1	1	1	78	20	2376	1057	121	11	0.000000	HSaane
4	1	1	1	79	0	380	1047	2136	37	-1	
5	1	1	1	79	1	380	1048	68	20	72.510406	420
5	1	1	1	79	2	519	1055	50	13	50.153698	He
5	1	1	1	79	3	595	1058	17	13	32.972397	eg
5	1	1	1	79	4	646	1051	56	12	0.000000	a5
5	1	1	1	79	5	796	1057	13	11	77.630920	@
5	1	1	1	79	6	930	1060	13	11	66.135780	6
5	1	1	1	79	7	987	1052	63	20	34.387360	€&82
5	1	1	1	79	8	1082	1058	43	13	55.463753	Sm»
5	1	1	1	79	9	1200	1056	11	13	92.665543	5
5	1	1	1	79	10	1275	1047	113	32	0.000000	Bageae
5	1	1	1	79	11	1479	1059	12	12	49.083946	o
5	1	1	1	79	12	1531	1061	11	19	56.454048	4g
5	1	1	1	79	13	1607	1058	89	13	13.151596	teHR
5	1	1	1	79	14	1734	1064	12	12	0.000000	-
5	1	1	1	79	15	1761	1058	12	8	46.885380	@
5	1	1	1	79	16	1836	1063	18	10	45.894695	a
5	1	1	1	79	17	1912	1065	13	9	8.697845	wo
5	1	1	1	79	18	1963	1064	30	14	0.000000	§°
5	1	1	1	79	19	2065	1067	11	12	61.240879	BS
5	1	1	1	79	20	2115	1058	122	24	0.000000	S@y%o&
5	1	1	1	79	21	2272	1060	89	24	19.322655	Sing
5	1	1	1	79	22	2376	1052	36	36	19.322655	rs
5	1	1	1	79	23	2428	1064	88	19	26.525665	sles
4	1	1	1	80	0	380	1056	2136	37	-1	
5	1	1	1	80	1	380	1064	63	16	57.977886	See
5	1	1	1	80	2	482	1064	49	18	59.221146	ne
5	1	1	1	80	3	558	1068	11	13	6.683510	§&
5	1	1	1	80	4	646	1064	62	20	44.063919	mie
5	1	1	1	80	5	739	1065	24	7	32.394981	—
5	1	1	1	80	6	797	1069	11	12	77.662071	§
5	1	1	1	80	7	878	1056	17	24	31.439888	2
5	1	1	1	80	8	987	1064	62	19	10.780945	sa
5	1	1	1	80	9	1107	1068	13	21	18.532089	a
5	1	1	1	80	10	1248	1063	171	28	0.000000	Seen
5	1	1	1	80	11	1379	1059	45	36	0.000000	8s
5	1	1	1	80	12	1453	1066	37	15	44.449524	35
5	1	1	1	80	13	1606	1071	95	13	0.000000	SSes
5	1	1	1	80	14	1734	1077	44	14	66.566742	So
5	1	1	1	80	15	1962	1079	13	10	55.153431	5
5	1	1	1	80	16	2060	1081	16	11	86.893242	&
5	1	1	1	80	17	2116	1077	116	15	23.079536	§$Se2S
5	1	1	1	80	18	2272	1072	64	21	1.584488	Sune
5	1	1	1	80	19	2375	1074	141	17	0.000000	enS2Fago
4	1	1	1	81	0	380	1072	2136	34	-1	
5	1	1	1	81	1	380	1075	30	10	18.324585	3°
5	1	1	1	81	2	478	1077	16	14	16.958893	3
5	1	1	1	81	3	646	1078	69	12	50.059898	Sec
5	1	1	1	81	4	796	1082	16	9	51.656517	&
5	1	1	1	81	5	878	1081	16	10	85.796791	=
5	1	1	1	81	6	930	1073	12	19	79.673111	B
5	1	1	1	81	7	986	1077	66	13	75.134354	Roe
5	1	1	1	81	8	1082	1072	15	22	37.602573	8
5	1	1	1	81	9	1198	1080	13	18	82.169991	a
5	1	1	1	81	10	1248	1077	89	20	0.966934	BPS
5	1	1	1	81	11	1402	1081	17	14	52.853607	2
5	1	1	1	81	12	1479	1082	63	12	33.486549	a)
5	1	1	1	81	13	1632	1078	68	19	29.639557	Bok.
5	1	1	1	81	14	1836	1081	11	9	66.121597	a
5	1	1	1	81	15	1982	1086	25	7	75.060959	3
5	1	1	1	81	16	2142	1084	17	14	51.150742	aE.
5	1	1	1	81	17	2194	1086	38	20	36.350487	oo
5	1	1	1	81	18	2349	1085	90	12	19.574921	SER
5	1	1	1	81	19	2456	1087	60	15	37.033890	ees
4	1	1	1	82	0	379	1075	2064	37	-1	
5	1	1	1	82	1	379	1087	13	8	88.380737	a
5	1	1	1	82	2	427	1075	16	26	64.023926	9.
5	1	1	1	82	3	519	1083	12	9	0.000000	B
5	1	1	1	82	4	556	1082	18	13	16.803284	a
5	1	1	1	82	5	646	1087	35	12	79.268486	Qe
5	1	1	1	82	6	983	1078	15	26	29.043427	brs
5	1	1	1	82	7	1338	1088	81	20	57.295570	B25
5	1	1	1	82	8	1452	1088	38	14	62.813877	goa
5	1	1	1	82	9	1530	1094	12	9	75.868904	8
5	1	1	1	82	10	1606	1093	37	12	70.822372	on
5	1	1	1	82	11	1734	1091	39	14	75.651321	ae
5	1	1	1	82	12	1836	1091	11	10	23.573250	®
5	1	1	1	82	13	1958	1085	16	26	38.527992	9°
5	1	1	1	82	14	2111	1086	20	26	30.744209	ot
5	1	1	1	82	15	2168	1091	16	13	0.000000	a
5	1	1	1	82	16	2271	1094	38	15	0.956894	Reng
5	1	1	1	82	17	2375	1092	12	19	23.552521	2
5	1	1	1	82	18	2427	1096	16	9	21.118668	ta
4	1	1	1	83	0	380	1090	2136	29	-1	
5	1	1	1	83	1	380	1098	4	4	54.519905	2
5	1	1	1	83	2	426	1093	22	11	54.519905	8
5	1	1	1	83	3	482	1092	12	9	0.000000	3
5	1	1	1	83	4	518	1092	17	10	63.652016	G
5	1	1	1	83	5	646	1099	26	7	83.780762	=
5	1	1	1	83	6	744	1094	12	11	6.797417	2
5	1	1	1	83	7	879	1092	16	13	83.005135	r
5	1	1	1	83	8	929	1094	19	12	42.523247	DH
5	1	1	1	83	9	1012	1093	37	14	54.413994	po
5	1	1	1	83	10	1082	1094	12	11	29.460358	8
5	1	1	1	83	11	1199	1099	16	13	44.187462	S
5	1	1	1	83	12	1244	1094	93	21	15.668121	Geet
5	1	1	1	83	13	1342	1085	23	34	46.084877	8
5	1	1	1	83	14	1375	1098	13	11	52.124489	o
5	1	1	1	83	15	1453	1098	37	14	88.559990	re
5	1	1	1	83	16	1530	1104	15	9	28.053963	gg
5	1	1	1	83	17	1632	1098	62	16	50.638832	mos
5	1	1	1	83	18	1760	1102	13	10	0.000000	°
5	1	1	1	83	19	1836	1102	11	9	38.981339	a
5	1	1	1	83	20	1962	1094	43	22	44.878227	34
5	1	1	1	83	21	2064	1101	12	9	55.940651	2
5	1	1	1	83	22	2136	1099	43	20	59.133801	O8
5	1	1	1	83	23	2219	1108	16	9	23.533829	be
5	1	1	1	83	24	2296	1107	16	8	10.061310	&
5	1	1	1	83	25	2374	1105	16	9	40.370922	+
5	1	1	1	83	26	2479	1103	37	16	19.420547	ot?
4	1	1	1	84	0	374	1097	2116	35	-1	
5	1	1	1	84	1	374	1101	69	21	57.563282	“Be
5	1	1	1	84	2	474	1097	22	35	4.009720	3g
5	1	1	1	84	3	518	1103	13	10	79.125183	8
5	1	1	1	84	4	590	1097	21	35	58.524071	2:
5	1	1	1	84	5	668	1109	8	12	14.230255	R
5	1	1	1	84	6	745	1104	63	16	69.933006	BB
5	1	1	1	84	7	929	1108	13	11	33.128265	2
5	1	1	1	84	8	1011	1101	86	23	54.280811	os
5	1	1	1	84	9	1198	1113	13	10	27.783302	&
5	1	1	1	84	10	1248	1105	93	20	0.000000	ERLE
5	1	1	1	84	11	1376	1110	43	20	0.000000	LE
5	1	1	1	84	12	1452	1112	38	15	0.000000	O86
5	1	1	1	84	13	1606	1105	88	20	19.503860	Sige
5	1	1	1	84	14	1734	1107	39	20	66.024063	88
5	1	1	1	84	15	1835	1112	12	13	55.558086	¢
5	1	1	1	84	16	1911	1109	13	10	0.000000	o
5	1	1	1	84	17	1962	1113	42	13	19.206970	br
5	1	1	1	84	18	2064	1111	12	12	54.395729	8
5	1	1	1	84	19	2115	1108	121	24	30.571022	Peas
5	1	1	1	84	20	2323	1112	64	18	2.290207	BES
5	1	1	1	84	21	2406	1109	84	22	0.000000	aNss
4	1	1	1	85	0	431	1105	2084	40	-1	
5	1	1	1	85	1	431	1115	16	13	27.763016	Se
5	1	1	1	85	2	481	1112	13	10	76.075211	@
5	1	1	1	85	3	518	1115	12	20	22.644600	9
5	1	1	1	85	4	556	1105	17	25	18.199631	&
5	1	1	1	85	5	645	1106	13	30	31.497742	g
5	1	1	1	85	6	696	1112	63	18	10.222504	a6
5	1	1	1	85	7	796	1118	12	11	60.147957	04
5	1	1	1	85	8	925	1110	24	28	14.796753	cca
5	1	1	1	85	9	1008	1110	15	28	18.788528	is}
5	1	1	1	85	10	1103	1110	24	28	29.966087	fo]
5	1	1	1	85	11	1199	1125	11	9	1.369133	&
5	1	1	1	85	12	1247	1117	120	18	27.625290	S3235N
5	1	1	1	85	13	1525	1113	17	28	49.475212	ro
5	1	1	1	85	14	1606	1118	63	14	21.346977	BY
5	1	1	1	85	15	1733	1118	39	22	63.693974	ag
5	1	1	1	85	16	1836	1127	16	6	80.333870	=
5	1	1	1	85	17	1911	1129	11	9	78.745117	a
5	1	1	1	85	18	1962	1127	42	7	61.277615	we
5	1	1	1	85	19	2064	1124	11	19	44.567638	Bo
5	1	1	1	85	20	2115	1125	45	11	44.567638	au
5	1	1	1	85	21	2219	1133	17	6	17.750633	RB
5	1	1	1	85	22	2271	1122	146	23	0.000000	Uyghroe
5	1	1	1	85	23	2452	1128	63	13	28.435219	sod
5	1	1	1	85	24	2503	1117	16	32	71.375961	w
4	1	1	1	86	0	405	1124	2110	34	-1	
5	1	1	1	86	1	405	1124	38	15	52.219162	ye
5	1	1	1	86	2	481	1124	12	20	60.584801	8
5	1	1	1	86	3	556	1130	53	15	44.820255	as
5	1	1	1	86	4	658	1126	55	19	57.798199	on
5	1	1	1	86	5	743	1131	13	12	89.981583	8
5	1	1	1	86	6	796	1130	12	10	52.310009	8
5	1	1	1	86	7	924	1131	24	7	39.176170	a
5	1	1	1	86	8	1011	1125	43	20	59.815819	By
5	1	1	1	86	9	1082	1125	41	22	51.621971	Fo
5	1	1	1	86	10	1198	1135	12	10	41.606541	a
5	1	1	1	86	11	1243	1127	124	22	13.024200	2@e7g255
5	1	1	1	86	12	1401	1128	13	11	82.306824	0
5	1	1	1	86	13	1452	1128	38	27	68.632034	2g
5	1	1	1	86	14	1530	1135	17	10	78.150246	&
5	1	1	1	86	15	1605	1132	13	11	0.000000	S°
5	1	1	1	86	16	1657	1131	38	15	67.858658	8p
5	1	1	1	86	17	1734	1138	39	12	0.000000	AE
5	1	1	1	86	18	1835	1133	16	10	0.000000	e
5	1	1	1	86	19	1911	1139	12	10	56.953644	aq
5	1	1	1	86	20	1962	1135	38	9	66.231606	we
5	1	1	1	86	21	2115	1132	116	23	24.168411	SRS
5	1	1	1	86	22	2323	1134	64	16	23.937767	Soe
5	1	1	1	86	23	2404	1133	61	23	45.107605	RE
5	1	1	1	86	24	2478	1138	37	20	34.338142	SF
4	1	1	1	87	0	404	1128	2086	42	-1	
5	1	1	1	87	1	404	1137	38	13	41.316353	@3
5	1	1	1	87	2	515	1137	58	15	24.931625	ca
5	1	1	1	87	3	645	1137	68	20	53.571213	See
5	1	1	1	87	4	793	1128	16	33	23.537582	Ss
5	1	1	1	87	5	878	1140	63	19	57.796631	oR
5	1	1	1	87	6	1010	1142	35	16	67.647705	pe
5	1	1	1	87	7	1081	1139	12	11	42.102093	@
5	1	1	1	87	8	1247	1145	64	14	5.412224	oR
5	1	1	1	87	9	1375	1139	44	20	41.059776	a,
5	1	1	1	87	10	1478	1142	63	21	54.018852	BOS
5	1	1	1	87	11	1605	1142	93	14	28.390335	Cas
5	1	1	1	87	12	1759	1152	13	9	0.000000	@
5	1	1	1	87	13	1911	1145	93	16	20.986465	gat
5	1	1	1	87	14	2063	1145	12	11	70.770187	o
5	1	1	1	87	15	2115	1144	69	17	2.055771	£Qm
5	1	1	1	87	16	2270	1139	116	31	17.212891	ro,
5	1	1	1	87	17	2379	1135	37	39	1.484268	re
5	1	1	1	87	18	2427	1151	63	14	36.708061	es
4	1	1	1	88	0	400	1146	2121	33	-1	
5	1	1	1	88	1	400	1152	39	15	66.091949	Bo
5	1	1	1	88	2	480	1146	11	20	76.808693	&
5	1	1	1	88	3	519	1135	20	39	6.543282	FS
5	1	1	1	88	4	555	1148	51	22	60.877769	FS
5	1	1	1	88	5	640	1159	16	11	0.000000	EB
5	1	1	1	88	6	743	1152	13	11	42.484421	eo
5	1	1	1	88	7	790	1157	6	4	0.000000	$
5	1	1	1	88	8	923	1155	24	8	71.123093	&
5	1	1	1	88	9	1011	1155	30	17	25.457695	ag
5	1	1	1	88	10	1106	1149	17	17	68.339973	4
5	1	1	1	88	11	1197	1157	13	10	62.712982	©
5	1	1	1	88	12	1274	1149	139	24	9.993835	BBSARS
5	1	1	1	88	13	1452	1156	42	19	81.841133	ga
5	1	1	1	88	14	1602	1154	97	17	0.000000	geant
5	1	1	1	88	15	1733	1149	12	25	39.715622	g
5	1	1	1	88	16	1834	1156	12	11	55.003742	g
5	1	1	1	88	17	1910	1156	88	20	25.715439	|
5	1	1	1	88	18	2064	1166	11	13	42.152412	yp
5	1	1	1	88	19	2115	1157	116	20	10.269943	Sone
5	1	1	1	88	20	2295	1160	96	10	0.000000	Smee
5	1	1	1	88	21	2404	1151	65	35	0.000000	ealT
5	1	1	1	88	22	2472	1159	49	19	50.943409	eam
4	1	1	1	89	0	404	1159	2116	60	-1	
5	1	1	1	89	1	404	1159	164	42	0.000000	shes
5	1	1	1	89	2	593	1161	17	33	0.000000	sh
5	1	1	1	89	3	644	1165	68	39	0.000000	ef
5	1	1	1	89	4	789	1164	25	33	37.389469	FR
5	1	1	1	89	5	877	1160	17	42	0.000000	E
5	1	1	1	89	6	1007	1159	116	47	49.618187	“ifs
5	1	1	1	89	7	1197	1169	18	36	44.552216	8
5	1	1	1	89	8	1272	1162	141	44	0.000000	essaei
5	1	1	1	89	9	1452	1170	40	29	22.975426	gf
5	1	1	1	89	10	1528	1166	13	23	27.746124	8
5	1	1	1	89	11	1605	1166	89	41	46.989780	Ease
5	1	1	1	89	12	1732	1170	45	39	52.689819	2
5	1	1	1	89	13	1834	1168	12	34	59.171223	2
5	1	1	1	89	14	1910	1176	17	15	6.229515	F
5	1	1	1	89	15	1957	1167	47	39	53.612289	BR
5	1	1	1	89	16	2063	1179	15	22	51.681381	8
5	1	1	1	89	17	2114	1171	64	48	18.904770	ggg
5	1	1	1	89	18	2192	1169	43	35	32.175133	8s
5	1	1	1	89	19	2270	1162	250	54	0.000000	sgeeh
5	1	1	1	89	20	2400	1158	42	62	0.000000	Ee
5	1	1	1	89	21	2457	1162	63	54	33.511284	dea
4	1	1	1	90	0	423	1178	2019	42	-1	
5	1	1	1	90	1	423	1178	28	27	0.000000	—~
5	1	1	1	90	2	593	1195	17	6	86.298965	=
5	1	1	1	90	3	791	1193	21	11	71.952141	=
5	1	1	1	90	4	1010	1196	17	6	22.314346	ms
5	1	1	1	90	5	1105	1196	16	9	0.000000	=
5	1	1	1	90	6	1319	1186	17	27	0.000000	‘o
5	1	1	1	90	7	1375	1197	16	15	25.934662	a.
5	1	1	1	90	8	1472	1188	21	27	29.235107	rot
5	1	1	1	90	9	1524	1188	21	27	19.111938	ro
5	1	1	1	90	10	1630	1198	13	9	57.384735	D
5	1	1	1	90	11	1751	1190	23	27	13.402748	cs]
5	1	1	1	90	12	1911	1200	17	10	7.904602	es
5	1	1	1	90	13	1961	1201	42	19	23.965561	28
5	1	1	1	90	14	2062	1203	13	12	0.000000	p
5	1	1	1	90	15	2114	1201	38	16	62.691025	on
5	1	1	1	90	16	2217	1200	18	17	83.865875	o
5	1	1	1	90	17	2269	1203	5	4	37.685295	°
5	1	1	1	90	18	2347	1204	13	10	14.831940	o
5	1	1	1	90	19	2399	1200	43	15	32.153069	oa
4	1	1	1	91	0	403	1195	2117	34	-1	
5	1	1	1	91	1	403	1200	43	14	60.785923	er
5	1	1	1	91	2	474	1195	24	19	34.890434	2
5	1	1	1	91	3	555	1198	50	17	27.344841	&
5	1	1	1	91	4	596	1191	18	34	29.207542	2
5	1	1	1	91	5	644	1200	63	17	28.112267	£46
5	1	1	1	91	6	742	1199	18	22	77.165718	9
5	1	1	1	91	7	795	1212	12	9	67.602196	4%
5	1	1	1	91	8	878	1204	65	18	49.377117	Bo
5	1	1	1	91	9	1010	1203	38	14	69.599846	Boe
5	1	1	1	91	10	1080	1206	37	12	54.184776	@6
5	1	1	1	91	11	1273	1203	144	18	0.000000	"@Seg&
5	1	1	1	91	12	1451	1207	12	12	85.396423	9
5	1	1	1	91	13	1529	1212	16	5	72.725021	=
5	1	1	1	91	14	1605	1208	38	13	6.216904	Ee
5	1	1	1	91	15	1660	1205	37	10	6.216904	ts
5	1	1	1	91	16	1732	1210	44	13	26.853477	EE
5	1	1	1	91	17	1834	1213	11	11	12.252930	e
5	1	1	1	91	18	1910	1209	69	11	19.169769	gf}
5	1	1	1	91	19	2062	1214	16	10	56.940651	&
5	1	1	1	91	20	2192	1210	12	8	87.456734	2
5	1	1	1	91	21	2322	1211	167	18	0.000000	BS¢8S3.50
5	1	1	1	91	22	2505	1217	15	8	81.634644	=
4	1	1	1	92	0	517	1212	1713	20	-1	
5	1	1	1	92	1	517	1217	4	3	13.777176	:
5	1	1	1	92	2	555	1212	17	12	0.000000	&
5	1	1	1	92	3	1080	1217	17	6	49.796570	&
5	1	1	1	92	4	1349	1214	36	13	63.179855	ES
5	1	1	1	92	5	1656	1222	17	6	23.455589	a
5	1	1	1	92	6	1847	1229	4	3	0.000000	:
5	1	1	1	92	7	2063	1225	16	6	35.457817	4
5	1	1	1	92	8	2134	1219	96	13	4.187317	a2
5	1	1	1	92	9	2217	1206	16	35	15.178558	8
4	1	1	1	93	0	403	1213	2115	57	-1	
5	1	1	1	93	1	403	1213	44	34	37.402222	Se
5	1	1	1	93	2	480	1226	4	4	37.754230	°°
5	1	1	1	93	3	551	1224	59	26	27.463272	&€w
5	1	1	1	93	4	644	1214	66	36	24.171494	tke
5	1	1	1	93	5	742	1223	71	25	21.866455	se
5	1	1	1	93	6	871	1227	24	19	52.012459	5
5	1	1	1	93	7	1010	1226	38	24	27.203629	eZ
5	1	1	1	93	8	1080	1228	42	27	37.815403	zz
5	1	1	1	93	9	1197	1217	12	39	30.513649	$§
5	1	1	1	93	10	1272	1221	144	34	0.000000	Bgeens
5	1	1	1	93	11	1450	1218	39	37	39.146461	78
5	1	1	1	93	12	1527	1220	14	43	57.625694	8
5	1	1	1	93	13	1604	1220	89	37	2.940277	Sees
5	1	1	1	93	14	1731	1221	46	32	32.824791	cl
5	1	1	1	93	15	1833	1226	17	36	43.367615	FE
5	1	1	1	93	16	1910	1222	16	31	48.682625	sw
5	1	1	1	93	17	1986	1231	12	20	32.665695	g
5	1	1	1	93	18	2062	1233	13	24	52.543335	§
5	1	1	1	93	19	2113	1227	121	27	13.481155	FESSe
5	1	1	1	93	20	2268	1218	250	52	0.000000	PESeSechye
4	1	1	1	94	0	643	1242	1849	34	-1	
5	1	1	1	94	1	643	1243	43	13	11.626808	i
5	1	1	1	94	2	871	1249	24	7	89.171432	~
5	1	1	1	94	3	1005	1242	16	24	13.486435	°Q
5	1	1	1	94	4	1079	1247	12	12	30.596916	S
5	1	1	1	94	5	1272	1250	15	9	63.344933	a
5	1	1	1	94	6	1347	1244	44	24	0.000000	aeN
5	1	1	1	94	7	1605	1253	29	12	43.232521	oS
5	1	1	1	94	8	1731	1251	44	14	60.048702	or
5	1	1	1	94	9	1910	1255	16	15	74.093742	y
5	1	1	1	94	10	1986	1248	14	24	3.687347	1]
5	1	1	1	94	11	2113	1254	13	8	69.220558	a
5	1	1	1	94	12	2170	1252	58	16	78.342728	425
5	1	1	1	94	13	2346	1253	39	14	69.602364	So
5	1	1	1	94	14	2425	1254	11	12	28.042336	|
5	1	1	1	94	15	2472	1250	20	26	34.856995	ra)
4	1	1	1	95	0	403	1247	2116	42	-1	
5	1	1	1	95	1	403	1248	43	20	8.518990	3.
5	1	1	1	95	2	550	1247	58	27	13.606873	Ga
5	1	1	1	95	3	643	1250	64	24	48.110615	Seer
5	1	1	1	95	4	742	1250	12	22	29.983360	¢§
5	1	1	1	95	5	885	1260	54	12	9.801598	Fw.
5	1	1	1	95	6	1009	1251	37	21	48.398933	$8
5	1	1	1	95	7	1105	1257	17	17	60.365723	=
5	1	1	1	95	8	1201	1257	3	8	40.163517	i
5	1	1	1	95	9	1272	1255	139	24	55.887482	BY
5	1	1	1	95	10	1334	1250	31	33	0.000000	°F
5	1	1	1	95	11	1378	1250	44	33	0.000000	RY
5	1	1	1	95	12	1447	1264	41	12	19.558792	~-
5	1	1	1	95	13	1477	1250	20	33	21.960785	o
5	1	1	1	95	14	1527	1264	13	9	29.876701	B
5	1	1	1	95	15	1605	1258	91	19	34.334320	mon
5	1	1	1	95	16	1732	1262	45	14	42.315010	Gm
5	1	1	1	95	17	1985	1262	12	13	18.921448	&
5	1	1	1	95	18	2062	1267	17	6	0.000000	_
5	1	1	1	95	19	2135	1255	68	34	0.000000	bic]
5	1	1	1	95	20	2268	1266	70	20	39.948803	smn
5	1	1	1	95	21	2372	1258	147	23	0.000000	28sesoan
4	1	1	1	96	0	402	1261	2091	38	-1	
5	1	1	1	96	1	402	1269	12	9	54.617844	a
5	1	1	1	96	2	428	1269	14	9	65.013779	&
5	1	1	1	96	3	554	1271	50	13	55.078102	G2
5	1	1	1	96	4	643	1264	69	20	31.398849	BS»
5	1	1	1	96	5	875	1266	13	9	47.987972	a
5	1	1	1	96	6	940	1268	5	4	0.000000	"
5	1	1	1	96	7	1010	1271	42	15	50.741486	Bo
5	1	1	1	96	8	1080	1261	11	20	67.328766	38
5	1	1	1	96	9	1196	1267	12	10	22.949280	g
5	1	1	1	96	10	1272	1270	87	18	2.208794	se°¢e5
5	1	1	1	96	11	1382	1272	29	14	57.326542	95
5	1	1	1	96	12	1450	1277	43	11	64.143829	4S
5	1	1	1	96	13	1528	1275	17	5	72.501427	&
5	1	1	1	96	14	1599	1271	73	28	73.858719	Ric
5	1	1	1	96	15	1731	1273	44	16	63.550079	Oa
5	1	1	1	96	16	1833	1273	17	21	81.092148	>
5	1	1	1	96	17	1909	1280	17	12	91.371788	n
5	1	1	1	96	18	1985	1277	17	15	42.762814	J
5	1	1	1	96	19	2062	1275	11	13	70.029427	5
5	1	1	1	96	20	2112	1273	38	24	31.050430	¢@3¢3
5	1	1	1	96	21	2211	1279	24	17	41.548950	ew
5	1	1	1	96	22	2320	1271	173	25	0.000000	PFeShasss
4	1	1	1	97	0	742	1278	1777	32	-1	
5	1	1	1	97	1	742	1281	11	13	92.450539	<
5	1	1	1	97	2	1009	1286	37	12	63.858562	ao
5	1	1	1	97	3	1079	1282	41	12	66.779663	os
5	1	1	1	97	4	1197	1278	11	20	73.455536	5
5	1	1	1	97	5	1272	1283	140	16	11.717209	omenseo
5	1	1	1	97	6	1451	1290	16	12	32.951385	F
5	1	1	1	97	7	1523	1278	17	32	31.165558	gs
5	1	1	1	97	8	1604	1286	89	17	24.210732	OE
5	1	1	1	97	9	1833	1296	16	7	0.000000	S
5	1	1	1	97	10	1908	1294	13	10	29.895699	@
5	1	1	1	97	11	2138	1285	97	24	0.000000	Sg
5	1	1	1	97	12	2268	1287	68	18	3.931854	eee
5	1	1	1	97	13	2351	1291	90	15	15.852982	Pass
5	1	1	1	97	14	2501	1289	18	14	43.669624	in
4	1	1	1	98	0	402	1277	2111	43	-1	
5	1	1	1	98	1	402	1277	38	35	0.000000	@,0
5	1	1	1	98	2	554	1285	14	21	47.012482	s
5	1	1	1	98	3	592	1283	11	20	87.617218	8
5	1	1	1	98	4	668	1282	37	27	91.261887	es
5	1	1	1	98	5	742	1295	12	11	56.691700	8
5	1	1	1	98	6	876	1285	17	17	84.821159	>
5	1	1	1	98	7	925	1291	17	13	35.542419	Mm
5	1	1	1	98	8	1009	1296	42	10	37.361202	$2
5	1	1	1	98	9	1078	1294	43	12	51.533298	of
5	1	1	1	98	10	1192	1299	15	13	71.002571	5
5	1	1	1	98	11	1271	1291	63	18	69.379211	gos
5	1	1	1	98	12	1399	1295	12	12	82.171555	<
5	1	1	1	98	13	1450	1292	40	18	70.151932	Ee
5	1	1	1	98	14	1527	1295	11	13	92.330986	5
5	1	1	1	98	15	1604	1302	16	5	0.000000	z
5	1	1	1	98	16	1681	1298	94	11	7.962326	Soa
5	1	1	1	98	17	1833	1305	11	11	54.744511	=
5	1	1	1	98	18	1908	1305	16	9	68.429802	g
5	1	1	1	98	19	2061	1297	63	15	0.000000	Bogen
5	1	1	1	98	20	2165	1293	56	18	0.000000	an
5	1	1	1	98	21	2268	1300	38	19	50.568512	Fe
5	1	1	1	98	22	2346	1303	38	15	36.040745	se
5	1	1	1	98	23	2424	1302	89	18	34.683929	econ
4	1	1	1	99	0	402	1294	2110	38	-1	
5	1	1	1	99	1	402	1300	43	15	47.478977	oo
5	1	1	1	99	2	589	1305	12	13	36.437229	&
5	1	1	1	99	3	668	1310	38	11	26.044502	5
5	1	1	1	99	4	742	1307	16	6	66.514565	&
5	1	1	1	99	5	876	1304	11	13	70.709953	4
5	1	1	1	99	6	1009	1307	11	13	48.721790	g
5	1	1	1	99	7	1079	1308	37	13	54.162430	58
5	1	1	1	99	8	1195	1294	20	35	0.000000	es
5	1	1	1	99	9	1272	1303	139	19	6.574142	BASootd
5	1	1	1	99	10	1450	1303	42	17	69.847816	HE
5	1	1	1	99	11	1524	1310	7	5	6.251953	S
5	1	1	1	99	12	1599	1307	96	18	32.938713	Tega
5	1	1	1	99	13	1731	1305	38	13	61.971554	Bs
5	1	1	1	99	14	1985	1303	11	18	22.475853	3
5	1	1	1	99	15	2061	1311	12	11	53.256725	g
5	1	1	1	99	16	2113	1309	38	11	49.720989	FS
5	1	1	1	99	17	2167	1312	41	13	26.557289	eo
5	1	1	1	99	18	2268	1310	41	17	0.000000	PR
5	1	1	1	99	19	2325	1314	58	17	0.000000	wR
5	1	1	1	99	20	2427	1313	85	19	0.000000	LESS
4	1	1	1	100	0	402	1307	2115	46	-1	
5	1	1	1	100	1	402	1315	38	13	71.479767	og
5	1	1	1	100	2	554	1307	38	19	56.919155	gi
5	1	1	1	100	3	667	1320	42	12	46.900448	$88
5	1	1	1	100	4	741	1315	12	12	39.735138	¢
5	1	1	1	100	5	875	1318	18	12	20.017761	h
5	1	1	1	100	6	1008	1315	44	17	36.517044	ae
5	1	1	1	100	7	1078	1326	12	11	16.932892	6
5	1	1	1	100	8	1191	1322	16	14	0.000000	€
5	1	1	1	100	9	1271	1319	146	18	0.000000	on®ean
5	1	1	1	100	10	1475	1318	12	10	46.979515	©
5	1	1	1	100	11	1629	1322	68	16	0.000000	gne
5	1	1	1	100	12	1731	1319	39	23	76.743034	28
5	1	1	1	100	13	1828	1313	16	40	0.000000	R|
5	1	1	1	100	14	1909	1323	17	17	84.962234	3
5	1	1	1	100	15	1981	1319	20	33	51.811325	i=
5	1	1	1	100	16	2061	1323	12	10	32.830055	3
5	1	1	1	100	17	2112	1321	121	21	0.000000	3P8om
5	1	1	1	100	18	2268	1322	69	22	0.000000	(eee
5	1	1	1	100	19	2371	1327	65	9	0.000000	tas
5	1	1	1	100	20	2450	1331	67	10	15.628082	aye
4	1	1	1	101	0	402	1327	2110	29	-1	
5	1	1	1	101	1	402	1329	43	12	51.595459	ee
5	1	1	1	101	2	551	1327	45	14	31.804626	mR
5	1	1	1	101	3	667	1332	43	12	71.876411	as
5	1	1	1	101	4	741	1328	12	11	75.075066	&
5	1	1	1	101	5	875	1332	12	11	40.288574	®
5	1	1	1	101	6	1034	1333	62	15	45.831230	RS
5	1	1	1	101	7	1271	1328	145	22	7.909836	SSaeso
5	1	1	1	101	8	1445	1329	47	22	68.220963	Gu
5	1	1	1	101	9	1527	1333	11	10	38.361404	2?
5	1	1	1	101	10	1603	1331	89	19	40.582661	Baga
5	1	1	1	101	11	1731	1331	38	17	89.143013	ES
5	1	1	1	101	12	1908	1342	17	13	18.129875	>
5	1	1	1	101	13	1985	1337	16	6	0.000000	.
5	1	1	1	101	14	2061	1334	17	16	0.000000	f
5	1	1	1	101	15	2112	1329	68	35	7.495895	o@a"
5	1	1	1	101	16	2191	1339	36	16	68.031784	SE
5	1	1	1	101	17	2268	1336	93	20	44.074310	gabe,
5	1	1	1	101	18	2397	1334	115	21	0.000000	BORNG
4	1	1	1	102	0	402	1331	2090	44	-1	
5	1	1	1	102	1	402	1342	15	8	89.779060	&
5	1	1	1	102	2	427	1336	13	12	39.050961	9
5	1	1	1	102	3	548	1345	62	6	39.857590	SA
5	1	1	1	102	4	668	1339	37	12	73.441620	85
5	1	1	1	102	5	741	1340	12	8	74.767235	8
5	1	1	1	102	6	875	1344	11	13	40.303490	gs
5	1	1	1	102	7	921	1351	24	5	13.451141	ou
5	1	1	1	102	8	1008	1340	43	19	71.769135	ath
5	1	1	1	102	9	1103	1340	13	10	74.807159	™e
5	1	1	1	102	10	1192	1331	21	37	56.558937	tb
5	1	1	1	102	11	1296	1332	21	37	0.000000	aI
5	1	1	1	102	12	1399	1343	63	16	56.842369	Bog
5	1	1	1	102	13	1603	1343	63	19	6.427963	Fee
5	1	1	1	102	14	1730	1344	39	15	54.546577	2
5	1	1	1	102	15	1832	1351	12	9	60.704342	&
5	1	1	1	102	16	1908	1356	12	10	16.034027	5
5	1	1	1	102	17	1980	1338	21	37	0.000000	os
5	1	1	1	102	18	2061	1353	11	11	75.618675	S
5	1	1	1	102	19	2112	1341	64	37	36.837292	Babe
5	1	1	1	102	20	2195	1349	33	16	7.947807	PR
5	1	1	1	102	21	2267	1348	12	8	0.000000	PK
5	1	1	1	102	22	2319	1346	173	24	0.756424	BAB
5	1	1	1	102	23	2402	1341	35	37	50.032001	Sy
5	1	1	1	102	24	2451	1341	44	37	21.638969	Tg
4	1	1	1	103	0	401	1349	2111	59	-1	
5	1	1	1	103	1	401	1349	43	31	54.804134	#8
5	1	1	1	103	2	548	1351	62	36	31.186401	ao
5	1	1	1	103	3	667	1353	41	33	47.798439	FR
5	1	1	1	103	4	741	1358	17	23	44.170612	OS
5	1	1	1	103	5	874	1356	16	36	35.261627	3
5	1	1	1	103	6	1008	1359	37	27	33.262009	ga
5	1	1	1	103	7	1077	1352	38	48	14.000824	GG
5	1	1	1	103	8	1195	1361	17	20	17.809143	2
5	1	1	1	103	9	1270	1352	140	40	0.000000	g0fsFe
5	1	1	1	103	10	1449	1353	42	36	0.000000	$2
5	1	1	1	103	11	1526	1360	17	24	37.632713	2
5	1	1	1	103	12	1602	1357	94	39	54.586185	Feit
5	1	1	1	103	13	1730	1358	44	36	33.216248	fe
5	1	1	1	103	14	1832	1362	16	33	76.869263	&
5	1	1	1	103	15	1903	1367	17	36	87.239815	§
5	1	1	1	103	16	1984	1369	12	10	83.513618	F
5	1	1	1	103	17	2061	1365	11	13	83.863617	F
5	1	1	1	103	18	2112	1363	116	26	0.000000	FEess
5	1	1	1	103	19	2266	1364	83	29	34.479752	gga”
5	1	1	1	103	20	2375	1356	137	52	0.000000	823e08
4	1	1	1	104	0	401	1373	2116	37	-1	
5	1	1	1	104	1	401	1378	37	16	78.021576	ae
5	1	1	1	104	2	547	1388	24	7	50.093693	x
5	1	1	1	104	3	667	1387	43	13	50.711937	gs
5	1	1	1	104	4	749	1391	8	9	0.000000	.
5	1	1	1	104	5	1008	1385	40	10	22.623940	a4
5	1	1	1	104	6	1194	1373	19	27	51.365490	oe
5	1	1	1	104	7	1270	1384	93	19	51.275406	Sete
5	1	1	1	104	8	1449	1390	37	9	48.421501	28
5	1	1	1	104	9	1526	1387	17	13	14.815765	e
5	1	1	1	104	10	1628	1385	12	13	67.613976	o
5	1	1	1	104	11	1731	1376	21	27	38.561478	ay
5	1	1	1	104	12	1984	1390	11	14	39.389286	5
5	1	1	1	104	13	2056	1388	9	4	54.900177	-
5	1	1	1	104	14	2112	1389	120	14	0.000000	Soak
5	1	1	1	104	15	2266	1390	41	20	49.931847	go
5	1	1	1	104	16	2370	1380	17	27	47.534939	oO
5	1	1	1	104	17	2449	1381	68	27	0.000000	u's
4	1	1	1	105	0	591	1393	1914	25	-1	
5	1	1	1	105	1	591	1393	16	5	47.263393	s
5	1	1	1	105	2	1007	1394	38	13	71.142555	OO
5	1	1	1	105	3	1077	1400	12	7	10.927124	w
5	1	1	1	105	4	1194	1393	13	10	0.000000	e
5	1	1	1	105	5	1371	1393	38	12	25.710602	SB
5	1	1	1	105	6	1449	1397	12	10	61.970009	oa
5	1	1	1	105	7	1627	1395	63	12	62.575222	eon
5	1	1	1	105	8	1756	1395	13	10	82.139168	g
5	1	1	1	105	9	1831	1397	16	7	0.000000	<
5	1	1	1	105	10	2059	1402	16	9	72.430374	t
5	1	1	1	105	11	2111	1399	116	19	14.049072	@258
5	1	1	1	105	12	2422	1405	13	10	37.705761	o
5	1	1	1	105	13	2500	1408	5	5	64.709213	.
4	1	1	1	106	0	393	1388	2094	42	-1	
5	1	1	1	106	1	393	1388	56	35	26.544647	homes
5	1	1	1	106	2	590	1400	13	8	27.728035	a
5	1	1	1	106	3	692	1401	13	13	44.081871	a
5	1	1	1	106	4	741	1401	16	17	90.014359	4
5	1	1	1	106	5	874	1394	12	21	72.879219	3
5	1	1	1	106	6	1033	1408	12	12	55.639923	g§
5	1	1	1	106	7	1090	1400	25	11	83.835541	we
5	1	1	1	106	8	1270	1399	37	19	0.000000	2
5	1	1	1	106	9	1327	1403	83	16	0.000000	e056
5	1	1	1	106	10	1474	1408	16	14	88.848061	N
5	1	1	1	106	11	1525	1409	17	13	88.542053	a
5	1	1	1	106	12	1627	1405	64	22	29.102638	@og
5	1	1	1	106	13	1729	1404	39	16	29.860619	28
5	1	1	1	106	14	1831	1407	12	9	0.000000	e
5	1	1	1	106	15	1901	1414	24	7	37.326195	~
5	1	1	1	106	16	1983	1404	12	12	36.592087	8
5	1	1	1	106	17	2060	1413	16	13	20.619644	5
5	1	1	1	106	18	2137	1410	17	13	41.209175	>
5	1	1	1	106	19	2292	1405	39	25	0.000000	HB
5	1	1	1	106	20	2366	1408	121	17	0.000000	<8%a2o0
4	1	1	1	107	0	402	1406	2057	33	-1	
5	1	1	1	107	1	402	1412	11	10	36.982582	4
5	1	1	1	107	2	553	1416	16	6	19.002945	re
5	1	1	1	107	3	667	1406	41	18	59.862003	aa
5	1	1	1	107	4	1082	1410	32	17	44.434170	es
5	1	1	1	107	5	1194	1415	12	12	47.618980	°
5	1	1	1	107	6	1270	1413	63	12	29.547180	Sao
5	1	1	1	107	7	1371	1420	38	12	0.000000	RS
5	1	1	1	107	8	1725	1415	44	17	21.769417	Oo
5	1	1	1	107	9	1908	1423	16	5	48.704433	=
5	1	1	1	107	10	1983	1418	11	13	84.311241	5
5	1	1	1	107	11	2060	1428	16	5	22.614006	2
5	1	1	1	107	12	2112	1410	68	33	0.000000	-ePS
5	1	1	1	107	13	2190	1418	36	15	0.000000	ob
5	1	1	1	107	14	2370	1421	89	13	27.940994	OH
5	1	1	1	107	15	2421	1411	18	29	44.547012	uw
5	1	1	1	107	16	2448	1411	15	29	44.547012	<
4	1	1	1	108	0	401	1413	2085	41	-1	
5	1	1	1	108	1	401	1413	38	21	73.110123	a8
5	1	1	1	108	2	552	1423	13	8	42.221661	w
5	1	1	1	108	3	667	1425	17	16	41.970219	a
5	1	1	1	108	4	749	1420	7	9	0.000000	g
5	1	1	1	108	5	873	1424	19	20	86.307655	>
5	1	1	1	108	6	1007	1416	38	30	42.331451	ee
5	1	1	1	108	7	1077	1422	40	22	44.857327	4g
5	1	1	1	108	8	1194	1428	11	9	8.852806	g
5	1	1	1	108	9	1269	1421	13	25	66.163658	8
5	1	1	1	108	10	1345	1424	60	17	39.459988	eae
5	1	1	1	108	11	1449	1424	41	15	29.774597	£3
5	1	1	1	108	12	1525	1424	13	24	35.882195	gs
5	1	1	1	108	13	1602	1426	89	17	23.558899	sega
5	1	1	1	108	14	1725	1430	48	13	40.962318	$2
5	1	1	1	108	15	1831	1428	16	19	16.539757	%
5	1	1	1	108	16	1903	1415	16	36	22.908798	Fs
5	1	1	1	108	17	1979	1416	16	38	55.318905	ie
5	1	1	1	108	18	2059	1435	13	7	34.475113	&
5	1	1	1	108	19	2111	1430	120	21	49.168800	Feoka
5	1	1	1	108	20	2261	1429	74	24	20.987869	grea
5	1	1	1	108	21	2370	1425	116	20	0.000000	Skee
5	1	1	1	108	22	2472	1419	17	38	0.000000	8
4	1	1	1	109	0	396	1427	2090	49	-1	
5	1	1	1	109	1	396	1427	49	35	15.258041	ns
5	1	1	1	109	2	552	1441	17	11	68.031784	>
5	1	1	1	109	3	583	1428	19	35	32.736137	oF
5	1	1	1	109	4	667	1435	36	20	17.091331	53
5	1	1	1	109	5	734	1442	24	7	57.886528	a
5	1	1	1	109	6	874	1447	11	12	85.996910	5
5	1	1	1	109	7	1007	1435	38	24	46.808319	£9
5	1	1	1	109	8	1077	1439	37	17	0.000000	F9
5	1	1	1	109	9	1194	1438	17	20	35.223022	&
5	1	1	1	109	10	1269	1436	140	25	0.000000	aS7®a4e
5	1	1	1	109	11	1448	1439	43	22	0.000000	fQ
5	1	1	1	109	12	1525	1449	12	11	69.818260	8
5	1	1	1	109	13	1602	1438	89	26	14.054649	SR2g
5	1	1	1	109	14	1730	1440	38	20	56.740108	38
5	1	1	1	109	15	1830	1448	12	9	24.273514	s
5	1	1	1	109	16	1908	1450	3	3	0.000000	,
5	1	1	1	109	17	1983	1452	12	11	86.655525	8
5	1	1	1	109	18	2059	1453	13	12	46.169258	2
5	1	1	1	109	19	2111	1443	63	33	30.379295	wed
5	1	1	1	109	20	2191	1448	40	20	30.379295	an
5	1	1	1	109	21	2292	1443	11	23	73.823975	8
5	1	1	1	109	22	2366	1444	68	21	32.692352	op"
5	1	1	1	109	23	2449	1445	37	20	51.717472	BS
4	1	1	1	110	0	400	1449	2117	34	-1	
5	1	1	1	110	1	400	1450	38	16	60.348320	2s
5	1	1	1	110	2	551	1450	13	11	0.000000	S
5	1	1	1	110	3	590	1449	11	20	91.347862	3
5	1	1	1	110	4	691	1457	13	12	33.184616	>
5	1	1	1	110	5	739	1451	17	19	0.000000	¢
5	1	1	1	110	6	873	1460	12	11	74.853165	a
5	1	1	1	110	7	1007	1455	25	11	48.080574	or
5	1	1	1	110	8	1076	1457	38	13	46.774963	48
5	1	1	1	110	9	1194	1459	11	13	83.110474	5
5	1	1	1	110	10	1270	1452	42	14	58.540276	PRe
5	1	1	1	110	11	1345	1453	64	19	42.405975	peso
5	1	1	1	110	12	1449	1463	36	12	55.994568	8,
5	1	1	1	110	13	1525	1461	15	9	44.467842	8
5	1	1	1	110	14	1602	1458	93	15	0.000000	Bags
5	1	1	1	110	15	1728	1454	14	25	13.505371	g
5	1	1	1	110	16	1826	1459	16	12	84.725159	8
5	1	1	1	110	17	1906	1466	16	10	37.808361	+
5	1	1	1	110	18	1983	1465	11	12	84.099052	8
5	1	1	1	110	19	2111	1467	16	6	42.895233	=
5	1	1	1	110	20	2189	1458	37	22	61.297081	BP
5	1	1	1	110	21	2266	1457	69	19	40.420883	pam
5	1	1	1	110	22	2369	1461	65	17	48.080971	Ste
5	1	1	1	110	23	2448	1455	69	28	38.082611	sBO
4	1	1	1	111	0	400	1458	2110	38	-1	
5	1	1	1	111	1	400	1462	38	18	50.982052	to
5	1	1	1	111	2	552	1463	54	26	36.672916	3B
5	1	1	1	111	3	666	1466	37	16	43.009438	eo
5	1	1	1	111	4	740	1472	11	9	40.576294	OF
5	1	1	1	111	5	873	1472	16	9	0.000000	s
5	1	1	1	111	6	1007	1468	30	19	0.878334	3R
5	1	1	1	111	7	1076	1472	38	16	77.571983	By
5	1	1	1	111	8	1190	1458	20	38	34.692459	Fy
5	1	1	1	111	9	1269	1466	140	24	0.000000	mtQade
5	1	1	1	111	10	1399	1459	18	35	48.982845	2
5	1	1	1	111	11	1448	1476	37	10	70.608826	BS
5	1	1	1	111	12	1525	1472	12	10	36.439323	&
5	1	1	1	111	13	1605	1468	88	15	11.497742	TTB
5	1	1	1	111	14	1729	1469	39	17	22.948540	RD
5	1	1	1	111	15	1830	1481	15	9	55.659409	>
5	1	1	1	111	16	1907	1477	16	13	3.121017	s
5	1	1	1	111	17	1982	1479	12	8	74.882248	3
5	1	1	1	111	18	2059	1466	15	19	63.339771	at
5	1	1	1	111	19	2110	1474	115	18	10.707870	REOPS
5	1	1	1	111	20	2265	1470	65	24	44.060669	88a
5	1	1	1	111	21	2370	1470	89	23	46.091599	S928
5	1	1	1	111	22	2499	1475	11	14	0.000000	eS
4	1	1	1	112	0	401	1474	2089	33	-1	
5	1	1	1	112	1	401	1482	16	6	3.910690	a
5	1	1	1	112	2	539	1474	8	26	13.100510	BS
5	1	1	1	112	3	667	1484	37	8	0.000000	"O
5	1	1	1	112	4	874	1482	16	6	46.239883	ey
5	1	1	1	112	5	1026	1486	24	7	90.658005	>
5	1	1	1	112	6	1077	1484	41	13	67.046562	Be
5	1	1	1	112	7	1269	1476	42	26	45.476341	ural
5	1	1	1	112	8	1371	1477	38	26	66.247536	98%
5	1	1	1	112	9	1449	1487	15	5	35.099594	me
5	1	1	1	112	10	1601	1481	38	14	41.164059	Qe
5	1	1	1	112	11	1655	1482	39	16	41.164059	op
5	1	1	1	112	12	1756	1482	11	9	94.406830	a
5	1	1	1	112	13	1906	1491	12	12	51.942924	®
5	1	1	1	112	14	1978	1479	19	26	43.017353	et
5	1	1	1	112	15	2058	1486	17	17	21.828278	a
5	1	1	1	112	16	2136	1484	64	16	76.873413	ONO
5	1	1	1	112	17	2291	1487	44	16	55.245285	ae
5	1	1	1	112	18	2369	1487	64	20	86.152344	ass
5	1	1	1	112	19	2474	1494	16	6	0.000000	-
4	1	1	1	113	0	399	1474	2115	43	-1	
5	1	1	1	113	1	399	1489	39	11	70.943222	Bo
5	1	1	1	113	2	502	1492	3	2	7.401428	x
5	1	1	1	113	3	586	1474	20	32	64.694992	i=
5	1	1	1	113	4	873	1490	12	12	55.822601	3
5	1	1	1	113	5	1006	1489	42	13	69.365562	ae
5	1	1	1	113	6	1076	1496	42	9	64.197678	BE
5	1	1	1	113	7	1319	1483	93	25	11.637810	aRast
5	1	1	1	113	8	1447	1494	13	13	19.275749	Oo
5	1	1	1	113	9	1524	1491	13	9	30.474136	2
5	1	1	1	113	10	1601	1492	12	12	21.426262	ot
5	1	1	1	113	11	1652	1493	38	17	21.426262	oR
5	1	1	1	113	12	1729	1488	38	19	34.745071	ge
5	1	1	1	113	13	1830	1492	12	11	57.652779	°
5	1	1	1	113	14	1906	1504	15	9	51.374279	2
5	1	1	1	113	15	1983	1499	11	9	29.139732	4
5	1	1	1	113	16	2059	1505	16	6	49.986755	2
5	1	1	1	113	17	2110	1492	115	25	0.000000	@eyee
5	1	1	1	113	18	2265	1495	65	12	84.358582	SER
5	1	1	1	113	19	2369	1493	37	24	46.377434	SBR
5	1	1	1	113	20	2447	1498	67	16	26.959877	oe
4	1	1	1	114	0	399	1490	2086	39	-1	
5	1	1	1	114	1	399	1500	38	14	78.794342	ag
5	1	1	1	114	2	585	1497	15	13	0.000000	g
5	1	1	1	114	3	666	1504	40	9	0.000000	ma
5	1	1	1	114	4	873	1503	11	12	92.244659	5
5	1	1	1	114	5	1006	1503	30	11	0.000000	e-
5	1	1	1	114	6	1076	1507	40	13	55.472904	og
5	1	1	1	114	7	1193	1504	17	16	1.596115	gs
5	1	1	1	114	8	1269	1501	139	25	0.000000	aenard
5	1	1	1	114	9	1448	1505	40	15	48.913948	Bat
5	1	1	1	114	10	1524	1501	12	12	46.068146	g
5	1	1	1	114	11	1601	1504	63	20	23.734612	555
5	1	1	1	114	12	1728	1509	13	11	38.098942	2
5	1	1	1	114	13	1757	1511	15	6	33.022919	=
5	1	1	1	114	14	1830	1513	12	11	72.911438	°
5	1	1	1	114	15	1978	1500	16	29	0.000000	eS
5	1	1	1	114	16	2058	1513	12	10	49.504627	oO
5	1	1	1	114	17	2110	1512	115	13	0.000000	BPU5Ee
5	1	1	1	114	18	2265	1507	68	20	44.307667	2°93
5	1	1	1	114	19	2369	1514	116	15	38.492161	Behe
4	1	1	1	115	0	399	1458	2116	112	-1	
5	1	1	1	115	1	399	1458	202	112	26.900887	HG
5	1	1	1	115	2	666	1514	42	13	32.700180	Se
5	1	1	1	115	3	738	1517	12	13	88.224998	¢
5	1	1	1	115	4	873	1518	4	4	0.000000	,
5	1	1	1	115	5	1000	1514	49	20	75.970161	Ae
5	1	1	1	115	6	1076	1519	42	16	40.662544	os
5	1	1	1	115	7	1269	1518	67	20	39.885040	20m
5	1	1	1	115	8	1396	1526	12	10	49.219795	6
5	1	1	1	115	9	1446	1516	43	24	86.171371	of
5	1	1	1	115	10	1525	1515	10	19	84.011948	3
5	1	1	1	115	11	1596	1518	98	22	8.241234	o382
5	1	1	1	115	12	1728	1518	38	24	69.330864	48
5	1	1	1	115	13	1830	1525	11	11	27.160576	§
5	1	1	1	115	14	1906	1523	16	14	87.068970	N
5	1	1	1	115	15	1982	1523	12	11	84.388733	8
5	1	1	1	115	16	2109	1523	39	16	86.080582	So
5	1	1	1	115	17	2213	1524	17	19	81.130661	S
5	1	1	1	115	18	2265	1525	69	16	0.000000	na
5	1	1	1	115	19	2368	1518	147	25	0.000000	B4FoSks
4	1	1	1	116	0	399	1519	2112	37	-1	
5	1	1	1	116	1	399	1530	13	12	88.043365	8
5	1	1	1	116	2	589	1531	12	11	78.296211	8
5	1	1	1	116	3	691	1529	12	10	76.793106	®
5	1	1	1	116	4	738	1532	12	9	83.081390	&
5	1	1	1	116	5	873	1536	16	7	3.090271	-
5	1	1	1	116	6	1075	1533	38	13	39.789200	Ob
5	1	1	1	116	7	1189	1519	15	37	22.552223	4g
5	1	1	1	116	8	1269	1534	37	14	88.714233	ES
5	1	1	1	116	9	1396	1537	15	9	70.543808	3
5	1	1	1	116	10	1524	1535	12	10	6.507607	®
5	1	1	1	116	11	1626	1530	68	21	23.115166	2e5
5	1	1	1	116	12	1728	1544	17	5	48.465733	2
5	1	1	1	116	13	1830	1538	11	12	83.169632	5
5	1	1	1	116	14	1906	1538	16	15	72.286423	y
5	1	1	1	116	15	1981	1535	17	16	25.093185	a
5	1	1	1	116	16	2058	1532	11	17	89.860992	4
5	1	1	1	116	17	2110	1534	94	20	26.628128	Blac
5	1	1	1	116	18	2265	1536	11	10	60.814899	&
5	1	1	1	116	19	2286	1541	16	13	60.814899	&
5	1	1	1	116	20	2394	1540	39	13	0.000000	SO
5	1	1	1	116	21	2447	1527	37	33	0.000000	255
5	1	1	1	116	22	2498	1541	13	12	0.000000	@
4	1	1	1	117	0	417	1529	2093	39	-1	
5	1	1	1	117	1	417	1529	22	29	2.938477	LS)
5	1	1	1	117	2	657	1530	25	29	36.696697	Lo}
5	1	1	1	117	3	733	1543	23	8	67.835281	2
5	1	1	1	117	4	872	1544	15	10	34.163162	o
5	1	1	1	117	5	1005	1536	12	15	85.544022	R
5	1	1	1	117	6	1075	1545	13	10	51.053452	@
5	1	1	1	117	7	1293	1546	13	12	88.143555	8
5	1	1	1	117	8	1396	1541	88	12	26.053917	ho
5	1	1	1	117	9	1600	1541	67	16	48.856323	e*@
5	1	1	1	117	10	1755	1540	11	20	87.604340	3
5	1	1	1	117	11	2058	1550	17	7	21.476196	&
5	1	1	1	117	12	2109	1550	12	9	0.000000	@
5	1	1	1	117	13	2187	1548	12	10	48.334106	®
5	1	1	1	117	14	2212	1539	18	29	52.233963	om
5	1	1	1	117	15	2368	1551	65	14	0.000000	“26D
5	1	1	1	117	16	2472	1554	11	9	0.000000	8
5	1	1	1	117	17	2499	1554	11	9	88.982475	&
4	1	1	1	118	0	399	1539	2111	42	-1	
5	1	1	1	118	1	399	1543	42	13	25.080750	52
5	1	1	1	118	2	589	1544	11	13	58.152409	3
5	1	1	1	118	3	690	1551	17	8	0.000000	«
5	1	1	1	118	4	735	1554	7	5	90.795937	>
5	1	1	1	118	5	996	1539	28	29	17.398544	Rar
5	1	1	1	118	6	1192	1554	13	12	37.347786	&
5	1	1	1	118	7	1315	1541	20	29	28.031967	CG}
5	1	1	1	118	8	1395	1554	12	13	77.274391	2
5	1	1	1	118	9	1473	1555	10	9	35.910324	7
5	1	1	1	118	10	1524	1555	12	12	36.587738	9
5	1	1	1	118	11	1600	1554	16	10	3.981819	tH
5	1	1	1	118	12	1651	1558	43	10	3.981819	ow
5	1	1	1	118	13	1723	1550	16	13	66.280518	S
5	1	1	1	118	14	1830	1552	11	9	53.327499	9
5	1	1	1	118	15	1981	1551	12	13	88.729828	<
5	1	1	1	118	16	2058	1557	17	14	12.797325	J
5	1	1	1	118	17	2213	1560	12	11	90.897820	3
5	1	1	1	118	18	2290	1554	44	12	36.182575	2
5	1	1	1	118	19	2390	1551	20	29	40.565544	ra)
5	1	1	1	118	20	2472	1552	38	29	28.695190	ass
4	1	1	1	119	0	394	1550	2120	61	-1	
5	1	1	1	119	1	394	1550	42	49	52.674881	ra
5	1	1	1	119	2	551	1555	54	29	48.913574	Be
5	1	1	1	119	3	664	1552	91	44	48.546440	alo
5	1	1	1	119	4	872	1564	11	18	31.347183	4
5	1	1	1	119	5	1005	1554	43	36	29.066475	g2
5	1	1	1	119	6	1075	1557	43	31	58.480244	72
5	1	1	1	119	7	1188	1567	16	26	70.819229	8
5	1	1	1	119	8	1267	1558	89	53	58.024830	eek
5	1	1	1	119	9	1395	1558	93	34	24.540192	ake
5	1	1	1	119	10	1523	1567	17	24	1.849854	¢
5	1	1	1	119	11	1599	1556	89	36	0.000000	SBaF
5	1	1	1	119	12	1727	1561	44	44	35.802223	rh
5	1	1	1	119	13	1829	1561	15	34	67.908905	F
5	1	1	1	119	14	1904	1562	18	35	21.481544	F
5	1	1	1	119	15	1981	1565	16	27	76.429512	&
5	1	1	1	119	16	2058	1581	17	20	54.407772	F
5	1	1	1	119	17	2108	1555	116	46	0.000000	oBhae
5	1	1	1	119	18	2289	1565	43	42	23.738014	go
5	1	1	1	119	19	2367	1555	147	46	0.000000	goegee
4	1	1	1	120	0	380	1573	2134	34	-1	
5	1	1	1	120	1	380	1581	31	12	9.606789	_®
5	1	1	1	120	2	550	1582	17	15	83.268280	a
5	1	1	1	120	3	588	1585	15	9	54.880959	&
5	1	1	1	120	4	665	1585	16	6	19.886086	<.
5	1	1	1	120	5	872	1573	21	27	31.177521	es
5	1	1	1	120	6	1031	1588	16	6	91.480949	=
5	1	1	1	120	7	1331	1585	4	4	54.554520	-
5	1	1	1	120	8	1345	1595	16	5	47.164604	3,
5	1	1	1	120	9	1445	1591	31	11	49.135956	ay
5	1	1	1	120	10	1524	1592	16	5	36.448521	g.
5	1	1	1	120	11	1600	1591	88	15	32.972244	Sats
5	1	1	1	120	12	1753	1587	18	19	49.651608	B
5	1	1	1	120	13	1829	1597	12	9	31.350037	&
5	1	1	1	120	14	1981	1593	11	12	95.275276	5
5	1	1	1	120	15	2147	1603	5	4	15.869438	x
5	1	1	1	120	16	2368	1594	37	13	13.131035	9
5	1	1	1	120	17	2420	1596	12	8	19.505196	o
5	1	1	1	120	18	2498	1596	16	11	35.367157	ie)
4	1	1	1	121	0	420	1577	2094	43	-1	
5	1	1	1	121	1	420	1577	19	32	40.132755	as
5	1	1	1	121	2	550	1592	12	15	84.693970	2
5	1	1	1	121	3	588	1596	12	10	84.986382	¢
5	1	1	1	121	4	664	1591	43	12	84.927284	os
5	1	1	1	121	5	746	1598	8	9	0.000000	7%
5	1	1	1	121	6	872	1597	17	5	92.687500	=
5	1	1	1	121	7	1001	1591	15	14	14.790382	I
5	1	1	1	121	8	1075	1589	42	21	58.370682	be
5	1	1	1	121	9	1192	1596	12	10	42.673485	@
5	1	1	1	121	10	1268	1595	87	17	21.241768	Bee
5	1	1	1	121	11	1396	1588	11	19	65.138634	8
5	1	1	1	121	12	1523	1598	15	10	9.047356	=
5	1	1	1	121	13	1599	1599	68	14	0.000000	o&a
5	1	1	1	121	14	1728	1606	41	10	60.844265	Be
5	1	1	1	121	15	2057	1601	15	8	33.003250	3
5	1	1	1	121	16	2108	1600	13	12	68.906242	e
5	1	1	1	121	17	2135	1599	94	16	69.848495	Rosa
5	1	1	1	121	18	2289	1601	39	15	27.529785	ae
5	1	1	1	121	19	2367	1604	13	11	71.715607	of
5	1	1	1	121	20	2420	1603	94	17	43.162575	2.58
4	1	1	1	122	0	394	1593	2120	44	-1	
5	1	1	1	122	1	394	1593	42	27	47.142601	aso
5	1	1	1	122	2	550	1607	50	12	52.708603	ag
5	1	1	1	122	3	664	1604	12	12	24.213318	€
5	1	1	1	122	4	871	1612	15	9	72.144173	o
5	1	1	1	122	5	1005	1604	42	12	61.052704	sa
5	1	1	1	122	6	1075	1603	41	17	49.353531	SO
5	1	1	1	122	7	1191	1607	17	13	93.721977	a
5	1	1	1	122	8	1292	1600	42	27	69.538109	es.
5	1	1	1	122	9	1395	1608	12	25	32.555061	8
5	1	1	1	122	10	1446	1605	42	24	96.225487	Bo
5	1	1	1	122	11	1524	1609	10	9	44.640434	a
5	1	1	1	122	12	1626	1612	37	13	33.505768	ho
5	1	1	1	122	13	1677	1607	11	12	40.837547	5
5	1	1	1	122	14	1753	1617	13	9	1.899261	¢
5	1	1	1	122	15	1828	1608	16	8	64.600685	+
5	1	1	1	122	16	1905	1606	17	17	52.560280	3
5	1	1	1	122	17	1980	1617	16	9	48.526855	a
5	1	1	1	122	18	2057	1611	11	9	94.069450	3
5	1	1	1	122	19	2109	1609	62	16	0.764175	x28
5	1	1	1	122	20	2186	1617	42	12	0.764175	a7
5	1	1	1	122	21	2290	1606	30	29	12.796036	ae
5	1	1	1	122	22	2324	1613	3	18	45.891380	|
5	1	1	1	122	23	2367	1607	147	30	15.838287	BueYoSs
4	1	1	1	123	0	398	1612	2116	36	-1	
5	1	1	1	123	1	398	1613	12	10	0.000000	o
5	1	1	1	123	2	550	1618	12	10	0.000000	®
5	1	1	1	123	3	588	1619	15	15	57.132294	3
5	1	1	1	123	4	665	1618	16	6	42.164909	—
5	1	1	1	123	5	692	1607	21	27	41.848190	nD
5	1	1	1	123	6	871	1622	17	13	0.000000	o
5	1	1	1	123	7	1004	1616	12	10	8.300003	®
5	1	1	1	123	8	1030	1618	12	10	35.322388	@
5	1	1	1	123	9	1262	1618	16	18	29.763550	a
5	1	1	1	123	10	1295	1621	13	14	71.204399	=
5	1	1	1	123	11	1320	1620	10	8	46.063351	a
5	1	1	1	123	12	1343	1614	11	20	38.954102	3
5	1	1	1	123	13	1523	1619	12	12	78.716240	2
5	1	1	1	123	14	1599	1619	94	17	0.000000	Oaa282
5	1	1	1	123	15	1726	1622	13	11	44.759315	oO
5	1	1	1	123	16	1828	1626	12	12	58.558735	»
5	1	1	1	123	17	1904	1625	17	12	44.558674	>
5	1	1	1	123	18	1981	1627	16	13	70.523010	>
5	1	1	1	123	19	2057	1621	12	11	4.912956	°
5	1	1	1	123	20	2108	1621	39	10	42.693481	Be
5	1	1	1	123	21	2161	1625	11	16	33.665253	@
5	1	1	1	123	22	2185	1612	15	36	21.329552	Oo
5	1	1	1	123	23	2212	1624	11	19	21.367477	=
5	1	1	1	123	24	2315	1634	13	8	80.264740	3
5	1	1	1	123	25	2394	1627	120	17	30.756714	8°29
4	1	1	1	124	0	398	1624	2110	51	-1	
5	1	1	1	124	1	398	1624	42	36	13.102814	af
5	1	1	1	124	2	549	1630	16	22	0.000000	#
5	1	1	1	124	3	664	1625	41	34	31.708984	ae
5	1	1	1	124	4	737	1628	17	31	20.022705	8
5	1	1	1	124	5	1004	1627	41	37	38.987980	gs
5	1	1	1	124	6	1099	1630	12	26	64.077789	2
5	1	1	1	124	7	1191	1631	15	34	36.570965	8
5	1	1	1	124	8	1266	1629	89	46	0.000000	S2Fe
5	1	1	1	124	9	1395	1635	12	24	65.016167	8
5	1	1	1	124	10	1441	1630	41	34	38.828018	25
5	1	1	1	124	11	1518	1631	16	22	75.546989	2
5	1	1	1	124	12	1595	1631	96	40	7.791733	gége
5	1	1	1	124	13	1726	1634	39	37	67.845810	cg
5	1	1	1	124	14	1829	1639	11	13	54.664581	2
5	1	1	1	124	15	1904	1638	12	22	50.646061	§
5	1	1	1	124	16	1979	1641	16	21	85.978943	&
5	1	1	1	124	17	2056	1635	17	26	0.000000	B
5	1	1	1	124	18	2108	1633	116	39	1.656456	Feerg
5	1	1	1	124	19	2289	1639	44	28	76.780823	pe
5	1	1	1	124	20	2373	1638	135	32	15.028336	[goers
4	1	1	1	125	0	397	1654	2117	37	-1	
5	1	1	1	125	1	397	1659	39	13	49.661270	Be
5	1	1	1	125	2	550	1654	3	4	0.000000	:
5	1	1	1	125	3	664	1657	37	19	71.894188	Be
5	1	1	1	125	4	1004	1661	37	15	31.001266	zo
5	1	1	1	125	5	1100	1657	11	20	73.885078	5
5	1	1	1	125	6	1191	1666	12	12	66.885201	3
5	1	1	1	125	7	1292	1657	30	20	38.860836	cm
5	1	1	1	125	8	1389	1660	23	17	79.812225	2
5	1	1	1	125	9	1445	1663	37	12	28.026459	Sp
5	1	1	1	125	10	1522	1663	12	7	77.921692	2
5	1	1	1	125	11	1598	1666	89	16	22.293785	gse5
5	1	1	1	125	12	1726	1664	39	17	40.734375	68
5	1	1	1	125	13	1828	1662	16	20	74.376793	5
5	1	1	1	125	14	1900	1663	15	21	62.678719	d
5	1	1	1	125	15	2056	1663	12	21	89.051125	8
5	1	1	1	125	16	2107	1666	115	20	0.000000	8®a835
5	1	1	1	125	17	2289	1666	38	20	55.190578	Af
5	1	1	1	125	18	2367	1665	93	23	0.000000	a9
5	1	1	1	125	19	2496	1671	18	20	0.000000	34
4	1	1	1	126	0	397	1668	2116	39	-1	
5	1	1	1	126	1	397	1670	38	22	67.196487	3g
5	1	1	1	126	2	688	1668	65	27	36.526154	BS
5	1	1	1	126	3	870	1669	12	23	94.632256	8
5	1	1	1	126	4	1004	1671	37	26	45.146957	ae
5	1	1	1	126	5	1099	1678	17	13	45.146957	6S
5	1	1	1	126	6	1266	1670	92	26	49.558758	Sows
5	1	1	1	126	7	1445	1676	40	21	40.692959	$2
5	1	1	1	126	8	1522	1673	16	27	66.495430	¢
5	1	1	1	126	9	1598	1677	92	24	10.289566	88s%
5	1	1	1	126	10	1726	1678	39	15	51.595238	78
5	1	1	1	126	11	1827	1683	13	10	76.565750	8
5	1	1	1	126	12	1903	1693	12	9	31.894966	fF
5	1	1	1	126	13	1979	1673	18	31	0.000000	HF
5	1	1	1	126	14	2056	1692	15	9	58.984074	&
5	1	1	1	126	15	2107	1683	121	23	4.261322	eotbeB
5	1	1	1	126	16	2289	1680	37	25	43.332500	Ft
5	1	1	1	126	17	2367	1681	89	21	28.525078	Fees
5	1	1	1	126	18	2472	1678	41	29	34.358727	sz
4	1	1	1	127	0	397	1684	2111	45	-1	
5	1	1	1	127	1	397	1684	37	33	69.232468	ag
5	1	1	1	127	2	663	1687	38	20	0.000000	e3
5	1	1	1	127	3	736	1696	17	15	5.868912	&
5	1	1	1	127	4	870	1693	15	22	71.978340	5
5	1	1	1	127	5	1003	1690	42	34	71.214310	Fo
5	1	1	1	127	6	1099	1693	12	20	62.302120	§
5	1	1	1	127	7	1190	1690	13	11	5.542442	os
5	1	1	1	127	8	1266	1690	88	28	68.280396	gece
5	1	1	1	127	9	1394	1690	12	11	35.522804	=
5	1	1	1	127	10	1445	1687	40	33	58.649185	38
5	1	1	1	127	11	1521	1700	13	21	13.349899	2
5	1	1	1	127	12	1595	1696	92	33	18.940506	Toes
5	1	1	1	127	13	1725	1694	39	32	54.279037	22
5	1	1	1	127	14	1827	1695	13	25	82.713181	§
5	1	1	1	127	15	1903	1704	12	12	75.779541	2
5	1	1	1	127	16	1979	1705	12	10	86.378220	F
5	1	1	1	127	17	2056	1703	17	12	15.608444	EF
5	1	1	1	127	18	2106	1699	120	28	0.000000	SOF
5	1	1	1	127	19	2297	1702	35	12	79.884750	we
5	1	1	1	127	20	2367	1693	89	32	0.000000	FBaa
5	1	1	1	127	21	2470	1699	38	20	0.000000	ae
4	1	1	1	128	0	189	1701	2319	36	-1	
5	1	1	1	128	1	189	1716	3	4	15.137436	.
5	1	1	1	128	2	663	1710	12	10	74.755844	Q
5	1	1	1	128	3	736	1713	12	9	13.764023	3
5	1	1	1	128	4	1003	1714	12	10	46.772839	3
5	1	1	1	128	5	1099	1714	11	8	84.672440	a
5	1	1	1	128	6	1182	1701	24	35	1.334732	co)
5	1	1	1	128	7	1266	1715	66	12	48.013096	Sas
5	1	1	1	128	8	1389	1701	20	35	0.000000	gt
5	1	1	1	128	9	1470	1721	17	6	28.907997	sh
5	1	1	1	128	10	1752	1722	12	9	59.345612	5
5	1	1	1	128	11	1827	1721	12	9	29.242996	a
5	1	1	1	128	12	1899	1717	16	13	69.599426	3
5	1	1	1	128	13	1979	1717	12	11	65.244904	8
5	1	1	1	128	14	2056	1717	11	9	47.497807	5
5	1	1	1	128	15	2133	1717	89	16	0.000000	gSe<6
5	1	1	1	128	16	2289	1720	3	4	4.231003	.
5	1	1	1	128	17	2366	1726	90	10	15.621117	Boo
5	1	1	1	128	18	2472	1718	36	13	49.429134	ee
4	1	1	1	129	0	397	1716	2114	34	-1	
5	1	1	1	129	1	397	1716	37	15	34.070831	ge
5	1	1	1	129	2	663	1719	37	13	51.989403	oe
5	1	1	1	129	3	730	1724	24	7	30.986710	LS
5	1	1	1	129	4	870	1717	17	18	17.607658	g.
5	1	1	1	129	5	1028	1725	13	12	62.098736	}
5	1	1	1	129	6	1190	1727	12	12	7.546394	}
5	1	1	1	129	7	1266	1727	91	13	0.000000	Seot
5	1	1	1	129	8	1394	1722	16	12	72.804504	TF
5	1	1	1	129	9	1444	1724	38	16	55.074181	Ro
5	1	1	1	129	10	1521	1721	16	9	18.736954	Ft
5	1	1	1	129	11	1598	1723	37	13	0.000000	B8
5	1	1	1	129	12	1652	1724	34	18	52.951122	eg
5	1	1	1	129	13	1725	1727	13	11	7.145233	oO
5	1	1	1	129	14	1827	1731	17	7	12.204964	a
5	1	1	1	129	15	1899	1732	15	13	0.000000	o
5	1	1	1	129	16	1979	1730	11	8	43.764275	4
5	1	1	1	129	17	2055	1727	13	10	25.149673	®@
5	1	1	1	129	18	2106	1726	115	18	29.388725	§482a5
5	1	1	1	129	19	2315	1721	16	29	41.767506	=f
5	1	1	1	129	20	2391	1727	120	14	0.000000	FTAs
4	1	1	1	130	0	392	1729	2116	35	-1	
5	1	1	1	130	1	392	1729	45	13	44.994560	gs
5	1	1	1	130	2	663	1731	36	20	0.000000	33
5	1	1	1	130	3	732	1734	8	5	83.135315	>
5	1	1	1	130	4	870	1736	11	13	90.789864	5
5	1	1	1	130	5	1003	1734	38	15	11.648712	a
5	1	1	1	130	6	1098	1732	12	12	73.079620	2
5	1	1	1	130	7	1190	1741	12	7	56.380562	9
5	1	1	1	130	8	1265	1734	93	18	65.859734	Sars
5	1	1	1	130	9	1393	1736	12	10	20.212837	&
5	1	1	1	130	10	1469	1741	11	13	85.101105	8
5	1	1	1	130	11	1521	1740	12	11	56.783134	6
5	1	1	1	130	12	1598	1735	93	14	5.075150	ROBS
5	1	1	1	130	13	1724	1734	39	17	45.399467	23
5	1	1	1	130	14	1826	1739	13	9	35.490944	a
5	1	1	1	130	15	1979	1740	11	9	59.318176	3
5	1	1	1	130	16	2055	1738	12	10	0.000000	$
5	1	1	1	130	17	2106	1739	116	17	20.698158	&28e8
5	1	1	1	130	18	2288	1737	12	21	58.626781	8
5	1	1	1	130	19	2418	1740	90	24	15.737900	SEso
4	1	1	1	131	0	422	1734	2060	37	-1	
5	1	1	1	131	1	422	1742	12	12	28.452637	©
5	1	1	1	131	2	662	1746	16	9	0.000000	-
5	1	1	1	131	3	1003	1744	42	13	32.457947	eo
5	1	1	1	131	4	1095	1734	21	30	14.674911	oe
5	1	1	1	131	5	1191	1751	16	5	28.292686	“a
5	1	1	1	131	6	1393	1748	12	11	63.836098	§
5	1	1	1	131	7	1521	1751	17	11	13.274902	g
5	1	1	1	131	8	1598	1745	88	17	41.862034	Soaes
5	1	1	1	131	9	1724	1747	40	15	40.642853	[09
5	1	1	1	131	10	1826	1736	19	30	50.585541	oe
5	1	1	1	131	11	1902	1747	13	11	33.820518	°
5	1	1	1	131	12	1979	1751	11	20	33.652252	5
5	1	1	1	131	13	2132	1751	11	13	95.956749	5
5	1	1	1	131	14	2210	1758	17	5	69.364914	2
5	1	1	1	131	15	2313	1756	19	13	90.897034	n
5	1	1	1	131	16	2367	1755	54	12	32.521271	oes
5	1	1	1	131	17	2469	1751	13	12	65.435280	»
4	1	1	1	132	0	396	1744	2117	38	-1	
5	1	1	1	132	1	396	1751	16	9	39.686821	a
5	1	1	1	132	2	687	1752	13	12	51.597752	o
5	1	1	1	132	3	869	1758	16	9	48.069477	+
5	1	1	1	132	4	1003	1755	37	13	47.771988	ao
5	1	1	1	132	5	1185	1744	20	31	8.454346	os
5	1	1	1	132	6	1290	1752	64	19	0.000000	B@ee®
5	1	1	1	132	7	1393	1759	11	10	83.584702	8
5	1	1	1	132	8	1444	1756	11	19	72.192261	g
5	1	1	1	132	9	1598	1756	40	11	5.872009	2h
5	1	1	1	132	10	1648	1746	12	31	29.109612	oe
5	1	1	1	132	11	1724	1758	39	14	85.178230	Bo
5	1	1	1	132	12	1826	1759	12	10	40.416950	@
5	1	1	1	132	13	1898	1747	19	35	38.022018	Ee
5	1	1	1	132	14	2055	1758	11	19	67.726974	3S
5	1	1	1	132	15	2107	1758	115	19	34.813255	poets
5	1	1	1	132	16	2365	1761	38	16	53.325577	foe
5	1	1	1	132	17	2445	1765	16	6	46.800789	2°
5	1	1	1	132	18	2496	1759	17	19	69.272400	&
4	1	1	1	133	0	397	1750	2115	39	-1	
5	1	1	1	133	1	397	1755	42	19	56.043304	So
5	1	1	1	133	2	662	1757	37	20	84.681854	Ss
5	1	1	1	133	3	736	1762	16	15	52.215607	ua
5	1	1	1	133	4	782	1761	24	20	35.336418	PB
5	1	1	1	133	5	870	1769	16	12	1.534424	$$
5	1	1	1	133	6	915	1763	24	18	74.404640	2
5	1	1	1	133	7	1027	1769	13	12	42.276150	8
5	1	1	1	133	8	1094	1754	19	32	39.682735	ct
5	1	1	1	133	9	1190	1768	16	5	18.191437	Py
5	1	1	1	133	10	1265	1750	91	29	22.632744	g8eh
5	1	1	1	133	11	1392	1769	13	10	84.734985	&
5	1	1	1	133	12	1469	1762	67	17	26.537079	zoe
5	1	1	1	133	13	1597	1763	88	23	20.623405	Bays?
5	1	1	1	133	14	1725	1770	38	9	64.334244	28
5	1	1	1	133	15	1826	1771	11	12	59.104847	3
5	1	1	1	133	16	2106	1767	116	19	8.185120	Peors
5	1	1	1	133	17	2296	1771	30	11	47.348209	FO
5	1	1	1	133	18	2365	1774	38	15	39.622265	F's"
5	1	1	1	133	19	2445	1773	67	13	62.106033	Sk
4	1	1	1	134	0	396	1768	2116	39	-1	
5	1	1	1	134	1	396	1775	12	10	23.620522	®
5	1	1	1	134	2	422	1776	11	10	29.262459	@
5	1	1	1	134	3	745	1779	7	9	52.300335	2
5	1	1	1	134	4	782	1783	24	6	52.300335	OW
5	1	1	1	134	5	911	1768	32	31	46.689705	hot
5	1	1	1	134	6	1002	1775	12	11	59.096130	2
5	1	1	1	134	7	1099	1772	16	12	0.000000	&
5	1	1	1	134	8	1189	1774	12	12	88.052567	$
5	1	1	1	134	9	1290	1772	68	21	12.571266	#2
5	1	1	1	134	10	1469	1780	17	13	46.172684	a
5	1	1	1	134	11	1521	1778	17	13	46.172684	F
5	1	1	1	134	12	1648	1784	12	8	66.156616	&
5	1	1	1	134	13	1720	1772	17	32	36.524986	i}
5	1	1	1	134	14	1826	1784	12	10	89.415833	8
5	1	1	1	134	15	1898	1773	19	32	76.765404	bed
5	1	1	1	134	16	1979	1782	15	10	0.000000	N
5	1	1	1	134	17	2054	1779	18	18	59.124115	&
5	1	1	1	134	18	2107	1778	36	13	0.000000	¢€F§-78
5	1	1	1	134	19	2184	1782	43	17	0.000000	-.
5	1	1	1	134	20	2283	1776	26	31	31.974594	ie)
5	1	1	1	134	21	2392	1784	120	15	0.000000	gNFoa
5	1	1	1	134	22	2496	1777	19	31	34.549683	Se
4	1	1	1	135	0	662	1764	1864	52	-1	
5	1	1	1	135	1	662	1764	37	36	55.869576	aoa
5	1	1	1	135	2	869	1782	12	10	55.262070	&
5	1	1	1	135	3	1003	1782	36	14	1.714058	QB
5	1	1	1	135	4	1098	1785	12	11	60.648983	&
5	1	1	1	135	5	1189	1787	12	9	55.703178	3
5	1	1	1	135	6	1265	1779	88	20	34.422409	Btoe
5	1	1	1	135	7	1392	1781	12	19	41.182346	3
5	1	1	1	135	8	1439	1777	47	23	2.615700	€E
5	1	1	1	135	9	1520	1792	12	10	64.331337	8
5	1	1	1	135	10	1596	1785	95	21	14.768158	epAHes
5	1	1	1	135	11	1724	1787	45	21	32.795296	sQ
5	1	1	1	135	12	1902	1797	12	12	63.047073	»
5	1	1	1	135	13	1978	1795	17	15	49.643166	o
5	1	1	1	135	14	2055	1799	11	12	64.338768	5
5	1	1	1	135	15	2101	1789	120	24	31.645744	Sarees
5	1	1	1	135	16	2288	1783	38	30	40.410900	9s
5	1	1	1	135	17	2365	1790	161	26	0.000000	eF5eee.
