level	page_num	block_num	par_num	line_num	word_num	left	top	width	height	conf	text
1	1	0	0	0	0	0	0	2550	1970	-1	
2	1	1	0	0	0	6	2	2543	1914	-1	
3	1	1	1	0	0	6	2	2543	1914	-1	
4	1	1	1	1	0	2425	118	41	9	-1	
5	1	1	1	1	1	2421	100	18	35	26.744225	oh
5	1	1	1	1	2	2450	100	16	35	70.010323	ot
4	1	1	1	2	0	2322	115	145	26	-1	
5	1	1	1	2	1	2322	115	17	10	29.611725	-
5	1	1	1	2	2	2372	117	13	10	78.798218	8
5	1	1	1	2	3	2424	126	43	15	54.681301	os
4	1	1	1	3	0	2269	114	193	38	-1	
5	1	1	1	3	1	2269	114	63	19	50.800301	a<c
5	1	1	1	3	2	2372	128	13	21	59.179745	g
5	1	1	1	3	3	2425	138	37	14	61.109726	30
4	1	1	1	4	0	2089	111	429	76	-1	
5	1	1	1	4	1	2089	111	17	6	40.347691	e
5	1	1	1	4	2	2136	112	99	28	53.451237	yyeo
5	1	1	1	4	3	2269	128	64	30	31.581726	gos
5	1	1	1	4	4	2367	149	69	21	37.348766	2,8
5	1	1	1	4	5	2476	166	42	21	0.000000	3a
4	1	1	1	5	0	2037	111	474	90	-1	
5	1	1	1	5	1	2037	111	64	17	19.030724	gos
5	1	1	1	5	2	2166	128	11	21	71.871536	3
5	1	1	1	5	3	2268	148	39	17	75.799095	Ed
5	1	1	1	5	4	2321	147	11	19	60.434040	3
5	1	1	1	5	5	2397	166	69	23	52.238674	Poy
5	1	1	1	5	6	2501	188	10	13	0.000000	°
4	1	1	1	6	0	1986	110	505	87	-1	
5	1	1	1	6	1	1986	110	12	10	45.189011	8
5	1	1	1	6	2	2037	118	11	13	42.236141	65
5	1	1	1	6	3	2192	137	36	25	54.561062	Re
5	1	1	1	6	4	2320	165	43	18	62.809441	20
5	1	1	1	6	5	2423	179	68	18	11.804695	sep
4	1	1	1	7	0	1935	109	576	108	-1	
5	1	1	1	7	1	1935	109	40	10	43.102524	og
5	1	1	1	7	2	2063	126	12	10	49.877987	2
5	1	1	1	7	3	2268	158	38	27	3.292130	@o6
5	1	1	1	7	4	2372	178	16	14	91.846634	N
5	1	1	1	7	5	2474	198	37	19	38.337765	os
4	1	1	1	8	0	1858	108	577	97	-1	
5	1	1	1	8	1	1858	108	37	17	63.002888	og
5	1	1	1	8	2	1961	119	36	24	29.789581	ap
5	1	1	1	8	3	2037	131	63	18	48.526535	bor
5	1	1	1	8	4	2161	150	98	30	47.788090	3284
5	1	1	1	8	5	2294	178	141	27	0.000000	Bzenes
4	1	1	1	9	0	1092	2	1425	252	-1	
5	1	1	1	9	1	1092	2	49	1	25.970291	a
5	1	1	1	9	2	1755	108	70	38	54.333572	#8
5	1	1	1	9	3	1858	118	37	20	37.821789	52
5	1	1	1	9	4	1935	121	67	37	0.000000	bF8
5	1	1	1	9	5	2037	147	265	68	8.710793	Re
5	1	1	1	9	6	2349	194	168	60	20.544685	eee
4	1	1	1	10	0	1756	121	735	127	-1	
5	1	1	1	10	1	1756	121	17	7	30.154701	=
5	1	1	1	10	2	1857	132	38	19	72.624771	$e
5	1	1	1	10	3	1947	159	4	4	48.040314	Pea
5	1	1	1	10	4	1986	159	67	18	0.000000	SOas
5	1	1	1	10	5	2088	172	17	6	89.158691	&
5	1	1	1	10	6	2139	179	94	24	24.264977	283.
5	1	1	1	10	7	2268	208	94	21	4.357414	san
5	1	1	1	10	8	2396	228	16	9	67.926956	a
5	1	1	1	10	9	2475	242	16	6	21.647606	ca
4	1	1	1	11	0	1597	106	919	164	-1	
5	1	1	1	11	1	1597	106	24	5	86.232422	=
5	1	1	1	11	2	1755	128	18	15	68.890717	=
5	1	1	1	11	3	1858	143	42	15	37.587440	ve
5	1	1	1	11	4	1935	158	11	5	32.012779	2
5	1	1	1	11	5	1985	166	12	12	77.630257	5
5	1	1	1	11	6	2036	176	69	27	17.440765	ee
5	1	1	1	11	7	2135	172	28	46	30.819656	ee
5	1	1	1	11	8	2177	188	51	26	29.456619	a
5	1	1	1	11	9	2268	215	67	16	8.839981	Be
5	1	1	1	11	10	2396	236	120	34	0.000000	goac8
4	1	1	1	12	0	1602	113	915	164	-1	
5	1	1	1	12	1	1602	113	16	8	39.416588	=
5	1	1	1	12	2	1756	138	11	7	54.572720	55
5	1	1	1	12	3	1834	148	15	15	27.322258	WH
5	1	1	1	12	4	1882	157	115	35	41.301422	Bases
5	1	1	1	12	5	2014	177	14	12	50.921574	3
5	1	1	1	12	6	2062	186	43	24	10.503937	8
5	1	1	1	12	7	2164	208	90	25	6.202812	Sop
5	1	1	1	12	8	2397	250	88	22	42.054016	3488
5	1	1	1	12	9	2512	271	5	6	0.000000	L
4	1	1	1	13	0	1501	102	985	188	-1	
5	1	1	1	13	1	1501	102	17	25	0.000000	=<
5	1	1	1	13	2	1596	125	24	16	42.973740	=
5	1	1	1	13	3	1704	145	190	50	20.758736	SAT
5	1	1	1	13	4	2002	175	484	115	0.000000	uated
4	1	1	1	14	0	1350	111	1161	218	-1	
5	1	1	1	14	1	1350	111	88	20	67.998734	FoF
5	1	1	1	14	2	1501	126	12	10	67.534378	3
5	1	1	1	14	3	1598	145	246	62	3.561203	eee
5	1	1	1	14	4	1981	186	144	68	0.000000	HER
5	1	1	1	14	5	2181	238	126	49	24.061646	Uae
5	1	1	1	14	6	2344	266	115	63	6.283791	Brees
5	1	1	1	14	7	2473	291	38	26	6.283791	ge
4	1	1	1	15	0	1275	109	1192	222	-1	
5	1	1	1	15	1	1275	109	11	12	25.767273	Q
5	1	1	1	15	2	1350	127	5	5	0.000000	?
5	1	1	1	15	3	1501	145	12	13	45.545586	5
5	1	1	1	15	4	1627	171	36	14	58.649067	mo
5	1	1	1	15	5	1678	175	11	13	53.190235	5
5	1	1	1	15	6	1755	189	12	11	34.589172	oe
5	1	1	1	15	7	1806	196	13	10	82.460365	@
5	1	1	1	15	8	1882	209	16	9	0.000000	~8
5	1	1	1	15	9	1933	216	37	22	0.000000	ea
5	1	1	1	15	10	2009	236	30	9	67.567093	a?
5	1	1	1	15	11	2087	243	12	11	73.052689	°
5	1	1	1	15	12	2138	254	63	19	45.175331	Ses
5	1	1	1	15	13	2266	274	13	11	40.307938	8
5	1	1	1	15	14	2344	289	63	23	31.168427	Bes
5	1	1	1	15	15	2447	299	20	32	1.179749	oF
4	1	1	1	16	0	1224	108	1291	246	-1	
5	1	1	1	16	1	1224	108	16	16	17.179367	a
5	1	1	1	16	2	1275	122	5	6	0.000000	¢
5	1	1	1	16	3	1476	151	37	19	61.162762	Ue
5	1	1	1	16	4	1602	169	62	30	24.421913	ES
5	1	1	1	16	5	1704	188	37	25	0.694366	Se
5	1	1	1	16	6	1755	207	191	37	0.000000	oekestee
5	1	1	1	16	7	1984	237	42	23	49.220116	a5
5	1	1	1	16	8	2061	252	243	47	0.000000	ceesiisfie
5	1	1	1	16	9	2327	289	34	27	0.000000	se
5	1	1	1	16	10	2391	299	22	37	12.846176	st.
5	1	1	1	16	11	2469	318	46	36	37.163891	32
4	1	1	1	17	0	1224	125	1264	227	-1	
5	1	1	1	17	1	1224	125	5	6	47.387032	.
5	1	1	1	17	2	1476	172	37	13	62.519299	qo
5	1	1	1	17	3	1601	192	118	21	0.000000	Seas
5	1	1	1	17	4	1754	217	86	27	14.535690	ggag
5	1	1	1	17	5	1907	240	63	20	9.687279	gwe
5	1	1	1	17	6	1983	257	38	16	9.687279	ee
5	1	1	1	17	7	2087	275	66	13	25.155373	8s
5	1	1	1	17	8	2190	282	42	23	25.015427	BF
5	1	1	1	17	9	2241	298	38	12	10.035721	a8
5	1	1	1	17	10	2296	300	39	29	33.414146	82
5	1	1	1	17	11	2369	312	12	10	15.094841	@
5	1	1	1	17	12	2472	331	16	21	52.276123	=
4	1	1	1	18	0	1274	159	1208	204	-1	
5	1	1	1	18	1	1274	159	169	34	56.671139	343.38
5	1	1	1	18	2	1476	183	41	18	58.025894	po
5	1	1	1	18	3	1548	184	18	18	68.166862	+
5	1	1	1	18	4	1601	203	420	80	14.814270	PEE
5	1	1	1	18	5	2057	274	425	89	30.669250	THe
4	1	1	1	19	0	766	94	1724	300	-1	
5	1	1	1	19	1	766	94	17	17	41.544373	a
5	1	1	1	19	2	817	94	69	32	34.934219	ge
5	1	1	1	19	3	1098	142	15	9	35.838326	7
5	1	1	1	19	4	1147	146	143	44	27.839973	Fogg
5	1	1	1	19	5	1324	180	42	26	59.705307	Re
5	1	1	1	19	6	1399	191	38	14	30.319611	Es
5	1	1	1	19	7	1475	202	37	30	56.839478	BS
5	1	1	1	19	8	1549	210	17	18	67.599457	+
5	1	1	1	19	9	1600	225	68	37	0.000000	SER
5	1	1	1	19	10	1678	235	113	41	0.000000	eRagE
5	1	1	1	19	11	1807	256	54	19	61.094948	ESS
5	1	1	1	19	12	1906	273	89	35	0.000000	BREE
5	1	1	1	19	13	2008	291	18	23	33.306931	S
5	1	1	1	19	14	2061	296	429	98	0.000000	Epa
4	1	1	1	20	0	690	92	1819	312	-1	
5	1	1	1	20	1	690	92	42	13	37.731613	ta
5	1	1	1	20	2	993	132	19	28	18.146706	wo
5	1	1	1	20	3	1098	155	4	4	52.864876	.
5	1	1	1	20	4	1223	179	16	13	15.084534	gy
5	1	1	1	20	5	1273	191	13	11	44.595432	oF
5	1	1	1	20	6	1401	206	36	19	33.752548	to
5	1	1	1	20	7	1471	212	21	28	0.000000	iY
5	1	1	1	20	8	1673	246	20	28	0.000000	ne
5	1	1	1	20	9	1749	259	17	30	28.619377	iy
5	1	1	1	20	10	1826	272	17	28	21.516434	ey
5	1	1	1	20	11	1881	287	67	22	31.943970	Fee
5	1	1	1	20	12	2163	342	63	19	26.156921	Sau
5	1	1	1	20	13	2242	353	15	15	12.981758	E
5	1	1	1	20	14	2318	362	64	18	45.216919	OS
5	1	1	1	20	15	2394	372	13	8	0.000000	B
5	1	1	1	20	16	2446	382	17	12	38.116165	are
5	1	1	1	20	17	2498	393	11	11	2.136719	A
4	1	1	1	21	0	634	80	1880	354	-1	
5	1	1	1	21	1	634	80	19	27	28.437164	ct
5	1	1	1	21	2	691	102	36	18	29.499901	=o
5	1	1	1	21	3	762	101	21	33	30.674812	ca
5	1	1	1	21	4	818	117	63	20	61.716236	Tab
5	1	1	1	21	5	996	154	4	3	46.677013	5
5	1	1	1	21	6	1146	178	13	12	75.175529	°
5	1	1	1	21	7	1197	179	38	25	34.765083	QF
5	1	1	1	21	8	1324	198	37	28	48.290211	Ao
5	1	1	1	21	9	1400	216	36	23	70.851715	22
5	1	1	1	21	10	1475	234	37	10	39.328938	fo
5	1	1	1	21	11	1597	250	143	44	0.000000	Serr
5	1	1	1	21	12	1771	246	72	63	22.118576	cee
5	1	1	1	21	13	1881	302	12	10	0.000000	4
5	1	1	1	21	14	1957	310	67	20	45.301701	Osa
5	1	1	1	21	15	2056	328	68	29	34.183105	BRS
5	1	1	1	21	16	2151	340	75	32	34.183105	35s
5	1	1	1	21	17	2265	364	65	27	0.000000	a8
5	1	1	1	21	18	2343	380	93	28	0.000000	S508
5	1	1	1	21	19	2472	390	42	44	0.000000	eag
4	1	1	1	22	0	6	2	2483	427	-1	
5	1	1	1	22	1	6	2	6	8	6.559639	s
5	1	1	1	22	2	510	90	42	13	41.658817	me
5	1	1	1	22	3	637	101	18	24	28.282562	a
5	1	1	1	22	4	690	116	42	20	52.724068	BS.
5	1	1	1	22	5	765	126	43	24	10.500526	we
5	1	1	1	22	6	819	122	62	44	10.500526	Fimo
5	1	1	1	22	7	1046	177	68	19	6.512375	es8Q
5	1	1	1	22	8	1146	190	11	10	0.000000	°g
5	1	1	1	22	9	1273	202	17	27	30.999481	an
5	1	1	1	22	10	1324	227	37	13	33.358070	or
5	1	1	1	22	11	1399	239	37	22	52.043358	a3
5	1	1	1	22	12	1475	246	42	20	35.370735	On
5	1	1	1	22	13	1600	265	37	13	9.191505	2B
5	1	1	1	22	14	1702	282	87	29	45.772930	Bees
5	1	1	1	22	15	1806	295	36	31	29.449730	58
5	1	1	1	22	16	1881	313	88	23	9.110909	Srog
5	1	1	1	22	17	2009	332	16	19	40.020622	a
5	1	1	1	22	18	2060	339	114	64	0.000000	ere
5	1	1	1	22	19	2184	363	11	12	0.000000	L
5	1	1	1	22	20	2214	339	56	64	0.000000	Eee
5	1	1	1	22	21	2274	377	29	22	0.000000	ys
5	1	1	1	22	22	2330	388	76	25	36.836510	PERS
5	1	1	1	22	23	2424	404	65	25	36.836510	sos
4	1	1	1	23	0	715	131	1743	298	-1	
5	1	1	1	23	1	715	131	11	6	20.059296	i
5	1	1	1	23	2	1067	189	42	18	55.180466	geo
5	1	1	1	23	3	1146	201	17	13	25.383652	ga
5	1	1	1	23	4	1197	208	37	17	59.523197	a
5	1	1	1	23	5	1269	221	16	13	85.896683	<
5	1	1	1	23	6	1399	238	20	28	19.290192	s+
5	1	1	1	23	7	1601	278	42	15	47.024403	bm
5	1	1	1	23	8	1677	293	41	14	27.176239	a)
5	1	1	1	23	9	1753	304	64	18	29.617302	Se
5	1	1	1	23	10	1855	318	118	33	0.000000	PeoS8s
5	1	1	1	23	11	2060	356	42	18	26.592102	an
5	1	1	1	23	12	2136	367	39	20	62.438175	8s
5	1	1	1	23	13	2317	400	68	19	29.183380	8%.
5	1	1	1	23	14	2445	417	13	12	60.824734	°
4	1	1	1	24	0	137	54	2346	394	-1	
5	1	1	1	24	1	137	54	2	2	55.950523	.
5	1	1	1	24	2	411	79	22	34	43.664684	2.
5	1	1	1	24	3	484	89	64	40	40.513504	gag
5	1	1	1	24	4	637	135	89	16	14.188156	Sosa
5	1	1	1	24	5	743	142	86	34	14.188156	dees
5	1	1	1	24	6	853	158	27	16	53.618706	eg
5	1	1	1	24	7	918	171	94	36	27.326210	Noeag
5	1	1	1	24	8	1045	185	63	37	17.607483	ges
5	1	1	1	24	9	1146	216	12	10	34.901596	@
5	1	1	1	24	10	1273	236	87	25	35.228226	BSS
5	1	1	1	24	11	1395	258	46	16	70.121834	SS
5	1	1	1	24	12	1475	261	36	17	71.399368	86
5	1	1	1	24	13	1600	285	41	29	0.000000	SY
5	1	1	1	24	14	1651	295	67	24	0.000000	ERS
5	1	1	1	24	15	1730	317	90	16	0.000000	CSEE
5	1	1	1	24	16	1830	327	37	17	0.000000	SS
5	1	1	1	24	17	1906	343	68	20	51.696339	Be
5	1	1	1	24	18	1958	339	35	34	17.596161	_S
5	1	1	1	24	19	2008	353	13	8	15.175819	&
5	1	1	1	24	20	2085	373	191	42	35.636360	secgeeks
5	1	1	1	24	21	2317	407	64	25	0.000000	BES
5	1	1	1	24	22	2394	420	38	28	0.000000	45
5	1	1	1	24	23	2447	431	36	14	28.978409	OF
4	1	1	1	25	0	379	89	2104	373	-1	
5	1	1	1	25	1	379	89	45	34	72.549080	BS
5	1	1	1	25	2	484	116	17	13	27.622276	|B
5	1	1	1	25	3	534	129	13	10	77.950592	4
5	1	1	1	25	4	612	136	204	64	0.000000	PEPE
5	1	1	1	25	5	832	172	47	24	0.000000	ly
5	1	1	1	25	6	918	191	88	22	27.239265	reyes
5	1	1	1	25	7	1041	207	71	24	22.225815	ges
5	1	1	1	25	8	1146	227	11	10	50.013603	*
5	1	1	1	25	9	1197	223	37	35	36.872871	Bg
5	1	1	1	25	10	1323	259	42	17	57.941669	ag
5	1	1	1	25	11	1399	272	37	16	49.090439	£5
5	1	1	1	25	12	1474	279	93	24	0.000000	pePom
5	1	1	1	25	13	1599	298	17	21	37.017670	8
5	1	1	1	25	14	1651	310	41	19	31.324684	ES
5	1	1	1	25	15	1727	329	216	40	0.000000	Bofegsaks
5	1	1	1	25	16	1978	368	16	13	0.000000	~
5	1	1	1	25	17	2059	385	141	26	0.000000	oeishe
5	1	1	1	25	18	2236	400	143	52	0.000000	sass
5	1	1	1	25	19	2420	442	63	20	38.239349	ao
4	1	1	1	26	0	396	117	2087	358	-1	
5	1	1	1	26	1	396	117	62	18	0.000000	yB
5	1	1	1	26	2	444	111	29	37	23.530083	a]
5	1	1	1	26	3	497	139	4	5	86.208664	&
5	1	1	1	26	4	561	134	47	32	53.510544	ke}
5	1	1	1	26	5	689	164	13	9	11.353683	Ex
5	1	1	1	26	6	739	173	43	18	11.353683	eo
5	1	1	1	26	7	816	188	69	17	48.886551	ore
5	1	1	1	26	8	970	212	11	9	36.441971	a
5	1	1	1	26	9	1045	220	63	23	67.988274	ess
5	1	1	1	26	10	1146	244	15	10	0.000000	¢
5	1	1	1	26	11	1192	247	16	14	0.000000	og
5	1	1	1	26	12	1348	277	13	12	55.261391	2
5	1	1	1	26	13	1398	280	43	16	51.976746	eo
5	1	1	1	26	14	1474	295	42	19	19.213753	“2B
5	1	1	1	26	15	1676	331	16	11	47.518242	1
5	1	1	1	26	16	1726	342	17	11	66.268890	8
5	1	1	1	26	17	1826	356	15	13	80.304611	€
5	1	1	1	26	18	1881	357	62	23	28.336472	ath
5	1	1	1	26	19	1959	365	40	23	24.921181	Ey
5	1	1	1	26	20	2060	397	17	11	54.631802	mo
5	1	1	1	26	21	2111	403	66	18	25.603775	Ble
5	1	1	1	26	22	2214	423	11	12	0.000000	@
5	1	1	1	26	23	2240	430	12	6	70.663078	2
5	1	1	1	26	24	2265	431	11	13	10.574203	x
5	1	1	1	26	25	2316	433	38	24	24.334702	gg
5	1	1	1	26	26	2445	458	38	17	76.585815	55
4	1	1	1	27	0	411	128	2072	361	-1	
5	1	1	1	27	1	411	129	13	10	80.806595	g
5	1	1	1	27	2	484	128	68	36	35.667358	Sine
5	1	1	1	27	3	587	159	165	37	0.000000	BSagege
5	1	1	1	27	4	786	174	17	37	42.396206	Py
5	1	1	1	27	5	868	207	60	11	26.326286	gy
5	1	1	1	27	6	969	222	38	26	58.122429	ge
5	1	1	1	27	7	1095	244	13	11	73.901413	8
5	1	1	1	27	8	1146	255	12	12	83.872543	¢
5	1	1	1	27	9	1221	258	18	14	4.456192	g
5	1	1	1	27	10	1323	278	42	19	45.759472	ro
5	1	1	1	27	11	1500	309	11	7	35.719505	&
5	1	1	1	27	12	1551	315	11	9	36.657951	§
5	1	1	1	27	13	1599	315	63	39	32.868477	e235
5	1	1	1	27	14	1752	349	64	18	45.647835	ass
5	1	1	1	27	15	1850	364	42	17	67.017952	25
5	1	1	1	27	16	1918	384	76	17	0.000000	Sgroa
5	1	1	1	27	17	2020	404	4	4	40.325947	Bt
5	1	1	1	27	18	2085	405	38	16	72.020149	25
5	1	1	1	27	19	2162	420	89	28	42.360260	2822
5	1	1	1	27	20	2289	440	39	18	0.000000	€§
5	1	1	1	27	21	2393	449	39	27	74.163651	RS
5	1	1	1	27	22	2466	475	17	14	4.397568	s
4	1	1	1	28	0	396	134	2087	366	-1	
5	1	1	1	28	1	396	134	61	31	0.000000	ager!
5	1	1	1	28	2	484	146	31	22	37.096371	a.
5	1	1	1	28	3	536	157	87	27	42.900230	ORES
5	1	1	1	28	4	637	179	12	11	36.744049	4
5	1	1	1	28	5	689	188	55	6	20.258263	eae
5	1	1	1	28	6	765	193	12	11	27.774467	o
5	1	1	1	28	7	812	207	67	20	28.226990	Ons
5	1	1	1	28	8	943	227	38	21	58.612152	a6
5	1	1	1	28	9	1045	240	12	11	62.535629	g
5	1	1	1	28	10	1096	257	11	12	96.483543	5
5	1	1	1	28	11	1192	261	42	24	31.531227	gs
5	1	1	1	28	12	1272	285	18	6	7.291862	*
5	1	1	1	28	13	1398	299	43	23	19.876633	2a
5	1	1	1	28	14	1499	316	63	27	14.354233	BS
5	1	1	1	28	15	1626	342	16	13	44.156250	=
5	1	1	1	28	16	1726	355	40	15	0.000000	gE
5	1	1	1	28	17	1778	366	240	55	0.000000	opiescries
5	1	1	1	28	18	2059	415	166	36	0.000000	Beeores
5	1	1	1	28	19	2264	446	115	25	0.000000	gabeg
5	1	1	1	28	20	2394	472	89	28	0.000000	reed
4	1	1	1	29	0	411	141	2071	370	-1	
5	1	1	1	29	1	411	141	42	36	55.820068	Bry
5	1	1	1	29	2	483	155	90	37	0.000000	e238
5	1	1	1	29	3	611	185	93	21	11.645699	Boag
5	1	1	1	29	4	713	194	64	35	0.000000	ams
5	1	1	1	29	5	790	218	89	23	0.000000	eReE
5	1	1	1	29	6	917	230	89	32	30.579559	Seog
5	1	1	1	29	7	1045	252	68	30	0.000000	ge
5	1	1	1	29	8	1146	277	17	10	1.088341	o
5	1	1	1	29	9	1190	286	49	8	90.563286	Ra
5	1	1	1	29	10	1272	300	17	8	7.740875	gs
5	1	1	1	29	11	1319	306	46	13	29.699211	Ba
5	1	1	1	29	12	1394	309	41	34	59.165092	38
5	1	1	1	29	13	1473	322	38	25	57.030369	Qe
5	1	1	1	29	14	1549	345	13	12	3.707703	¢
5	1	1	1	29	15	1595	349	67	15	59.643444	yee
5	1	1	1	29	16	1726	376	115	22	50.661644	Beebo
5	1	1	1	29	17	1856	392	35	21	35.056717	ee
5	1	1	1	29	18	1904	410	16	10	0.000000	®
5	1	1	1	29	19	2007	422	17	6	47.853394	2
5	1	1	1	29	20	2059	426	213	56	22.170227	dai
5	1	1	1	29	21	2289	461	193	50	22.170227	ait
4	1	1	1	30	0	410	165	2024	351	-1	
5	1	1	1	30	1	410	165	43	13	53.926563	Sa]
5	1	1	1	30	2	484	181	11	9	44.352150	2
5	1	1	1	30	3	534	190	118	22	0.000000	§suctg
5	1	1	1	30	4	688	214	37	18	70.727219	ax
5	1	1	1	30	5	764	229	37	15	39.890743	gS
5	1	1	1	30	6	816	236	68	22	23.239296	a8
5	1	1	1	30	7	935	245	20	33	22.667168	‘1
5	1	1	1	30	8	1044	266	64	25	42.270218	eka
5	1	1	1	30	9	1141	278	20	33	24.864326	io)
5	1	1	1	30	10	1196	300	43	19	83.990501	RO
5	1	1	1	30	11	1272	310	11	13	15.202705	BS
5	1	1	1	30	12	1323	317	36	13	46.565548	Us
5	1	1	1	30	13	1399	324	11	19	60.562962	B
5	1	1	1	30	14	1473	342	37	19	0.000000	25
5	1	1	1	30	15	1600	363	61	24	83.223320	aod
5	1	1	1	30	16	1777	395	64	21	2.949615	geo
5	1	1	1	30	17	1883	409	13	19	0.000000	e
5	1	1	1	30	18	1905	417	114	25	0.000000	eee
5	1	1	1	30	19	2058	439	64	27	33.569336	Bae
5	1	1	1	30	20	2141	452	58	29	17.020493	888
5	1	1	1	30	21	2216	468	39	13	20.911026	ro
5	1	1	1	30	22	2285	483	94	25	10.665146	Stak
5	1	1	1	30	23	2418	497	16	19	0.000000	o
4	1	1	1	31	0	381	178	2106	355	-1	
5	1	1	1	31	1	381	178	66	12	50.547367	wee
5	1	1	1	31	2	483	181	105	59	0.000000	eet
5	1	1	1	31	3	597	181	83	59	0.000000	rses
5	1	1	1	31	4	714	224	62	35	0.000000	$8§&
5	1	1	1	31	5	842	249	37	22	52.954311	56
5	1	1	1	31	6	917	257	66	31	0.000000	S82
5	1	1	1	31	7	990	253	22	42	0.000000	tm
5	1	1	1	31	8	1044	279	12	13	39.668163	&
5	1	1	1	31	9	1095	295	18	18	71.159584	Q
5	1	1	1	31	10	1146	298	11	10	55.703842	3
5	1	1	1	31	11	1221	320	12	12	52.082901	6
5	1	1	1	31	12	1272	324	12	11	78.760483	6
5	1	1	1	31	13	1322	330	38	24	47.592793	83
5	1	1	1	31	14	1398	344	37	14	26.460709	36
5	1	1	1	31	15	1473	362	42	13	38.123516	a.
5	1	1	1	31	16	1550	369	16	13	52.535118	&
5	1	1	1	31	17	1599	373	37	23	65.836929	og
5	1	1	1	31	18	1727	389	62	31	58.311012	Bee
5	1	1	1	31	19	1830	417	87	30	18.398506	woes
5	1	1	1	31	20	1955	434	69	24	53.742111	Poe
5	1	1	1	31	21	2058	451	38	20	8.201691	oR
5	1	1	1	31	22	2110	466	68	22	8.201691	ee
5	1	1	1	31	23	2238	479	63	29	0.000000	BeU
5	1	1	1	31	24	2316	497	42	16	35.111267	se
5	1	1	1	31	25	2393	509	94	24	13.889832	Nios
4	1	1	1	32	0	380	188	2105	372	-1	
5	1	1	1	32	1	380	188	14	10	63.297737	2
5	1	1	1	32	2	410	198	37	13	52.309021	ma
5	1	1	1	32	3	483	202	218	52	23.850029	Pela
5	1	1	1	32	4	736	240	142	45	35.499931	oe
5	1	1	1	32	5	916	279	90	31	0.000000	Paaee
5	1	1	1	32	6	1040	293	43	29	64.204430	Ss
5	1	1	1	32	7	1095	314	11	14	64.204430	¢
5	1	1	1	32	8	1146	309	11	20	46.567223	3
5	1	1	1	32	9	1190	320	42	26	31.685226	Ts
5	1	1	1	32	10	1272	336	12	11	93.357536	8
5	1	1	1	32	11	1323	342	36	26	8.279259	~s
5	1	1	1	32	12	1398	358	41	22	41.733288	2g
5	1	1	1	32	13	1473	373	37	16	45.526829	8s
5	1	1	1	32	14	1549	391	17	6	0.000000	B
5	1	1	1	32	15	1598	387	69	31	16.895035	RRO
5	1	1	1	32	16	1725	411	294	61	0.000000	eistgazeses:
5	1	1	1	32	17	2084	469	38	24	17.126022	of
5	1	1	1	32	18	2170	481	315	79	16.666939	Rag
4	1	1	1	33	0	380	206	2076	358	-1	
5	1	1	1	33	1	380	206	67	22	6.221100	988
5	1	1	1	33	2	483	224	30	16	40.461025	gi
5	1	1	1	33	3	535	233	37	15	61.701637	88
5	1	1	1	33	4	591	237	32	18	33.794907	he
5	1	1	1	33	5	643	251	34	13	28.010994	oh
5	1	1	1	33	6	713	254	136	44	0.000000	Pe-ies
5	1	1	1	33	7	866	295	12	11	0.000000	s
5	1	1	1	33	8	917	291	94	34	38.353363	seus
5	1	1	1	33	9	1057	328	53	9	18.893814	peat
5	1	1	1	33	10	1145	330	16	19	74.687469	p
5	1	1	1	33	11	1195	339	38	17	0.000000	o8
5	1	1	1	33	12	1271	349	12	23	50.144180	a
5	1	1	1	33	13	1323	361	36	17	53.499786	ons
5	1	1	1	33	14	1398	364	46	37	28.732613	oof
5	1	1	1	33	15	1497	398	13	12	72.971420	g
5	1	1	1	33	16	1549	398	11	13	65.199448	8
5	1	1	1	33	17	1598	414	66	20	34.677650	oss
5	1	1	1	33	18	1751	435	143	35	0.000000	ge5888
5	1	1	1	33	19	1926	454	91	35	38.309589	Sees
5	1	1	1	33	20	2058	478	89	39	0.000000	ou.28
5	1	1	1	33	21	2187	514	65	20	0.000000	Bee
5	1	1	1	33	22	2269	520	63	24	0.000000	G85
5	1	1	1	33	23	2366	530	42	27	7.351959	Se
5	1	1	1	33	24	2421	544	35	20	5.157127	oo
4	1	1	1	34	0	380	220	2101	360	-1	
5	1	1	1	34	1	380	220	67	23	43.400288	S08
5	1	1	1	34	2	483	235	67	22	7.341194	cae
5	1	1	1	34	3	560	250	60	25	0.000000	eee
5	1	1	1	34	4	636	263	60	15	30.395523	bee
5	1	1	1	34	5	717	275	34	17	28.328300	BE
5	1	1	1	34	6	789	284	95	37	47.811729	FREES
5	1	1	1	34	7	916	305	64	28	27.168602	geg
5	1	1	1	34	8	1044	323	38	36	15.687271	Beg
5	1	1	1	34	9	1145	351	93	23	30.133865	CBSA
5	1	1	1	34	10	1272	373	16	18	77.981682	m
5	1	1	1	34	11	1322	380	43	16	1.029167	8S
5	1	1	1	34	12	1398	387	36	26	39.307243	£9
5	1	1	1	34	13	1473	395	36	25	49.025570	£8
5	1	1	1	34	14	1548	411	16	21	84.576149	3
5	1	1	1	34	15	1598	428	36	14	48.409172	aa
5	1	1	1	34	16	1647	418	19	34	33.017319	gt
5	1	1	1	34	17	1726	442	36	24	19.948807	5a
5	1	1	1	34	18	1782	449	63	25	35.376007	ras
5	1	1	1	34	19	1904	468	117	41	30.433594	Sages
5	1	1	1	34	20	2058	504	89	23	24.938919	Boat
5	1	1	1	34	21	2177	519	98	28	19.493980	Shad
5	1	1	1	34	22	2315	542	63	24	58.069118	838
5	1	1	1	34	23	2418	561	63	19	79.190933	Eso
4	1	1	1	35	0	380	233	2106	365	-1	
5	1	1	1	35	1	380	233	67	18	5.482628	5a
5	1	1	1	35	2	483	255	113	32	0.000000	Pao5s
5	1	1	1	35	3	636	274	43	22	31.894974	ge
5	1	1	1	35	4	688	278	37	23	35.593048	Se
5	1	1	1	35	5	745	291	31	22	24.153893	Se
5	1	1	1	35	6	797	308	56	20	34.663849	SEE
5	1	1	1	35	7	916	327	61	20	0.000000	&Ss
5	1	1	1	35	8	990	320	21	39	60.400219	5.
5	1	1	1	35	9	1069	347	43	19	44.751831	o8
5	1	1	1	35	10	1140	356	16	14	69.234146	«
5	1	1	1	35	11	1195	370	42	21	10.458290	a
5	1	1	1	35	12	1347	398	17	15	68.522301	y
5	1	1	1	35	13	1417	416	24	7	78.393951	~
5	1	1	1	35	14	1468	421	46	13	44.982635	€a
5	1	1	1	35	15	1544	433	15	12	69.921143	8
5	1	1	1	35	16	1598	444	62	15	52.947578	tok
5	1	1	1	35	17	1725	456	64	30	0.000000	BRS
5	1	1	1	35	18	1804	465	117	36	0.000000	ESEON
5	1	1	1	35	19	1951	485	20	33	10.484421	®.
5	1	1	1	35	20	2058	514	11	20	71.370712	3
5	1	1	1	35	21	2108	526	68	24	10.097588	Sa7
5	1	1	1	35	22	2201	519	27	39	24.838013	Gy
5	1	1	1	35	23	2262	541	65	41	52.487663	9.38
5	1	1	1	35	24	2340	567	12	11	71.200432	8
5	1	1	1	35	25	2391	567	38	28	16.658676	75
5	1	1	1	35	26	2443	574	43	24	38.712444	#2
4	1	1	1	36	0	379	248	2102	364	-1	
5	1	1	1	36	1	379	248	72	18	42.561588	Beg
5	1	1	1	36	2	508	275	37	13	62.919613	re
5	1	1	1	36	3	556	271	15	26	22.931030	3
5	1	1	1	36	4	610	285	37	22	70.462250	3s
5	1	1	1	36	5	687	301	140	30	16.935715	Sossea
5	1	1	1	36	6	866	325	17	18	31.139816	es
5	1	1	1	36	7	916	339	68	18	0.000000	¢ss
5	1	1	1	36	8	1044	359	68	21	0.000000	gee
5	1	1	1	36	9	1190	385	49	16	0.000000	RA
5	1	1	1	36	10	1321	401	44	22	27.105675	RA
5	1	1	1	36	11	1397	414	17	13	21.257103	2
5	1	1	1	36	12	1497	435	13	10	41.871078	£
5	1	1	1	36	13	1548	445	12	10	77.148712	&
5	1	1	1	36	14	1598	451	38	22	13.731834	$2
5	1	1	1	36	15	1725	469	41	20	26.287643	g&
5	1	1	1	36	16	1828	486	36	18	62.873581	g5
5	1	1	1	36	17	1925	500	92	30	25.355392	eae,
5	1	1	1	36	18	2057	529	189	52	0.000000	FESeeERS
5	1	1	1	36	19	2268	560	110	31	0.000000	GgEEE
5	1	1	1	36	20	2418	594	63	18	17.073517	a8
4	1	1	1	37	0	379	259	2101	363	-1	
5	1	1	1	37	1	379	259	67	26	0.000000	aed
5	1	1	1	37	2	482	277	67	22	35.542305	ges
5	1	1	1	37	3	585	296	88	30	16.709549	oe
5	1	1	1	37	4	689	315	66	23	27.522415	ERs
5	1	1	1	37	5	789	331	89	23	64.512787	Sons
5	1	1	1	37	6	912	351	85	23	19.176819	See
5	1	1	1	37	7	1044	370	17	12	35.658363	06g
5	1	1	1	37	8	1095	379	61	24	46.268307	3
5	1	1	1	37	9	1194	405	38	17	81.523224	ge
5	1	1	1	37	10	1271	406	17	13	25.512695	Z
5	1	1	1	37	11	1346	429	12	14	25.975273	82
5	1	1	1	37	12	1397	435	37	18	63.320068	42
5	1	1	1	37	13	1472	444	36	24	22.601959	¢8
5	1	1	1	37	14	1548	457	11	9	54.411636	&
5	1	1	1	37	15	1598	469	67	15	52.427616	ogy
5	1	1	1	37	16	1724	487	197	48	8.895348	heer
5	1	1	1	37	17	1975	528	47	16	80.403427	$e
5	1	1	1	37	18	2057	548	64	16	42.913330	298
5	1	1	1	37	19	2159	563	64	17	39.119282	sae
5	1	1	1	37	20	2262	578	139	31	30.948952	"Feces
5	1	1	1	37	21	2418	601	62	21	48.636757	ars
4	1	1	1	38	0	379	275	2107	367	-1	
5	1	1	1	38	1	379	275	44	14	41.333557	ge
5	1	1	1	38	2	482	289	94	30	0.000000	Booo
5	1	1	1	38	3	610	316	13	11	60.753345	°
5	1	1	1	38	4	687	328	18	13	36.705074	a
5	1	1	1	38	5	759	334	119	41	29.307327	2288
5	1	1	1	38	6	962	373	24	7	83.024033	~
5	1	1	1	38	7	1043	383	68	23	45.861023	fog
5	1	1	1	38	8	1195	416	17	12	49.676491	>
5	1	1	1	38	9	1265	422	72	25	0.000000	eo
5	1	1	1	38	10	1422	454	17	5	48.286293	EG
5	1	1	1	38	11	1484	464	28	10	48.190075	Re
5	1	1	1	38	12	1623	475	37	21	0.000000	Be
5	1	1	1	38	13	1750	510	12	9	32.485283	om
5	1	1	1	38	14	1827	517	18	12	42.928486	mh
5	1	1	1	38	15	1903	534	87	20	0.000000	"O53
5	1	1	1	38	16	2057	555	37	20	31.658165	BS
5	1	1	1	38	17	2108	571	38	13	34.585983	og
5	1	1	1	38	18	2211	582	38	11	29.660957	28
5	1	1	1	38	19	2288	594	39	14	18.010185	Se
5	1	1	1	38	20	2344	605	88	25	0.000000	RERS
5	1	1	1	38	21	2443	614	43	28	0.000000	EE
4	1	1	1	39	0	379	288	2076	358	-1	
5	1	1	1	39	1	379	288	14	11	38.895004	©
5	1	1	1	39	2	424	288	26	20	37.475868	9
5	1	1	1	39	3	507	307	38	14	51.312820	oe
5	1	1	1	39	4	565	320	30	11	40.447582	ae
5	1	1	1	39	5	611	326	59	21	37.682076	Seg
5	1	1	1	39	6	687	343	17	6	77.428375	&
5	1	1	1	39	7	738	346	89	30	8.059044	SESS
5	1	1	1	39	8	840	362	38	23	8.059044	es
5	1	1	1	39	9	915	373	69	26	15.824463	Fon
5	1	1	1	39	10	1043	401	41	10	88.203529	as
5	1	1	1	39	11	1143	404	13	34	37.509300	3
5	1	1	1	39	12	1194	427	44	12	77.197067	a~
5	1	1	1	39	13	1270	435	12	14	0.000000	%
5	1	1	1	39	14	1341	449	98	25	28.866745	==
5	1	1	1	39	15	1471	470	38	18	67.091621	so
5	1	1	1	39	16	1548	484	16	12	0.000000	y
5	1	1	1	39	17	1598	488	62	28	54.536713	353
5	1	1	1	39	18	1724	510	18	12	69.490128	a
5	1	1	1	39	19	1775	521	114	39	12.713104	eases
5	1	1	1	39	20	1929	544	12	10	63.747429	8b
5	1	1	1	39	21	1980	555	37	15	19.240562	eS
5	1	1	1	39	22	2083	576	88	22	25.696404	Brae
5	1	1	1	39	23	2189	582	60	23	0.000000	ea8
5	1	1	1	39	24	2283	600	46	15	65.077362	ep
5	1	1	1	39	25	2346	618	109	28	0.000000	cere
4	1	1	1	40	0	379	300	2106	356	-1	
5	1	1	1	40	1	379	300	73	16	16.700974	Bee)
5	1	1	1	40	2	483	316	11	13	0.000000	§
5	1	1	1	40	3	532	321	139	39	0.000000	BRoRER
5	1	1	1	40	4	683	348	15	14	0.000000	g
5	1	1	1	40	5	738	358	90	29	0.000000	eee.8
5	1	1	1	40	6	916	380	93	43	0.000000	gss..
5	1	1	1	40	7	1043	408	63	26	52.332935	gee
5	1	1	1	40	8	1264	455	24	7	76.156273	~
5	1	1	1	40	9	1320	446	17	25	0.000000	¢g
5	1	1	1	40	10	1396	469	13	17	0.000000	E
5	1	1	1	40	11	1597	498	63	23	14.326889	236
5	1	1	1	40	12	1724	523	95	30	40.673958	Sees
5	1	1	1	40	13	1852	550	16	9	18.261246	g
5	1	1	1	40	14	1903	555	63	25	65.584770	dee
5	1	1	1	40	15	1982	562	34	22	40.311378	ge
5	1	1	1	40	16	2057	573	89	33	41.711464	Bors
5	1	1	1	40	17	2185	591	30	39	27.135017	ge"
5	1	1	1	40	18	2237	607	11	19	27.135017	3
5	1	1	1	40	19	2287	622	13	9	11.321518	Be
5	1	1	1	40	20	2339	626	90	27	0.000000	eas
5	1	1	1	40	21	2415	614	19	43	0.000000	zg
5	1	1	1	40	22	2469	650	16	6	41.253273	=
4	1	1	1	41	0	378	304	2102	366	-1	
5	1	1	1	41	1	378	304	68	38	34.499420	3°)
5	1	1	1	41	2	482	329	63	18	20.096138	Se5
5	1	1	1	41	3	609	353	63	22	53.346752	228
5	1	1	1	41	4	737	375	147	33	0.000000	gegen
5	1	1	1	41	5	915	397	13	12	53.598335	8
5	1	1	1	41	6	1043	423	66	20	7.479752	Reh
5	1	1	1	41	7	1194	444	42	24	66.204086	ad
5	1	1	1	41	8	1320	469	37	24	49.891602	£2
5	1	1	1	41	9	1397	485	41	15	4.716156	oe
5	1	1	1	41	10	1472	490	36	19	56.248634	Be
5	1	1	1	41	11	1547	515	15	9	28.777634	«
5	1	1	1	41	12	1598	518	67	14	60.068878	Fee
5	1	1	1	41	13	1724	536	16	11	41.337238	a
5	1	1	1	41	14	1775	541	64	30	80.956360	mag
5	1	1	1	41	15	1851	537	14	40	80.956360	&
5	1	1	1	41	16	1877	560	12	13	77.549500	3
5	1	1	1	41	17	1929	576	88	21	28.921249	x28
5	1	1	1	41	18	2082	598	90	17	30.280815	Sess
5	1	1	1	41	19	2185	594	43	49	0.000000	8.,
5	1	1	1	41	20	2287	626	39	21	20.239594	ef
5	1	1	1	41	21	2364	645	13	12	0.000000	e
5	1	1	1	41	22	2418	651	62	19	69.815224	Bes
4	1	1	1	42	0	374	325	2111	369	-1	
5	1	1	1	42	1	374	325	71	20	56.278759	“6.5
5	1	1	1	42	2	481	342	166	38	0.000000	eheeohs
5	1	1	1	42	3	687	371	17	22	58.661980	z
5	1	1	1	42	4	738	386	144	38	49.594074	FOSENT
5	1	1	1	42	5	915	410	12	17	24.955818	z
5	1	1	1	42	6	964	418	45	27	28.754715	os
5	1	1	1	42	7	1043	435	36	16	39.861416	a7
5	1	1	1	42	8	1093	444	17	19	0.000000	e
5	1	1	1	42	9	1194	463	41	16	47.324173	GE
5	1	1	1	42	10	1269	472	12	18	82.935440	4
5	1	1	1	42	11	1320	483	42	17	19.756203	2:
5	1	1	1	42	12	1422	500	11	10	52.792366	®
5	1	1	1	42	13	1496	506	11	13	34.044655	©
5	1	1	1	42	14	1547	526	17	13	0.000000	e
5	1	1	1	42	15	1597	525	62	26	53.030323	ge
5	1	1	1	42	16	1724	556	90	25	27.251694	wake
5	1	1	1	42	17	1852	569	168	45	0.000000	gesduBS
5	1	1	1	42	18	2056	602	146	34	0.000000	BPSsse
5	1	1	1	42	19	2232	628	16	13	11.297066	0
5	1	1	1	42	20	2283	646	16	14	58.600151	5
5	1	1	1	42	21	2314	648	16	6	32.809540	a
5	1	1	1	42	22	2364	650	121	44	32.854675	£28.52
4	1	1	1	43	0	408	339	2072	357	-1	
5	1	1	1	43	1	408	339	13	6	94.703186	=
5	1	1	1	43	2	738	400	16	6	11.090439	ce
5	1	1	1	43	3	1219	478	16	6	92.382446	=
5	1	1	1	43	4	1283	492	3	4	31.120689	A
5	1	1	1	43	5	1346	502	16	5	95.599792	=
5	1	1	1	43	6	1622	541	11	6	63.301830	8
5	1	1	1	43	7	2056	614	12	12	66.399292	2
5	1	1	1	43	8	2186	637	63	17	42.902328	pee
5	1	1	1	43	9	2313	655	89	29	0.000000	Teg
5	1	1	1	43	10	2417	651	63	45	28.909653	2.58
4	1	1	1	44	0	378	341	2102	365	-1	
5	1	1	1	44	1	378	341	73	27	33.691925	roo
5	1	1	1	44	2	481	360	319	67	0.000000	siliqicbiseee
5	1	1	1	44	3	817	409	67	28	49.226910	esc
5	1	1	1	44	4	915	423	72	38	15.422287	ned
5	1	1	1	44	5	1042	446	63	32	0.000000	Bs8
5	1	1	1	44	6	1140	461	18	18	84.193192	4
5	1	1	1	44	7	1194	481	11	13	19.705338	5
5	1	1	1	44	8	1270	492	67	21	71.313087	EEF
5	1	1	1	44	9	1396	509	37	15	42.352043	38
5	1	1	1	44	10	1466	519	41	23	67.120186	23
5	1	1	1	44	11	1596	536	68	25	35.449127	S59
5	1	1	1	44	12	1724	567	297	62	0.000000	Sorereetery
5	1	1	1	44	13	2057	627	42	22	0.000000	oe
5	1	1	1	44	14	2109	628	62	22	0.000000	ete
5	1	1	1	44	15	2189	651	59	16	5.223610	ees
5	1	1	1	44	16	2283	660	68	27	38.951736	Bog
5	1	1	1	44	17	2364	676	116	30	3.564316	estes
4	1	1	1	45	0	378	355	2102	368	-1	
5	1	1	1	45	1	378	355	68	27	39.428551	seo
5	1	1	1	45	2	481	376	13	10	13.745110	O°
5	1	1	1	45	3	533	378	43	19	39.719627	DS
5	1	1	1	45	4	609	396	37	20	0.000000	Qe
5	1	1	1	45	5	690	392	83	49	0.000000	2R583
5	1	1	1	45	6	788	428	13	8	84.228043	8
5	1	1	1	45	7	813	428	13	9	63.798973	8
5	1	1	1	45	8	864	436	13	12	59.315914	2
5	1	1	1	45	9	915	446	31	12	29.173111	f°
5	1	1	1	45	10	966	455	38	18	58.839958	42
5	1	1	1	45	11	1043	458	11	20	47.553974	|
5	1	1	1	45	12	1140	487	18	18	94.820663	+
5	1	1	1	45	13	1193	493	42	13	74.330154	Go
5	1	1	1	45	14	1270	506	16	6	79.694252	&
5	1	1	1	45	15	1320	516	42	15	72.966019	oo
5	1	1	1	45	16	1395	521	41	26	42.270180	ge
5	1	1	1	45	17	1470	542	37	20	74.487419	a5
5	1	1	1	45	18	1547	551	11	10	70.042740	3
5	1	1	1	45	19	1597	560	36	16	40.825203	BO
5	1	1	1	45	20	1723	583	69	24	44.091564	gos
5	1	1	1	45	21	1851	600	62	35	46.492050	234
5	1	1	1	45	22	1949	624	66	15	0.000000	<i
5	1	1	1	45	23	2108	649	62	17	56.903210	BPy
5	1	1	1	45	24	2185	662	62	18	41.906662	Ras
5	1	1	1	45	25	2287	676	64	21	66.815765	Sma
5	1	1	1	45	26	2390	692	90	31	0.000000	FtOas
4	1	1	1	46	0	378	371	2105	356	-1	
5	1	1	1	46	1	378	371	68	23	30.608025	an)
5	1	1	1	46	2	506	389	169	42	0.000000	aoe9845
5	1	1	1	46	3	711	427	42	20	0.000000	SF
5	1	1	1	46	4	767	435	59	21	0.000000	2ES
5	1	1	1	46	5	840	449	36	13	19.904137	og
5	1	1	1	46	6	915	457	17	12	71.587944	>
5	1	1	1	46	7	966	475	16	5	23.802307	=
5	1	1	1	46	8	991	466	13	22	23.802307	2
5	1	1	1	46	9	1042	471	68	36	8.684837	85,4
5	1	1	1	46	10	1194	504	37	13	33.615707	No
5	1	1	1	46	11	1269	522	17	13	65.864128	a
5	1	1	1	46	12	1345	533	12	11	58.218822	$
5	1	1	1	46	13	1395	534	38	25	59.470947	Bf
5	1	1	1	46	14	1470	552	15	9	34.387009	&
5	1	1	1	46	15	1546	561	12	10	38.669479	®
5	1	1	1	46	16	1592	577	44	15	35.956161	as
5	1	1	1	46	17	1652	579	12	12	40.984425	>
5	1	1	1	46	18	1724	595	16	11	0.000000	_
5	1	1	1	46	19	1801	599	87	39	30.932480	ae
5	1	1	1	46	20	1978	634	12	21	39.124527	3
5	1	1	1	46	21	2055	650	115	27	0.000000	SEEES
5	1	1	1	46	22	2186	672	10	9	31.159950	a
5	1	1	1	46	23	2214	679	37	19	57.124119	Re
5	1	1	1	46	24	2286	688	90	30	0.000000	A233
5	1	1	1	46	25	2417	713	66	14	31.255219	ao
4	1	1	1	47	0	378	387	2102	356	-1	
5	1	1	1	47	1	378	387	67	19	0.000000	HES
5	1	1	1	47	2	481	396	63	27	0.000000	lege
5	1	1	1	47	3	609	429	38	14	28.986465	So
5	1	1	1	47	4	663	449	116	10	28.986465	Agere
5	1	1	1	47	5	814	451	67	26	53.244965	BOB
5	1	1	1	47	6	914	471	89	31	0.000000	S4E8
5	1	1	1	47	7	1042	490	68	27	24.561508	aay
5	1	1	1	47	8	1138	517	9	5	50.638256	7
5	1	1	1	47	9	1193	516	37	16	25.703262	8
5	1	1	1	47	10	1269	536	12	11	17.992447	S
5	1	1	1	47	11	1319	540	37	17	72.120483	«8
5	1	1	1	47	12	1470	563	37	22	44.065327	$e
5	1	1	1	47	13	1646	593	13	9	52.433186	&
5	1	1	1	47	14	1748	609	65	23	0.000000	Sse
5	1	1	1	47	15	1828	624	60	25	0.000000	Pes
5	1	1	1	47	16	1952	649	64	18	21.216202	woh
5	1	1	1	47	17	2055	666	64	22	45.091953	SR
5	1	1	1	47	18	2136	676	34	13	25.169182	RS
5	1	1	1	47	19	2210	686	12	9	40.841988	a
5	1	1	1	47	20	2312	703	168	40	0.000000	§8aegs%
4	1	1	1	48	0	378	398	2106	354	-1	
5	1	1	1	48	1	378	398	42	13	62.202106	ag
5	1	1	1	48	2	541	424	29	14	53.822411	So
5	1	1	1	48	3	587	421	34	26	33.216797	BE
5	1	1	1	48	4	711	451	15	10	39.748001	+
5	1	1	1	48	5	762	457	63	26	63.833458	B58
5	1	1	1	48	6	914	483	43	22	58.399426	od
5	1	1	1	48	7	1041	503	63	26	16.064873	oe
5	1	1	1	48	8	1194	527	36	19	73.732674	BO
5	1	1	1	48	9	1269	549	11	12	39.498981	Bp
5	1	1	1	48	10	1319	550	38	20	27.076881	#2
5	1	1	1	48	11	1395	557	40	21	48.837128	Bo
5	1	1	1	48	12	1470	574	42	20	46.166168	53.
5	1	1	1	48	13	1546	581	12	24	90.866081	g
5	1	1	1	48	14	1595	594	69	31	33.410675	23h
5	1	1	1	48	15	1724	618	140	34	0.000000	Sgeaae
5	1	1	1	48	16	1902	646	17	13	41.996445	a
5	1	1	1	48	17	1978	663	37	24	47.676376	as
5	1	1	1	48	18	2106	688	82	24	0.000000	OBe:
5	1	1	1	48	19	2212	700	40	20	51.865433	oF
5	1	1	1	48	20	2286	716	90	26	16.324921	pag¢
5	1	1	1	48	21	2467	739	17	13	89.025978	a
4	1	1	1	49	0	432	415	2051	354	-1	
5	1	1	1	49	1	432	415	12	13	77.223282	5
5	1	1	1	49	2	480	421	13	10	21.097549	Q
5	1	1	1	49	3	532	437	38	15	0.000000	8
5	1	1	1	49	4	609	448	193	40	0.000000	aSeeeses
5	1	1	1	49	5	838	478	44	29	74.602844	20
5	1	1	1	49	6	915	502	92	18	33.416374	FES
5	1	1	1	49	7	1067	520	37	22	72.546814	gg
5	1	1	1	49	8	1218	537	19	25	29.968178	os
5	1	1	1	49	9	1319	561	40	24	45.262459	Ba
5	1	1	1	49	10	1395	578	42	14	54.241058	o>
5	1	1	1	49	11	1492	581	18	27	29.675385	ic}
5	1	1	1	49	12	1546	606	16	5	56.450760	a
5	1	1	1	49	13	1595	607	16	8	27.202255	GQ
5	1	1	1	49	14	1723	629	11	10	48.189896	©
5	1	1	1	49	15	1749	633	11	19	54.067501	3
5	1	1	1	49	16	1850	651	64	21	67.733299	aps
5	1	1	1	49	17	1953	672	11	13	92.376266	<
5	1	1	1	49	18	1991	684	29	10	0.000000	2
5	1	1	1	49	19	2051	687	42	13	53.082458	og
5	1	1	1	49	20	2185	709	4	10	19.204498	$
5	1	1	1	49	21	2235	721	12	9	52.693863	5
5	1	1	1	49	22	2286	730	17	6	81.414978	2
5	1	1	1	49	23	2364	743	68	20	50.440983	Bop
5	1	1	1	49	24	2466	760	17	9	0.000000	&
4	1	1	1	50	0	378	411	2105	373	-1	
5	1	1	1	50	1	378	411	42	27	65.800430	98
5	1	1	1	50	2	480	432	44	24	20.366180	Am
5	1	1	1	50	3	557	446	37	19	4.277115	85
5	1	1	1	50	4	634	466	92	30	0.000000	SSER
5	1	1	1	50	5	738	473	86	29	34.420609	882°
5	1	1	1	50	6	860	485	20	35	41.017319	we
5	1	1	1	50	7	914	499	89	38	25.682007	FES¢s
5	1	1	1	50	8	1066	532	37	20	37.765724	es
5	1	1	1	50	9	1142	545	12	12	32.593758	4
5	1	1	1	50	10	1192	550	38	17	93.235847	Qe
5	1	1	1	50	11	1269	562	11	12	72.421219	8
5	1	1	1	50	12	1344	582	12	10	41.278465	&
5	1	1	1	50	13	1395	591	37	13	0.000000	3F
5	1	1	1	50	14	1495	605	12	10	28.001038	>
5	1	1	1	50	15	1546	613	12	9	48.631836	&
5	1	1	1	50	16	1595	618	66	18	6.029701	&2u
5	1	1	1	50	17	1718	642	124	28	12.826218	Sorky
5	1	1	1	50	18	1876	672	38	11	9.984604	$°
5	1	1	1	50	19	1952	683	68	19	26.644043	£28
5	1	1	1	50	20	2056	699	165	31	0.000000	@Beani
5	1	1	1	50	21	2204	695	21	39	21.366257	gs
5	1	1	1	50	22	2286	737	42	16	6.692284	af
5	1	1	1	50	23	2368	733	64	40	26.030663	Boe.
5	1	1	1	50	24	2467	771	16	13	0.000000	¢
4	1	1	1	51	0	377	430	2102	367	-1	
5	1	1	1	51	1	377	430	71	22	30.630913	Pago
5	1	1	1	51	2	480	446	18	13	10.961418	g
5	1	1	1	51	3	525	455	68	20	7.261124	SEs
5	1	1	1	51	4	611	471	86	21	0.000000	SEE
5	1	1	1	51	5	761	495	64	21	0.000000	Bee
5	1	1	1	51	6	838	508	44	9	0.000000	aw
5	1	1	1	51	7	914	520	63	22	31.932671	ees
5	1	1	1	51	8	1039	536	65	31	58.478893	+23
5	1	1	1	51	9	1142	558	91	26	0.000000	a-r
5	1	1	1	51	10	1268	575	15	20	51.085159	eo
5	1	1	1	51	11	1319	586	17	13	27.461769	oF
5	1	1	1	51	12	1469	613	12	15	90.542274	R
5	1	1	1	51	13	1545	623	16	19	0.000000	S
5	1	1	1	51	14	1595	626	66	37	45.852524	egos
5	1	1	1	51	15	1723	654	170	42	30.860039	esas
5	1	1	1	51	16	1978	691	42	32	49.989166	a
5	1	1	1	51	17	2055	710	37	23	0.000000	2g
5	1	1	1	51	18	2106	710	82	31	0.000000	Ses:
5	1	1	1	51	19	2209	731	37	24	31.974594	35
5	1	1	1	51	20	2285	744	44	34	15.428940	Rang
5	1	1	1	51	21	2390	763	38	19	33.220398	Be
5	1	1	1	51	22	2466	785	13	12	5.517776	&
4	1	1	1	52	0	378	440	2104	366	-1	
5	1	1	1	52	1	378	440	72	28	1.522324	BBS)
5	1	1	1	52	2	480	460	12	10	1.522324	29
5	1	1	1	52	3	531	473	89	24	23.562378	wag
5	1	1	1	52	4	659	493	43	12	5.413177	BB
5	1	1	1	52	5	715	495	32	20	0.000000	Se
5	1	1	1	52	6	763	514	62	13	22.275879	Ces
5	1	1	1	52	7	838	527	43	10	0.000000	aS
5	1	1	1	52	8	913	524	53	36	27.229523	en
5	1	1	1	52	9	981	543	22	10	49.031517	a
5	1	1	1	52	10	1092	564	62	20	52.831074	Bo
5	1	1	1	52	11	1192	581	42	18	0.000000	&s
5	1	1	1	52	12	1318	601	41	11	39.920128	82
5	1	1	1	52	13	1394	609	43	24	54.013668	ga
5	1	1	1	52	14	1490	616	21	37	28.558533	Ee
5	1	1	1	52	15	1621	645	37	24	51.990471	Rf
5	1	1	1	52	16	1748	668	42	15	46.798157	ge
5	1	1	1	52	17	1825	685	93	21	16.213730	ggrs
5	1	1	1	52	18	1948	697	66	36	35.897858	225
5	1	1	1	52	19	2055	722	89	30	24.418610	ghee
5	1	1	1	52	20	2209	755	38	13	45.818985	ES
5	1	1	1	52	21	2286	764	89	21	0.000000	Sao5
5	1	1	1	52	22	2415	779	67	27	43.679024	548
4	1	1	1	53	0	378	458	2078	356	-1	
5	1	1	1	53	1	378	458	65	16	67.629852	Bon
5	1	1	1	53	2	480	472	12	13	26.184929	o
5	1	1	1	53	3	506	467	37	37	6.466339	2.8
5	1	1	1	53	4	583	488	221	55	30.271416	a
5	1	1	1	53	5	914	546	94	33	34.669899	Habe
5	1	1	1	53	6	1038	562	40	18	76.410286	48
5	1	1	1	53	7	1142	592	11	13	60.984226	3
5	1	1	1	53	8	1217	601	12	9	63.161636	5
5	1	1	1	53	9	1268	604	15	9	19.986649	£
5	1	1	1	53	10	1318	612	43	14	19.385315	of
5	1	1	1	53	11	1394	634	38	11	31.374557	®@e
5	1	1	1	53	12	1469	646	12	10	0.000000	.
5	1	1	1	53	13	1545	652	13	12	43.708504	e
5	1	1	1	53	14	1595	652	11	19	69.027313	3
5	1	1	1	53	15	1642	661	15	37	41.169907	EI
5	1	1	1	53	16	1748	682	170	51	0.000000	P2838
5	1	1	1	53	17	1977	724	13	11	0.000000	e
5	1	1	1	53	18	2054	732	43	16	0.000000	5=
5	1	1	1	53	19	2157	749	89	32	0.000000	afae
5	1	1	1	53	20	2285	778	13	11	61.527195	3
5	1	1	1	53	21	2318	780	32	24	0.000000	ge
5	1	1	1	53	22	2367	774	57	45	0.000000	tek
5	1	1	1	53	23	2441	805	15	9	31.290176	Ss
4	1	1	1	54	0	377	470	2102	358	-1	
5	1	1	1	54	1	377	470	66	23	0.000000	QBs
5	1	1	1	54	2	480	491	94	19	42.215839	yeas
5	1	1	1	54	3	633	513	64	24	15.076080	eR
5	1	1	1	54	4	710	526	63	28	15.076080	ene
5	1	1	1	54	5	812	541	63	29	0.000000	$e3
5	1	1	1	54	6	913	562	90	31	7.333344	3250
5	1	1	1	54	7	1037	585	72	16	11.426270	8p
5	1	1	1	54	8	1141	606	13	10	64.279648	8
5	1	1	1	54	9	1188	597	20	37	0.000000	Ky
5	1	1	1	54	10	1269	615	16	12	29.357368	a
5	1	1	1	54	11	1319	626	40	22	47.739559	FB
5	1	1	1	54	12	1420	645	11	13	62.887653	a
5	1	1	1	54	13	1469	650	37	19	39.461853	§3
5	1	1	1	54	14	1595	672	38	17	15.126373	$9
5	1	1	1	54	15	1748	704	37	19	35.562126	a®
5	1	1	1	54	16	1802	710	35	22	48.007511	sd
5	1	1	1	54	17	1875	717	16	20	58.570194	3g
5	1	1	1	54	18	1952	731	37	26	67.861984	BB
5	1	1	1	54	19	2003	741	11	17	42.046944	<
5	1	1	1	54	20	2055	747	62	25	33.677238	Boz
5	1	1	1	54	21	2132	761	114	32	24.770798	esses
5	1	1	1	54	22	2312	799	167	29	0.000000	SoeSako
4	1	1	1	55	0	376	477	2102	370	-1	
5	1	1	1	55	1	376	486	17	10	0.000000	t
5	1	1	1	55	2	405	477	38	35	41.666786	che
5	1	1	1	55	3	480	501	11	13	0.359100	5
5	1	1	1	55	4	508	509	61	14	0.359100	ooo
5	1	1	1	55	5	607	519	66	24	4.767181	See
5	1	1	1	55	6	689	538	38	13	10.500755	oe
5	1	1	1	55	7	760	552	64	19	51.751236	od
5	1	1	1	55	8	864	571	16	6	0.000000	e0
5	1	1	1	55	9	939	581	63	21	26.464294	o*9
5	1	1	1	55	10	1066	590	37	36	12.132889	EM]
5	1	1	1	55	11	1141	618	12	10	59.280998	&
5	1	1	1	55	12	1191	619	38	24	73.279663	$8
5	1	1	1	55	13	1267	629	16	20	32.696556	8
5	1	1	1	55	14	1319	642	4	3	0.000000	#
5	1	1	1	55	15	1393	653	41	14	42.499641	gg
5	1	1	1	55	16	1469	670	11	13	8.721733	¢
5	1	1	1	55	17	1544	683	12	14	47.926273	=
5	1	1	1	55	18	1595	684	62	32	37.163681	28
5	1	1	1	55	19	1748	722	11	9	17.800301	23
5	1	1	1	55	20	1799	720	12	20	25.516296	6
5	1	1	1	55	21	1850	735	62	22	21.772812	ZF»
5	1	1	1	55	22	1952	745	68	24	26.379181	£5.
5	1	1	1	55	23	2054	768	31	12	27.652733	Su
5	1	1	1	55	24	2108	774	87	25	8.467484	838s
5	1	1	1	55	25	2234	795	11	9	54.670074	4
5	1	1	1	55	26	2281	799	197	48	0.000000	Beekesee
4	1	1	1	56	0	430	508	2048	345	-1	
5	1	1	1	56	1	430	508	19	8	0.000000	=
5	1	1	1	56	2	556	530	13	13	14.513687	°
5	1	1	1	56	3	607	534	120	33	19.323380	eee
5	1	1	1	56	4	786	566	89	24	46.413498	pose
5	1	1	1	56	5	904	578	20	31	27.083862	‘4
5	1	1	1	56	6	965	595	37	19	81.916901	Bo
5	1	1	1	56	7	1041	605	15	9	52.017143	os
5	1	1	1	56	8	1092	621	16	12	29.452957	EB
5	1	1	1	56	9	1141	629	16	13	59.092373	a
5	1	1	1	56	10	1191	636	13	10	76.797844	@
5	1	1	1	56	11	1343	659	15	9	71.647018	S
5	1	1	1	56	12	1394	665	36	20	16.004112	gs
5	1	1	1	56	13	1469	683	14	9	76.863998	+
5	1	1	1	56	14	1595	697	14	15	41.030674	7
5	1	1	1	56	15	1621	703	39	22	41.030674	BB
5	1	1	1	56	16	1747	728	52	39	0.000000	Bah
5	1	1	1	56	17	1827	728	17	39	0.000000	we
5	1	1	1	56	18	1853	747	33	16	0.000000	3s
5	1	1	1	56	19	1948	764	69	13	46.358421	oes
5	1	1	1	56	20	2054	782	42	12	0.000000	ze
5	1	1	1	56	21	2109	785	60	33	0.000000	2Eg
5	1	1	1	56	22	2183	799	38	26	9.072075	Ep
5	1	1	1	56	23	2285	814	96	29	0.000000	eds
5	1	1	1	56	24	2414	836	64	17	4.715431	Rgo
4	1	1	1	57	0	371	507	2106	368	-1	
5	1	1	1	57	1	371	507	72	23	22.731102	yee
5	1	1	1	57	2	480	523	88	32	16.460648	Soe
5	1	1	1	57	3	607	546	13	8	4.113327	8
5	1	1	1	57	4	658	558	38	20	35.479156	FB
5	1	1	1	57	5	710	557	37	24	34.907372	ew
5	1	1	1	57	6	786	580	67	22	33.399605	aOR
5	1	1	1	57	7	912	598	65	24	0.000000	So8
5	1	1	1	57	8	1041	616	67	25	61.219162	age
5	1	1	1	57	9	1140	643	13	9	46.534317	8
5	1	1	1	57	10	1212	645	17	11	0.000000	me
5	1	1	1	57	11	1267	659	16	9	0.000000	f
5	1	1	1	57	12	1343	669	17	13	24.013702	zy
5	1	1	1	57	13	1418	680	13	10	24.614326	88
5	1	1	1	57	14	1468	691	41	18	74.707031	B+
5	1	1	1	57	15	1577	717	2	2	44.460655	.
5	1	1	1	57	16	1748	744	37	11	35.208504	go
5	1	1	1	57	17	1874	763	38	14	43.322350	mee
5	1	1	1	57	18	1977	777	42	15	34.716446	Be
5	1	1	1	57	19	2054	794	94	19	33.496307	fees
5	1	1	1	57	20	2234	812	17	24	61.533730	2
5	1	1	1	57	21	2285	824	38	21	67.131516	838
5	1	1	1	57	22	2363	839	37	20	0.000000	Bg
5	1	1	1	57	23	2414	848	41	13	0.000000	oR
5	1	1	1	57	24	2462	862	15	13	0.000000	S
4	1	1	1	58	0	401	523	2052	349	-1	
5	1	1	1	58	1	401	523	18	14	13.477592	9
5	1	1	1	58	2	480	534	89	33	0.000000	z8Ss
5	1	1	1	58	3	607	564	12	12	83.800621	@
5	1	1	1	58	4	629	552	21	29	81.826195	th
5	1	1	1	58	5	735	582	40	22	54.497803	Oy
5	1	1	1	58	6	837	602	13	10	51.131760	S
5	1	1	1	58	7	859	590	19	29	82.127777	ch
5	1	1	1	58	8	912	610	13	9	40.107910	&
5	1	1	1	58	9	939	610	63	26	47.999298	Eo»
5	1	1	1	58	10	1040	626	63	31	37.112572	$o58
5	1	1	1	58	11	1191	656	38	14	89.887253	2p
5	1	1	1	58	12	1268	670	16	13	80.144272	>
5	1	1	1	58	13	1343	683	12	10	10.979385	£
5	1	1	1	58	14	1389	686	41	18	32.695633	3f§
5	1	1	1	58	15	1469	707	16	5	26.375168	2.
5	1	1	1	58	16	1539	705	20	30	63.860477	Vv
5	1	1	1	58	17	1619	726	12	12	27.459122	S
5	1	1	1	58	18	1747	751	12	10	47.710846	®
5	1	1	1	58	19	1799	757	37	24	43.404968	85
5	1	1	1	58	20	1853	763	59	25	25.220673	Osa
5	1	1	1	58	21	1951	778	66	29	41.362747	eRe
5	1	1	1	58	22	2050	802	15	13	13.848763	a
5	1	1	1	58	23	2105	811	114	27	0.000000	a<gee
5	1	1	1	58	24	2233	831	16	16	15.262215	s
5	1	1	1	58	25	2285	836	88	29	30.268768	BRoB
5	1	1	1	58	26	2387	860	13	12	17.773102	8
5	1	1	1	58	27	2440	862	13	10	38.799232	®
4	1	1	1	59	0	376	523	2102	376	-1	
5	1	1	1	59	1	376	523	40	28	27.520226	oS
5	1	1	1	59	2	479	549	94	26	38.715168	wees
5	1	1	1	59	3	608	577	61	17	0.000000	ASS
5	1	1	1	59	4	686	580	61	34	0.000000	8.8
5	1	1	1	59	5	785	598	94	25	3.663727	Sos
5	1	1	1	59	6	912	620	94	31	39.909328	Bone
5	1	1	1	59	7	1041	642	67	25	68.377594	Pas
5	1	1	1	59	8	1140	660	16	10	48.347504	2
5	1	1	1	59	9	1191	666	42	20	41.609421	ge
5	1	1	1	59	10	1267	684	12	10	68.301155	F
5	1	1	1	59	11	1343	695	11	9	41.853722	5
5	1	1	1	59	12	1393	700	38	24	46.082771	ao
5	1	1	1	59	13	1469	714	40	20	56.209679	B+
5	1	1	1	59	14	1619	740	13	9	72.147270	a
5	1	1	1	59	15	1748	762	164	47	0.000000	sigeees
5	1	1	1	59	16	1952	801	67	20	0.000000	=o
5	1	1	1	59	17	2079	816	38	18	64.198090	as
5	1	1	1	59	18	2156	829	94	32	27.819420	Boo
5	1	1	1	59	19	2285	850	34	17	43.646889	22
5	1	1	1	59	20	2342	860	58	21	5.558434	38h
5	1	1	1	59	21	2418	867	60	32	5.624962	zoe
4	1	1	1	60	0	402	536	2076	372	-1	
5	1	1	1	60	1	402	536	23	34	36.303223	‘A
5	1	1	1	60	2	531	574	42	14	26.303596	=e
5	1	1	1	60	3	632	581	93	38	39.202271	S389
5	1	1	1	60	4	757	608	118	26	49.184933	+3522
5	1	1	1	60	5	912	622	21	33	0.000000	os
5	1	1	1	60	6	1140	671	12	12	55.927444	o
5	1	1	1	60	7	1187	678	42	21	36.508137	22
5	1	1	1	60	8	1267	696	11	9	44.610023	g
5	1	1	1	60	9	1343	704	11	10	74.505814	@
5	1	1	1	60	10	1389	709	44	25	74.831497	S@
5	1	1	1	60	11	1469	728	11	6	55.201687	8
5	1	1	1	60	12	1619	749	41	18	28.742783	+
5	1	1	1	60	13	1747	777	12	10	31.695625	3
5	1	1	1	60	14	1799	781	87	26	37.568207	Beas
5	1	1	1	60	15	2002	823	12	10	0.000000	o
5	1	1	1	60	16	2054	825	117	25	0.000000	8eSq8
5	1	1	1	60	17	2284	868	90	20	36.180984	Rome
5	1	1	1	60	18	2387	883	44	15	11.000168	sk
5	1	1	1	60	19	2465	899	13	9	44.368202	4
4	1	1	1	61	0	375	546	2107	369	-1	
5	1	1	1	61	1	375	546	14	25	55.387115	@
5	1	1	1	61	2	407	561	36	17	29.051498	EB
5	1	1	1	61	3	479	572	89	28	4.453659	sha8
5	1	1	1	61	4	607	591	94	28	43.911915	Boge
5	1	1	1	61	5	785	622	12	10	82.426880	®
5	1	1	1	61	6	912	641	89	33	0.000000	F2Sp
5	1	1	1	61	7	1040	663	37	16	25.156586	yo
5	1	1	1	61	8	1093	676	14	12	38.839474	5
5	1	1	1	61	9	1190	691	38	22	45.367599	es
5	1	1	1	61	10	1266	706	13	10	75.599457	2
5	1	1	1	61	11	1343	725	16	6	0.000000	_
5	1	1	1	61	12	1469	736	11	12	94.504486	5
5	1	1	1	61	13	1540	740	21	30	38.052235	co
5	1	1	1	61	14	1746	788	38	13	34.054855	OE
5	1	1	1	61	15	1899	810	13	13	32.945160	SP
5	1	1	1	61	16	1952	818	10	9	57.502991	4
5	1	1	1	61	17	2053	836	12	12	50.666565	3
5	1	1	1	61	18	2105	846	89	19	8.892960	Been
5	1	1	1	61	19	2208	858	17	17	0.000000	d
5	1	1	1	61	20	2285	878	16	6	32.027458	pa
5	1	1	1	61	21	2414	900	38	13	50.934338	oo
5	1	1	1	61	22	2465	909	17	6	54.037403	2,
4	1	1	1	62	0	405	568	2077	362	-1	
5	1	1	1	62	1	405	568	41	19	52.017689	Ba)
5	1	1	1	62	2	479	584	41	14	0.000000	8
5	1	1	1	62	3	684	617	62	19	49.578392	SS»
5	1	1	1	62	4	836	643	38	13	42.559212	38
5	1	1	1	62	5	912	659	63	16	46.641964	588
5	1	1	1	62	6	1036	665	21	34	49.556332	Ea
5	1	1	1	62	7	1140	693	12	10	12.244034	@
5	1	1	1	62	8	1191	706	12	10	85.397247	§
5	1	1	1	62	9	1279	726	4	4	71.778336	.
5	1	1	1	62	10	1342	733	12	8	8.777237	ae
5	1	1	1	62	11	1393	732	42	22	36.220215	ae
5	1	1	1	62	12	1463	749	41	24	55.025940	Ry
5	1	1	1	62	13	1619	770	40	22	0.000000	+
5	1	1	1	62	14	1747	801	63	14	0.000000	“BE
5	1	1	1	62	15	1826	805	85	28	0.000000	RGo8
5	1	1	1	62	16	1951	828	39	12	0.000000	22
5	1	1	1	62	17	2003	843	15	5	0.000000	_
5	1	1	1	62	18	2053	849	12	13	69.465965	&
5	1	1	1	62	19	2083	847	59	25	38.945488	Boo
5	1	1	1	62	20	2182	865	14	17	0.000000	2
5	1	1	1	62	21	2208	871	37	14	0.000000	oe
5	1	1	1	62	22	2284	881	122	38	2.084305	s2eag%
5	1	1	1	62	23	2435	911	47	19	45.160542	te
4	1	1	1	63	0	375	580	2107	356	-1	
5	1	1	1	63	1	375	580	44	10	80.485214	a8
5	1	1	1	63	2	478	595	94	19	0.000000	ae,8
5	1	1	1	63	3	606	613	89	33	0.000000	Fees
5	1	1	1	63	4	710	630	87	25	0.000000	Sets
5	1	1	1	63	5	837	654	8	11	20.679047	3
5	1	1	1	63	6	860	643	19	36	66.360558	8,
5	1	1	1	63	7	963	675	38	12	27.696098	30
5	1	1	1	63	8	1039	688	13	10	46.704327	©
5	1	1	1	63	9	1070	687	33	24	79.891289	bp
5	1	1	1	63	10	1140	704	88	30	35.214401	B36
5	1	1	1	63	11	1266	725	13	16	0.000000	e
5	1	1	1	63	12	1392	753	38	12	13.478783	3
5	1	1	1	63	13	1544	780	11	9	0.000000	@
5	1	1	1	63	14	1619	781	17	12	64.594238	z
5	1	1	1	63	15	1772	808	113	39	0.000000	Feerze
5	1	1	1	63	16	1950	839	68	27	42.723064	age
5	1	1	1	63	17	2053	863	12	11	55.258564	§
5	1	1	1	63	18	2105	863	62	27	53.877926	Bes
5	1	1	1	63	19	2188	882	57	23	15.277649	zee
5	1	1	1	63	20	2285	897	40	14	41.314774	ba
5	1	1	1	63	21	2355	902	71	28	4.933662	Eee
5	1	1	1	63	22	2441	926	41	10	0.000000	SS
4	1	1	1	64	0	376	591	2101	365	-1	
5	1	1	1	64	1	376	591	72	22	56.621666	Pen
5	1	1	1	64	2	478	608	94	28	7.883293	geeo
5	1	1	1	64	3	606	624	69	33	29.107414	BEB
5	1	1	1	64	4	705	643	92	34	40.775646	Hoek
5	1	1	1	64	5	862	676	16	6	85.916862	&
5	1	1	1	64	6	912	678	89	26	48.236755	854°
5	1	1	1	64	7	1040	702	36	18	40.954674	aa
5	1	1	1	64	8	1136	725	15	13	79.917496	%
5	1	1	1	64	9	1190	730	43	14	0.000000	eS
5	1	1	1	64	10	1342	752	12	13	22.423317	®
5	1	1	1	64	11	1467	770	38	29	6.661285	28
5	1	1	1	64	12	1543	790	12	13	37.879936	2
5	1	1	1	64	13	1619	795	12	10	31.829330	a
5	1	1	1	64	14	1798	830	87	24	35.395981	goes
5	1	1	1	64	15	1899	826	17	41	0.000000	Rs
5	1	1	1	64	16	1972	854	41	23	73.986679	38
5	1	1	1	64	17	2054	868	88	35	47.907036	Rees
5	1	1	1	64	18	2181	896	64	19	34.056717	Lae
5	1	1	1	64	19	2284	912	42	10	6.692032	gS
5	1	1	1	64	20	2340	919	137	37	0.000000	RRSS5S
4	1	1	1	65	0	375	606	2101	370	-1	
5	1	1	1	65	1	375	606	73	23	29.367439	Boy
5	1	1	1	65	2	474	624	93	25	75.363312	dogg
5	1	1	1	65	3	606	649	12	11	74.462601	8
5	1	1	1	65	4	657	653	140	40	0.000000	37258
5	1	1	1	65	5	836	676	42	26	0.000000	Fe
5	1	1	1	65	6	937	694	38	24	34.692406	FS
5	1	1	1	65	7	986	690	15	38	47.308517	oe
5	1	1	1	65	8	1040	717	62	23	75.118713	Bae
5	1	1	1	65	9	1140	740	16	5	58.981125	os
5	1	1	1	65	10	1190	748	89	15	19.379951	Saf
5	1	1	1	65	11	1392	772	38	24	74.968674	$3
5	1	1	1	65	12	1467	792	12	11	42.426498	®
5	1	1	1	65	13	1539	793	16	32	0.000000	3)
5	1	1	1	65	14	1619	815	17	17	92.691071	Q
5	1	1	1	65	15	1772	836	89	27	4.501328	e858
5	1	1	1	65	16	1875	855	41	19	4.501328	38
5	1	1	1	65	17	1950	870	62	22	62.433197	ges
5	1	1	1	65	18	2053	885	145	37	31.326218	AFOossS
5	1	1	1	65	19	2233	915	12	10	69.538513	8
5	1	1	1	65	20	2283	920	121	40	0.000000	garehe
5	1	1	1	65	21	2439	957	37	19	7.164421	@y
4	1	1	1	66	0	376	618	2055	349	-1	
5	1	1	1	66	1	376	618	12	6	68.861771	£
5	1	1	1	66	2	684	672	16	6	49.419426	=
5	1	1	1	66	3	862	698	11	5	0.000000	o
5	1	1	1	66	4	989	719	11	12	62.749146	3
5	1	1	1	66	5	1139	747	12	11	39.657825	S
5	1	1	1	66	6	1216	761	16	12	56.443172	>
5	1	1	1	66	7	1341	775	13	11	0.000000	@
5	1	1	1	66	8	1393	785	11	12	48.017647	3
5	1	1	1	66	9	1467	804	16	8	63.339760	=
5	1	1	1	66	10	1540	802	20	32	17.383636	$-
5	1	1	1	66	11	1772	846	63	28	63.829311	ons
5	1	1	1	66	12	1899	872	16	6	0.000000	e
5	1	1	1	66	13	1975	889	38	12	30.178070	28
5	1	1	1	66	14	2053	894	68	32	34.588425	aoe,
5	1	1	1	66	15	2155	914	38	16	40.657444	ES
5	1	1	1	66	16	2209	923	36	15	40.657444	48
5	1	1	1	66	17	2284	938	63	23	7.872696	mee
5	1	1	1	66	18	2387	952	44	15	7.872696	ca.
4	1	1	1	67	0	375	626	2101	363	-1	
5	1	1	1	67	1	375	626	67	24	32.481323	Tag
5	1	1	1	67	2	474	645	93	26	0.000000	B25
5	1	1	1	67	3	606	662	196	42	0.000000	g§seeie8
5	1	1	1	67	4	836	695	41	35	71.952667	aod
5	1	1	1	67	5	911	710	90	35	57.362270	$288
5	1	1	1	67	6	1039	735	63	29	38.005047	gag
5	1	1	1	67	7	1135	758	15	13	90.237465	<
5	1	1	1	67	8	1190	760	37	25	6.830948	p82
5	1	1	1	67	9	1262	766	25	30	24.568954	ee}
5	1	1	1	67	10	1341	787	12	12	0.000000	<
5	1	1	1	67	11	1405	798	24	14	56.507462	2
5	1	1	1	67	12	1467	809	42	21	30.441963	tr
5	1	1	1	67	13	1618	834	12	11	70.464493	@
5	1	1	1	67	14	1797	870	13	8	3.126129	po
5	1	1	1	67	15	1844	864	67	26	3.126129	das
5	1	1	1	67	16	1976	901	40	10	0.000000	g&
5	1	1	1	67	17	2078	917	12	10	83.480606	g
5	1	1	1	67	18	2130	926	114	26	0.000000	2x88
5	1	1	1	67	19	2305	941	20	30	59.609856	pag
5	1	1	1	67	20	2360	958	87	31	0.000000	Seg
5	1	1	1	67	21	2464	979	12	9	0.000000	8
4	1	1	1	68	0	375	645	2105	355	-1	
5	1	1	1	68	1	375	645	15	7	21.622932	=
5	1	1	1	68	2	478	659	66	16	0.000000	aQa
5	1	1	1	68	3	632	686	11	13	96.155998	5
5	1	1	1	68	4	683	689	63	23	28.930626	mr
5	1	1	1	68	5	773	704	24	15	20.550400	as
5	1	1	1	68	6	912	732	88	26	0.000000	BSH
5	1	1	1	68	7	1039	747	37	25	48.082787	23
5	1	1	1	68	8	1189	780	12	10	29.134605	8
5	1	1	1	68	9	1266	792	17	5	39.908524	a
5	1	1	1	68	10	1341	800	16	17	0.000000	S
5	1	1	1	68	11	1392	808	37	15	46.527000	oe
5	1	1	1	68	12	1481	823	23	10	10.477402	re
5	1	1	1	68	13	1543	837	15	10	29.177460	oS
5	1	1	1	68	14	1615	838	15	32	33.208702	et
5	1	1	1	68	15	1767	870	98	31	0.000000	Eset
5	1	1	1	68	16	1893	895	18	13	0.000000	e
5	1	1	1	68	17	1950	904	62	20	75.075630	Bee
5	1	1	1	68	18	2053	923	16	5	29.271904	..
5	1	1	1	68	19	2103	927	94	25	0.000000	Sasx
5	1	1	1	68	20	2232	953	17	13	69.290329	a
5	1	1	1	68	21	2283	962	89	19	1.754105	>23s3
5	1	1	1	68	22	2413	982	67	18	29.767677	aad
4	1	1	1	69	0	375	652	2106	361	-1	
5	1	1	1	69	1	375	652	67	26	64.459923	B28
5	1	1	1	69	2	478	669	88	23	0.000000	gee
5	1	1	1	69	3	606	684	11	19	89.951775	§
5	1	1	1	69	4	656	695	16	22	27.153328	s
5	1	1	1	69	5	708	704	93	37	60.708843	BERS
5	1	1	1	69	6	831	723	42	26	65.324318	eo
5	1	1	1	69	7	911	748	12	9	71.737335	8
5	1	1	1	69	8	962	754	38	18	47.781441	eS
5	1	1	1	69	9	1039	765	62	23	26.933609	sé
5	1	1	1	69	10	1139	779	15	10	87.531937	<
5	1	1	1	69	11	1189	792	38	12	38.595119	ee
5	1	1	1	69	12	1265	799	18	20	32.536194	&
5	1	1	1	69	13	1342	818	17	11	57.704563	¢
5	1	1	1	69	14	1391	824	38	12	56.976059	na
5	1	1	1	69	15	1466	833	38	24	14.929077	Be
5	1	1	1	69	16	1618	858	15	21	73.540421	=
5	1	1	1	69	17	1772	884	42	24	45.691090	Ze
5	1	1	1	69	18	1847	903	63	20	13.573311	aoe
5	1	1	1	69	19	1949	912	63	32	66.361496	Bes
5	1	1	1	69	20	2053	931	88	26	0.000000	eee
5	1	1	1	69	21	2156	953	62	23	0.000000	gee
5	1	1	1	69	22	2331	976	67	26	4.178810	Seas
5	1	1	1	69	23	2439	1000	42	13	4.178810	8
4	1	1	1	70	0	375	667	2101	360	-1	
5	1	1	1	70	1	375	667	48	22	25.590714	S|
5	1	1	1	70	2	477	684	13	10	0.000000	3s
5	1	1	1	70	3	528	690	39	14	40.190727	Es
5	1	1	1	70	4	606	709	42	17	23.586479	235
5	1	1	1	70	5	682	712	63	33	69.592026	288
5	1	1	1	70	6	836	749	43	9	0.000000	g°
5	1	1	1	70	7	910	758	95	27	0.000000	foee
5	1	1	1	70	8	1038	773	38	24	60.062939	ga5
5	1	1	1	70	9	1138	790	18	24	15.045555	=
5	1	1	1	70	10	1190	804	37	24	35.444786	Ba
5	1	1	1	70	11	1265	821	12	10	45.318188	¢
5	1	1	1	70	12	1340	828	13	20	52.496254	&
5	1	1	1	70	13	1392	837	40	21	19.792755	25
5	1	1	1	70	14	1466	845	38	22	60.630341	By
5	1	1	1	70	15	1542	863	13	11	80.685242	§
5	1	1	1	70	16	1618	880	12	11	0.000000	§
5	1	1	1	70	17	1772	895	62	27	18.387978	sso
5	1	1	1	70	18	1852	921	59	14	31.614410	552
5	1	1	1	70	19	1949	934	63	17	0.000000	gEe
5	1	1	1	70	20	2052	950	43	17	15.911819	Fe
5	1	1	1	70	21	2129	957	35	26	3.822250	re
5	1	1	1	70	22	2180	974	67	33	3.822250	Sie
5	1	1	1	70	23	2278	979	43	23	92.981438	33
5	1	1	1	70	24	2361	999	37	24	0.000000	eB
5	1	1	1	70	25	2415	1003	61	24	0.000000	Ses
4	1	1	1	71	0	374	683	2107	358	-1	
5	1	1	1	71	1	374	683	67	21	48.863037	Bog
5	1	1	1	71	2	478	692	88	36	0.000000	Pata
5	1	1	1	71	3	605	723	140	33	0.000000	SeEEEE
5	1	1	1	71	4	761	742	38	25	42.086601	Sy
5	1	1	1	71	5	835	757	12	13	91.750961	<
5	1	1	1	71	6	910	768	64	23	24.797409	£°8
5	1	1	1	71	7	1034	797	43	12	39.008007	ot
5	1	1	1	71	8	1189	813	41	24	0.000000	5
5	1	1	1	71	9	1265	832	15	19	60.492615	4
5	1	1	1	71	10	1340	849	13	10	64.749100	o
5	1	1	1	71	11	1392	853	17	6	0.000000	B
5	1	1	1	71	12	1462	860	42	18	31.373642	S¢
5	1	1	1	71	13	1542	874	16	10	60.260059	8
5	1	1	1	71	14	1618	892	11	12	61.740147	$
5	1	1	1	71	15	1770	912	69	30	3.474434	BEE
5	1	1	1	71	16	1850	929	35	16	0.000000	Pe
5	1	1	1	71	17	1898	936	12	10	0.000000	8
5	1	1	1	71	18	1950	936	62	34	0.000000	ce-we
5	1	1	1	71	19	2052	961	171	42	0.000000	aS8s5992
5	1	1	1	71	20	2278	994	100	33	3.600685	Beg™
5	1	1	1	71	21	2413	1027	68	14	9.073524	ee
4	1	1	1	72	0	375	698	2104	360	-1	
5	1	1	1	72	1	375	698	66	16	28.490707	S03
5	1	1	1	72	2	631	740	89	20	18.729317	sEoR
5	1	1	1	72	3	835	770	17	18	0.000000	p
5	1	1	1	72	4	937	780	37	29	1.954727	as:
5	1	1	1	72	5	1063	808	38	20	53.468269	So
5	1	1	1	72	6	1214	839	12	10	80.099899	$
5	1	1	1	72	7	1387	860	41	26	26.249817	ey
5	1	1	1	72	8	1491	879	13	22	63.408947	3
5	1	1	1	72	9	1770	925	90	27	73.699005	S828
5	1	1	1	72	10	1898	948	12	10	0.000000	®
5	1	1	1	72	11	1949	956	68	23	40.107468	Bsc
5	1	1	1	72	12	2052	976	89	21	0.000000	gpa
5	1	1	1	72	13	2181	1001	16	5	69.979034	=
5	1	1	1	72	14	2208	997	41	17	21.894653	Dt
5	1	1	1	72	15	2283	1014	41	22	33.098579	Be
5	1	1	1	72	16	2360	1023	11	14	51.003422	5
5	1	1	1	72	17	2438	1031	41	27	28.400467	ge
4	1	1	1	73	0	374	695	2081	367	-1	
5	1	1	1	73	1	374	695	42	32	68.119171	+65
5	1	1	1	73	2	477	717	89	29	30.499176	Fae
5	1	1	1	73	3	606	737	92	34	0.000000	BSsé&s
5	1	1	1	73	4	732	758	66	32	20.665047	Bey
5	1	1	1	73	5	857	780	18	19	96.697464	+
5	1	1	1	73	6	910	792	89	26	27.605103	QapPs
5	1	1	1	73	7	1038	811	63	29	59.924969	$88
5	1	1	1	73	8	1138	832	68	22	38.198753	eg
5	1	1	1	73	9	1269	852	4	8	33.353188	i
5	1	1	1	73	10	1340	870	13	8	63.170708	2
5	1	1	1	73	11	1391	873	17	13	73.855560	>
5	1	1	1	73	12	1462	876	26	32	23.106796	=)
5	1	1	1	73	13	1543	894	16	13	93.074371	N
5	1	1	1	73	14	1617	915	18	12	82.393364	n
5	1	1	1	73	15	1770	935	31	17	5.425049	3°
5	1	1	1	73	16	1824	950	36	12	14.108620	SB
5	1	1	1	73	17	1875	948	35	20	14.108620	RS
5	1	1	1	73	18	1975	965	37	28	79.341736	Bg
5	1	1	1	73	19	2052	979	64	32	65.590340	5360
5	1	1	1	73	20	2180	1007	64	20	0.000000	ae
5	1	1	1	73	21	2282	1023	13	9	22.347572	5
5	1	1	1	73	22	2334	1036	38	11	0.000000	SS5
5	1	1	1	73	23	2412	1043	43	19	70.910416	ak
4	1	1	1	74	0	374	714	2102	363	-1	
5	1	1	1	74	1	374	717	13	11	0.000000	&
5	1	1	1	74	2	404	714	37	38	41.877945	mg
5	1	1	1	74	3	477	728	89	35	0.000000	aege
5	1	1	1	74	4	605	761	66	20	33.391182	See
5	1	1	1	74	5	696	771	73	19	42.828850	ORE
5	1	1	1	74	6	835	789	12	10	69.155396	g
5	1	1	1	74	7	910	803	64	23	31.322571	oe.
5	1	1	1	74	8	1038	830	41	13	0.000000	Zee
5	1	1	1	74	9	1188	850	38	24	63.802570	$e
5	1	1	1	74	10	1265	861	15	19	0.000000	&
5	1	1	1	74	11	1340	880	13	10	32.676384	8
5	1	1	1	74	12	1391	886	42	20	45.596268	FE
5	1	1	1	74	13	1466	897	37	19	75.958992	Ps
5	1	1	1	74	14	1542	909	17	14	37.644493	2
5	1	1	1	74	15	1617	928	12	11	24.927132	Og
5	1	1	1	74	16	1766	948	16	12	55.814877	3
5	1	1	1	74	17	1848	963	62	15	45.462219	gee
5	1	1	1	74	18	1949	978	42	14	45.756386	83.
5	1	1	1	74	19	2077	1002	59	15	34.981384	53
5	1	1	1	74	20	2159	1008	3	25	64.459686	|
5	1	1	1	74	21	2206	1026	43	18	81.547699	be
5	1	1	1	74	22	2282	1033	18	13	32.216782	8
5	1	1	1	74	23	2334	1048	41	11	0.000000	$e
5	1	1	1	74	24	2388	1047	88	30	0.000000	3a88
4	1	1	1	75	0	502	751	1973	337	-1	
5	1	1	1	75	1	502	751	67	22	20.599335	Saga
5	1	1	1	75	2	630	775	12	10	0.000000	@
5	1	1	1	75	3	681	782	36	12	55.405201	Be
5	1	1	1	75	4	733	792	11	13	40.017529	5
5	1	1	1	75	5	796	810	4	3	3.367172	-
5	1	1	1	75	6	834	801	41	22	44.344517	Boa
5	1	1	1	75	7	910	822	9	12	71.803741	©
5	1	1	1	75	8	929	812	19	31	76.012665	og
5	1	1	1	75	9	1038	843	61	19	54.214420	cad
5	1	1	1	75	10	1138	860	12	11	88.973068	5
5	1	1	1	75	11	1189	866	11	9	37.875195	3
5	1	1	1	75	12	1260	880	16	13	16.280869	g
5	1	1	1	75	13	1337	891	14	13	11.383888	€
5	1	1	1	75	14	1391	901	37	18	79.247780	oF
5	1	1	1	75	15	1466	911	29	11	36.282631	er
5	1	1	1	75	16	1613	940	15	13	64.603943	a
5	1	1	1	75	17	1771	962	93	23	27.449631	Foes
5	1	1	1	75	18	1898	989	11	8	39.410851	a
5	1	1	1	75	19	1949	989	62	18	36.813728	@&8¢
5	1	1	1	75	20	2051	1006	63	31	66.635880	ad
5	1	1	1	75	21	2128	1019	12	11	85.082634	8
5	1	1	1	75	22	2180	1025	40	31	40.791950	oP
5	1	1	1	75	23	2227	1047	8	4	50.725670	s
5	1	1	1	75	24	2308	1044	64	39	27.681839	a38
5	1	1	1	75	25	2463	1080	12	8	48.112885	a
4	1	1	1	76	0	373	736	2103	363	-1	
5	1	1	1	76	1	373	736	50	21	80.715607	eB
5	1	1	1	76	2	473	753	93	32	27.962982	Saas
5	1	1	1	76	3	604	776	13	10	35.017029	&
5	1	1	1	76	4	656	782	16	13	15.442390	Bo
5	1	1	1	76	5	708	795	35	22	0.000000	8e8
5	1	1	1	76	6	783	809	11	6	27.196419	|
5	1	1	1	76	7	936	838	12	9	31.948792	B
5	1	1	1	76	8	966	836	35	17	46.969700	by
5	1	1	1	76	9	1062	861	37	11	58.383453	83
5	1	1	1	76	10	1137	870	12	18	78.701050	2
5	1	1	1	76	11	1189	875	37	20	84.874481	38
5	1	1	1	76	12	1265	894	16	5	32.099426	se
5	1	1	1	76	13	1340	904	11	13	81.679993	4
5	1	1	1	76	14	1391	915	42	17	34.881134	BS
5	1	1	1	76	15	1466	921	15	18	64.275940	&
5	1	1	1	76	16	1766	975	94	27	0.000000	SEOs
5	1	1	1	76	17	1872	988	37	20	0.000000	Ox
5	1	1	1	76	18	1949	1003	66	14	42.389175	eee
5	1	1	1	76	19	2051	1026	43	11	35.880791	eS
5	1	1	1	76	20	2129	1031	11	13	34.192238	Bn
5	1	1	1	76	21	2180	1040	41	21	39.246387	ok
5	1	1	1	76	22	2282	1057	38	22	21.299782	BS
5	1	1	1	76	23	2333	1074	13	11	21.299782	3
5	1	1	1	76	24	2381	1077	95	22	33.239372	3488
4	1	1	1	77	0	374	752	2101	362	-1	
5	1	1	1	77	1	374	752	72	25	17.786598	Bro
5	1	1	1	77	2	476	775	13	9	0.000000	B
5	1	1	1	77	3	527	784	38	22	45.090988	wg
5	1	1	1	77	4	604	786	64	21	0.000000	#g8
5	1	1	1	77	5	684	802	40	24	50.434776	08
5	1	1	1	77	6	757	816	37	19	71.907150	pe
5	1	1	1	77	7	834	832	31	10	4.587776	oo.
5	1	1	1	77	8	909	843	64	20	37.681126	oak
5	1	1	1	77	9	1037	859	35	22	53.909081	£8
5	1	1	1	77	10	1088	873	12	11	78.454956	3
5	1	1	1	77	11	1138	890	16	5	39.516235	3.
5	1	1	1	77	12	1214	895	16	7	40.343277	5
5	1	1	1	77	13	1264	900	12	11	40.343277	Of
5	1	1	1	77	14	1340	919	12	9	28.578148	2
5	1	1	1	77	15	1391	921	17	13	0.452271	f
5	1	1	1	77	16	1541	948	13	11	39.715900	2
5	1	1	1	77	17	1617	954	12	12	36.421162	&
5	1	1	1	77	18	1796	990	113	30	18.527893	S2°88
5	1	1	1	77	19	1949	1010	67	24	39.288025	Re
5	1	1	1	77	20	2051	1037	38	14	0.000000	TI
5	1	1	1	77	21	2105	1045	35	14	0.000000	S8
5	1	1	1	77	22	2153	1050	13	9	4.137383	w
5	1	1	1	77	23	2193	1062	49	18	40.046600	a
5	1	1	1	77	24	2308	1079	64	17	84.576630	236
5	1	1	1	77	25	2411	1088	64	26	53.197895	Qag
4	1	1	1	78	0	370	751	2105	376	-1	
5	1	1	1	78	1	370	751	24	35	0.000000	EB.
5	1	1	1	78	2	402	769	14	11	5.196594	&
5	1	1	1	78	3	501	771	23	35	25.559265	os
5	1	1	1	78	4	605	806	37	10	24.657730	2%
5	1	1	1	78	5	681	813	37	15	13.181381	Be
5	1	1	1	78	6	732	826	17	17	13.181381	6
5	1	1	1	78	7	834	843	12	12	65.267563	3
5	1	1	1	78	8	909	854	65	20	46.356163	Sos
5	1	1	1	78	9	989	863	15	11	46.356163	x
5	1	1	1	78	10	1037	870	62	28	35.738968	Boe
5	1	1	1	78	11	1188	897	37	20	48.682022	25
5	1	1	1	78	12	1390	921	17	35	21.297188	cy
5	1	1	1	78	13	1465	950	12	14	94.632538	3
5	1	1	1	78	14	1541	960	13	13	21.844681	2
5	1	1	1	78	15	1617	968	12	10	44.075493	8
5	1	1	1	78	16	1769	998	39	18	43.325592	es
5	1	1	1	78	17	1872	1005	37	35	43.727665	B83
5	1	1	1	78	18	1948	1033	37	13	26.590515	eS
5	1	1	1	78	19	1999	1033	12	13	26.590515	5
5	1	1	1	78	20	2128	1057	94	30	12.588661	oe
5	1	1	1	78	21	2282	1080	38	15	55.739258	ge
5	1	1	1	78	22	2359	1093	41	31	36.358986	ge
5	1	1	1	78	23	2462	1115	13	12	15.863487	&
4	1	1	1	79	0	373	775	2107	360	-1	
5	1	1	1	79	1	373	775	67	14	26.606956	en)
5	1	1	1	79	2	477	785	81	27	24.468521	aac
5	1	1	1	79	3	629	816	89	26	76.604950	ages
5	1	1	1	79	4	757	838	38	26	74.300217	38
5	1	1	1	79	5	860	854	16	17	79.379242	4
5	1	1	1	79	6	909	857	69	35	31.960045	e383
5	1	1	1	79	7	1037	884	68	24	33.570091	e438
5	1	1	1	79	8	1138	897	11	13	73.885681	5
5	1	1	1	79	9	1188	910	88	22	27.781815	e263
5	1	1	1	79	10	1336	924	19	34	77.020485	ES
5	1	1	1	79	11	1391	945	43	20	40.473980	ea
5	1	1	1	79	12	1541	974	11	12	0.000000	s
5	1	1	1	79	13	1617	979	11	13	83.205681	5
5	1	1	1	79	14	1770	1011	38	15	51.003166	gs
5	1	1	1	79	15	1846	1010	63	34	50.897160	£33
5	1	1	1	79	16	1973	1047	38	13	41.688889	gs
5	1	1	1	79	17	2051	1050	65	35	56.876026	tag
5	1	1	1	79	18	2131	1068	60	20	11.047943	so»
5	1	1	1	79	19	2227	1070	21	34	9.135178	=a
5	1	1	1	79	20	2282	1092	63	19	62.944462	fog
5	1	1	1	79	21	2359	1108	12	8	64.144798	8
5	1	1	1	79	22	2411	1107	69	28	24.269745	BS.
4	1	1	1	80	0	374	788	2100	366	-1	
5	1	1	1	80	1	374	788	42	16	86.858986	Bg
5	1	1	1	80	2	476	793	17	31	0.000000	I}
5	1	1	1	80	3	523	806	16	26	78.810944	2
5	1	1	1	80	4	604	826	63	26	35.608078	Ses
5	1	1	1	80	5	686	841	33	13	32.695473	a3
5	1	1	1	80	6	737	844	32	21	23.631248	Oe
5	1	1	1	80	7	834	865	42	20	32.524658	a
5	1	1	1	80	8	914	878	33	18	37.788490	nO
5	1	1	1	80	9	1062	899	87	23	0.000000	Sow
5	1	1	1	80	10	1187	924	38	16	52.472122	go
5	1	1	1	80	11	1265	934	11	9	40.765247	&
5	1	1	1	80	12	1415	967	12	8	72.057068	a
5	1	1	1	80	13	1465	965	12	13	40.617336	8
5	1	1	1	80	14	1616	992	15	9	67.265999	+
5	1	1	1	80	15	1769	1025	39	14	29.157730	og
5	1	1	1	80	16	1823	1024	90	33	24.708473	Paes
5	1	1	1	80	17	1949	1054	11	10	41.068035	3
5	1	1	1	80	18	1973	1045	9	31	41.042782	3
5	1	1	1	80	19	1994	1057	17	11	67.698463	og
5	1	1	1	80	20	2073	1063	20	31	32.523270	ea
5	1	1	1	80	21	2128	1079	37	24	14.801117	BS
5	1	1	1	80	22	2179	1088	12	10	14.801117	9
5	1	1	1	80	23	2209	1088	34	24	20.716110	92
5	1	1	1	80	24	2282	1103	82	20	38.875816	R54!
5	1	1	1	80	25	2407	1123	19	31	10.405426	ao
5	1	1	1	80	26	2438	1135	36	14	26.824356	ot
4	1	1	1	81	0	402	798	2078	368	-1	
5	1	1	1	81	1	402	798	38	32	87.239716	Bg
5	1	1	1	81	2	476	812	37	21	60.179779	28
5	1	1	1	81	3	553	825	17	25	82.017700	=
5	1	1	1	81	4	604	846	37	14	59.228764	Os
5	1	1	1	81	5	680	853	64	18	0.000000	ages
5	1	1	1	81	6	782	873	12	12	0.000000	e
5	1	1	1	81	7	834	864	42	38	33.419144	Pas
5	1	1	1	81	8	909	887	89	29	13.482574	Pose
5	1	1	1	81	9	1037	909	62	25	46.351906	SEs
5	1	1	1	81	10	1138	931	16	10	0.000000	&
5	1	1	1	81	11	1188	934	37	20	78.342621	BS
5	1	1	1	81	12	1264	945	12	10	94.076920	3
5	1	1	1	81	13	1339	962	12	10	36.442486	3
5	1	1	1	81	14	1415	977	17	6	71.416046	5
5	1	1	1	81	15	1465	979	12	20	68.482872	3
5	1	1	1	81	16	1537	996	15	12	30.281822	8
5	1	1	1	81	17	1616	1010	17	17	23.975151	a
5	1	1	1	81	18	1791	1040	92	31	37.655418	Seo
5	1	1	1	81	19	1948	1064	63	15	42.652645	BB
5	1	1	1	81	20	2051	1082	37	13	68.000725	Ro
5	1	1	1	81	21	2108	1099	83	12	40.730053	SEES
5	1	1	1	81	22	2231	1113	16	13	90.976776	&
5	1	1	1	81	23	2281	1117	12	9	75.774574	8
5	1	1	1	81	24	2333	1122	90	32	50.973911	Bros
5	1	1	1	81	25	2462	1152	18	14	4.093468	N
4	1	1	1	82	0	373	813	2076	357	-1	
5	1	1	1	82	1	373	813	49	13	45.990734	aS
5	1	1	1	82	2	706	862	36	32	41.526264	Bas
5	1	1	1	82	3	755	862	17	32	41.928196	ot
5	1	1	1	82	4	833	890	38	12	80.505646	oa
5	1	1	1	82	5	908	904	13	11	62.417301	F
5	1	1	1	82	6	960	911	38	16	54.368328	§2
5	1	1	1	82	7	1037	920	37	19	47.730717	8
5	1	1	1	82	8	1187	955	38	9	13.977051	"&
5	1	1	1	82	9	1264	957	12	12	95.801430	6
5	1	1	1	82	10	1339	974	12	12	34.686523	©
5	1	1	1	82	11	1415	985	11	12	72.489212	3
5	1	1	1	82	12	1541	1009	11	9	53.946758	5
5	1	1	1	82	13	1769	1049	15	9	13.580627	SEE
5	1	1	1	82	14	1896	1068	13	12	21.648285	Q
5	1	1	1	82	15	1948	1076	63	22	11.278267	Zea
5	1	1	1	82	16	2128	1100	89	34	25.683662	BEES
5	1	1	1	82	17	2282	1128	167	42	0.000000	gSege35
4	1	1	1	83	0	372	817	2108	376	-1	
5	1	1	1	83	1	372	817	67	32	29.056145	2o75
5	1	1	1	83	2	476	834	94	32	43.232780	esis
5	1	1	1	83	3	603	854	69	29	69.925354	ess
5	1	1	1	83	4	731	878	17	31	16.294495	gt
5	1	1	1	83	5	758	885	35	13	29.860657	Ps
5	1	1	1	83	6	871	914	4	3	0.000000	;
5	1	1	1	83	7	908	911	44	25	59.892979	8a
5	1	1	1	83	8	986	928	17	13	37.061111	as
5	1	1	1	83	9	1036	936	12	10	42.547359	F
5	1	1	1	83	10	1088	943	16	18	40.906036	4
5	1	1	1	83	11	1136	940	13	22	53.438774	§
5	1	1	1	83	12	1212	965	18	17	67.691956	Q
5	1	1	1	83	13	1264	969	17	10	67.691956	*
5	1	1	1	83	14	1340	987	16	6	73.623215	5
5	1	1	1	83	15	1410	998	71	24	46.416111	af
5	1	1	1	83	16	1541	1020	12	10	62.228294	3
5	1	1	1	83	17	1615	1028	13	12	13.577393	®
5	1	1	1	83	18	1769	1055	94	27	0.000000	ogns
5	1	1	1	83	19	1947	1086	37	14	0.000000	5
5	1	1	1	83	20	2050	1097	63	24	0.000000	Ses
5	1	1	1	83	21	2126	1115	42	11	0.000000	ee
5	1	1	1	83	22	2200	1126	42	23	81.001068	do
5	1	1	1	83	23	2308	1143	120	27	0.000000	NEEoS
5	1	1	1	83	24	2458	1162	22	31	46.213421	my
4	1	1	1	84	0	1177	968	1271	216	-1	
5	1	1	1	84	1	1177	968	1	3	23.005341	.
5	1	1	1	84	2	1616	1041	17	6	47.476089	=
5	1	1	1	84	3	1791	1067	16	13	0.000000	@
5	1	1	1	84	4	1846	1077	17	14	41.098843	3
5	1	1	1	84	5	1896	1080	13	23	67.546707	$
5	1	1	1	84	6	1948	1101	16	5	40.275681	="
5	1	1	1	84	7	2075	1115	38	20	78.252892	og
5	1	1	1	84	8	2180	1136	16	6	14.292496	ao
5	1	1	1	84	9	2281	1149	12	13	32.420624	&
5	1	1	1	84	10	2333	1161	115	23	0.000000	stoeg?
4	1	1	1	85	0	372	840	2108	364	-1	
5	1	1	1	85	1	372	840	68	26	33.209846	8Bo
5	1	1	1	85	2	472	856	97	26	0.000000	385
5	1	1	1	85	3	604	880	11	19	81.317345	3
5	1	1	1	85	4	654	873	139	56	24.806488	aes:
5	1	1	1	85	5	833	911	38	22	24.594269	Be
5	1	1	1	85	6	931	921	73	42	29.051468	aed
5	1	1	1	85	7	1036	948	63	24	62.564514	eye
5	1	1	1	85	8	1136	964	16	19	59.969795	3
5	1	1	1	85	9	1213	984	63	15	46.963722	9
5	1	1	1	85	10	1339	993	12	24	0.000000	e
5	1	1	1	85	11	1464	1023	12	12	49.174610	§
5	1	1	1	85	12	1540	1031	12	23	51.027065	4
5	1	1	1	85	13	1616	1048	12	10	0.000000	S
5	1	1	1	85	14	1816	1080	67	25	0.000000	ae
5	1	1	1	85	15	1947	1107	63	15	8.295807	Ze
5	1	1	1	85	16	2051	1119	36	22	48.410828	38
5	1	1	1	85	17	2126	1134	116	27	0.000000	Sgase
5	1	1	1	85	18	2280	1159	65	26	55.742229	NS
5	1	1	1	85	19	2360	1172	41	14	22.407776	oo
5	1	1	1	85	20	2437	1186	43	18	16.153404	xn
4	1	1	1	86	0	372	848	2077	371	-1	
5	1	1	1	86	1	372	848	68	35	3.446854	gs'8
5	1	1	1	86	2	475	870	38	21	52.471519	oa
5	1	1	1	86	3	531	877	40	23	38.898972	57
5	1	1	1	86	4	604	892	36	14	50.727371	ae."
5	1	1	1	86	5	680	908	38	17	14.951393	BB
5	1	1	1	86	6	756	919	37	20	44.297081	SB
5	1	1	1	86	7	833	928	42	24	80.171524	ES
5	1	1	1	86	8	905	936	97	37	51.387463	Byes
5	1	1	1	86	9	1061	972	43	13	76.670135	oF
5	1	1	1	86	10	1137	985	10	4	76.670135	&
5	1	1	1	86	11	1207	1001	24	7	14.698647	a
5	1	1	1	86	12	1339	1019	16	6	85.344452	=
5	1	1	1	86	13	1415	1020	17	17	31.433937	#
5	1	1	1	86	14	1464	1042	12	11	65.533401	2
5	1	1	1	86	15	1615	1051	17	35	23.786842	it
5	1	1	1	86	16	1764	1082	144	37	9.198914	Sgeris
5	1	1	1	86	17	1947	1117	67	25	40.633545	Pag
5	1	1	1	86	18	2050	1134	63	18	12.046860	See
5	1	1	1	86	19	2128	1144	118	34	0.000000	rreee
5	1	1	1	86	20	2280	1172	44	18	21.248817	a
5	1	1	1	86	21	2357	1182	92	37	2.124100	pines
4	1	1	1	87	0	372	862	2105	375	-1	
5	1	1	1	87	1	372	862	24	47	60.395397	2,
5	1	1	1	87	2	418	877	21	28	45.313980	8
5	1	1	1	87	3	500	890	64	28	22.899780	Ege
5	1	1	1	87	4	603	907	42	12	32.629539	aa
5	1	1	1	87	5	680	923	66	12	0.000000	grr
5	1	1	1	87	6	758	933	40	20	0.000000	ee
5	1	1	1	87	7	833	943	37	20	5.603569	$e
5	1	1	1	87	8	908	959	12	12	29.899643	43
5	1	1	1	87	9	960	972	37	14	65.793365	o8
5	1	1	1	87	10	1036	976	63	22	58.053864	£88
5	1	1	1	87	11	1262	1020	12	15	67.932785	R
5	1	1	1	87	12	1338	1026	12	13	2.057121	§
5	1	1	1	87	13	1414	1037	67	27	31.965317	eS
5	1	1	1	87	14	1540	1063	15	9	32.695053	a
5	1	1	1	87	15	1615	1074	17	20	69.491669	=
5	1	1	1	87	16	1768	1106	11	13	0.000000	Baw
5	1	1	1	87	17	1895	1123	16	9	42.600647	ses
5	1	1	1	87	18	1947	1137	62	19	49.520092	eos
5	1	1	1	87	19	2049	1146	64	27	0.000000	aah
5	1	1	1	87	20	2126	1159	13	10	0.000000	e
5	1	1	1	87	21	2179	1169	67	18	21.314102	BSE:
5	1	1	1	87	22	2280	1191	70	20	42.445526	Oak
5	1	1	1	87	23	2384	1206	64	24	52.970909	Beg
5	1	1	1	87	24	2461	1202	16	35	8.452682	3h
4	1	1	1	88	0	371	881	2082	365	-1	
5	1	1	1	88	1	371	881	14	10	40.458794	a
5	1	1	1	88	2	475	894	17	12	9.992294	ba
5	1	1	1	88	3	527	904	42	20	9.992294	gz
5	1	1	1	88	4	602	917	67	23	0.000000	Bo+
5	1	1	1	88	5	755	944	43	15	70.312286	eo
5	1	1	1	88	6	833	958	37	17	48.593670	#8
5	1	1	1	88	7	908	969	44	16	93.912041	38
5	1	1	1	88	8	985	986	15	10	59.450191	+
5	1	1	1	88	9	1036	995	62	14	67.733902	392
5	1	1	1	88	10	1212	1015	11	15	84.028992	Q
5	1	1	1	88	11	1338	1040	13	9	55.230606	a
5	1	1	1	88	12	1415	1049	16	12	66.950912	x
5	1	1	1	88	13	1541	1074	16	12	82.196411	>
5	1	1	1	88	14	1794	1107	37	32	45.675980	Ada
5	1	1	1	88	15	1870	1129	42	18	46.583931	Sr
5	1	1	1	88	16	1947	1146	40	12	36.019737	mt
5	1	1	1	88	17	2100	1170	13	11	53.312412	@
5	1	1	1	88	18	2128	1177	36	10	20.429581	ng
5	1	1	1	88	19	2204	1187	37	14	47.485851	es
5	1	1	1	88	20	2306	1199	38	17	0.000000	ga
5	1	1	1	88	21	2384	1204	17	28	36.246246	5
5	1	1	1	88	22	2432	1214	21	32	0.000000	=.
4	1	1	1	89	0	372	892	2106	361	-1	
5	1	1	1	89	1	372	892	72	19	56.781181	Boa
5	1	1	1	89	2	475	902	61	23	41.095665	eda
5	1	1	1	89	3	549	898	19	41	31.831924	2.
5	1	1	1	89	4	602	928	42	14	10.114716	Be
5	1	1	1	89	5	679	935	36	20	16.790543	Be
5	1	1	1	89	6	730	946	36	18	16.790543	28
5	1	1	1	89	7	781	955	12	19	61.650024	2
5	1	1	1	89	8	857	976	13	12	26.423027	eB
5	1	1	1	89	9	908	985	64	16	61.444935	35
5	1	1	1	89	10	1036	1002	67	23	40.580475	Boe
5	1	1	1	89	11	1206	1035	24	7	31.388962	+
5	1	1	1	89	12	1272	1041	8	5	0.000000	*
5	1	1	1	89	13	1414	1062	61	22	50.043850	fog
5	1	1	1	89	14	1540	1088	12	11	8.343651	®
5	1	1	1	89	15	1615	1095	12	9	94.699425	a
5	1	1	1	89	16	1768	1121	12	10	45.565521	g
5	1	1	1	89	17	1820	1132	88	27	0.000000	oRSF
5	1	1	1	89	18	1947	1157	63	15	15.828468	S53
5	1	1	1	89	19	2049	1166	145	35	0.247879	gsare8
5	1	1	1	89	20	2229	1201	13	10	31.293884	2
5	1	1	1	89	21	2280	1210	63	18	0.000000	BSB
5	1	1	1	89	22	2357	1223	42	19	0.000000	se
5	1	1	1	89	23	2436	1236	42	17	60.007111	By
4	1	1	1	90	0	371	900	2107	367	-1	
5	1	1	1	90	1	371	900	68	23	20.311028	Sas
5	1	1	1	90	2	475	920	17	13	59.556137	>
5	1	1	1	90	3	525	931	44	18	29.859932	es
5	1	1	1	90	4	603	940	164	37	0.000000	e8+2898
5	1	1	1	90	5	832	970	16	18	59.897514	+
5	1	1	1	90	6	960	1003	42	17	0.000000	ng
5	1	1	1	90	7	1061	1015	42	18	19.260086	ao
5	1	1	1	90	8	1212	1046	63	10	35.929855	oF
5	1	1	1	90	9	1334	1060	16	13	0.000000	%
5	1	1	1	90	10	1414	1074	12	12	19.951523	g
5	1	1	1	90	11	1464	1085	11	10	53.632298	3
5	1	1	1	90	12	1611	1099	21	31	38.644363	ro
5	1	1	1	90	13	1768	1132	39	17	7.793961	oe
5	1	1	1	90	14	1844	1140	20	31	56.899548	=.
5	1	1	1	90	15	1870	1140	22	31	53.849899	3,
5	1	1	1	90	16	1971	1171	43	15	37.083775	oR
5	1	1	1	90	17	2075	1185	63	25	0.000000	oe3
5	1	1	1	90	18	2177	1207	65	14	32.346664	ong
5	1	1	1	90	19	2280	1222	142	33	0.000000	REESE
5	1	1	1	90	20	2436	1252	13	6	26.033035	S
5	1	1	1	90	21	2462	1254	16	13	43.251900	3
4	1	1	1	91	0	371	910	2077	361	-1	
5	1	1	1	91	1	371	910	18	9	76.777664	&
5	1	1	1	91	2	425	923	17	9	46.455730	8
5	1	1	1	91	3	475	934	63	19	38.351063	ate
5	1	1	1	91	4	602	953	38	11	0.000000	o&
5	1	1	1	91	5	679	963	114	28	34.208458	48485
5	1	1	1	91	6	857	989	63	24	53.911316	Boo
5	1	1	1	91	7	1035	1024	35	15	31.164673	of
5	1	1	1	91	8	1085	1035	13	9	81.432571	&
5	1	1	1	91	9	1262	1067	17	5	0.000000	“
5	1	1	1	91	10	1338	1074	11	9	29.423645	a
5	1	1	1	91	11	1414	1087	62	20	11.804619	£3
5	1	1	1	91	12	1539	1108	13	10	29.325348	°
5	1	1	1	91	13	1615	1122	11	11	88.271912	3
5	1	1	1	91	14	1768	1142	88	34	0.000000	Beak
5	1	1	1	91	15	1896	1170	62	22	76.297165	Bog
5	1	1	1	91	16	2045	1188	119	34	0.000000	Boss
5	1	1	1	91	17	2306	1241	68	15	64.906685	ae
5	1	1	1	91	18	2358	1235	38	40	25.400452	bp
5	1	1	1	91	19	2412	1258	9	5	65.156349	&
5	1	1	1	91	20	2435	1258	13	13	18.642815	5
4	1	1	1	92	0	371	920	2102	359	-1	
5	1	1	1	92	1	371	920	68	25	67.516220	Seg
5	1	1	1	92	2	470	941	97	27	26.763588	oor
5	1	1	1	92	3	679	976	13	10	74.447197	3
5	1	1	1	92	4	755	987	38	15	8.652199	S2@
5	1	1	1	92	5	832	998	38	13	93.057556	of
5	1	1	1	92	6	908	1009	93	27	12.106628	mao
5	1	1	1	92	7	1061	1040	11	13	49.714127	5
5	1	1	1	92	8	1212	1064	61	22	48.863495	35
5	1	1	1	92	9	1338	1084	12	11	89.885643	3
5	1	1	1	92	10	1414	1097	16	13	74.788696	s
5	1	1	1	92	11	1459	1108	16	13	33.423103	8
5	1	1	1	92	12	1539	1120	13	11	62.306656	8
5	1	1	1	92	13	1615	1135	11	8	0.000000	g
5	1	1	1	92	14	1794	1159	16	34	0.000000	GS
5	1	1	1	92	15	1821	1169	87	20	0.000000	meer
5	1	1	1	92	16	1971	1186	41	18	44.616005	Se
5	1	1	1	92	17	2049	1201	38	23	24.688278	Ee
5	1	1	1	92	18	2100	1211	12	13	34.427322	5
5	1	1	1	92	19	2178	1220	37	25	25.754555	BB
5	1	1	1	92	20	2228	1231	13	12	25.754555	o
5	1	1	1	92	21	2279	1237	15	12	25.889847	5
5	1	1	1	92	22	2306	1247	38	16	32.245796	ae
5	1	1	1	92	23	2359	1257	12	13	51.070961	&
5	1	1	1	92	24	2385	1251	37	22	42.601540	po
5	1	1	1	92	25	2461	1268	12	11	51.222404	g
4	1	1	1	93	0	371	926	2102	379	-1	
5	1	1	1	93	1	371	926	67	34	30.362938	BRS
5	1	1	1	93	2	525	963	44	19	47.988987	as
5	1	1	1	93	3	602	972	68	17	29.128143	Pee
5	1	1	1	93	4	688	987	29	12	0.000000	Se
5	1	1	1	93	5	740	990	53	23	28.318062	EB
5	1	1	1	93	6	832	1009	38	14	71.914192	oo
5	1	1	1	93	7	934	1029	56	19	51.473000	Res
5	1	1	1	93	8	1035	1040	12	10	47.759224	@
5	1	1	1	93	9	1085	1052	16	9	42.673065	t
5	1	1	1	93	10	1258	1073	16	31	0.000000	rs
5	1	1	1	93	11	1337	1098	13	11	72.890854	3
5	1	1	1	93	12	1413	1111	62	22	27.713860	v8
5	1	1	1	93	13	1540	1132	11	13	94.818474	5
5	1	1	1	93	14	1819	1176	37	12	44.345520	a5
5	1	1	1	93	15	1874	1172	33	34	36.607704	O28
5	1	1	1	93	16	1946	1194	63	26	47.454880	Bas
5	1	1	1	93	17	2049	1215	114	28	27.054916	#60588
5	1	1	1	93	18	2228	1244	12	13	39.761299	&
5	1	1	1	93	19	2409	1273	38	19	0.000000	&P
5	1	1	1	93	20	2456	1269	17	36	44.810719	oO
4	1	1	1	94	0	371	945	2101	369	-1	
5	1	1	1	94	1	371	945	14	10	19.158493	—
5	1	1	1	94	2	400	952	14	35	37.093544	8
5	1	1	1	94	3	474	963	89	30	0.000000	TRSR
5	1	1	1	94	4	602	980	62	29	72.433739	235
5	1	1	1	94	5	704	1000	93	30	32.184402	S338
5	1	1	1	94	6	832	1022	42	18	13.983444	Bo
5	1	1	1	94	7	908	1031	63	28	60.886627	SEE
5	1	1	1	94	8	1034	1053	64	31	0.000000	2o0e
5	1	1	1	94	9	1211	1081	17	13	0.000000	F
5	1	1	1	94	10	1262	1100	12	11	60.111649	3
5	1	1	1	94	11	1338	1101	20	31	37.067566	he
5	1	1	1	94	12	1463	1135	11	9	42.076027	5
5	1	1	1	94	13	1538	1146	13	9	58.020485	a
5	1	1	1	94	14	1615	1145	11	19	66.505157	B
5	1	1	1	94	15	1768	1172	37	25	14.059753	a2
5	1	1	1	94	16	1823	1187	87	28	14.059753	5828
5	1	1	1	94	17	1946	1207	30	17	88.472961	BS
5	1	1	1	94	18	2048	1222	38	24	0.000000	SS
5	1	1	1	94	19	2102	1234	138	34	0.000000	peeege
5	1	1	1	94	20	2280	1260	115	41	29.801620	grees
5	1	1	1	94	21	2418	1286	54	28	22.909790	ses
4	1	1	1	95	0	364	962	2088	367	-1	
5	1	1	1	95	1	364	962	74	24	0.000000	>be
5	1	1	1	95	2	474	978	68	23	56.351341	one
5	1	1	1	95	3	602	993	11	13	76.051743	§
5	1	1	1	95	4	653	1008	63	25	21.139793	BRR
5	1	1	1	95	5	731	1023	28	17	0.000000	e°
5	1	1	1	95	6	780	1032	13	11	0.000000	&
5	1	1	1	95	7	832	1036	40	16	47.657681	a
5	1	1	1	95	8	908	1048	89	25	45.042210	Bobo
5	1	1	1	95	9	1034	1071	67	25	35.117050	S°R
5	1	1	1	95	10	1211	1095	12	22	0.266876	&
5	1	1	1	95	11	1337	1128	13	11	80.688705	°
5	1	1	1	95	12	1414	1132	11	12	32.700378	3
5	1	1	1	95	13	1538	1156	18	16	44.651253	x
5	1	1	1	95	14	1614	1166	17	18	59.623383	2
5	1	1	1	95	15	1767	1193	114	33	9.924995	BaSay
5	1	1	1	95	16	1898	1220	13	10	0.000000	s
5	1	1	1	95	17	1945	1222	63	24	38.224281	|
5	1	1	1	95	18	2074	1247	87	24	11.307358	S825
5	1	1	1	95	19	2177	1268	13	10	11.307358	9
5	1	1	1	95	20	2279	1281	90	24	38.572945	8078
5	1	1	1	95	21	2409	1294	43	35	5.536697	“gs
4	1	1	1	96	0	499	993	2050	357	-1	
5	1	1	1	96	1	499	993	38	20	32.039101	a8
5	1	1	1	96	2	551	1002	17	25	15.370865	¢
5	1	1	1	96	3	602	1007	114	33	46.334900	Brees
5	1	1	1	96	4	780	1045	89	17	35.166389	BOBS
5	1	1	1	96	5	959	1072	38	16	17.602371	aS
5	1	1	1	96	6	1034	1084	68	27	20.364967	Boe
5	1	1	1	96	7	1262	1126	12	9	0.000000	B
5	1	1	1	96	8	1337	1140	17	10	0.000000	S
5	1	1	1	96	9	1413	1145	12	12	31.023056	S
5	1	1	1	96	10	1538	1173	16	9	25.413712	2
5	1	1	1	96	11	1615	1185	15	6	50.776730	=
5	1	1	1	96	12	1767	1206	39	13	36.823658	ee
5	1	1	1	96	13	1820	1218	37	13	36.823658	oS
5	1	1	1	96	14	1874	1227	37	17	29.964333	Be
5	1	1	1	96	15	1945	1234	43	23	77.749023	ay
5	1	1	1	96	16	2048	1253	141	37	0.000000	poaees
5	1	1	1	96	17	2204	1275	36	16	0.000000	oe
5	1	1	1	96	18	2279	1294	115	27	64.310791	Snead
5	1	1	1	96	19	2435	1323	37	17	15.630524	Bg
5	1	1	1	96	20	2547	1348	2	2	32.513161	;
4	1	1	1	97	0	370	977	2179	378	-1	
5	1	1	1	97	1	370	977	73	33	57.298721	Gos
5	1	1	1	97	2	473	997	67	27	0.000000	ga8
5	1	1	1	97	3	601	1021	38	26	33.800354	an
5	1	1	1	97	4	678	1041	68	17	59.926128	Sot
5	1	1	1	97	5	831	1063	37	20	52.633217	ty
5	1	1	1	97	6	903	1069	42	23	39.037243	Sc
5	1	1	1	97	7	963	1083	33	21	43.628693	Bs
5	1	1	1	97	8	1035	1104	62	20	35.185455	58g
5	1	1	1	97	9	1210	1127	18	16	16.356598	ae
5	1	1	1	97	10	1261	1136	17	16	63.144863	2
5	1	1	1	97	11	1412	1158	67	25	36.193611	Bo
5	1	1	1	97	12	1538	1183	13	11	0.000000	o
5	1	1	1	97	13	1614	1193	12	8	1.232872	@
5	1	1	1	97	14	1766	1220	39	13	25.145042	oD
5	1	1	1	97	15	1869	1234	41	23	46.138157	ss
5	1	1	1	97	16	1945	1247	68	25	54.103069	Soe
5	1	1	1	97	17	2048	1266	139	38	8.169403	E3583
5	1	1	1	97	18	2204	1288	36	25	38.231922	ey
5	1	1	1	97	19	2279	1303	63	22	31.311028	Sars
5	1	1	1	97	20	2382	1323	13	10	0.000000	B
5	1	1	1	97	21	2434	1332	39	21	53.401802	ag
5	1	1	1	97	22	2547	1351	2	4	4.820557	:
4	1	1	1	98	0	396	988	2076	378	-1	
5	1	1	1	98	1	396	988	23	37	48.133781	ES
5	1	1	1	98	2	652	1047	94	18	0.000000	S3e5
5	1	1	1	98	3	779	1066	13	12	32.736572	5
5	1	1	1	98	4	831	1074	13	10	43.614788	8
5	1	1	1	98	5	903	1092	42	13	67.215958	Zo
5	1	1	1	98	6	1034	1111	37	18	38.455471	ae
5	1	1	1	98	7	1261	1152	15	10	42.631794	g
5	1	1	1	98	8	1337	1159	17	15	47.596725	5S
5	1	1	1	98	9	1412	1168	16	21	62.167587	8
5	1	1	1	98	10	1463	1179	11	18	62.608112	5
5	1	1	1	98	11	1539	1195	11	12	72.459404	3
5	1	1	1	98	12	1614	1203	11	19	76.142624	3
5	1	1	1	98	13	1766	1232	17	16	68.077034	a
5	1	1	1	98	14	1801	1231	79	25	41.323910	sons
5	1	1	1	98	15	1983	1273	25	10	36.840977	re
5	1	1	1	98	16	2048	1276	88	24	42.771103	8358
5	1	1	1	98	17	2177	1301	42	17	21.027596	ER
5	1	1	1	98	18	2279	1316	115	40	0.000000	ZeEReg
5	1	1	1	98	19	2459	1353	13	13	39.306892	£
4	1	1	1	99	0	370	1010	2076	353	-1	
5	1	1	1	99	1	370	1010	67	24	0.000000	SPe
5	1	1	1	99	2	473	1024	95	31	10.264656	ror
5	1	1	1	99	3	601	1043	89	31	0.000000	838s
5	1	1	1	99	4	703	1066	38	9	0.000000	e5
5	1	1	1	99	5	780	1079	17	9	0.000000	o
5	1	1	1	99	6	832	1085	43	17	36.031746	Bo
5	1	1	1	99	7	932	1107	13	12	18.689415	2
5	1	1	1	99	8	959	1105	36	17	18.689415	ey
5	1	1	1	99	9	1034	1117	63	31	33.803375	ome)
5	1	1	1	99	10	1261	1163	12	10	44.802364	®
5	1	1	1	99	11	1413	1191	16	6	29.431198	Sa
5	1	1	1	99	12	1538	1210	12	9	70.410851	8
5	1	1	1	99	13	1609	1224	9	5	57.607117	+
5	1	1	1	99	14	1793	1254	112	27	0.000000	Boe
5	1	1	1	99	15	1945	1264	38	25	0.000000	5b
5	1	1	1	99	16	2047	1288	13	10	9.825447	g
5	1	1	1	99	17	2099	1297	92	37	36.016060	PQ2oR
5	1	1	1	99	18	2206	1315	33	13	56.874832	BS
5	1	1	1	99	19	2330	1339	38	11	57.098461	ge
5	1	1	1	99	20	2434	1352	12	11	68.671364	3
4	1	1	1	100	0	473	1039	2003	338	-1	
5	1	1	1	100	1	473	1039	38	20	40.929382	3
5	1	1	1	100	2	602	1056	40	18	60.314796	BS
5	1	1	1	100	3	703	1076	41	16	14.319489	oe
5	1	1	1	100	4	831	1099	41	15	44.221188	LN
5	1	1	1	100	5	901	1108	24	7	0.000000	SBS
5	1	1	1	100	6	959	1117	36	14	0.000000	y
5	1	1	1	100	7	1034	1137	68	14	30.282982	ZAR
5	1	1	1	100	8	1210	1152	17	24	62.312073	3
5	1	1	1	100	9	1333	1168	15	38	39.759823	E}
5	1	1	1	100	10	1412	1198	61	20	5.504387	ss
5	1	1	1	100	11	1766	1252	64	26	0.000000	e38
5	1	1	1	100	12	1894	1281	12	10	81.260483	4
5	1	1	1	100	13	1983	1292	25	12	44.690544	eB
5	1	1	1	100	14	2048	1299	11	13	63.099239	8
5	1	1	1	100	15	2074	1304	16	17	31.572174	3
5	1	1	1	100	16	2120	1312	120	29	0.000000	SSao9
5	1	1	1	100	17	2279	1336	120	30	1.984444	oeaes
5	1	1	1	100	18	2430	1364	46	13	37.951015	OE
4	1	1	1	101	0	371	1026	2105	361	-1	
5	1	1	1	101	1	371	1026	66	30	57.863674	3-8
5	1	1	1	101	2	473	1050	89	16	0.000000	aeao5
5	1	1	1	101	3	627	1074	63	18	9.804184	Bea
5	1	1	1	101	4	728	1094	13	10	9.804184	ce
5	1	1	1	101	5	827	1110	48	13	28.527390	gy
5	1	1	1	101	6	907	1119	89	25	0.000000	Nag
5	1	1	1	101	7	1034	1145	12	10	21.802063	®
5	1	1	1	101	8	1058	1147	14	10	72.240463	>
5	1	1	1	101	9	1211	1178	16	5	77.010185	=
5	1	1	1	101	10	1261	1175	12	12	68.723526	5
5	1	1	1	101	11	1462	1220	12	8	72.403381	5
5	1	1	1	101	12	1534	1220	15	13	0.000000	«
5	1	1	1	101	13	1843	1265	43	32	41.968758	ath
5	1	1	1	101	14	1945	1291	62	26	37.426445	eB
5	1	1	1	101	15	2047	1313	55	14	58.123825	ad?
5	1	1	1	101	16	2227	1343	12	8	73.393845	@
5	1	1	1	101	17	2279	1351	38	13	43.922077	33
5	1	1	1	101	18	2356	1360	38	19	85.942947	Re
5	1	1	1	101	19	2434	1375	42	12	66.763657	UE
4	1	1	1	102	0	370	1049	2106	361	-1	
5	1	1	1	102	1	370	1049	66	13	11.304077	Eo
5	1	1	1	102	2	498	1060	37	24	34.551270	os
5	1	1	1	102	3	601	1079	119	31	0.000000	eee
5	1	1	1	102	4	779	1105	17	20	38.737778	a
5	1	1	1	102	5	869	1134	76	16	6.836861	ak
5	1	1	1	102	6	983	1144	12	12	9.462395	ee)
5	1	1	1	102	7	1058	1159	45	18	51.823772	aa
5	1	1	1	102	8	1211	1185	16	5	56.688881	=
5	1	1	1	102	9	1260	1190	13	10	47.672913	8
5	1	1	1	102	10	1329	1191	22	32	4.381516	3%
5	1	1	1	102	11	1413	1210	53	25	14.534210	59
5	1	1	1	102	12	1537	1241	13	12	0.000000	°
5	1	1	1	102	13	1613	1240	13	21	41.063850	g
5	1	1	1	102	14	1724	1269	2	3	14.851265	.
5	1	1	1	102	15	1767	1267	139	52	20.803925	egress
5	1	1	1	102	16	1945	1305	34	9	42.891914	go
5	1	1	1	102	17	1994	1317	13	14	37.888622	8
5	1	1	1	102	18	2048	1322	42	13	27.319328	ao
5	1	1	1	102	19	2124	1330	120	45	19.949997	wares
5	1	1	1	102	20	2278	1364	119	24	0.000000	Prohe
5	1	1	1	102	21	2435	1388	41	22	39.357544	So
4	1	1	1	103	0	370	1057	2101	365	-1	
5	1	1	1	103	1	370	1057	67	17	43.481098	Sa
5	1	1	1	103	2	473	1072	63	23	62.571083	Ros
5	1	1	1	103	3	553	1074	14	25	36.410286	s
5	1	1	1	103	4	626	1096	117	40	34.908508	eases
5	1	1	1	103	5	779	1126	12	9	63.977680	a
5	1	1	1	103	6	830	1132	38	29	46.728493	28
5	1	1	1	103	7	903	1152	8	11	13.628273	a
5	1	1	1	103	8	934	1146	61	21	0.000000	Fag
5	1	1	1	103	9	1033	1163	67	28	63.704712	Sok
5	1	1	1	103	10	1209	1200	17	12	91.197800	a
5	1	1	1	103	11	1256	1200	16	17	64.773682	&
5	1	1	1	103	12	1332	1219	16	13	21.453537	€
5	1	1	1	103	13	1406	1236	71	18	19.142647	Lae
5	1	1	1	103	14	1538	1254	17	10	38.391068	a
5	1	1	1	103	15	1765	1290	140	33	0.000000	2ego58
5	1	1	1	103	16	1940	1312	47	26	69.376358	ao
5	1	1	1	103	17	2047	1331	95	37	0.000000	mRSOn
5	1	1	1	103	18	2176	1366	37	11	12.878281	“3
5	1	1	1	103	19	2227	1372	12	9	81.237450	&
5	1	1	1	103	20	2278	1373	120	31	13.645248	ease
5	1	1	1	103	21	2434	1395	37	27	76.434143	58
4	1	1	1	104	0	364	1072	2110	367	-1	
5	1	1	1	104	1	364	1072	73	14	45.554310	Rao
5	1	1	1	104	2	497	1093	70	21	1.614136	Sse
5	1	1	1	104	3	600	1102	90	35	0.000000	fae
5	1	1	1	104	4	728	1129	17	14	53.584702	8
5	1	1	1	104	5	774	1144	16	13	42.266689	oy
5	1	1	1	104	6	830	1145	18	10	26.460983	&
5	1	1	1	104	7	932	1166	66	24	5.865562	3s
5	1	1	1	104	8	1058	1191	45	16	49.325150	gc
5	1	1	1	104	9	1209	1214	13	10	91.494438	g
5	1	1	1	104	10	1330	1235	24	7	16.554955	~
5	1	1	1	104	11	1411	1242	17	23	0.000000	oS
5	1	1	1	104	12	1538	1272	17	14	91.792664	N
5	1	1	1	104	13	1612	1271	13	29	55.191174	3
5	1	1	1	104	14	1765	1301	115	37	4.700401	28a
5	1	1	1	104	15	1969	1339	13	11	80.840012	8
5	1	1	1	104	16	1997	1339	16	13	77.018845	P
5	1	1	1	104	17	2042	1349	67	24	0.000000	age
5	1	1	1	104	18	2124	1359	121	42	0.000000	Sheer
5	1	1	1	104	19	2278	1396	41	19	45.551064	oS
5	1	1	1	104	20	2332	1404	35	11	41.907177	ea
5	1	1	1	104	21	2383	1404	10	13	0.000000	E
5	1	1	1	104	22	2459	1430	15	9	80.264206	¢
4	1	1	1	105	0	399	1094	2072	358	-1	
5	1	1	1	105	1	399	1094	41	14	64.608902	ae
5	1	1	1	105	2	473	1104	63	24	3.040680	aga
5	1	1	1	105	3	549	1100	18	42	0.000000	et
5	1	1	1	105	4	601	1129	37	14	0.000000	Re
5	1	1	1	105	5	651	1135	89	25	0.000000	*8o8
5	1	1	1	105	6	778	1158	12	12	63.166290	5
5	1	1	1	105	7	830	1163	42	20	45.910587	No
5	1	1	1	105	8	900	1172	70	31	0.000000	Wea
5	1	1	1	105	9	983	1186	17	13	0.000000	e
5	1	1	1	105	10	1034	1196	66	28	32.177383	Nay
5	1	1	1	105	11	1209	1226	17	16	61.456261	2.
5	1	1	1	105	12	1336	1248	12	15	39.579697	&
5	1	1	1	105	13	1406	1266	23	6	27.981888	2
5	1	1	1	105	14	1461	1269	12	10	22.180519	§
5	1	1	1	105	15	1537	1287	17	15	46.865273	3
5	1	1	1	105	16	1612	1301	13	8	60.021999	8
5	1	1	1	105	17	1792	1325	62	26	7.681953	38a
5	1	1	1	105	18	1870	1336	40	24	7.681953	so
5	1	1	1	105	19	1944	1349	63	34	3.371613	Bae
5	1	1	1	105	20	2047	1370	114	26	0.000000	Boe
5	1	1	1	105	21	2187	1384	51	29	12.660217	es
5	1	1	1	105	22	2278	1406	120	34	48.315166	3483
5	1	1	1	105	23	2381	1401	19	43	36.061760	=
5	1	1	1	105	24	2433	1430	38	22	50.566582	43
4	1	1	1	106	0	369	1094	2077	365	-1	
5	1	1	1	106	1	369	1094	73	28	11.770744	Se
5	1	1	1	106	2	472	1118	89	28	5.180122	gang
5	1	1	1	106	3	599	1138	91	48	0.000000	se8ge
5	1	1	1	106	4	703	1158	42	24	0.000000	es
5	1	1	1	106	5	770	1163	20	31	7.388802	oO
5	1	1	1	106	6	830	1178	42	23	22.886398	me
5	1	1	1	106	7	932	1200	62	13	14.284134	Ae
5	1	1	1	106	8	1034	1211	16	15	36.477047	|
5	1	1	1	106	9	1084	1225	11	20	88.755028	5
5	1	1	1	106	10	1204	1243	17	12	54.190350	a
5	1	1	1	106	11	1330	1268	24	7	87.430733	~
5	1	1	1	106	12	1406	1275	23	7	41.126575	~
5	1	1	1	106	13	1530	1286	16	31	0.181549	Pe
5	1	1	1	106	14	1761	1326	93	38	0.000000	S58e
5	1	1	1	106	15	1867	1352	38	18	0.000000	3
5	1	1	1	106	16	1944	1360	36	28	69.604034	a8
5	1	1	1	106	17	2047	1379	94	42	0.000000	§ee-'
5	1	1	1	106	18	2151	1397	8	19	48.798897	8
5	1	1	1	106	19	2175	1404	12	13	44.906662	2
5	1	1	1	106	20	2227	1412	11	10	11.841629	s
5	1	1	1	106	21	2278	1420	114	34	4.932777	ggees
5	1	1	1	106	22	2433	1448	13	11	37.044708	3
4	1	1	1	107	0	398	1121	2078	357	-1	
5	1	1	1	107	1	398	1121	38	15	68.881912	ge
5	1	1	1	107	2	472	1129	12	17	34.403450	3
5	1	1	1	107	3	524	1145	42	13	75.368073	Pa
5	1	1	1	107	4	625	1157	90	26	27.758217	Sas
5	1	1	1	107	5	778	1186	89	25	54.534828	$8
5	1	1	1	107	6	931	1214	63	15	52.722008	e8a
5	1	1	1	107	7	1030	1224	45	24	41.644463	ag
5	1	1	1	107	8	1209	1256	12	13	70.431938	3
5	1	1	1	107	9	1411	1294	12	10	31.682076	2
5	1	1	1	107	10	1461	1298	12	11	52.655045	3
5	1	1	1	107	11	1537	1318	4	3	0.000000	"
5	1	1	1	107	12	1612	1320	12	23	86.437569	2
5	1	1	1	107	13	1770	1348	3	8	68.123680	i
5	1	1	1	107	14	1816	1362	38	9	38.919876	2S
5	1	1	1	107	15	1872	1371	32	16	36.970100	aS
5	1	1	1	107	16	1969	1390	38	13	31.692772	Bo
5	1	1	1	107	17	2042	1395	41	23	69.975769	28
5	1	1	1	107	18	2099	1405	36	23	32.787979	Bo
5	1	1	1	107	19	2176	1418	62	23	57.998055	aga
5	1	1	1	107	20	2278	1429	11	20	57.705196	§
5	1	1	1	107	21	2381	1450	95	28	68.491516	Boge
4	1	1	1	108	0	368	1127	2102	373	-1	
5	1	1	1	108	1	368	1127	13	19	44.550358	3
5	1	1	1	108	2	401	1135	41	34	48.070328	ap
5	1	1	1	108	3	497	1148	71	20	51.060509	soc
5	1	1	1	108	4	599	1167	147	39	29.175705	eee
5	1	1	1	108	5	774	1197	16	16	22.605598	2
5	1	1	1	108	6	830	1209	4	4	22.605598	F
5	1	1	1	108	7	931	1226	66	15	68.763840	oad
5	1	1	1	108	8	1058	1237	40	33	25.136185	=o.
5	1	1	1	108	9	1209	1270	12	12	90.378433	2
5	1	1	1	108	10	1335	1288	12	13	0.000000	g
5	1	1	1	108	11	1411	1305	66	18	52.626877	BOS
5	1	1	1	108	12	1765	1357	89	29	40.577091	Fess
5	1	1	1	108	13	1892	1385	17	16	0.000000	¢
5	1	1	1	108	14	1939	1395	68	21	10.877457	v8e
5	1	1	1	108	15	2072	1411	66	24	0.000000	PEP
5	1	1	1	108	16	2149	1424	64	24	0.000000	QES
5	1	1	1	108	17	2226	1441	12	11	21.328949	a
5	1	1	1	108	18	2277	1442	115	47	0.000000	EeBdpe
5	1	1	1	108	19	2433	1475	37	25	50.553478	as
4	1	1	1	109	0	368	1146	2081	349	-1	
5	1	1	1	109	1	368	1146	68	17	80.007462	oss
5	1	1	1	109	2	472	1156	89	38	0.000000	Bey
5	1	1	1	109	3	625	1186	63	26	0.000000	Fs
5	1	1	1	109	4	728	1199	15	9	0.000000	Fan
5	1	1	1	109	5	855	1221	17	14	92.433899	N
5	1	1	1	109	6	932	1241	65	21	63.014900	Boe
5	1	1	1	109	7	1033	1261	4	4	0.000000	/
5	1	1	1	109	8	1059	1261	41	13	64.173080	Se
5	1	1	1	109	9	1208	1282	16	10	9.934875	z
5	1	1	1	109	10	1335	1294	21	33	0.000000	&,
5	1	1	1	109	11	1411	1319	11	13	67.619247	&
5	1	1	1	109	12	1460	1324	13	12	0.000000	@
5	1	1	1	109	13	1612	1344	11	20	96.052208	3
5	1	1	1	109	14	1765	1372	12	12	30.179016	2
5	1	1	1	109	15	1793	1385	36	13	46.822834	ob
5	1	1	1	109	16	1846	1391	9	9	32.599380	a
5	1	1	1	109	17	1871	1388	34	25	62.568420	PE
5	1	1	1	109	18	1944	1410	62	26	60.352417	ome
5	1	1	1	109	19	2047	1428	17	10	23.043098	oy
5	1	1	1	109	20	2097	1430	90	29	5.012863	g3o8
5	1	1	1	109	21	2226	1453	12	13	76.136475	&
5	1	1	1	109	22	2277	1463	64	20	40.707558	£63
5	1	1	1	109	23	2381	1484	16	6	32.827621	a
5	1	1	1	109	24	2432	1482	17	13	61.770061	a
4	1	1	1	110	0	468	1169	2002	349	-1	
5	1	1	1	110	1	468	1169	16	12	35.008446	9
5	1	1	1	110	2	599	1194	147	34	0.000000	SRSSak
5	1	1	1	110	3	778	1223	11	9	37.557381	8
5	1	1	1	110	4	823	1230	49	22	36.016113	aS
5	1	1	1	110	5	931	1249	63	25	39.099693	age
5	1	1	1	110	6	1058	1275	37	10	22.434319	ca
5	1	1	1	110	7	1208	1293	13	10	71.702438	@
5	1	1	1	110	8	1335	1319	12	13	94.863358	5
5	1	1	1	110	9	1460	1336	12	18	55.690994	a
5	1	1	1	110	10	1761	1383	72	29	0.000000	SSS
5	1	1	1	110	11	1842	1401	42	14	0.000000	s8
5	1	1	1	110	12	1943	1412	43	33	27.900917	CH’
5	1	1	1	110	13	2046	1433	197	43	0.000000	Reesgeces
5	1	1	1	110	14	2277	1478	120	25	47.243843	38808
5	1	1	1	110	15	2432	1500	38	18	33.562256	oS
4	1	1	1	111	0	368	1164	2107	370	-1	
5	1	1	1	111	1	368	1164	72	24	45.633858	248
5	1	1	1	111	2	471	1184	13	20	0.000000	8
5	1	1	1	111	3	498	1189	37	20	0.000000	2o
5	1	1	1	111	4	549	1195	17	13	0.000000	s
5	1	1	1	111	5	626	1212	35	19	66.278488	os
5	1	1	1	111	6	728	1232	4	4	52.391411	>
5	1	1	1	111	7	777	1233	16	21	91.795662	&
5	1	1	1	111	8	829	1239	31	25	50.822033	@
5	1	1	1	111	9	930	1261	63	34	20.206375	38
5	1	1	1	111	10	1027	1272	68	34	0.000000	~saB
5	1	1	1	111	11	1204	1297	19	34	5.346077	ot
5	1	1	1	111	12	1330	1333	16	12	85.603554	a
5	1	1	1	111	13	1411	1333	12	20	77.150650	B
5	1	1	1	111	14	1461	1355	16	5	85.270714	2
5	1	1	1	111	15	1612	1366	11	20	48.672974	3
5	1	1	1	111	16	1765	1406	63	18	0.000000	Bae
5	1	1	1	111	17	1841	1415	12	13	0.000000	S
5	1	1	1	111	18	1868	1398	8	46	6.982964	oO
5	1	1	1	111	19	1939	1432	66	26	27.481750	|
5	1	1	1	111	20	2047	1449	60	24	28.625137	nao
5	1	1	1	111	21	2123	1456	10	13	13.679153	2
5	1	1	1	111	22	2148	1463	17	20	23.337624	&
5	1	1	1	111	23	2197	1468	45	25	35.645096	2
5	1	1	1	111	24	2277	1488	11	19	0.000000	BS
5	1	1	1	111	25	2329	1498	62	20	0.000000	Eee
5	1	1	1	111	26	2432	1515	43	19	52.926311	ve
4	1	1	1	112	0	368	1183	2079	365	-1	
5	1	1	1	112	1	368	1183	14	11	54.392830	o
5	1	1	1	112	2	400	1190	39	13	12.547852	Be
5	1	1	1	112	3	471	1205	90	25	12.174133	a2
5	1	1	1	112	4	599	1217	38	26	47.636932	397
5	1	1	1	112	5	677	1231	16	8	57.481556	5
5	1	1	1	112	6	778	1255	16	13	43.947815	>
5	1	1	1	112	7	829	1266	12	9	5.892197	2
5	1	1	1	112	8	930	1276	64	30	52.087078	228
5	1	1	1	112	9	1058	1303	40	15	62.111721	Ng
5	1	1	1	112	10	1204	1313	21	40	17.514458	Ea
5	1	1	1	112	11	1330	1333	20	35	33.217865	oe
5	1	1	1	112	12	1410	1355	12	20	45.133713	gs
5	1	1	1	112	13	1461	1363	11	12	39.900154	5
5	1	1	1	112	14	1611	1387	12	21	9.000153	&
5	1	1	1	112	15	1764	1416	38	20	0.000000	Se
5	1	1	1	112	16	1816	1426	60	23	0.000000	eae
5	1	1	1	112	17	1943	1448	63	21	0.000000	eg
5	1	1	1	112	18	2046	1469	62	22	35.764908	x28
5	1	1	1	112	19	2122	1479	18	19	43.889885	=
5	1	1	1	112	20	2174	1481	63	23	0.000000	a5
5	1	1	1	112	21	2276	1503	66	19	38.198662	ooo
5	1	1	1	112	22	2357	1520	35	9	24.910286	FS
5	1	1	1	112	23	2432	1539	15	9	49.883709	e
4	1	1	1	113	0	368	1204	2107	363	-1	
5	1	1	1	113	1	368	1204	43	14	56.371185	ae
5	1	1	1	113	2	424	1205	16	13	73.231361	&
5	1	1	1	113	3	471	1217	63	25	66.749115	£00
5	1	1	1	113	4	548	1230	12	11	73.305367	3
5	1	1	1	113	5	599	1230	68	37	27.232468	F389
5	1	1	1	113	6	698	1246	46	26	79.142288	+z
5	1	1	1	113	7	777	1270	12	10	52.175819	g
5	1	1	1	113	8	829	1278	37	23	60.070293	28
5	1	1	1	113	9	956	1294	37	26	63.987339	o8
5	1	1	1	113	10	1058	1314	41	21	49.657082	ye
5	1	1	1	113	11	1207	1349	16	9	57.677189	2
5	1	1	1	113	12	1331	1348	20	35	32.599983	S$
5	1	1	1	113	13	1410	1376	12	12	24.990433	B
5	1	1	1	113	14	1456	1376	16	12	0.000000	R
5	1	1	1	113	15	1612	1410	16	16	25.660217	ef
5	1	1	1	113	16	1764	1428	39	21	32.010529	2d
5	1	1	1	113	17	1842	1447	65	23	7.658348	me
5	1	1	1	113	18	1942	1459	38	19	43.418941	ao
5	1	1	1	113	19	1994	1471	11	12	46.495895	§
5	1	1	1	113	20	2046	1476	68	22	44.652695	aes
5	1	1	1	113	21	2148	1493	38	24	0.000000	Ba
5	1	1	1	113	22	2200	1506	37	12	0.000000	ea
5	1	1	1	113	23	2328	1528	63	27	39.240742	Toy
5	1	1	1	113	24	2431	1543	44	24	55.115746	$2
4	1	1	1	114	0	368	1216	2102	363	-1	
5	1	1	1	114	1	368	1216	71	26	33.084450	Foe
5	1	1	1	114	2	471	1233	92	25	0.000000	soge
5	1	1	1	114	3	599	1254	139	36	4.864777	Usd,
5	1	1	1	114	4	777	1281	12	9	49.989830	8
5	1	1	1	114	5	828	1294	37	21	38.687897	oe
5	1	1	1	114	6	930	1300	67	30	60.386814	258
5	1	1	1	114	7	1082	1329	16	21	24.873405	2
5	1	1	1	114	8	1330	1360	16	37	41.627037	Fy
5	1	1	1	114	9	1410	1388	61	22	57.479927	foo
5	1	1	1	114	10	1611	1428	12	11	18.734589	s
5	1	1	1	114	11	1764	1445	64	25	0.000000	fgh
5	1	1	1	114	12	1842	1466	62	16	18.140320	ES.
5	1	1	1	114	13	1938	1478	71	25	40.532852	Se
5	1	1	1	114	14	2045	1490	197	51	0.000000	faseegee
5	1	1	1	114	15	2276	1528	63	29	35.617172	Reo
5	1	1	1	114	16	2353	1551	38	16	47.455444	03
5	1	1	1	114	17	2432	1562	38	17	69.767990	$3
4	1	1	1	115	0	368	1225	2101	368	-1	
5	1	1	1	115	1	368	1225	48	35	73.476662	Big
5	1	1	1	115	2	471	1247	62	16	37.068539	Zoe
5	1	1	1	115	3	549	1260	16	12	0.000000	&
5	1	1	1	115	4	599	1265	34	26	40.618690	ae
5	1	1	1	115	5	650	1280	16	12	17.095268	g
5	1	1	1	115	6	726	1294	66	13	57.580624	8a
5	1	1	1	115	7	828	1307	13	12	90.394646	8
5	1	1	1	115	8	930	1322	38	20	47.781898	Bo
5	1	1	1	115	9	1054	1336	8	18	91.028961	3
5	1	1	1	115	10	1208	1367	15	8	39.086590	2
5	1	1	1	115	11	1410	1410	12	8	87.272423	a
5	1	1	1	115	12	1459	1411	13	11	90.442886	6
5	1	1	1	115	13	1610	1440	17	12	76.652908	a
5	1	1	1	115	14	1759	1464	144	29	0.000000	Sass
5	1	1	1	115	15	1967	1489	18	28	83.966812	2
5	1	1	1	115	16	2071	1509	37	20	0.000000	BS
5	1	1	1	115	17	2122	1518	17	20	51.615711	&
5	1	1	1	115	18	2169	1537	73	21	32.757523	ass
5	1	1	1	115	19	2329	1552	67	31	35.786400	25g.
5	1	1	1	115	20	2432	1583	11	9	0.000000	4
5	1	1	1	115	21	2453	1581	16	12	0.000000	O
4	1	1	1	116	0	368	1244	2106	362	-1	
5	1	1	1	116	1	368	1244	17	9	28.074768	ot
5	1	1	1	116	2	421	1252	19	6	38.580788	UL
5	1	1	1	116	3	470	1262	13	9	63.254169	P
5	1	1	1	116	4	496	1254	37	35	0.000000	Bog
5	1	1	1	116	5	650	1292	37	13	57.109734	BB
5	1	1	1	116	6	726	1305	12	11	36.154274	2
5	1	1	1	116	7	828	1319	37	19	55.425014	ty
5	1	1	1	116	8	980	1339	18	17	83.659454	Q
5	1	1	1	116	9	1082	1360	17	7	59.400215	5
5	1	1	1	116	10	1208	1377	17	13	36.693825	a
5	1	1	1	116	11	1334	1401	17	18	77.534332	Q
5	1	1	1	116	12	1459	1424	16	9	46.252846	+
5	1	1	1	116	13	1760	1478	8	4	61.792149	<
5	1	1	1	116	14	1866	1494	42	13	62.223881	SF
5	1	1	1	116	15	1942	1502	12	12	73.768883	o
5	1	1	1	116	16	1989	1505	16	29	30.188675	2.
5	1	1	1	116	17	2044	1522	145	36	26.293930	Peewee
5	1	1	1	116	18	2205	1550	37	15	41.730240	SN
5	1	1	1	116	19	2276	1558	64	23	63.525867	dog
5	1	1	1	116	20	2376	1570	21	29	23.391258	pb
5	1	1	1	116	21	2470	1603	4	3	0.000000	.
4	1	1	1	117	0	396	1257	2076	361	-1	
5	1	1	1	117	1	396	1257	42	12	22.757324	SS
5	1	1	1	117	2	471	1273	63	16	27.851799	PEG
5	1	1	1	117	3	599	1292	87	25	0.000000	goe3
5	1	1	1	117	4	701	1312	11	10	26.699837	|
5	1	1	1	117	5	776	1309	17	26	44.430195	5
5	1	1	1	117	6	828	1330	37	18	22.251755	Sy
5	1	1	1	117	7	925	1343	68	26	0.139496	39
5	1	1	1	117	8	1056	1364	37	21	0.000000	S8
5	1	1	1	117	9	1207	1390	12	11	22.720573	g
5	1	1	1	117	10	1333	1421	13	11	0.000000	g
5	1	1	1	117	11	1409	1429	13	13	88.950348	»
5	1	1	1	117	12	1459	1435	12	12	31.902359	¢§
5	1	1	1	117	13	1611	1462	16	6	46.120564	=
5	1	1	1	117	14	1789	1486	86	31	48.477013	8328
5	1	1	1	117	15	1891	1508	11	13	66.173325	8
5	1	1	1	117	16	1943	1515	36	16	43.115292	ao
5	1	1	1	117	17	1993	1525	17	13	28.985802	8
5	1	1	1	117	18	2045	1533	37	19	37.308651	ae
5	1	1	1	117	19	2093	1523	15	37	0.000000	ew
5	1	1	1	117	20	2147	1542	90	37	10.183174	eee
5	1	1	1	117	21	2276	1576	89	19	69.098038	pega
5	1	1	1	117	22	2379	1589	12	10	0.000000	®
5	1	1	1	117	23	2431	1593	12	12	9.871689	2
5	1	1	1	117	24	2457	1602	15	16	36.477551	=
4	1	1	1	118	0	368	1264	2101	364	-1	
5	1	1	1	118	1	368	1264	66	32	29.983330	Veo
5	1	1	1	118	2	521	1291	44	31	38.011566	Bm
5	1	1	1	118	3	624	1306	37	25	9.077026	ge
5	1	1	1	118	4	674	1319	37	26	0.000000	eB
5	1	1	1	118	5	726	1317	11	20	7.872818	3
5	1	1	1	118	6	776	1336	12	13	63.180050	5
5	1	1	1	118	7	827	1344	38	17	63.180050	83
5	1	1	1	118	8	929	1362	63	21	16.557930	eg
5	1	1	1	118	9	1057	1383	37	12	46.997307	$8
5	1	1	1	118	10	1207	1402	12	20	76.649582	a
5	1	1	1	118	11	1334	1433	11	13	23.688530	g
5	1	1	1	118	12	1410	1443	66	20	51.140018	es
5	1	1	1	118	13	1611	1469	11	13	76.059036	5
5	1	1	1	118	14	1763	1494	145	37	17.642181	Beeass
5	1	1	1	118	15	1942	1533	63	19	53.263454	258
5	1	1	1	118	16	2044	1547	198	48	0.000000	yaeygese
5	1	1	1	118	17	2275	1583	121	37	20.466011	gseegs
5	1	1	1	118	18	2431	1606	38	22	50.490879	ae
4	1	1	1	119	0	367	1282	2076	356	-1	
5	1	1	1	119	1	367	1282	67	22	24.990364	Sag
5	1	1	1	119	2	495	1297	44	18	82.118271	on
5	1	1	1	119	3	598	1314	12	12	0.000000	2
5	1	1	1	119	4	622	1309	14	28	0.000000	Oo
5	1	1	1	119	5	675	1339	63	10	14.484398	pee
5	1	1	1	119	6	827	1356	38	28	52.579617	33
5	1	1	1	119	7	956	1377	37	19	59.887566	3a
5	1	1	1	119	8	1082	1394	12	11	43.369938	2
5	1	1	1	119	9	1333	1445	16	10	28.247192	a
5	1	1	1	119	10	1459	1465	12	11	31.572273	°
5	1	1	1	119	11	1606	1479	21	33	16.402115	QO
5	1	1	1	119	12	1789	1525	38	20	34.640793	a3
5	1	1	1	119	13	1866	1530	37	24	0.000000	Ea
5	1	1	1	119	14	1942	1544	62	21	0.000000	8Se
5	1	1	1	119	15	2070	1561	166	44	0.000000	Sears
5	1	1	1	119	16	2271	1591	16	28	0.000000	r)
5	1	1	1	119	17	2328	1609	40	17	9.955154	oo
5	1	1	1	119	18	2431	1628	12	10	49.683838	°
4	1	1	1	120	0	367	1293	2101	365	-1	
5	1	1	1	120	1	367	1293	14	13	42.145733	2
5	1	1	1	120	2	396	1297	37	22	42.145733	of
5	1	1	1	120	3	491	1310	68	27	64.225876	328
5	1	1	1	120	4	594	1326	143	41	0.000000	eneses
5	1	1	1	120	5	776	1365	11	13	85.739502	5
5	1	1	1	120	6	827	1367	13	11	64.637146	8
5	1	1	1	120	7	929	1387	68	24	40.052238	BEA
5	1	1	1	120	8	1056	1404	37	25	50.325935	25
5	1	1	1	120	9	1207	1432	12	10	29.580116	2
5	1	1	1	120	10	1334	1456	11	10	5.377426	N
5	1	1	1	120	11	1408	1466	13	12	65.132881	g
5	1	1	1	120	12	1459	1477	11	13	73.792389	g
5	1	1	1	120	13	1762	1528	44	15	26.730858	8
5	1	1	1	120	14	1840	1530	67	34	13.961563	ees
5	1	1	1	120	15	1967	1564	40	11	48.728767	gs
5	1	1	1	120	16	2044	1568	17	24	67.791153	op
5	1	1	1	120	17	2095	1584	69	21	0.000000	Rc
5	1	1	1	120	18	2198	1598	17	13	0.000000	Le
5	1	1	1	120	19	2275	1615	121	24	0.000000	SrbuQ
5	1	1	1	120	20	2431	1637	37	21	35.379150	29
4	1	1	1	121	0	367	1307	2102	357	-1	
5	1	1	1	121	1	367	1307	13	14	89.859917	5
5	1	1	1	121	2	495	1325	69	32	7.731873	gag
5	1	1	1	121	3	598	1348	114	33	0.000000	geass
5	1	1	1	121	4	726	1368	16	13	0.000000	2
5	1	1	1	121	5	837	1387	33	23	14.223328	mG
5	1	1	1	121	6	929	1408	68	19	16.209068	88
5	1	1	1	121	7	1057	1424	42	24	14.202240	=2
5	1	1	1	121	8	1207	1443	17	20	44.147308	x
5	1	1	1	121	9	1333	1468	12	10	8.864677	®
5	1	1	1	121	10	1405	1468	23	34	47.545174	tao
5	1	1	1	121	11	1610	1511	16	12	0.000000	S
5	1	1	1	121	12	1789	1542	118	35	0.000000	shee
5	1	1	1	121	13	1942	1561	67	38	39.670567	23s.
5	1	1	1	121	14	2045	1586	190	54	27.561852	Seperate
5	1	1	1	121	15	2275	1624	38	12	73.078575	$°
5	1	1	1	121	16	2327	1638	64	15	83.372040	889
5	1	1	1	121	17	2456	1653	13	11	49.926662	8
4	1	1	1	122	0	366	1320	2102	362	-1	
5	1	1	1	122	1	366	1322	14	12	19.671974	o
5	1	1	1	122	2	399	1320	34	23	38.909370	Dg
5	1	1	1	122	3	495	1347	64	21	8.662529	RR5
5	1	1	1	122	4	598	1359	67	17	35.791252	85
5	1	1	1	122	5	701	1382	87	16	49.686012	“Bo
5	1	1	1	122	6	929	1422	37	13	55.233307	as
5	1	1	1	122	7	983	1431	15	7	38.591301	2
5	1	1	1	122	8	1207	1465	12	8	0.000000	&
5	1	1	1	122	9	1333	1479	11	13	92.418869	5
5	1	1	1	122	10	1458	1499	12	18	39.873489	4
5	1	1	1	122	11	1609	1525	13	12	18.773560	©
5	1	1	1	122	12	1762	1555	69	17	59.439476	Be
5	1	1	1	122	13	1816	1551	60	44	45.281258	eas
5	1	1	1	122	14	1891	1578	11	13	5.074951	2
5	1	1	1	122	15	1941	1585	37	21	4.844116	25
5	1	1	1	122	16	2039	1601	68	23	0.000000	Ese
5	1	1	1	122	17	2121	1611	37	15	0.000000	°<
5	1	1	1	122	18	2177	1625	59	25	60.179707	838
5	1	1	1	122	19	2275	1636	15	17	13.438202	5
5	1	1	1	122	20	2298	1632	15	37	13.621979	9Q
5	1	1	1	122	21	2353	1649	41	26	48.833855	aS
5	1	1	1	122	22	2456	1664	12	18	59.478859	2
4	1	1	1	123	0	396	1340	2072	360	-1	
5	1	1	1	123	1	396	1340	37	17	49.268448	a
5	1	1	1	123	2	495	1359	64	21	0.000000	$2o
5	1	1	1	123	3	597	1374	96	29	51.810211	FES
5	1	1	1	123	4	725	1394	15	10	34.127968	eB
5	1	1	1	123	5	776	1400	89	23	32.320114	Boss
5	1	1	1	123	6	929	1436	43	10	42.112648	ae
5	1	1	1	123	7	1055	1441	43	32	68.504028	355
5	1	1	1	123	8	1206	1474	15	9	0.000000	g
5	1	1	1	123	9	1333	1503	12	9	27.920036	2
5	1	1	1	123	10	1408	1507	12	14	68.929535	R
5	1	1	1	123	11	1459	1518	16	13	14.445610	3
5	1	1	1	123	12	1605	1538	20	22	0.000000	Z
5	1	1	1	123	13	1789	1569	113	37	0.000000	B&SoBB
5	1	1	1	123	14	1942	1604	36	17	35.148781	£8
5	1	1	1	123	15	2044	1613	37	13	0.000000	Zo
5	1	1	1	123	16	2095	1622	11	16	0.000000	2
5	1	1	1	123	17	2146	1635	94	21	44.994957	8322
5	1	1	1	123	18	2275	1654	115	34	25.502541	88228
5	1	1	1	123	19	2436	1675	3	25	62.616856	|
5	1	1	1	123	20	2456	1683	12	10	62.616856	3
4	1	1	1	124	0	367	1345	2100	371	-1	
5	1	1	1	124	1	367	1345	66	23	45.811710	Pog
5	1	1	1	124	2	495	1370	63	31	47.904182	gis
5	1	1	1	124	3	597	1390	41	15	52.311573	he
5	1	1	1	124	4	700	1402	42	24	79.001228	Ss
5	1	1	1	124	5	776	1414	12	10	72.134354	6
5	1	1	1	124	6	827	1419	38	29	52.536316	os
5	1	1	1	124	7	929	1444	68	22	17.180550	EN
5	1	1	1	124	8	1075	1468	24	6	0.000000	“
5	1	1	1	124	9	1206	1484	12	9	73.678329	a
5	1	1	1	124	10	1333	1513	11	11	61.330688	3
5	1	1	1	124	11	1418	1528	7	5	29.001770	~
5	1	1	1	124	12	1609	1561	12	10	0.000000	¢
5	1	1	1	124	13	1762	1574	42	28	6.147751	Paes
5	1	1	1	124	14	1840	1595	62	24	87.973465	£28
5	1	1	1	124	15	1966	1622	13	9	38.632889	&
5	1	1	1	124	16	1993	1620	16	18	14.730064	5
5	1	1	1	124	17	2044	1627	63	23	28.942009	ag
5	1	1	1	124	18	2146	1646	94	28	49.182583	gage
5	1	1	1	124	19	2274	1665	90	29	38.903828	Baas
5	1	1	1	124	20	2378	1690	11	9	56.425896	S
5	1	1	1	124	21	2452	1688	15	28	61.569511	iad
4	1	1	1	125	0	367	1366	2101	365	-1	
5	1	1	1	125	1	367	1366	66	25	40.621269	ns
5	1	1	1	125	2	494	1382	65	30	4.701050	nak
5	1	1	1	125	3	598	1401	118	34	17.167130	“Paes
5	1	1	1	125	4	775	1433	12	12	0.000000	&
5	1	1	1	125	5	827	1442	42	24	52.070686	9%
5	1	1	1	125	6	928	1463	35	15	48.588940	te
5	1	1	1	125	7	1080	1482	12	14	66.898468	Q
5	1	1	1	125	8	1207	1503	11	13	77.935539	3
5	1	1	1	125	9	1329	1525	15	13	63.867096	a
5	1	1	1	125	10	1408	1535	12	9	73.359047	o
5	1	1	1	125	11	1458	1549	17	12	50.040840	>
5	1	1	1	125	12	1609	1573	11	9	0.000000	g
5	1	1	1	125	13	1762	1592	94	29	25.610870	Sede
5	1	1	1	125	14	1891	1616	10	13	49.812740	a
5	1	1	1	125	15	1941	1625	12	20	41.283066	8
5	1	1	1	125	16	2000	1627	8	35	0.000000	i,
5	1	1	1	125	17	2069	1651	43	17	31.473083	pe
5	1	1	1	125	18	2146	1659	38	18	0.000000	Be
5	1	1	1	125	19	2197	1674	38	21	0.000000	88
5	1	1	1	125	20	2301	1682	89	34	34.986771	e585
5	1	1	1	125	21	2431	1718	14	5	57.670868	=
5	1	1	1	125	22	2456	1711	12	20	36.501087	2
4	1	1	1	126	0	365	1377	2106	364	-1	
5	1	1	1	126	1	365	1377	19	15	27.860275	3
5	1	1	1	126	2	520	1401	38	26	42.601238	a8
5	1	1	1	126	3	648	1420	89	34	0.000000	zEgae
5	1	1	1	126	4	776	1445	17	11	15.027809	m
5	1	1	1	126	5	827	1453	11	13	17.465073	&
5	1	1	1	126	6	929	1474	17	13	37.067268	oP
5	1	1	1	126	7	976	1476	13	10	40.295578	x
5	1	1	1	126	8	1054	1488	45	20	80.691689	Vo
5	1	1	1	126	9	1206	1517	12	11	73.653641	°
5	1	1	1	126	10	1408	1554	12	12	0.000000	e
5	1	1	1	126	11	1458	1564	12	9	82.145409	§
5	1	1	1	126	12	1605	1576	20	33	37.911911	am
5	1	1	1	126	13	1762	1615	38	16	16.393539	FR
5	1	1	1	126	14	1816	1614	35	18	16.393539	ee
5	1	1	1	126	15	1864	1628	42	19	11.261940	oe
5	1	1	1	126	16	1941	1646	15	9	79.972473	¢
5	1	1	1	126	17	1971	1639	33	24	41.915550	Pe
5	1	1	1	126	18	2043	1656	37	26	0.000000	QF
5	1	1	1	126	19	2146	1673	81	28	66.500191	fect
5	1	1	1	126	20	2275	1695	92	30	37.538406	Skea
5	1	1	1	126	21	2377	1718	13	10	44.400593	o
5	1	1	1	126	22	2430	1725	41	16	45.195087	ag
4	1	1	1	127	0	366	1384	2029	361	-1	
5	1	1	1	127	1	366	1384	67	28	0.000000	Bo
5	1	1	1	127	2	494	1414	67	22	0.000000	g23
5	1	1	1	127	3	622	1433	114	31	0.000000	BOg°8
5	1	1	1	127	4	775	1462	15	9	35.958572	a
5	1	1	1	127	5	823	1467	46	15	66.150269	oy
5	1	1	1	127	6	928	1488	30	12	30.412148	Be
5	1	1	1	127	7	974	1494	23	15	30.412148	L
5	1	1	1	127	8	1205	1537	13	11	72.986710	a
5	1	1	1	127	9	1332	1553	12	9	83.156212	&
5	1	1	1	127	10	1408	1567	11	12	0.000000	g
5	1	1	1	127	11	1762	1625	94	21	0.000000	Baca
5	1	1	1	127	12	1887	1639	15	20	40.166397	B
5	1	1	1	127	13	1941	1642	41	36	49.826965	Bo.
5	1	1	1	127	14	2040	1657	21	36	32.840508	ms
5	1	1	1	127	15	2146	1696	11	8	33.279892	&
5	1	1	1	127	16	2175	1693	38	16	29.206299	=o
5	1	1	1	127	17	2326	1709	69	36	50.353340	Seo.
4	1	1	1	128	0	494	1420	1973	356	-1	
5	1	1	1	128	1	494	1425	13	12	55.662498	o
5	1	1	1	128	2	519	1420	18	29	83.723465	th
5	1	1	1	128	3	622	1444	12	8	80.317162	a
5	1	1	1	128	4	700	1455	16	14	30.807869	=
5	1	1	1	128	5	776	1472	94	21	10.404976	Fors
5	1	1	1	128	6	928	1488	18	29	8.073929	=e
5	1	1	1	128	7	1055	1523	11	10	33.158615	o
5	1	1	1	128	8	1080	1519	12	12	62.525192	2
5	1	1	1	128	9	1333	1554	16	29	36.016445	st
5	1	1	1	128	10	1408	1581	61	14	45.470222	Beg
5	1	1	1	128	11	1609	1613	12	11	59.634644	°
5	1	1	1	128	12	1762	1639	12	11	92.023453	5
5	1	1	1	128	13	1889	1658	16	9	79.230385	a
5	1	1	1	128	14	1966	1660	37	30	33.952316	Big
5	1	1	1	128	15	2043	1684	63	19	0.000000	cUy
5	1	1	1	128	16	2146	1700	42	16	80.000290	2a
5	1	1	1	128	17	2274	1717	64	29	38.692741	ace
5	1	1	1	128	18	2377	1743	12	9	10.559586	A
5	1	1	1	128	19	2429	1747	38	29	54.562763	Sp
4	1	1	1	129	0	366	1407	2106	387	-1	
5	1	1	1	129	1	366	1407	67	31	87.388626	323
5	1	1	1	129	2	520	1441	12	13	52.231041	5
5	1	1	1	129	3	618	1459	118	34	0.000000	Seeby
5	1	1	1	129	4	775	1486	12	10	11.826889	&
5	1	1	1	129	5	827	1489	41	24	61.515331	aN
5	1	1	1	129	6	979	1523	17	17	55.859612	3
5	1	1	1	129	7	1051	1533	41	12	70.246445	8s
5	1	1	1	129	8	1205	1549	16	23	0.000000	$
5	1	1	1	129	9	1331	1576	16	9	50.585472	=
5	1	1	1	129	10	1408	1588	12	11	48.082867	3
5	1	1	1	129	11	1457	1597	13	20	43.439804	8
5	1	1	1	129	12	1609	1625	17	11	35.683197	*
5	1	1	1	129	13	1789	1648	36	20	0.000000	ze
5	1	1	1	129	14	1848	1659	53	26	32.234550	Gee
5	1	1	1	129	15	1935	1675	72	39	26.803268	ager
5	1	1	1	129	16	2044	1698	62	29	37.857189	BES
5	1	1	1	129	17	2171	1716	69	25	17.648804	ga
5	1	1	1	129	18	2274	1740	63	20	18.678444	aee
5	1	1	1	129	19	2377	1754	11	19	89.591278	§
5	1	1	1	129	20	2430	1753	42	41	36.949799	Bs.
4	1	1	1	130	0	365	1433	2102	362	-1	
5	1	1	1	130	1	365	1433	14	11	54.440113	g
5	1	1	1	130	2	395	1438	37	26	47.413857	og
5	1	1	1	130	3	494	1445	69	31	50.890465	or
5	1	1	1	130	4	623	1477	113	28	0.000000	peas
5	1	1	1	130	5	775	1505	17	13	15.258011	>»
5	1	1	1	130	6	826	1512	42	17	20.464325	3S
5	1	1	1	130	7	928	1514	37	33	46.046944	ras
5	1	1	1	130	8	1055	1555	4	4	56.218700	>
5	1	1	1	130	9	1081	1546	15	13	43.289673	a
5	1	1	1	130	10	1210	1573	2	8	67.260574	i
5	1	1	1	130	11	1331	1596	13	10	48.079834	°
5	1	1	1	130	12	1408	1600	66	31	41.816833	Bg
5	1	1	1	130	13	1609	1642	16	18	91.489906	4
5	1	1	1	130	14	1761	1661	65	21	10.858803	SEB
5	1	1	1	130	15	1841	1669	59	30	10.858803	GRE
5	1	1	1	130	16	1940	1687	34	24	40.715179	a5
5	1	1	1	130	17	1990	1707	12	13	55.899490	8
5	1	1	1	130	18	2042	1713	68	21	17.544014	eee
5	1	1	1	130	19	2146	1724	38	23	33.169617	SF
5	1	1	1	130	20	2196	1720	18	36	22.807587	2.
5	1	1	1	130	21	2273	1754	65	18	63.457600	$28
5	1	1	1	130	22	2377	1775	12	10	88.599281	8
5	1	1	1	130	23	2429	1771	38	24	38.804260	88
4	1	1	1	131	0	361	1435	1982	349	-1	
5	1	1	1	131	1	361	1435	21	28	30.526810	¢t
5	1	1	1	131	2	519	1468	43	15	54.920395	as
5	1	1	1	131	3	647	1491	11	12	26.049286	€
5	1	1	1	131	4	927	1534	68	26	35.974648	gre
5	1	1	1	131	5	1205	1581	17	10	17.864304	?
5	1	1	1	131	6	1403	1609	16	28	37.815510	BD
5	1	1	1	131	7	1788	1681	113	23	36.523102	separ
5	1	1	1	131	8	1941	1706	36	18	36.430679	aD
5	1	1	1	131	9	2042	1724	41	14	33.551727	oa
5	1	1	1	131	10	2093	1718	13	30	0.000000	F.
5	1	1	1	131	11	2171	1737	41	28	14.048164	eo)
5	1	1	1	131	12	2301	1763	42	21	50.721378	BS
4	1	1	1	132	0	365	1445	2101	371	-1	
5	1	1	1	132	1	365	1445	48	31	34.425232	el
5	1	1	1	132	2	494	1473	17	14	10.203735	N=
5	1	1	1	132	3	545	1484	13	11	10.203735	5
5	1	1	1	132	4	622	1484	114	42	0.000000	BESS
5	1	1	1	132	5	774	1519	12	14	40.609165	S$
5	1	1	1	132	6	825	1531	36	12	45.190769	of
5	1	1	1	132	7	927	1547	37	22	49.114685	Bo
5	1	1	1	132	8	978	1555	13	16	59.145576	&
5	1	1	1	132	9	1080	1568	16	22	82.843506	5
5	1	1	1	132	10	1205	1590	12	19	85.925545	a
5	1	1	1	132	11	1331	1608	17	18	80.798073	2
5	1	1	1	132	12	1608	1659	12	12	30.818810	9
5	1	1	1	132	13	1762	1682	62	26	0.000000	Bue
5	1	1	1	132	14	1864	1700	36	18	40.262230	eS
5	1	1	1	132	15	1940	1708	38	33	45.846195	S28
5	1	1	1	132	16	1991	1721	16	16	25.519478	a
5	1	1	1	132	17	2094	1746	12	9	88.697098	&
5	1	1	1	132	18	2145	1748	94	25	0.000000	°§B_
5	1	1	1	132	19	2274	1766	38	20	2.194176	5
5	1	1	1	132	20	2371	1787	24	14	15.274666	_
5	1	1	1	132	21	2429	1797	37	19	33.925774	38
4	1	1	1	133	0	364	1463	2095	372	-1	
5	1	1	1	133	1	364	1463	42	20	50.857010	28
5	1	1	1	133	2	494	1489	63	28	46.739765	mas
5	1	1	1	133	3	622	1508	114	31	0.000000	eos
5	1	1	1	133	4	774	1533	12	11	67.047318	e
5	1	1	1	133	5	826	1545	43	12	58.824062	gf
5	1	1	1	133	6	953	1564	11	10	55.676521	a
5	1	1	1	133	7	1054	1572	37	30	60.255054	os
5	1	1	1	133	8	1204	1611	13	11	28.838150	3
5	1	1	1	133	9	1331	1628	13	10	49.005730	g
5	1	1	1	133	10	1406	1642	13	11	72.875130	°
5	1	1	1	133	11	1609	1672	16	12	66.829849	x
5	1	1	1	133	12	1762	1692	43	19	38.491169	BS
5	1	1	1	133	13	1838	1713	55	12	0.000000	se
5	1	1	1	133	14	1940	1723	67	29	19.354706	Tee
5	1	1	1	133	15	2042	1737	68	37	0.000000	5=ze
5	1	1	1	133	16	2145	1767	12	8	8.782921	By
5	1	1	1	133	17	2273	1786	64	20	44.819061	Sen
5	1	1	1	133	18	2424	1804	35	31	37.922607	oa
4	1	1	1	134	0	365	1484	2075	360	-1	
5	1	1	1	134	1	365	1484	66	17	38.893509	wes
5	1	1	1	134	2	494	1502	68	22	30.853676	“a8
5	1	1	1	134	3	622	1520	42	16	0.000000	oe
5	1	1	1	134	4	681	1537	33	8	41.404350	BE
5	1	1	1	134	5	825	1558	13	10	19.200325	a
5	1	1	1	134	6	927	1571	37	13	34.842384	go
5	1	1	1	134	7	1054	1590	37	25	28.213989	BQ
5	1	1	1	134	8	1331	1640	12	12	0.000000	E
5	1	1	1	134	9	1408	1655	11	12	92.115501	5
5	1	1	1	134	10	1608	1684	12	10	55.180672	8
5	1	1	1	134	11	1761	1711	119	28	0.000000	Besse
5	1	1	1	134	12	1939	1748	68	13	0.000000	oF
5	1	1	1	134	13	2043	1754	37	26	57.547512	a
5	1	1	1	134	14	2141	1777	97	22	39.918465	Sue
5	1	1	1	134	15	2269	1789	20	31	69.763474	st
5	1	1	1	134	16	2377	1814	17	7	74.123878	5
5	1	1	1	134	17	2428	1826	12	18	75.840431	4
4	1	1	1	135	0	364	1491	2108	361	-1	
5	1	1	1	135	1	364	1491	73	17	28.729301	ate.
5	1	1	1	135	2	545	1525	12	9	29.601181	a
5	1	1	1	135	3	647	1538	12	8	31.963036	4
5	1	1	1	135	4	672	1540	63	23	15.139702	ORI
5	1	1	1	135	5	774	1552	11	20	29.073555	y
5	1	1	1	135	6	841	1558	28	37	3.618279	Fz
5	1	1	1	135	7	927	1582	41	21	30.577438	os
5	1	1	1	135	8	1054	1604	11	13	0.000000	g
5	1	1	1	135	9	1204	1631	13	8	71.298271	2
5	1	1	1	135	10	1327	1638	21	37	36.043083	Ea
5	1	1	1	135	11	1608	1696	11	12	0.000000	&
5	1	1	1	135	12	1761	1726	17	12	0.000000	yo
5	1	1	1	135	13	1888	1740	17	17	0.000000	hee
5	1	1	1	135	14	1964	1756	38	15	77.261070	wo
5	1	1	1	135	15	2042	1767	68	22	29.251633	eee
5	1	1	1	135	16	2145	1792	93	21	0.490074	aang
5	1	1	1	135	17	2273	1809	64	14	28.200752	Se
5	1	1	1	135	18	2377	1823	11	13	93.397667	5
5	1	1	1	135	19	2455	1836	17	16	72.786751	4
4	1	1	1	136	0	414	1496	2057	369	-1	
5	1	1	1	136	1	414	1496	21	31	0.000000	st
5	1	1	1	136	2	493	1522	38	15	0.000000	io
5	1	1	1	136	3	825	1577	37	18	47.602325	ag
5	1	1	1	136	4	1054	1616	36	13	57.377468	a5
5	1	1	1	136	5	1204	1641	13	10	44.622288	o
5	1	1	1	136	6	1330	1662	12	12	47.577141	=
5	1	1	1	136	7	1402	1664	20	31	36.975327	ct
5	1	1	1	136	8	1608	1699	20	31	45.225166	SA
5	1	1	1	136	9	1761	1734	11	5	56.911301	5
5	1	1	1	136	10	1813	1744	90	23	43.353180	Pwal
5	1	1	1	136	11	1939	1759	12	12	45.561108	8
5	1	1	1	136	12	1989	1778	16	8	0.000000	&
5	1	1	1	136	13	2042	1778	63	20	0.000000	&so
5	1	1	1	136	14	2144	1797	90	32	2.175735	Sseig
5	1	1	1	136	15	2272	1816	65	18	63.771523	Bee
5	1	1	1	136	16	2428	1844	43	21	59.028896	es
4	1	1	1	137	0	364	1505	2102	372	-1	
5	1	1	1	137	1	364	1505	68	36	0.000000	8'Bea
5	1	1	1	137	2	493	1537	38	12	0.000000	SB
5	1	1	1	137	3	544	1527	18	35	0.000000	oe
5	1	1	1	137	4	647	1556	88	31	0.000000	Ba8e
5	1	1	1	137	5	769	1569	21	35	0.000000	£.
5	1	1	1	137	6	826	1589	14	6	54.110909	a
5	1	1	1	137	7	926	1601	68	19	47.049503	bee
5	1	1	1	137	8	1066	1631	25	10	49.068832	2
5	1	1	1	137	9	1200	1652	15	13	58.259949	a
5	1	1	1	137	10	1330	1676	13	8	55.076324	&
5	1	1	1	137	11	1407	1689	16	12	46.807724	=
5	1	1	1	137	12	1608	1720	16	12	89.886147	=
5	1	1	1	137	13	1761	1740	59	25	12.954529	855
5	1	1	1	137	14	1864	1766	41	15	68.076874	ae
5	1	1	1	137	15	1940	1772	10	13	22.391266	§
5	1	1	1	137	16	2041	1780	63	35	57.745010	ore?
5	1	1	1	137	17	2171	1814	62	22	29.100090	PEs
5	1	1	1	137	18	2272	1827	69	26	36.921127	eee
5	1	1	1	137	19	2376	1844	15	10	23.181999	5
5	1	1	1	137	20	2428	1857	38	20	55.653374	ay
4	1	1	1	138	0	364	1523	2102	368	-1	
5	1	1	1	138	1	364	1523	43	23	50.768017	83
5	1	1	1	138	2	494	1549	36	9	36.028248	g8
5	1	1	1	138	3	646	1565	17	17	12.356377	&
5	1	1	1	138	4	774	1593	11	13	13.086792	2
5	1	1	1	138	5	820	1596	42	24	56.438972	Be
5	1	1	1	138	6	927	1615	63	17	25.672684	fg
5	1	1	1	138	7	1054	1637	11	16	35.811928	=
5	1	1	1	138	8	1204	1666	11	13	10.274734	2
5	1	1	1	138	9	1406	1703	13	9	63.051521	3
5	1	1	1	138	10	1607	1734	13	9	53.660088	o
5	1	1	1	138	11	1760	1751	38	21	69.477913	BE
5	1	1	1	138	12	1814	1766	10	9	46.512306	3
5	1	1	1	138	13	1843	1771	57	22	46.512306	yes
5	1	1	1	138	14	1939	1781	68	28	33.094215	See
5	1	1	1	138	15	2042	1805	62	24	28.175880	ag
5	1	1	1	138	16	2144	1814	89	34	18.385620	Bers
5	1	1	1	138	17	2299	1848	38	16	74.489067	g8
5	1	1	1	138	18	2377	1855	16	12	12.076302	EF
5	1	1	1	138	19	2429	1871	37	20	56.441875	£8
4	1	1	1	139	0	364	1536	2082	354	-1	
5	1	1	1	139	1	364	1536	13	14	5.572113	5
5	1	1	1	139	2	418	1541	13	10	5.572113	Qu
5	1	1	1	139	3	519	1557	38	21	23.824203	a
5	1	1	1	139	4	646	1584	92	26	37.072720	Ban
5	1	1	1	139	5	825	1609	36	26	14.696648	£8
5	1	1	1	139	6	977	1633	13	10	0.000000	e
5	1	1	1	139	7	1079	1659	17	6	45.989044	=
5	1	1	1	139	8	1204	1680	12	10	26.535637	$
5	1	1	1	139	9	1326	1686	22	36	15.813080	ig
5	1	1	1	139	10	1761	1774	37	12	23.190857	of
5	1	1	1	139	11	1812	1776	12	10	23.190857	8
5	1	1	1	139	12	1841	1783	38	19	25.652992	Ps
5	1	1	1	139	13	1939	1799	65	24	12.087692	g§e
5	1	1	1	139	14	2037	1810	40	25	24.771553	<3
5	1	1	1	139	15	2092	1830	13	12	24.771553	8
5	1	1	1	139	16	2144	1835	92	22	39.210403	eres
5	1	1	1	139	17	2278	1855	59	24	55.073402	[88
5	1	1	1	139	18	2376	1868	12	12	81.625656	8
5	1	1	1	139	19	2428	1877	18	13	20.809906	&
4	1	1	1	140	0	364	1539	2027	350	-1	
5	1	1	1	140	1	364	1539	66	37	0.000000	2.434
5	1	1	1	140	2	493	1568	63	22	50.789948	gas
5	1	1	1	140	3	646	1596	93	24	0.000000	FaSr
5	1	1	1	140	4	773	1615	12	11	64.182785	6
5	1	1	1	140	5	825	1623	11	6	56.126831	8
5	1	1	1	140	6	926	1639	37	24	0.000000	o5
5	1	1	1	140	7	977	1645	12	12	70.829414	8
5	1	1	1	140	8	1053	1659	42	18	28.651062	g5
5	1	1	1	140	9	1204	1692	11	12	48.443340	8
5	1	1	1	140	10	1331	1716	10	9	74.374847	5
5	1	1	1	140	11	1407	1724	15	5	0.073174	z
5	1	1	1	140	12	1607	1752	15	9	36.968060	$
5	1	1	1	140	13	1760	1782	139	39	26.546234	SReRES
5	1	1	1	140	14	1939	1810	37	13	63.071346	Be
5	1	1	1	140	15	2042	1834	67	15	69.344955	Fee
5	1	1	1	140	16	2144	1848	89	20	75.610054	£558
5	1	1	1	140	17	2324	1877	17	12	28.949692	a
4	1	1	1	141	0	364	1562	1951	327	-1	
5	1	1	1	141	1	364	1562	72	18	57.674519	aoe
5	1	1	1	141	2	493	1579	36	16	50.129051	xy
5	1	1	1	141	3	646	1607	89	26	30.910240	aoe
5	1	1	1	141	4	773	1626	17	13	40.392136	x
5	1	1	1	141	5	825	1630	17	14	75.590454	th
5	1	1	1	141	6	926	1649	63	22	51.177025	Poe
5	1	1	1	141	7	1053	1674	42	13	44.572647	oe
5	1	1	1	141	8	1200	1689	19	28	0.000000	=s
5	1	1	1	141	9	1406	1731	12	10	0.000000	e
5	1	1	1	141	10	1607	1763	12	9	1.266937	@
5	1	1	1	141	11	1760	1795	63	17	24.917549	she
5	1	1	1	141	12	1863	1805	41	22	32.091171	5s
5	1	1	1	141	13	1938	1816	39	27	63.096970	ane
5	1	1	1	141	14	2041	1833	18	29	2.782288	eS
5	1	1	1	141	15	2070	1833	11	29	2.782288	@&
5	1	1	1	141	16	2090	1833	19	29	29.918968	er
5	1	1	1	141	17	2144	1859	94	18	57.788235	Zeck
5	1	1	1	141	18	2299	1877	16	12	59.299484	a
4	1	1	1	142	0	364	1570	1868	319	-1	
5	1	1	1	142	1	364	1570	13	9	20.166687	a
5	1	1	1	142	2	540	1592	22	27	28.008942	o>
5	1	1	1	142	3	646	1614	11	13	92.106369	<
5	1	1	1	142	4	693	1617	16	27	51.427437	ra
5	1	1	1	142	5	824	1646	13	10	0.000000	o
5	1	1	1	142	6	925	1663	64	17	52.580963	ork
5	1	1	1	142	7	1072	1679	28	27	56.275932	=~
5	1	1	1	142	8	1330	1726	11	19	59.154129	g
5	1	1	1	142	9	1406	1741	17	10	56.547020	»
5	1	1	1	142	10	1606	1774	16	22	51.678539	x
5	1	1	1	142	11	1837	1806	41	33	21.541473	£2.
5	1	1	1	142	12	1888	1823	10	5	21.541473	5
5	1	1	1	142	13	1939	1833	37	12	59.963486	oS
5	1	1	1	142	14	1989	1840	12	12	84.310555	5
5	1	1	1	142	15	2042	1854	10	9	29.156868	a
5	1	1	1	142	16	2067	1860	16	5	40.136814	Sh
5	1	1	1	142	17	2092	1858	12	8	43.299595	&
5	1	1	1	142	18	2144	1864	11	13	90.578911	<
5	1	1	1	142	19	2195	1877	37	12	48.928139	Od
4	1	1	1	143	0	364	1580	1817	308	-1	
5	1	1	1	143	1	364	1580	17	9	53.935242	+
5	1	1	1	143	2	395	1581	36	11	29.279549	om
5	1	1	1	143	3	492	1593	64	26	59.462376	Bag
5	1	1	1	143	4	646	1627	92	16	0.000000	Seoe
5	1	1	1	143	5	772	1640	13	13	16.784653	§F
5	1	1	1	143	6	850	1654	11	14	91.858223	3
5	1	1	1	143	7	951	1671	38	21	51.621048	§3
5	1	1	1	143	8	1052	1697	13	10	55.178780	2
5	1	1	1	143	9	1204	1722	11	10	73.260246	Q
5	1	1	1	143	10	1406	1750	15	9	0.000000	&
5	1	1	1	143	11	1786	1813	38	19	10.358925	"ge
5	1	1	1	143	12	1862	1830	37	12	6.089058	bag
5	1	1	1	143	13	1938	1840	63	22	0.000000	gak
5	1	1	1	143	14	2066	1867	37	20	71.816078	858
5	1	1	1	143	15	2143	1878	38	10	71.167908	35
4	1	1	1	144	0	364	1591	1719	302	-1	
5	1	1	1	144	1	364	1591	70	22	16.933121	gss
5	1	1	1	144	2	493	1606	62	24	18.224655	Bi
5	1	1	1	144	3	646	1639	62	21	0.000000	<Fo
5	1	1	1	144	4	722	1652	12	12	22.583244	y
5	1	1	1	144	5	765	1650	23	31	28.968544	af
5	1	1	1	144	6	824	1657	13	26	27.071388	5
5	1	1	1	144	7	922	1684	41	13	72.241600	Uo
5	1	1	1	144	8	1053	1703	36	17	20.888290	aR
5	1	1	1	144	9	1203	1723	21	33	29.250153	2,
5	1	1	1	144	10	1330	1746	16	19	33.029724	a
5	1	1	1	144	11	1405	1769	13	9	0.000000	D
5	1	1	1	144	12	1606	1797	17	13	56.652298	o
5	1	1	1	144	13	1759	1818	18	21	7.921906	Q
5	1	1	1	144	14	1812	1833	42	19	40.846653	2a
5	1	1	1	144	15	1885	1840	14	16	35.699036	oO
5	1	1	1	144	16	1939	1853	10	12	46.399761	2
5	1	1	1	144	17	1963	1861	37	13	45.503983	og
5	1	1	1	144	18	2036	1859	47	34	3.374115	is}
4	1	1	1	145	0	364	1603	1636	282	-1	
5	1	1	1	145	1	364	1603	42	15	50.598850	ae
5	1	1	1	145	2	488	1624	40	24	40.414230	Om
5	1	1	1	145	3	641	1646	98	35	22.130173	Sans
5	1	1	1	145	4	772	1678	12	9	63.205372	g
5	1	1	1	145	5	824	1683	42	19	56.097698	4.
5	1	1	1	145	6	926	1699	63	18	0.000000	$e
5	1	1	1	145	7	1052	1722	44	11	21.405403	au
5	1	1	1	145	8	1330	1766	16	16	0.000000	E
5	1	1	1	145	9	1406	1780	16	5	0.000000	E
5	1	1	1	145	10	1606	1812	12	11	65.104721	8
5	1	1	1	145	11	1811	1836	92	42	14.047348	are
5	1	1	1	145	12	1938	1867	62	18	40.663658	Ras
4	1	1	1	146	0	357	1612	1545	272	-1	
5	1	1	1	146	1	357	1612	79	48	20.029678	Fede,
5	1	1	1	146	2	488	1642	72	29	57.037819	PSs
5	1	1	1	146	3	645	1667	89	37	78.702705	Bags
5	1	1	1	146	4	772	1689	12	18	65.834015	§
5	1	1	1	146	5	820	1703	46	29	70.634277	BE
5	1	1	1	146	6	922	1708	71	41	10.762520	eSB
5	1	1	1	146	7	1052	1735	37	27	61.901772	ge
5	1	1	1	146	8	1203	1754	16	30	36.275463	2
5	1	1	1	146	9	1330	1784	92	27	23.795052	BS
5	1	1	1	146	10	1606	1826	17	24	39.855877	2
5	1	1	1	146	11	1758	1847	18	34	20.999153	B
5	1	1	1	146	12	1807	1865	95	19	0.000000	S8es
4	1	1	1	147	0	392	1646	1230	234	-1	
5	1	1	1	147	1	392	1646	49	42	58.978546	pat
5	1	1	1	147	2	492	1672	63	29	0.000000	zok
5	1	1	1	147	3	641	1697	91	28	0.074509	eee
5	1	1	1	147	4	772	1717	17	21	50.675552	9
5	1	1	1	147	5	824	1730	36	24	15.117310	Ee
5	1	1	1	147	6	925	1736	69	42	50.375351	er
5	1	1	1	147	7	1052	1758	42	31	34.218231	oe
5	1	1	1	147	8	1202	1787	13	22	31.088570	§
5	1	1	1	147	9	1329	1814	12	23	79.054367	8
5	1	1	1	147	10	1405	1822	17	21	36.304146	2
5	1	1	1	147	11	1606	1860	16	20	29.530342	5
4	1	1	1	148	0	392	1669	1029	203	-1	
5	1	1	1	148	1	392	1669	41	34	24.807289	Ea
5	1	1	1	148	2	491	1700	64	25	54.176666	Bee
5	1	1	1	148	3	644	1722	89	26	4.971252	Seg
5	1	1	1	148	4	772	1744	16	23	0.000000	Ss
5	1	1	1	148	5	823	1750	37	15	69.930099	+3
5	1	1	1	148	6	925	1765	62	25	49.344593	£08
5	1	1	1	148	7	1051	1786	38	28	31.162003	a8
5	1	1	1	148	8	1198	1818	16	12	38.140621	3
5	1	1	1	148	9	1330	1827	18	33	36.816017	=]
5	1	1	1	148	10	1401	1839	20	33	31.555923	Es
4	1	1	1	149	0	376	1688	1040	188	-1	
5	1	1	1	149	1	376	1688	6	29	0.980904	nN
5	1	1	1	149	2	491	1710	64	26	28.204498	Bea
5	1	1	1	149	3	696	1744	42	24	38.564636	ag
5	1	1	1	149	4	772	1769	16	6	30.908951	zw
5	1	1	1	149	5	823	1768	37	18	64.972015	to
5	1	1	1	149	6	925	1789	62	19	86.033920	Bog
5	1	1	1	149	7	1051	1816	42	10	10.896515	mF
5	1	1	1	149	8	1203	1833	10	8	40.445648	5
5	1	1	1	149	9	1329	1852	12	10	0.000000	o
5	1	1	1	149	10	1404	1868	12	8	41.139328	g
4	1	1	1	150	0	411	1707	934	169	-1	
5	1	1	1	150	1	411	1707	28	28	61.195641	log
5	1	1	1	150	2	512	1723	20	28	0.000000	gy
5	1	1	1	150	3	636	1745	24	28	26.954453	Lo}
5	1	1	1	150	4	721	1769	11	13	0.000000	5p
5	1	1	1	150	5	823	1779	37	21	37.814907	rs
5	1	1	1	150	6	924	1799	63	23	19.913727	See
5	1	1	1	150	7	1076	1822	13	10	26.197021	a
5	1	1	1	150	8	1202	1842	12	12	18.966064	°
5	1	1	1	150	9	1328	1863	17	13	69.864296	a
4	1	1	1	151	0	327	1704	1148	212	-1	
5	1	1	1	151	1	327	1704	34	40	36.136475	Ww
5	1	1	1	151	2	391	1723	38	17	31.640915	ee
5	1	1	1	151	3	490	1741	64	25	12.811699	234
5	1	1	1	151	4	643	1768	13	21	41.017555	8
5	1	1	1	151	5	695	1768	37	27	85.364243	8a
5	1	1	1	151	6	771	1794	12	12	0.000000	#
5	1	1	1	151	7	822	1793	38	21	0.100418	8S
5	1	1	1	151	8	925	1812	67	31	62.159920	Bae
5	1	1	1	151	9	1051	1827	42	25	28.699310	oe
5	1	1	1	151	10	1198	1851	21	38	24.716827	Es
5	1	1	1	151	11	1471	1913	4	3	66.307564	‘
4	1	1	1	152	0	415	1748	678	113	-1	
5	1	1	1	152	1	415	1748	14	11	44.870522	2
5	1	1	1	152	2	516	1757	37	35	34.229744	Ces
5	1	1	1	152	3	643	1789	12	12	53.881943	3
5	1	1	1	152	4	695	1795	12	12	60.459232	8
5	1	1	1	152	5	847	1814	12	12	68.661377	&
5	1	1	1	152	6	924	1833	67	23	24.098854	eee
5	1	1	1	152	7	1051	1848	42	13	53.026596	ae
4	1	1	1	153	0	391	1748	696	125	-1	
5	1	1	1	153	1	391	1748	38	39	36.457756	go
5	1	1	1	153	2	490	1766	69	35	45.392586	88
5	1	1	1	153	3	640	1802	16	16	0.000000	e
5	1	1	1	153	4	695	1808	41	26	24.037468	St
5	1	1	1	153	5	770	1807	17	37	13.675018	£
5	1	1	1	153	6	823	1825	41	28	77.223320	ad
5	1	1	1	153	7	924	1850	62	22	13.522339	“es
5	1	1	1	153	8	1051	1860	36	13	42.696072	34
4	1	1	1	154	0	391	1775	474	94	-1	
5	1	1	1	154	1	391	1775	42	31	14.613640	ace
5	1	1	1	154	2	490	1799	64	28	12.855042	Eee
5	1	1	1	154	3	643	1829	12	11	26.179199	2
5	1	1	1	154	4	690	1827	45	32	52.436607	ay
5	1	1	1	154	5	770	1846	17	16	0.000000	ge
5	1	1	1	154	6	818	1846	47	23	0.000000	&&
4	1	1	1	155	0	390	1805	322	65	-1	
5	1	1	1	155	1	390	1805	42	22	46.512260	22
5	1	1	1	155	2	490	1823	36	17	16.039749	si
5	1	1	1	155	3	542	1823	16	13	25.072647	0
5	1	1	1	155	4	643	1841	16	26	73.896461	a2
5	1	1	1	155	5	694	1849	18	21	34.732201	3
4	1	1	1	156	0	387	1814	169	39	-1	
5	1	1	1	156	1	387	1814	21	28	0.000000	“h
5	1	1	1	156	2	415	1814	17	28	66.017906	st
5	1	1	1	156	3	490	1839	37	12	44.153183	OD
5	1	1	1	156	4	543	1844	13	9	19.925156	e
4	1	1	1	157	0	390	1836	163	29	-1	
5	1	1	1	157	1	390	1836	19	5	42.029594	ei
5	1	1	1	157	2	514	1853	39	12	85.615082	as
4	1	1	1	158	0	389	1840	112	25	-1	
5	1	1	1	158	1	389	1840	42	24	46.952995	gt
5	1	1	1	158	2	490	1853	11	12	65.404877	8
