level	page_num	block_num	par_num	line_num	word_num	left	top	width	height	conf	text
1	1	0	0	0	0	0	0	2550	3300	-1	
2	1	1	0	0	0	633	159	1378	62	-1	
3	1	1	1	0	0	633	159	1378	57	-1	
4	1	1	1	1	0	633	159	1373	45	-1	
5	1	1	1	1	1	633	174	10	10	0.000000	-
5	1	1	1	1	2	675	159	54	43	93.843742	There
5	1	1	1	1	3	735	159	19	43	73.825272	is
5	1	1	1	1	4	761	159	18	43	61.089684	we
5	1	1	1	1	5	789	159	48	43	80.873001	proaf
5	1	1	1	1	6	843	159	51	43	51.665192	fering
5	1	1	1	1	7	904	159	27	43	73.324547	d's
5	1	1	1	1	8	943	159	84	43	48.289722	deduction
5	1	1	1	1	9	1036	159	68	43	76.630081	method)
5	1	1	1	1	10	1112	159	18	43	18.758133	0f
5	1	1	1	1	11	1137	175	8	15	18.758133	0
5	1	1	1	1	12	1165	179	22	14	40.060928	1
5	1	1	1	1	13	1198	159	40	43	78.962212	from
5	1	1	1	1	14	1248	159	26	43	59.487988	the
5	1	1	1	1	15	1284	159	44	43	0.000000	enien
5	1	1	1	1	16	1337	159	18	43	60.265251	of
5	1	1	1	1	17	1366	159	22	43	37.646889	Ue
5	1	1	1	1	18	1398	159	48	43	35.464302	eriom
5	1	1	1	1	19	1456	159	58	43	0.922661	eretem
5	1	1	1	1	20	1528	169	11	10	72.270973	a
5	1	1	1	1	21	1552	159	41	43	72.985382	with
5	1	1	1	1	22	1599	159	30	43	38.175819	IND
5	1	1	1	1	23	1638	159	66	43	41.560074	sentence
5	1	1	1	1	24	1715	159	21	43	75.420670	og
5	1	1	1	1	25	1910	191	7	13	38.863506	4
5	1	1	1	1	26	1926	167	18	41	53.207069	at
5	1	1	1	1	27	1952	185	54	19	33.072601	steel)
4	1	1	1	2	0	1740	183	271	38	-1	
5	1	1	1	2	1	1740	183	62	38	57.390118	Uefa,
5	1	1	1	2	2	1812	197	14	19	52.873894	a)
5	1	1	1	2	3	1834	196	7	9	42.873749	>
5	1	1	1	2	4	1853	183	56	38	38.981064	(lookin
5	1	1	1	2	5	2007	195	4	4	15.134544	i
2	1	2	0	0	0	540	205	1968	137	-1	
3	1	2	1	0	0	541	205	1110	40	-1	
4	1	2	1	1	0	541	205	1110	40	-1	
5	1	2	1	1	1	541	205	32	35	29.879318	Ke
5	1	2	1	1	2	649	206	29	38	38.243706	be
5	1	2	1	1	3	1300	214	97	31	62.075752	statement
5	1	2	1	1	4	1407	218	45	15	52.697830	Bech
5	1	2	1	1	5	1458	218	20	18	95.544975	of
5	1	2	1	1	6	1482	219	64	18	68.130547	Kleene,
5	1	2	1	1	7	1555	220	58	19	90.062431	Rogers
5	1	2	1	1	8	1629	226	22	15	75.418030	nd
3	1	2	2	0	0	540	217	1968	60	-1	
4	1	2	2	1	0	540	217	1968	60	-1	
5	1	2	2	1	1	540	220	54	46	0.000000	Paha
5	1	2	2	1	2	663	245	38	15	20.668709	ie
5	1	2	2	1	3	713	220	55	50	0.000000	rieitee
5	1	2	2	1	4	783	220	40	50	46.825203	Roe
5	1	2	2	1	5	870	218	141	45	0.000000	poten
5	1	2	2	1	6	1035	218	23	45	24.364540	dy
5	1	2	2	1	7	1059	220	20	47	35.797157	oh
5	1	2	2	1	8	1090	220	36	47	20.804451	ie
5	1	2	2	1	9	1125	224	129	36	0.000000	“Selena,
5	1	2	2	1	10	1263	230	28	19	62.417160	4)”
5	1	2	2	1	11	1375	217	80	60	29.712654	rer
5	1	2	2	1	12	1490	256	82	17	0.000000	ria
5	1	2	2	1	13	1618	229	10	9	31.521439	O14
5	1	2	2	1	14	1655	228	49	20	19.751503	Jered
5	1	2	2	1	15	1728	222	28	52	57.550362	1%,
5	1	2	2	1	16	1767	222	19	52	58.964329	29,
5	1	2	2	1	17	1797	222	21	52	55.837029	sey
5	1	2	2	1	18	1827	234	77	31	26.123154	ato?
5	1	2	2	1	19	1914	241	58	17	48.709316	mop,
5	1	2	2	1	20	1992	245	23	9	78.272736	however,
5	1	2	2	1	21	2049	241	17	17	93.236633	be
5	1	2	2	1	22	2073	243	7	14	29.294327	&
5	1	2	2	1	23	2184	225	71	45	41.816650	(derplta
5	1	2	2	1	24	2266	236	67	21	30.415283	SRR
5	1	2	2	1	25	2337	242	20	13	31.795929	@,
5	1	2	2	1	26	2367	225	35	45	0.000000	2)"*
5	1	2	2	1	27	2412	225	96	45	41.295223	assertion),
3	1	2	3	0	0	544	255	1962	61	-1	
4	1	2	3	1	0	544	255	1880	45	-1	
5	1	2	3	1	1	544	255	45	45	12.793320	bg,
5	1	2	3	1	2	596	255	38	45	21.744759	Tie
5	1	2	3	1	3	648	255	57	45	22.633217	Treble
5	1	2	3	1	4	723	255	50	45	0.000000	eriene
5	1	2	3	1	5	787	255	12	45	41.473854	bn
5	1	2	3	1	6	810	255	64	45	0.000000	cette
5	1	2	3	1	7	888	263	31	32	4.754875	me
5	1	2	3	1	8	956	255	42	45	0.000000	en
5	1	2	3	1	9	1012	255	46	45	0.000000	Eaen,
5	1	2	3	1	10	1065	255	59	45	0.000000	Cadal's
5	1	2	3	1	11	1136	255	87	45	66.977074	paradigm,
5	1	2	3	1	12	1230	255	45	45	74.287064	where
5	1	2	3	1	13	1286	268	8	10	0.000000	&
5	1	2	3	1	14	1312	255	23	45	3.329193	ee
5	1	2	3	1	15	1361	255	42	45	0.000000	Sch
5	1	2	3	1	16	1413	255	50	45	0.000000	raelt
5	1	2	3	1	17	1473	255	87	45	14.146355	formelioes
5	1	2	3	1	18	1571	255	8	45	6.897011	a
5	1	2	3	1	19	1608	255	47	45	4.238091	ene
5	1	2	3	1	20	1694	257	18	41	36.263165	"8
5	1	2	3	1	21	1721	257	25	41	49.408764	arg
5	1	2	3	1	22	1867	261	56	39	67.524666	where
5	1	2	3	1	23	1932	261	26	39	96.756790	the
5	1	2	3	1	24	1967	261	60	39	74.431183	Second
5	1	2	3	1	25	2036	261	56	39	37.765472	Jncom,
5	1	2	3	1	26	2256	265	43	34	83.865967	does
5	1	2	3	1	27	2309	265	89	34	44.646473	generelise
5	1	2	3	1	28	2406	265	18	34	76.860962	[1
4	1	2	3	2	0	604	276	1902	44	-1	
5	1	2	3	2	1	604	292	4	5	64.180038	.
5	1	2	3	2	2	621	276	23	36	91.225342	10,
5	1	2	3	2	3	657	283	23	17	55.617775	12,
5	1	2	3	2	4	693	276	24	36	64.561218	18,
5	1	2	3	2	5	726	285	24	16	75.867920	13,
5	1	2	3	2	6	762	276	27	36	66.259216	18,
5	1	2	3	2	7	798	276	27	36	71.698875	18,
5	1	2	3	2	8	834	276	27	36	37.213459	$8,
5	1	2	3	2	9	868	280	24	16	48.834728	2,
5	1	2	3	2	10	954	277	10	33	23.775948	r,
5	1	2	3	2	11	976	277	25	33	68.219475	£8,
5	1	2	3	2	12	1011	277	29	33	66.973885	89,
5	1	2	3	2	13	1047	283	14	17	57.078072	7,
5	1	2	3	2	14	1072	277	24	33	56.687618	38,
5	1	2	3	2	15	1108	277	28	33	71.255775	93,
5	1	2	3	2	16	1143	287	15	19	63.446960	7,
5	1	2	3	2	17	1168	277	25	33	76.237701	95,
5	1	2	3	2	18	1204	290	24	16	74.604553	41,
5	1	2	3	2	19	1237	277	25	33	80.839653	43,
5	1	2	3	2	20	1273	281	29	19	51.223827	48h
5	1	2	3	2	21	1585	283	105	22	24.115356	Peredigm
5	1	2	3	2	22	1669	278	45	38	31.344650	whare
5	1	2	3	2	23	1726	278	23	38	0.000000	cy
5	1	2	3	2	24	1758	278	29	38	43.539791	nat
5	1	2	3	2	25	1798	287	65	25	47.078857	setting?
5	1	2	3	2	26	1875	277	97	43	0.000000	"nfossthls,
5	1	2	3	2	27	1982	277	22	43	45.427914	dua
5	1	2	3	2	28	2016	298	17	13	67.620445	to
5	1	2	3	2	29	2043	302	8	9	67.620445	@
5	1	2	3	2	30	2085	276	86	41	0.000000	pictenaes
5	1	2	3	2	31	2180	276	69	41	91.161659	Theorem
5	1	2	3	2	32	2262	276	32	41	19.879158	10%
5	1	2	3	2	33	2303	300	8	13	4.692169	§
5	1	2	3	2	34	2369	300	31	9	40.673389	ene
5	1	2	3	2	35	2409	275	21	38	24.049294	fie
5	1	2	3	2	36	2444	281	10	17	36.336651	%
5	1	2	3	2	37	2466	275	16	38	35.247299	3,
5	1	2	3	2	38	2492	285	14	17	74.301170	4,
3	1	2	4	0	0	543	299	1963	34	-1	
4	1	2	4	1	0	543	299	1963	34	-1	
5	1	2	4	1	1	543	306	192	21	0.000000	Mevitated
5	1	2	4	1	2	632	298	18	40	77.457268	te
5	1	2	4	1	3	659	306	61	21	71.589722	employ
5	1	2	4	1	4	729	298	7	40	58.213219	a
5	1	2	4	1	5	743	306	121	21	37.625992	SeRafla,
5	1	2	4	1	6	845	298	21	40	80.552872	d)
5	1	2	4	1	7	874	307	54	14	29.442917	esiom
5	1	2	4	1	8	936	306	65	16	75.915443	because
5	1	2	4	1	9	1012	302	27	20	43.599442	x!
5	1	2	4	1	10	1055	314	15	9	51.100101	me
5	1	2	4	1	11	1085	313	24	17	51.828827	xt
5	1	2	4	1	12	1117	313	119	20	2.310898	SelRafex,
5	1	2	4	1	13	1222	298	18	40	71.060509	d)
5	1	2	4	1	14	1249	298	14	40	57.680939	is
5	1	2	4	1	15	1271	303	87	22	0.000000	tyPically
5	1	2	4	1	16	1417	303	48	14	67.571396	Inconsistent,
5	1	2	4	1	17	1737	299	67	25	14.228485	Valente
5	1	2	4	1	18	1856	303	15	14	48.615067	©
5	1	2	4	1	19	2156	304	34	13	72.380600	“
5	1	2	4	1	20	2464	303	42	19	29.531464	_
3	1	2	5	0	0	596	328	8	14	-1	
4	1	2	5	1	0	596	328	8	14	-1	
5	1	2	5	1	1	596	328	8	14	71.423279	1
2	1	3	0	0	0	538	327	1976	92	-1	
3	1	3	1	0	0	542	327	1968	88	-1	
4	1	3	1	1	0	1807	327	11	23	-1	
5	1	3	1	1	1	1807	327	11	23	0.000000	/
4	1	3	1	2	0	592	344	1077	37	-1	
5	1	3	1	2	1	592	344	37	37	87.091919	Our
5	1	3	1	2	2	638	344	72	37	30.079132	revearch
5	1	3	1	2	3	721	344	72	37	91.316246	explored
5	1	3	1	2	4	801	344	63	37	53.255764	epeciel
5	1	3	1	2	5	872	344	121	37	74.155174	circumstances
5	1	3	1	2	6	1002	344	32	37	44.765133	[{8,
5	1	3	1	2	7	1048	356	22	17	66.365631	45,
5	1	3	1	2	8	1082	344	22	37	47.090126	46,
5	1	3	1	2	9	1116	344	27	37	74.746216	47]
5	1	3	1	2	10	1153	344	47	37	83.143463	where
5	1	3	1	2	11	1208	358	13	13	95.265579	it
5	1	3	1	2	12	1230	344	16	37	89.726761	is
5	1	3	1	2	13	1254	344	60	37	31.549850	foardle
5	1	3	1	2	14	1322	344	16	37	68.625717	te
5	1	3	1	2	15	1347	344	84	37	0.000000	conatonct
5	1	3	1	2	16	1439	344	119	37	7.191017	oclf-tuotifying
5	1	3	1	2	17	1566	344	103	37	0.000000	formeioms,
4	1	3	1	3	0	559	360	1918	32	-1	
5	1	3	1	3	1	559	372	107	17	0.000000	witiplioation
5	1	3	1	3	2	675	364	27	32	67.687454	(te
5	1	3	1	3	3	709	374	48	15	22.412178	evvid
5	1	3	1	3	4	765	364	28	32	91.854149	the
5	1	3	1	3	5	799	373	63	18	42.377571	preesding
5	1	3	1	3	6	891	371	92	18	16.501343	difficulties).
5	1	3	1	3	7	992	373	40	14	85.161911	Te
5	1	3	1	3	8	1043	364	19	32	94.340111	be
5	1	3	1	3	9	1066	379	44	13	91.875870	more
5	1	3	1	3	10	1239	369	32	18	0.000000	‘d4(a,
5	1	3	1	3	11	1299	361	44	32	38.316837	3,2)
5	1	3	1	3	12	1355	361	32	32	73.263748	and
5	1	3	1	3	13	1396	365	103	20	0.000000	Mult(o,y,
5	1	3	1	3	14	1515	361	16	32	52.167622	8)
5	1	3	1	3	15	1543	371	11	15	43.079178	d.
5	1	3	1	3	16	1673	360	54	32	94.989738	These
5	1	3	1	3	17	1817	378	4	14	5.330841	jncctvod
5	1	3	1	3	18	1852	367	261	22	68.126549	weakening
5	1	3	1	3	19	1993	358	23	38	76.817642	the
5	1	3	1	3	20	2028	367	85	22	59.727707	properties
5	1	3	1	3	21	2251	358	40	32	63.152321	revs
5	1	3	1	3	22	2301	358	49	32	5.476974	about
5	1	3	1	3	23	2360	366	117	20	59.963665	eddition
5	1	3	1	3	24	2445	358	36	32	88.496643	ond
4	1	3	1	4	0	538	367	1976	52	-1	
5	1	3	1	4	1	538	367	92	50	0.000000	Tarenlory
5	1	3	1	4	2	642	367	67	50	0.000000	wadhton
5	1	3	1	4	3	725	367	30	50	38.490734	tod
5	1	3	1	4	4	767	367	117	50	0.000000	wretiplcation
5	1	3	1	4	5	896	367	17	50	28.128319	ae
5	1	3	1	4	6	925	367	53	50	46.307568	Total
5	1	3	1	4	7	992	371	59	36	0.000000	Puen
5	1	3	1	4	8	1063	398	25	10	0.000000	e
5	1	3	1	4	9	1117	382	80	31	0.000000	ETc
5	1	3	1	4	10	1238	367	21	50	37.864395	ied
5	1	3	1	4	11	1271	367	13	50	43.286240	ae
5	1	3	1	4	12	1296	367	63	50	0.000000	actome,
5	1	3	1	4	13	1476	369	58	19	56.979679	nee?
5	1	3	1	4	14	1554	370	45	49	45.210094	mete
5	1	3	1	4	15	1611	370	25	49	9.718559	(00
5	1	3	1	4	16	1648	370	41	49	22.759811	S009
5	1	3	1	4	17	1701	370	86	49	16.275620	predic
5	1	3	1	4	18	1835	389	69	26	23.807281	net
5	1	3	1	4	19	1917	391	34	14	33.629776	ym
5	1	3	1	4	20	1966	370	86	49	0.000000	eedee
5	1	3	1	4	21	2082	377	44	28	11.434395	we.
5	1	3	1	4	22	2142	368	52	48	20.113251	Tes
5	1	3	1	4	23	2206	368	40	48	35.468597	lagi
5	1	3	1	4	24	2258	368	32	48	77.552689	will
5	1	3	1	4	25	2302	368	15	48	86.469170	be
5	1	3	1	4	26	2326	368	36	48	38.686737	sald
5	1	3	1	4	27	2374	368	12	48	81.015816	to
5	1	3	1	4	28	2398	368	116	48	0.000000	reeegealcn,
2	1	4	0	0	0	1422	418	206	30	-1	
3	1	4	1	0	0	1422	418	206	30	-1	
4	1	4	1	1	0	1422	418	206	30	-1	
5	1	4	1	1	1	1422	418	61	16	0.000000	Ve3s
5	1	4	1	1	2	1508	422	94	24	0.000000	Add(s,1,
5	1	4	1	1	3	1610	429	18	19	61.098209	5)
2	1	5	0	0	0	2043	393	30	12	-1	
3	1	5	1	0	0	2043	393	30	12	-1	
4	1	5	1	1	0	2043	393	30	12	-1	
5	1	5	1	1	1	2043	393	30	12	95.000000	 
2	1	6	0	0	0	542	437	1967	98	-1	
3	1	6	1	0	0	542	437	1967	94	-1	
4	1	6	1	1	0	1403	437	163	22	-1	
5	1	6	1	1	1	1403	437	62	19	28.176163	VeVy
5	1	6	1	1	2	1475	439	24	15	31.451630	2s
5	1	6	1	1	3	1524	443	42	16	68.891449	Add
4	1	6	1	2	0	1336	439	1169	61	-1	
5	1	6	1	2	1	1336	483	21	17	3.887833	«
5	1	6	1	2	2	1400	457	26	14	43.286102	Va
5	1	6	1	2	3	1436	458	26	17	43.286102	Vy
5	1	6	1	2	4	1472	459	23	14	69.114761	as
5	1	6	1	2	5	1521	441	131	52	0.892746	Meaney
5	1	6	1	2	6	2475	439	30	56	10.426468	a
4	1	6	1	3	0	720	484	809	22	-1	
5	1	6	1	3	1	720	495	3	3	49.921726	.
5	1	6	1	3	2	1091	501	11	5	61.497726	.
5	1	6	1	3	3	1231	484	96	21	0.000000	 TyPeA
5	1	6	1	3	4	1334	470	20	39	69.162193	Uf
5	1	6	1	3	5	1364	484	12	13	68.301117	it
5	1	6	1	3	6	1384	486	76	14	24.324615	conteins
5	1	6	1	3	7	1467	488	37	16	78.715195	only
5	1	6	1	3	8	1521	490	8	13	81.918381	(1,
4	1	6	1	4	0	542	487	1967	48	-1	
5	1	6	1	4	1	542	491	14	33	44.816364	7
5	1	6	1	4	2	564	491	41	18	44.308472	Logia
5	1	6	1	4	3	613	496	60	13	7.023880	epetere
5	1	6	1	4	4	680	488	83	47	23.304932	Sree
5	1	6	1	4	5	773	488	52	47	39.308285	aston
5	1	6	1	4	6	823	488	35	41	21.133232	kit
5	1	6	1	4	7	874	488	45	41	19.489243	agen
5	1	6	1	4	8	927	487	44	44	0.000000	Sad
5	1	6	1	4	9	971	490	52	44	7.482651	baer
5	1	6	1	4	10	1026	490	24	44	7.482651	yy
5	1	6	1	4	11	1058	493	25	35	72.833862	a
5	1	6	1	4	12	1109	495	27	18	89.226028	(3)
5	1	6	1	4	13	1144	489	15	44	40.253597	oe
5	1	6	1	4	14	1176	489	104	44	0.000000	rimiained
5	1	6	1	4	15	1286	504	19	17	95.770592	by
5	1	6	1	4	16	1312	504	48	13	89.879509	items
5	1	6	1	4	17	1367	503	28	19	83.546143	(a)
5	1	6	1	4	18	1403	505	33	14	90.955635	and
5	1	6	1	4	19	1444	506	31	18	36.392372	(0):
5	1	6	1	4	20	1512	489	26	18	49.153488	(1)
5	1	6	1	4	21	1546	492	33	14	74.632454	ond
5	1	6	1	4	22	1585	494	25	18	90.531982	(2)
5	1	6	1	4	23	1614	495	21	36	34.697357	at
5	1	6	1	4	24	1642	500	61	19	37.824364	evioms,
5	1	6	1	4	25	1713	495	27	36	56.694038	0nd
5	1	6	1	4	26	1752	495	63	36	75.289108	Types
5	1	6	1	4	27	1824	495	21	36	91.718063	iff
5	1	6	1	4	28	1854	495	12	36	92.208000	it
5	1	6	1	4	29	1873	504	76	15	60.931458	contains
5	1	6	1	4	30	1956	503	38	16	82.180267	only
5	1	6	1	4	31	2002	503	26	17	84.560127	(1)
5	1	6	1	4	32	2037	508	17	8	49.111374	4s
5	1	6	1	4	33	2062	509	21	8	69.884430	on
5	1	6	1	4	34	2090	506	56	13	35.282394	aniom
5	1	6	1	4	35	2156	507	39	14	76.725143	Abo
5	1	6	1	4	36	2203	511	11	8	72.075539	«
5	1	6	1	4	37	2221	507	61	15	55.172722	system
5	1	6	1	4	38	2290	503	16	12	81.201080	is
5	1	6	1	4	39	2316	495	54	36	71.380737	called
5	1	6	1	4	40	2382	495	90	36	29.172478	Type-NS
5	1	6	1	4	41	2486	504	23	17	24.498093	i
2	1	7	0	0	0	549	551	1957	67	-1	
3	1	7	1	0	0	549	551	1957	59	-1	
4	1	7	1	1	0	564	551	1884	36	-1	
5	1	7	1	1	1	564	568	6	5	30.764389	.
5	1	7	1	1	2	667	562	3	3	0.000000	;
5	1	7	1	1	3	1197	558	79	14	0.000000	sistency
5	1	7	1	1	4	1283	551	52	15	44.525101	wader
5	1	7	1	1	5	1343	552	81	14	11.803963	semanti«
5	1	7	1	1	6	1432	553	72	15	40.989285	tabicaus
5	1	7	1	1	7	1513	555	56	16	38.691956	deduation,
5	1	7	1	1	8	1610	561	42	15	8.620361	whe
5	1	7	1	1	9	1660	568	42	13	82.893898	provi
5	1	7	1	1	10	1937	570	71	12	22.042389	ithmetic
5	1	7	1	1	11	2222	569	50	18	0.000000	Wghthy
5	1	7	1	1	12	2312	569	48	12	95.257698	different
5	1	7	1	1	13	2397	571	51	13	56.095901	Language,
4	1	7	1	2	0	549	553	1957	56	-1	
5	1	7	1	2	1	549	564	14	9	55.355461	«
5	1	7	1	2	2	602	553	138	50	0.000000	apnoea
5	1	7	1	2	3	752	553	30	50	35.348007	Pile
5	1	7	1	2	4	793	561	30	38	0.000000	37
5	1	7	1	2	5	852	553	26	50	41.018490	en
5	1	7	1	2	6	893	553	18	50	0.000000	oo
5	1	7	1	2	7	923	553	50	50	23.803284	wpe
5	1	7	1	2	8	989	553	137	50	0.000000	Hirpterhenint
5	1	7	1	2	9	1139	553	39	50	22.512665	gery
5	1	7	1	2	10	1193	564	56	34	19.079254	eT
5	1	7	1	2	11	1273	571	80	19	6.247261	Sef
5	1	7	1	2	12	1360	554	42	55	47.869652	tema
5	1	7	1	2	13	1415	554	23	55	57.339748	cum
5	1	7	1	2	14	1451	554	70	55	0.000000	Ithewina
5	1	7	1	2	15	1529	554	74	55	0.000000	recognine
5	1	7	1	2	16	1612	554	37	55	35.623276	thet
5	1	7	1	2	17	1662	554	56	55	14.668488	Soret
5	1	7	1	2	18	1731	554	51	55	23.702286	slope
5	1	7	1	2	19	1790	554	20	55	68.481430	of
5	1	7	1	2	20	1818	554	24	55	80.464478	all
5	1	7	1	2	21	1855	554	46	55	24.413940	Peame
5	1	7	1	2	22	1914	554	47	55	73.857727	Arith
5	1	7	1	2	23	2011	561	14	35	14.392685	‘0
5	1	7	1	2	24	2030	569	25	18	54.090187	Ty
5	1	7	1	2	25	2069	569	152	20	60.422535	theorems
5	1	7	1	2	26	2152	561	25	35	75.403168	(im
5	1	7	1	2	27	2187	561	7	35	65.836456	«
5	1	7	1	2	28	2205	561	18	35	62.135757	ol
5	1	7	1	2	29	2281	568	33	16	85.279510	different
5	1	7	1	2	30	2367	566	95	13	70.626297	language),
5	1	7	1	2	31	2475	559	36	35	94.159744	was
4	1	7	1	3	0	630	580	1224	38	-1	
5	1	7	1	3	1	630	581	73	14	48.866165	demenst:
5	1	7	1	3	2	1072	580	71	25	46.357338	opeich
5	1	7	1	3	3	1750	593	104	25	0.000000	eoncistenct-
2	1	8	0	0	0	550	618	1957	67	-1	
3	1	8	1	0	0	550	618	1957	67	-1	
4	1	8	1	1	0	550	618	1878	33	-1	
5	1	8	1	1	1	550	625	22	16	62.556641	b,
5	1	8	1	1	2	604	628	32	13	56.404060	The
5	1	8	1	1	3	646	628	48	14	74.856766	above
5	1	8	1	1	4	702	629	76	13	32.697548	ewariens
5	1	8	1	1	5	786	628	18	17	91.619133	of
5	1	8	1	1	6	811	628	27	14	85.148659	the
5	1	8	1	1	7	845	628	63	15	50.757645	Second
5	1	8	1	1	8	915	628	137	16	51.092453	Incempictenses
5	1	8	1	1	9	1060	629	75	15	94.133766	Theorem
5	1	8	1	1	10	1143	633	27	10	93.513039	are
5	1	8	1	1	11	1179	628	54	13	57.586060	knows
5	1	8	1	1	12	1240	624	16	12	28.297516	#6
5	1	8	1	1	13	1264	620	17	14	90.762543	be
5	1	8	1	1	14	1289	618	124	15	15.985001	neernmanimal
5	1	8	1	1	15	1419	619	18	14	91.929718	in
5	1	8	1	1	16	1445	623	10	10	48.463005	@
5	1	8	1	1	17	1464	621	118	16	41.464500	mathematical
5	1	8	1	1	18	1588	629	49	12	90.550751	sense,
5	1	8	1	1	19	1650	629	35	15	46.224396	This
5	1	8	1	1	20	1693	632	13	14	88.419151	te
5	1	8	1	1	21	2303	634	50	13	0.000000	Peri
5	1	8	1	1	22	2359	633	30	18	50.776451	(23,
5	1	8	1	1	23	2404	636	24	12	70.866158	37,
4	1	8	1	2	0	672	634	1835	25	-1	
5	1	8	1	2	1	672	649	2	2	28.690109	:
5	1	8	1	2	2	1294	639	10	14	42.670639	4
5	1	8	1	2	3	1314	638	65	15	81.618195	Willard
5	1	8	1	2	4	1387	638	102	18	28.996582	oubsequently
5	1	8	1	2	5	1504	639	26	20	59.647552	(41,
5	1	8	1	2	6	1546	643	25	16	57.845276	48,
5	1	8	1	2	7	1713	634	56	20	37.533665	becouse
5	1	8	1	2	8	1775	642	25	14	89.590706	the
5	1	8	1	2	9	1813	628	78	32	26.107765	armbined
5	1	8	1	2	10	1898	628	41	32	85.731987	werk
5	1	8	1	2	11	1947	634	20	17	93.276283	of
5	1	8	1	2	12	1973	634	66	16	32.765640	Pudiéh,
5	1	8	1	2	13	2048	635	71	18	50.581093	Solevey,
5	1	8	1	2	14	2127	638	60	13	30.412827	Naleon
5	1	8	1	2	15	2194	637	34	14	92.942612	and
5	1	8	1	2	16	2238	636	64	15	37.382423	Wilkis-:
5	1	8	1	2	17	2386	644	8	13	0.000000	I,
5	1	8	1	2	18	2426	644	5	7	52.355495	7,
5	1	8	1	2	19	2440	636	27	16	73.734558	92,
5	1	8	1	2	20	2476	636	31	19	72.424545	36)
4	1	8	1	3	0	626	640	1697	31	-1	
5	1	8	1	3	1	626	642	70	27	0.000000	implied
5	1	8	1	3	2	704	642	19	27	79.558281	ne
5	1	8	1	3	3	731	642	69	27	69.901047	naturel
5	1	8	1	3	4	808	642	57	27	91.707672	Type-S
5	1	8	1	3	5	873	642	57	27	24.152359	eystem
5	1	8	1	3	6	941	642	27	27	68.793182	cau
5	1	8	1	3	7	977	642	81	27	53.334888	recoguisa
5	1	8	1	3	8	1064	642	26	27	92.901871	its
5	1	8	1	3	9	1098	642	59	27	77.426178	Milbert
5	1	8	1	3	10	1166	642	99	27	0.273270	consist:
5	1	8	1	3	11	1489	645	10	11	57.787914	iy
5	1	8	1	3	12	1532	651	5	7	0.000000	{41,
5	1	8	1	3	13	1580	644	27	19	77.295235	49)
5	1	8	1	3	14	1613	640	87	28	1.481064	babridisad
5	1	8	1	3	15	1858	658	4	3	0.000000	.
5	1	8	1	3	16	1985	642	10	29	20.959587	‘i
5	1	8	1	3	17	2305	656	18	11	93.495537	te
4	1	8	1	4	0	632	653	1874	32	-1	
5	1	8	1	4	1	632	669	66	16	41.121887	‘Type-M
5	1	8	1	4	2	704	672	70	13	28.270737	eystems
5	1	8	1	4	3	782	671	60	12	57.578751	cannst
5	1	8	1	4	4	848	669	81	16	24.100807	resegnize
5	1	8	1	4	5	936	667	44	14	93.169670	their
5	1	8	1	4	6	986	672	34	10	88.329643	own
5	1	8	1	4	7	1028	670	80	13	85.591713	semantic
5	1	8	1	4	8	1115	670	72	13	80.112869	tableaus
5	1	8	1	4	9	1193	664	101	16	32.274734	consistency:
5	1	8	1	4	10	1698	647	38	32	1.279419	their
5	1	8	1	4	11	1746	647	88	32	51.660751	formakoms
5	1	8	1	4	12	1842	657	38	16	72.798386	with
5	1	8	1	4	13	1887	659	45	10	86.310806	some
5	1	8	1	4	14	1941	654	93	16	83.953903	tachniques
5	1	8	1	4	15	2042	647	16	32	93.276009	of
5	1	8	1	4	16	2068	647	94	32	46.784958	Ademewics
5	1	8	1	4	17	2172	647	65	32	0.000000	Zhicrobd
5	1	8	1	4	18	2246	655	23	19	56.055611	[1,
5	1	8	1	4	19	2278	654	21	18	88.113335	2]
5	1	8	1	4	20	2306	647	19	32	83.807220	te
5	1	8	1	4	21	2330	654	80	14	24.189461	cetablish
5	1	8	1	4	22	2418	655	36	15	89.878479	thet
5	1	8	1	4	23	2462	660	44	12	84.516739	most
2	1	9	0	0	0	596	706	1910	37	-1	
3	1	9	1	0	0	596	706	1910	37	-1	
4	1	9	1	1	0	1048	706	314	13	-1	
5	1	9	1	1	1	1048	716	3	3	8.388290	.
5	1	9	1	1	2	1345	706	17	13	32.471146	oi
4	1	9	1	2	0	596	706	1910	37	-1	
5	1	9	1	2	1	596	715	22	14	91.112801	An
5	1	9	1	2	2	628	715	217	18	38.910698	intereotong
5	1	9	1	2	3	735	701	52	44	25.081985	expect
5	1	9	1	2	4	797	701	15	44	91.992867	of
5	1	9	1	2	5	823	701	26	44	84.684914	(a)
5	1	9	1	2	6	854	716	32	13	68.764969	ond
5	1	9	1	2	7	895	714	90	18	34.600937	(0)
5	1	9	1	2	8	929	701	8	44	0.000000	&
5	1	9	1	2	9	951	714	34	18	83.731163	thet
5	1	9	1	2	10	995	715	130	19	95.414719	there
5	1	9	1	2	11	1046	701	12	44	89.615128	is
5	1	9	1	2	12	1068	701	5	44	52.785515	a
5	1	9	1	2	13	1087	715	38	19	95.306335	tight
5	1	9	1	2	14	1138	701	48	44	93.241112	match
5	1	9	1	2	15	1197	701	59	44	67.585869	betwern
5	1	9	1	2	16	1274	701	33	44	53.034927	cir
5	1	9	1	2	17	1314	701	67	44	54.376740	poriticg
5	1	9	1	2	18	1391	701	30	44	95.795517	and
5	1	9	1	2	19	1431	701	71	44	29.959702	negative
5	1	9	1	2	20	1512	701	54	44	45.198723	revs
5	1	9	1	2	21	1578	701	37	44	93.010437	from
5	1	9	1	2	22	1799	710	34	37	72.115250	ine,
5	1	9	1	2	23	1842	710	25	37	86.695480	but
5	1	9	1	2	24	1876	710	34	37	94.713577	they
5	1	9	1	2	25	1922	710	19	37	72.717712	do
5	1	9	1	2	26	1950	710	28	37	80.493118	not
5	1	9	1	2	27	1987	710	47	37	70.672546	reach
5	1	9	1	2	28	2042	710	43	37	71.083992	one’s
5	1	9	1	2	29	2091	710	75	37	26.145111	idealined
5	1	9	1	2	30	2175	710	41	37	29.324867	goals
5	1	9	1	2	31	2224	710	29	37	91.767929	for
5	1	9	1	2	32	2261	710	97	37	95.881271	deduction.
5	1	9	1	2	33	2366	710	41	37	94.562462	This
5	1	9	1	2	34	2412	710	17	37	86.268364	is
5	1	9	1	2	35	2439	725	67	16	88.227074	because
2	1	10	0	0	0	544	717	1962	50	-1	
3	1	10	1	0	0	544	717	1962	50	-1	
4	1	10	1	1	0	1620	717	112	19	-1	
5	1	10	1	1	1	1620	717	9	9	47.230659	©
5	1	10	1	1	2	1637	718	95	18	0.000000	TOnNletine
4	1	10	1	2	0	544	727	1962	40	-1	
5	1	10	1	2	1	544	735	43	32	76.058311	there
5	1	10	1	2	2	596	736	14	13	67.846115	ie
5	1	10	1	2	3	618	736	91	17	0.000000	comething
5	1	10	1	2	4	716	736	46	14	75.089844	about
5	1	10	1	2	5	771	737	26	14	92.624901	the
5	1	10	1	2	6	806	736	38	17	66.237137	darp
5	1	10	1	2	7	852	736	84	17	53.591805	yearnings
5	1	10	1	2	8	945	735	18	17	93.124939	of
5	1	10	1	2	9	969	735	82	15	93.328323	deductive
5	1	10	1	2	10	1059	737	89	16	73.107834	reasoning,
5	1	10	1	2	11	1156	732	63	19	25.111076	rowpNy
5	1	10	1	2	12	1225	731	69	16	0.000000	rusresied
5	1	10	1	2	13	1321	732	10	11	85.383423	by
5	1	10	1	2	14	1338	727	61	14	0.000000	Milert
5	1	10	1	2	15	1408	727	16	13	28.405754	(6
5	1	10	1	2	16	1433	731	22	8	27.729935	oe
5	1	10	1	2	17	1467	728	32	14	91.856056	and
5	1	10	1	2	18	1506	728	52	15	0.000000	GSdel
5	1	10	1	2	19	1568	731	8	12	43.479546	i
5	1	10	1	2	20	1588	736	17	12	69.146706	0,
5	1	10	1	2	21	1613	733	47	15	33.245399	Which
5	1	10	1	2	22	1668	736	26	15	70.746841	has
5	1	10	1	2	23	1701	743	24	12	67.998146	net
5	1	10	1	2	24	1736	723	30	48	20.142143	pron
5	1	10	1	2	25	1776	723	84	48	0.000000	mtarrosed,
5	1	10	1	2	26	1870	742	38	14	68.496674	This
5	1	10	1	2	27	1917	740	91	16	83.232742	remaining
5	1	10	1	2	28	2015	745	31	11	68.147430	pap
5	1	10	1	2	29	2052	742	31	13	90.023979	will
5	1	10	1	2	30	2091	742	16	14	93.797043	be
5	1	10	1	2	31	2115	745	72	15	78.369667	explored
5	1	10	1	2	32	2192	746	21	15	95.881081	by
5	1	10	1	2	33	2220	748	32	10	84.069397	our
5	1	10	1	2	34	2259	743	89	15	85.219490	Theorems
5	1	10	1	2	35	2355	742	32	16	42.277573	TT,
5	1	10	1	2	36	2396	743	32	17	54.142365	PP,
5	1	10	1	2	37	2437	745	24	13	59.825230	7?
5	1	10	1	2	38	2470	747	36	14	63.883663	ond
2	1	11	0	0	0	1307	763	74	9	-1	
3	1	11	1	0	0	1307	763	74	9	-1	
4	1	11	1	1	0	1307	763	74	9	-1	
5	1	11	1	1	1	1307	763	74	9	95.000000	 
2	1	12	0	0	0	545	757	1960	63	-1	
3	1	12	1	0	0	545	757	1960	63	-1	
4	1	12	1	1	0	1382	757	914	35	-1	
5	1	12	1	1	1	1382	757	65	35	75.382912	preced
5	1	12	1	1	2	1520	768	57	18	61.970734	identify
5	1	12	1	1	3	1593	771	22	14	86.841873	all
5	1	12	1	1	4	1622	772	25	15	95.520790	the
5	1	12	1	1	5	2295	783	1	3	5.567825	;
4	1	12	1	2	0	597	768	1898	32	-1	
5	1	12	1	2	1	597	775	66	14	42.061127	Cédel's
5	1	12	1	2	2	673	776	136	17	51.036472	Incompletences
5	1	12	1	2	3	818	776	76	15	78.875542	Theorem
5	1	12	1	2	4	902	776	14	13	83.726509	is
5	1	12	1	2	5	926	780	10	9	79.864326	a
5	1	12	1	2	6	946	777	53	15	48.394432	Epert
5	1	12	1	2	7	1007	776	54	13	69.333572	result.
5	1	12	1	2	8	1078	778	22	13	13.789444	its
5	1	12	1	2	9	1107	777	36	17	76.078896	first
5	1	12	1	2	10	1153	774	33	16	90.227837	half
5	1	12	1	2	11	1193	772	75	14	60.212952	indicates
5	1	12	1	2	12	1277	773	21	19	47.411049	80
5	1	12	1	2	13	1445	771	65	10	0.000000	berteliracee
5	1	12	1	2	14	1571	768	14	32	49.097561	fy
5	1	12	1	2	15	1655	776	33	14	19.106285	tre
5	1	12	1	2	16	1696	781	36	13	39.021523	state,
5	1	12	1	2	17	1833	781	75	13	15.731621	ithmetic.
5	1	12	1	2	18	1924	780	24	14	80.372238	Ite
5	1	12	1	2	19	1956	779	64	15	7.702332	Second
5	1	12	1	2	20	2027	779	114	18	86.026474	Incompletences
5	1	12	1	2	21	2168	786	41	13	75.663948	Theorem
5	1	12	1	2	22	2252	781	67	19	44.867245	specifics
5	1	12	1	2	23	2337	781	103	19	93.072426	sufficiently
5	1	12	1	2	24	2448	787	47	12	66.545921	stron,
4	1	12	1	3	0	545	786	1960	34	-1	
5	1	12	1	3	1	545	797	68	13	0.000000	eretems
5	1	12	1	3	2	621	799	59	11	30.720795	cannot
5	1	12	1	3	3	687	797	51	16	45.560909	veryy
5	1	12	1	3	4	745	797	44	13	91.918144	their
5	1	12	1	3	5	795	801	36	9	82.957504	own
5	1	12	1	3	6	839	797	105	15	46.972179	consistency.
5	1	12	1	3	7	954	795	52	15	41.871609	Gidel
5	1	12	1	3	8	1013	801	32	9	91.022026	was
5	1	12	1	3	9	1053	797	59	17	56.467022	careful
5	1	12	1	3	10	1118	799	18	11	84.782173	to
5	1	12	1	3	11	1143	795	49	14	93.289421	insert
5	1	12	1	3	12	1202	782	22	42	79.505066	Une
5	1	12	1	3	13	1231	790	78	18	51.870289	following
5	1	12	1	3	14	1317	788	54	14	21.698708	onveet
5	1	12	1	3	15	1378	787	36	13	89.775101	inte
5	1	12	1	3	16	1421	786	26	14	87.182167	his
5	1	12	1	3	17	1455	787	66	15	41.767159	historic
5	1	12	1	3	18	1531	782	43	42	94.682144	paper
5	1	12	1	3	19	1584	789	34	20	60.569626	[10],
5	1	12	1	3	20	1627	793	81	22	64.875076	indicating
5	1	12	1	3	21	1714	804	9	9	75.106293	«
5	1	12	1	3	22	1729	788	53	32	22.693604	greg
5	1	12	1	3	23	1812	791	14	9	16.176308	fn
5	1	12	1	3	24	1832	790	23	30	68.791183	of
5	1	12	1	3	25	1860	800	76	16	39.132111	Hubert’s
5	1	12	1	3	26	1944	799	108	17	84.903564	Consistency
5	1	12	1	3	27	2063	782	64	42	86.095253	Program
5	1	12	1	3	28	2140	782	43	42	46.347038	conid
5	1	12	1	3	29	2193	782	14	42	65.397430	te
5	1	12	1	3	30	2210	789	99	29	0.000000	seccexeful:
5	1	12	1	3	31	2496	792	9	11	0.000000	:
2	1	13	0	0	0	633	817	1781	60	-1	
3	1	13	1	0	0	633	821	1781	52	-1	
4	1	13	1	1	0	1407	821	281	18	-1	
5	1	13	1	1	1	1407	821	86	18	53.580555	Theorem)
5	1	13	1	1	2	1499	827	16	9	81.606689	re,
5	1	13	1	1	3	1553	827	33	11	0.000000	ents
5	1	13	1	1	4	1593	829	10	9	1.096413	n
5	1	13	1	1	5	1685	831	3	2	48.030647	ie
4	1	13	1	2	0	645	817	1759	37	-1	
5	1	13	1	2	1	645	834	36	9	50.897133	=:
5	1	13	1	2	2	694	831	23	13	37.767982	“Tt
5	1	13	1	2	3	725	833	42	11	29.869110	must
5	1	13	1	2	4	775	831	17	13	88.996910	be
5	1	13	1	2	5	800	831	78	15	0.000000	copresety
5	1	13	1	2	6	886	830	47	13	86.113327	noted
5	1	13	1	2	7	940	830	34	13	96.451233	that
5	1	13	1	2	8	982	830	101	16	13.346260	Proposition
5	1	13	1	2	9	1090	831	23	13	81.938065	XI
5	1	13	1	2	10	1120	830	36	17	52.587479	(e.g.
5	1	13	1	2	11	1168	828	25	13	90.571373	the
5	1	13	1	2	12	1200	824	60	17	43.929779	Seoond
5	1	13	1	2	13	1266	821	134	18	5.091980	Incemplatencss
5	1	13	1	2	14	1512	817	43	34	50.456337	pres
5	1	13	1	2	15	1604	829	9	10	25.798714	2
5	1	13	1	2	16	1621	829	106	18	14.698708	contradiction
5	1	13	1	2	17	1842	838	3	3	0.000000	cotig
5	1	13	1	2	18	1883	833	95	15	28.659782	standpetnt
5	1	13	1	2	19	1985	833	20	16	93.153374	of
5	1	13	1	2	20	2010	833	64	15	52.602482	Milbert.
5	1	13	1	2	21	2084	836	13	13	75.392006	Por
5	1	13	1	2	22	2139	838	4	3	88.187828	thi
5	1	13	1	2	23	2205	839	47	15	31.956551	tpemmt
5	1	13	1	2	24	2308	839	60	13	44.348282	ppeces
5	1	13	1	2	25	2375	836	29	12	84.759010	onl;
4	1	13	1	3	0	633	832	1781	45	-1	
5	1	13	1	3	1	633	850	26	13	93.220909	the
5	1	13	1	3	2	667	852	80	12	75.646973	exwicace
5	1	13	1	3	3	754	851	18	15	93.224396	of
5	1	13	1	3	4	779	855	10	8	54.920807	«
5	1	13	1	3	5	797	852	101	14	64.079948	consistency
5	1	13	1	3	6	905	850	46	16	75.191681	proof
5	1	13	1	3	7	957	850	18	16	92.732193	by
5	1	13	1	3	8	981	849	47	18	81.982010	finile
5	1	13	1	3	9	1036	854	60	13	95.230057	means,
5	1	13	1	3	10	1104	849	32	15	92.090034	and
5	1	13	1	3	11	1150	848	42	14	85.890373	there
5	1	13	1	3	12	1199	845	49	17	67.079987	might
5	1	13	1	3	13	1255	841	98	17	67.983086	conceivably
5	1	13	1	3	14	1359	841	18	13	95.961464	be
5	1	13	1	3	15	1383	840	48	17	69.910683	finite
5	1	13	1	3	16	1438	842	54	17	46.742828	proofs
5	1	13	1	3	17	1500	843	48	14	66.261139	which
5	1	13	1	3	18	1556	847	57	12	72.443298	cannot
5	1	13	1	3	19	1619	846	17	14	90.090637	be
5	1	13	1	3	20	1642	849	49	14	60.972019	stated
5	1	13	1	3	21	1697	852	15	13	87.025635	in
5	1	13	1	3	22	1719	836	56	37	2.494469	Pie
5	1	13	1	3	23	1786	832	109	45	4.161743	forme).
5	1	13	1	3	24	1900	838	52	22	39.029640	mad
5	1	13	1	3	25	2095	837	111	14	0.000000	merece
5	1	13	1	3	26	2253	837	55	38	31.785873	beta
5	1	13	1	3	27	2404	841	10	10	0.000000	”
2	1	14	0	0	0	538	887	1966	314	-1	
3	1	14	1	0	0	542	887	1962	310	-1	
4	1	14	1	1	0	548	887	1947	30	-1	
5	1	14	1	1	1	548	894	79	17	34.656601	Yowrgran
5	1	14	1	1	2	635	896	28	12	96.232666	has
5	1	14	1	1	3	672	896	111	15	0.000000	summarised,
5	1	14	1	1	4	792	901	18	8	72.696198	in
5	1	14	1	1	5	819	896	53	15	57.888023	detesl
5	1	14	1	1	6	881	896	67	14	0.000000	Gidel's
5	1	14	1	1	7	956	896	126	14	67.231728	considerations
5	1	14	1	1	8	1089	896	44	13	42.377609	aboot
5	1	14	1	1	9	1141	894	30	13	36.417000	this
5	1	14	1	1	10	1180	892	63	16	46.164406	eubject,
5	1	14	1	1	11	1256	891	41	22	22.258827	Ther
5	1	14	1	1	12	1304	887	34	20	67.941101	[36]
5	1	14	1	1	13	1346	888	83	13	47.845848	indicated
5	1	14	1	1	14	1436	888	34	14	90.941620	that
5	1	14	1	1	15	1481	890	33	16	77.978729	‘Jor
5	1	14	1	1	16	1520	891	61	13	81.131134	several
5	1	14	1	1	17	1587	893	52	15	54.990879	years
5	1	14	1	1	18	1649	895	38	15	53.088722	after
5	1	14	1	1	19	1692	895	43	21	0.000000	[10I's
5	1	14	1	1	20	1746	883	32	37	21.049896	pega
5	1	14	1	1	21	1807	906	4	3	0.000000	coss
5	1	14	1	1	22	1862	899	37	16	25.005730	Sdel
5	1	14	1	1	23	1909	900	40	13	61.322323	“was
5	1	14	1	1	24	1958	900	73	13	10.200417	cavtious
5	1	14	1	1	25	2039	902	28	11	72.354691	net
5	1	14	1	1	26	2075	903	17	11	79.366058	to
5	1	14	1	1	27	2174	904	8	6	48.230900	©
5	1	14	1	1	28	2191	890	70	32	94.877098	whether
5	1	14	1	1	29	2271	890	43	32	81.654694	soma
5	1	14	1	1	30	2347	901	49	13	23.178398	unusust
5	1	14	1	1	31	2447	904	48	13	5.366066	kien,
4	1	14	1	2	0	547	901	1899	32	-1	
5	1	14	1	2	1	543	900	78	39	0.000000	diferent
5	1	14	1	2	2	630	900	37	39	92.530060	from
5	1	14	1	2	3	679	900	53	39	36.889023	Poane
5	1	14	1	2	4	741	900	45	39	16.969833	ATi
5	1	14	1	2	5	849	916	49	16	0.000000	vaigAt
5	1	14	1	2	6	906	916	63	16	58.966942	prowide
5	1	14	1	2	7	977	921	44	9	43.849121	come
5	1	14	1	2	8	1029	919	34	14	95.891060	type
5	1	14	1	2	9	1072	900	17	39	93.004074	of
5	1	14	1	2	10	1094	913	94	19	25.437248	pree]
5	1	14	1	2	11	1144	900	17	39	91.133369	of
5	1	14	1	2	12	1166	900	24	39	70.119141	ite
5	1	14	1	2	13	1196	916	33	9	68.343140	own
5	1	14	1	2	14	1237	912	104	13	67.564301	conrislency.
5	1	14	1	2	15	1741	904	95	15	0.000000	peiteasion,
5	1	14	1	2	16	2094	899	30	44	33.772682	sia
5	1	14	1	2	17	2141	904	81	13	0.000000	alla
5	1	14	1	2	18	2323	901	123	17	32.821609	See
4	1	14	1	3	0	598	935	321	15	-1	
5	1	14	1	3	1	598	935	90	14	67.554337	OLDER
5	1	14	1	3	2	699	936	86	14	96.098251	NOTES
5	1	14	1	3	3	795	925	29	34	96.716301	18
5	1	14	1	3	4	832	935	87	15	96.239243	NOTES
4	1	14	1	4	0	600	947	1897	34	-1	
5	1	14	1	4	1	596	943	26	31	72.993263	On
5	1	14	1	4	2	634	953	60	14	46.911690	Teesday
5	1	14	1	4	3	717	943	50	31	84.311546	March
5	1	14	1	4	4	777	954	18	13	95.879265	19
5	1	14	1	4	5	805	943	45	31	75.633698	while
5	1	14	1	4	6	856	943	45	31	65.966766	going
5	1	14	1	4	7	908	943	17	31	70.178200	to
5	1	14	1	4	8	934	943	25	31	91.846230	Dr.
5	1	14	1	4	9	973	943	76	31	7.493744	Eeltuer's
5	1	14	1	4	10	1055	943	53	31	95.408493	office,
5	1	14	1	4	11	1115	952	5	13	69.689064	I
5	1	14	1	4	12	1128	943	76	31	90.717148	corrected
5	1	14	1	4	13	1213	953	19	12	96.688019	my
5	1	14	1	4	14	1239	943	27	31	90.352982	old
5	1	14	1	4	15	1272	943	45	31	88.375183	proof
5	1	14	1	4	16	1324	943	17	31	83.402557	of
5	1	14	1	4	17	1347	943	26	31	93.305115	the
5	1	14	1	4	18	1383	943	58	31	80.366417	Pudalk
5	1	14	1	4	19	1448	943	86	31	59.306862	conjecture
5	1	14	1	4	20	1544	943	16	31	74.189789	te
5	1	14	1	4	21	1569	943	40	31	46.816959	make
5	1	14	1	4	22	1617	951	13	13	96.254929	it
5	1	14	1	4	23	1639	943	43	31	87.077705	work.
5	1	14	1	4	24	1689	954	5	14	22.515739	{
5	1	14	1	4	25	1701	943	24	31	85.409729	als
5	1	14	1	4	26	1864	949	42	31	86.190155	ible,
5	1	14	1	4	27	1913	949	48	31	19.149261	albeit
5	1	14	1	4	28	1969	949	27	31	84.910400	not
5	1	14	1	4	29	2003	957	30	14	18.272820	kikely,
5	1	14	1	4	30	2062	958	33	13	92.774094	thet
5	1	14	1	4	31	2101	949	17	31	95.988548	it
5	1	14	1	4	32	2121	961	45	13	64.512848	could
5	1	14	1	4	33	2251	950	47	31	0.000000	pres,
5	1	14	1	4	34	2371	958	17	13	39.616657	k's
5	1	14	1	4	35	2402	961	95	15	48.947479	conjectere.
4	1	14	1	5	0	548	957	1956	39	-1	
5	1	14	1	5	1	548	970	45	14	40.729156	Vn
5	1	14	1	5	2	600	975	48	12	40.431362	ne
5	1	14	1	5	3	657	958	74	26	30.596481	Fog
5	1	14	1	5	4	740	973	90	14	37.284580	apn
5	1	14	1	5	5	838	971	70	15	36.132298	hl
5	1	14	1	5	6	914	970	196	17	28.012894	ape
5	1	14	1	5	7	1117	967	55	18	25.816734	vk
5	1	14	1	5	8	1179	966	81	17	27.471626	nas
5	1	14	1	5	9	1307	965	44	13	39.077934	ie
5	1	14	1	5	10	1358	965	159	18	29.032486	gee
5	1	14	1	5	11	1523	971	38	10	35.598351	ses
5	1	14	1	5	12	1567	967	79	17	48.100262	i
5	1	14	1	5	13	1654	969	31	15	29.368866	Ut
5	1	14	1	5	14	1692	961	226	35	28.960602	sf
5	1	14	1	5	15	1851	944	43	71	44.006481	a
5	1	14	1	5	16	1910	944	55	71	26.858734	Cae
5	1	14	1	5	17	1987	944	37	71	53.171940	er
5	1	14	1	5	18	2027	957	59	35	35.601295	ce
5	1	14	1	5	19	2094	961	38	31	13.056396	fo
5	1	14	1	5	20	2147	961	42	33	31.009514	Pa
5	1	14	1	5	21	2224	963	7	28	2.400772	A
5	1	14	1	5	22	2253	958	52	33	12.248108	Se
5	1	14	1	5	23	2366	958	25	34	34.910889	ft
5	1	14	1	5	24	2485	979	19	17	14.815742	Sy
4	1	14	1	6	0	548	985	1813	35	-1	
5	1	14	1	6	1	544	985	30	35	89.638474	the
5	1	14	1	6	2	581	985	45	35	20.375229	forma
5	1	14	1	6	3	637	991	56	21	0.000000	2PUi)
5	1	14	1	6	4	713	999	49	13	38.514828	where
5	1	14	1	6	5	778	997	43	18	30.714401	P(i)
5	1	14	1	6	6	839	985	31	35	39.514126	iso
5	1	14	1	6	7	879	985	85	35	36.488884	polnemial
5	1	14	1	6	8	972	985	16	35	89.514099	of
5	1	14	1	6	9	996	997	17	17	0.000000	&)
5	1	14	1	6	10	1028	985	36	35	73.107941	Thus
5	1	14	1	6	11	1077	985	55	35	51.553974	niches
5	1	14	1	6	12	1141	999	22	11	96.281296	my
5	1	14	1	6	13	1171	985	27	35	87.293114	old
5	1	14	1	6	14	1206	985	44	35	93.979240	paper
5	1	14	1	6	15	1261	985	43	35	63.946796	about
5	1	14	1	6	16	1312	992	77	15	50.365620	Pudlak's
5	1	14	1	6	17	1397	995	91	15	3.797874	conjecture
5	1	14	1	6	18	1495	994	46	13	35.308426	about
5	1	14	1	6	19	1550	985	91	35	34.283218	generalized
5	1	14	1	6	20	1649	985	42	35	16.507637	Atjel
5	1	14	1	6	21	1866	1005	2	2	56.311913	‘
5	1	14	1	6	22	1944	985	30	35	71.029205	roth
5	1	14	1	6	23	1981	985	33	35	89.390678	call
5	1	14	1	6	24	2022	1003	10	7	67.878052	©
5	1	14	1	6	25	2112	1005	10	5	39.233150	~
5	1	14	1	6	26	2325	1003	36	13	83.904617	thet
4	1	14	1	7	0	548	1002	1955	51	-1	
5	1	14	1	7	1	548	1015	52	14	75.592010	values
5	1	14	1	7	2	609	1016	18	16	88.708893	of
5	1	14	1	7	3	634	1017	34	16	0.000000	F{i)
5	1	14	1	7	4	676	1017	32	13	79.446350	wll
5	1	14	1	7	5	715	1017	35	13	34.732597	bee
5	1	14	1	7	6	756	1010	151	41	0.000000	Nompletetly,
5	1	14	1	7	7	909	1009	147	44	0.000000	Seneroreet
5	1	14	1	7	8	1059	1009	95	44	41.092758	Lay
5	1	14	1	7	9	1158	1006	20	47	54.862614	of
5	1	14	1	7	10	1185	1030	78	16	11.543694	sara
5	1	14	1	7	11	1271	1030	66	15	1.500099	taba
5	1	14	1	7	12	1346	1029	73	15	0.000000	ollie
5	1	14	1	7	13	1427	1030	42	13	0.000000	Sstblesas,
5	1	14	1	7	14	1504	1030	33	14	34.443756	ak
5	1	14	1	7	15	1544	1031	30	13	16.890404	Gites
5	1	14	1	7	16	1601	1031	53	18	11.727257	Foro
5	1	14	1	7	17	1661	1004	110	44	9.045143	a
5	1	14	1	7	18	1779	1007	49	13	83.707054	which
5	1	14	1	7	19	1835	1005	9	14	58.480179	f
5	1	14	1	7	20	1852	998	31	28	91.148430	will
5	1	14	1	7	21	1891	998	62	28	82.299385	hencefe
5	1	14	1	7	22	2033	1007	78	12	0.178360	jepaque™
5	1	14	1	7	23	2130	1005	75	16	45.175762	fuctions.
5	1	14	1	7	24	2217	1006	14	13	93.724777	A
5	1	14	1	7	25	2241	1004	75	17	0.000000	fraction
5	1	14	1	7	26	2366	1002	34	18	55.878391	fell
5	1	14	1	7	27	2408	1004	63	16	92.976624	defines
5	1	14	1	7	28	2479	1007	24	13	71.344452	aif
4	1	14	1	8	0	600	1026	1392	25	-1	
5	1	14	1	8	1	596	1029	18	26	40.490692	IR
5	1	14	1	8	2	624	1035	3	3	34.283257	&
5	1	14	1	8	3	641	1029	33	26	42.231346	beet
5	1	14	1	8	4	682	1029	18	26	78.286362	te
5	1	14	1	8	5	708	1029	49	26	88.082031	prove
5	1	14	1	8	6	767	1029	72	26	34.008690	Pudish’s
5	1	14	1	8	7	845	1034	90	17	47.263206	conjerture
5	1	14	1	8	8	942	1029	18	26	95.270927	by
5	1	14	1	8	9	967	1035	47	15	76.674950	using
5	1	14	1	8	10	1022	1029	10	26	78.990570	«
5	1	14	1	8	11	1038	1033	53	16	81.677658	modifi
5	1	14	1	8	12	1419	1037	7	4	37.550926	a
5	1	14	1	8	13	1466	1026	32	25	68.597450	on,
5	1	14	1	8	14	1576	1026	19	25	75.912758	we
5	1	14	1	8	15	1603	1026	25	25	73.370781	for
5	1	14	1	8	16	1920	1038	19	13	69.949905	led
5	1	14	1	8	17	1964	1038	28	13	53.711987	Middl
4	1	14	1	9	0	547	1038	1955	37	-1	
5	1	14	1	9	1	547	1051	17	14	70.404083	be
5	1	14	1	9	2	571	1039	90	26	22.323616	reduend
5	1	14	1	9	3	646	1033	12	46	66.309631	to
5	1	14	1	9	4	669	1033	32	46	85.521858	this
5	1	14	1	9	5	706	1052	91	16	33.441612	formahers
5	1	14	1	9	6	805	1051	37	14	52.629669	wih
5	1	14	1	9	7	849	1055	21	9	65.362366	no
5	1	14	1	9	8	877	1055	44	9	69.096161	tore
5	1	14	1	9	9	928	1051	40	13	29.439751	than
5	1	14	1	9	10	975	1056	10	8	48.849205	a
5	1	14	1	9	11	995	1033	97	46	0.000000	Peipnerial
5	1	14	1	9	12	1102	1033	47	46	24.562004	growsh
5	1	14	1	9	13	1160	1033	16	46	58.031464	én
5	1	14	1	9	14	1187	1033	39	46	47.801239	proal
5	1	14	1	9	15	1236	1033	55	46	86.827019	Length,
5	1	14	1	9	16	1301	1047	34	14	54.736485	hat
5	1	14	1	9	17	1342	1047	58	14	26.779266	should
5	1	14	1	9	18	1408	1048	70	16	88.045425	actually
5	1	14	1	9	19	1485	1048	17	14	94.277870	be
5	1	14	1	9	20	1510	1049	73	13	68.292328	linear
5	1	14	1	9	21	1570	1033	16	46	75.958801	in
5	1	14	1	9	22	1591	1052	40	19	73.779938	mect
5	1	14	1	9	23	1637	1054	46	11	67.699020	cance,
5	1	14	1	9	24	1696	1033	24	46	34.857620	For
5	1	14	1	9	25	1717	1041	68	33	0.000000	tachoe
5	1	14	1	9	26	1796	1033	24	46	29.905708	Lo
5	1	14	1	9	27	1838	1033	13	46	48.223030	of
5	1	14	1	9	28	1833	1038	105	37	0.000000	zctats
5	1	14	1	9	29	1946	1038	86	31	20.673950	Male
5	1	14	1	9	30	2015	1033	12	46	31.267021	Je
5	1	14	1	9	31	2041	1033	13	46	15.330017	Be
5	1	14	1	9	32	2064	1033	36	46	61.412647	seed
5	1	14	1	9	33	2110	1033	17	46	46.329018	at
5	1	14	1	9	34	2133	1039	68	33	20.255562	suiome,
5	1	14	1	9	35	2214	1033	24	46	75.342026	All
5	1	14	1	9	36	2245	1041	50	31	27.511917	ether
5	1	14	1	9	37	2297	1039	103	31	21.185165	ete
5	1	14	1	9	38	2402	1041	100	33	16.291245	Bn
4	1	14	1	10	0	546	1065	1955	27	-1	
5	1	14	1	10	1	546	1069	85	14	86.213921	deduction
5	1	14	1	10	2	641	1061	62	35	69.295288	methed
5	1	14	1	10	3	711	1061	53	35	81.260178	except
5	1	14	1	10	4	771	1069	34	13	95.297691	thet
5	1	14	1	10	5	813	1069	25	13	92.716896	his
5	1	14	1	10	6	845	1068	72	16	43.237312	Growp-1
5	1	14	1	10	7	926	1069	60	13	47.021072	exiome
5	1	14	1	10	8	995	1073	26	10	89.254555	are
5	1	14	1	10	9	1029	1068	93	17	79.029984	replaced
5	1	14	1	10	10	1104	1061	19	35	93.130959	by
5	1	14	1	10	11	1129	1065	134	17	25.755066	Meadeleon
5	1	14	1	10	12	1230	1061	33	35	39.112671	frvt
5	1	14	1	10	13	1271	1065	43	14	76.656364	three
5	1	14	1	10	14	1321	1065	57	17	75.571991	logical
5	1	14	1	10	15	1385	1066	54	13	62.833862	axiom
5	1	14	1	10	16	1447	1066	68	14	15.416115	achema.
5	1	14	1	10	17	1527	1067	39	13	53.660889	Also
5	1	14	1	10	18	1573	1072	21	9	93.876343	we
5	1	14	1	10	19	1602	1068	30	13	94.699112	will
5	1	14	1	10	20	1638	1061	30	35	90.617149	call
5	1	14	1	10	21	1676	1074	7	9	32.910751	«
5	1	14	1	10	22	1691	1061	54	35	19.103287	proofe
5	1	14	1	10	23	1751	1069	125	23	23.275848	Normaliaed
5	1	14	1	10	24	1887	1073	105	14	87.906799	Tableaux
5	1	14	1	10	25	2000	1061	47	35	86.444542	preef
5	1	14	1	10	26	2055	1061	83	35	91.141861	relative
5	1	14	1	10	27	2146	1078	22	11	82.343628	te
5	1	14	1	10	28	2179	1068	26	22	82.959785	an
5	1	14	1	10	29	2214	1076	71	14	79.173248	axiem
5	1	14	1	10	30	2296	1075	15	13	65.092804	®
5	1	14	1	10	31	2322	1074	36	16	90.732910	if
5	1	14	1	10	32	2347	1061	13	35	89.829170	©
5	1	14	1	10	33	2369	1077	96	13	30.374161	oppears
5	1	14	1	10	34	2446	1061	19	35	85.566940	im
5	1	14	1	10	35	2473	1078	28	14	96.445099	the
4	1	14	1	11	0	545	1086	461	17	-1	
5	1	14	1	11	1	541	1082	38	28	0.000000	Teet
5	1	14	1	11	2	587	1082	17	28	90.818130	of
5	1	14	1	11	3	615	1082	36	28	38.900558	euch
5	1	14	1	11	4	662	1093	6	8	41.402809	o
5	1	14	1	11	5	674	1087	175	16	9.702827	X-tellesuz
5	1	14	1	11	6	778	1082	32	28	86.294739	tree
5	1	14	1	11	7	818	1082	34	28	70.536118	and
5	1	14	1	11	8	856	1086	93	14	83.269867	newhere
5	1	14	1	11	9	958	1087	48	14	59.184097	ele.
4	1	14	1	12	0	596	1097	1904	36	-1	
5	1	14	1	12	1	596	1105	154	16	42.496830	Only
5	1	14	1	12	2	646	1099	25	27	82.700661	for
5	1	14	1	12	3	679	1099	26	27	96.471375	the
5	1	14	1	12	4	715	1099	35	27	46.495705	sabe
5	1	14	1	12	5	758	1099	19	27	94.149384	of
5	1	14	1	12	6	785	1099	89	27	64.665253	notational
5	1	14	1	12	7	880	1099	93	27	63.535313	simplicity,
5	1	14	1	12	8	979	1109	21	10	94.499634	we
5	1	14	1	12	9	1008	1099	34	27	92.898895	will
5	1	14	1	12	10	1046	1103	182	16	23.567589	corumt
5	1	14	1	12	11	1116	1099	28	27	66.176926	eur
5	1	14	1	12	12	1152	1103	75	16	48.334808	sementic
5	1	14	1	12	13	1235	1099	41	27	84.316109	trees
5	1	14	1	12	14	1285	1099	25	27	65.847076	ere
5	1	14	1	12	15	1317	1106	18	9	63.482765	ce
5	1	14	1	12	16	1340	1097	102	34	30.956146	mermalized
5	1	14	1	12	17	1453	1103	26	13	90.532791	and
5	1	14	1	12	18	1490	1097	32	34	87.938919	that
5	1	14	1	12	19	1529	1097	38	34	93.211449	they
5	1	14	1	12	20	1575	1097	37	34	90.026917	heve
5	1	14	1	12	21	1620	1097	18	34	87.983513	ne
5	1	14	1	12	22	1646	1097	51	34	70.005844	growth
5	1	14	1	12	23	1705	1097	66	34	76.658188	function
5	1	14	1	12	24	1776	1111	106	19	3.807106	gynbels(e.g-
5	1	14	1	12	25	1892	1110	38	16	95.721794	they
5	1	14	1	12	26	1937	1109	178	17	96.338867	represent
5	1	14	1	12	27	2028	1105	8	29	71.770042	a
5	1	14	1	12	28	2045	1109	70	17	66.284912	function
5	1	14	1	12	29	2124	1111	57	20	0.000000	Fm,
5	1	14	1	12	30	2192	1106	95	31	0.000000	©a.---g)
5	1	14	1	12	31	2298	1115	19	9	21.715271	of
5	1	14	1	12	32	2329	1114	7	8	0.000000	@
5	1	14	1	12	33	2342	1111	34	15	50.836529	5+)
5	1	14	1	12	34	2386	1114	37	12	69.274010	way
5	1	14	1	12	35	2431	1111	69	16	57.718987	relation
4	1	14	1	13	0	544	1129	510	23	-1	
5	1	14	1	13	1	544	1130	28	21	34.688980	Rg
5	1	14	1	13	2	576	1129	53	19	0.000000	((o1.
5	1	14	1	13	3	638	1135	29	13	38.256149	29,
5	1	14	1	13	4	674	1135	34	9	8.188133	---8
5	1	14	1	13	5	715	1129	43	23	29.214546	5.9)
5	1	14	1	13	6	767	1131	51	13	64.043854	where
5	1	14	1	13	7	826	1131	31	15	46.513115	ye
5	1	14	1	13	8	865	1125	24	31	93.979553	the
5	1	14	1	13	9	897	1129	86	16	71.002953	function’
5	1	14	1	13	10	991	1131	63	16	0.000000	eutpai)
4	1	14	1	14	0	596	1151	1843	22	-1	
5	1	14	1	14	1	592	1142	46	34	77.450211	‘Then
5	1	14	1	14	2	645	1142	27	34	80.953720	oll
5	1	14	1	14	3	679	1142	27	34	94.136734	the
5	1	14	1	14	4	713	1142	58	34	1.657150	resets
5	1	14	1	14	5	779	1142	17	34	94.761871	of
5	1	14	1	14	6	804	1158	21	12	90.543579	my
5	1	14	1	14	7	835	1142	27	34	84.641006	old
5	1	14	1	14	8	869	1142	46	34	70.415390	poper
5	1	14	1	14	9	923	1142	17	34	84.821487	at
5	1	14	1	14	10	951	1142	30	34	90.515488	the
5	1	14	1	14	11	991	1142	38	34	75.014359	GWU
5	1	14	1	14	12	1041	1142	42	34	94.612648	Math
5	1	14	1	14	13	1090	1142	86	34	82.612854	conference
5	1	14	1	14	14	1187	1142	32	34	95.171753	will
5	1	14	1	14	15	1226	1142	44	34	48.242973	miele
5	1	14	1	14	16	1277	1142	95	34	12.126320	generelize.
5	1	14	1	14	17	1379	1152	8	13	57.644825	|
5	1	14	1	14	18	1396	1142	46	34	96.137787	think
5	1	14	1	14	19	1450	1156	23	13	96.432602	my
5	1	14	1	14	20	1481	1142	32	34	90.402527	new
5	1	14	1	14	21	1524	1142	60	34	90.054459	methed
5	1	14	1	14	22	1592	1142	29	34	95.633255	will
5	1	14	1	14	23	1629	1142	43	34	93.921432	called
5	1	14	1	14	24	1682	1142	18	34	0.000000	0;
5	1	14	1	14	25	1773	1163	2	2	86.566589	‘
5	1	14	1	14	26	1863	1159	18	13	43.989464	feus
5	1	14	1	14	27	1919	1158	88	13	93.293503	Blind
5	1	14	1	14	28	2032	1158	56	14	89.955437	Prebing.
5	1	14	1	14	29	2097	1144	17	34	48.997513	If
5	1	14	1	14	30	2119	1160	39	13	71.363373	rch
5	1	14	1	14	31	2241	1160	127	7	91.303299	“candidate
5	1	14	1	14	32	2381	1144	58	34	89.740356	tree”
4	1	14	1	15	0	538	1152	1961	49	-1	
5	1	14	1	15	1	538	1166	52	27	34.341019	wedes
5	1	14	1	15	2	598	1166	37	27	93.003189	thes
5	1	14	1	15	3	646	1166	21	27	94.410629	we
5	1	14	1	15	4	675	1166	32	27	92.588257	will
5	1	14	1	15	5	715	1166	26	27	64.994873	cay
5	1	14	1	15	6	751	1166	12	27	42.679081	ot
5	1	14	1	15	7	774	1166	28	27	78.917236	has
5	1	14	1	15	8	810	1166	19	27	84.260361	on
5	1	14	1	15	9	839	1166	71	27	67.145546	L-model
5	1	14	1	15	10	920	1171	32	14	43.667763	“M*
5	1	14	1	15	11	965	1166	37	27	79.447052	with
5	1	14	1	15	12	1010	1172	9	14	91.783638	L
5	1	14	1	15	13	1029	1152	54	49	38.723072	mind
5	1	14	1	15	14	1098	1152	57	49	0.000000	Tphse
5	1	14	1	15	15	1167	1170	10	13	74.457199	M
5	1	14	1	15	16	1188	1174	31	9	26.256958	we
5	1	14	1	15	17	1229	1152	50	49	70.167191	model
5	1	14	1	15	18	1286	1152	17	49	84.977516	of
5	1	14	1	15	19	1314	1152	22	49	46.980736	the
5	1	14	1	15	20	1347	1152	66	49	23.292549	watwral
5	1	14	1	15	21	1421	1152	70	49	11.125351	uumbers
5	1	14	1	15	22	1498	1152	34	49	47.496075	thal
5	1	14	1	15	23	1543	1152	66	49	0.000000	sogumes
5	1	14	1	15	24	1617	1152	29	49	92.486191	that
5	1	14	1	15	25	1657	1173	18	13	79.895050	ll
5	1	14	1	15	26	1682	1152	58	49	0.000000	integer
5	1	14	1	15	27	1751	1162	42	35	0.000000	ete
5	1	14	1	15	28	1809	1160	25	35	18.961342	en
5	1	14	1	15	29	1845	1152	38	49	0.000000	tinee
5	1	14	1	15	30	1894	1152	30	49	31.391235	wad
5	1	14	1	15	31	1935	1152	26	49	39.737740	wae
5	1	14	1	15	32	1976	1152	30	49	15.155655	Ope
5	1	14	1	15	33	2009	1152	29	49	15.155655	pes
5	1	14	1	15	34	2049	1152	42	49	0.000000	AGEL
5	1	14	1	15	35	2094	1152	29	49	0.000000	te
5	1	14	1	15	36	2143	1152	58	49	0.000000	ocicn
5	1	14	1	15	37	2213	1160	9	31	51.533325	P
5	1	14	1	15	38	2229	1152	75	49	0.000000	vesofiar
5	1	14	1	15	39	2315	1152	25	49	75.494469	the
5	1	14	1	15	40	2352	1152	82	49	0.000000	follsetag
5	1	14	1	15	41	2446	1152	53	49	34.707123	hice”
2	1	15	0	0	0	836	930	4	2	-1	
3	1	15	1	0	0	836	930	4	2	-1	
4	1	15	1	1	0	836	930	4	2	-1	
5	1	15	1	1	1	836	930	4	2	95.000000	 
2	1	16	0	0	0	592	1186	1904	86	-1	
3	1	16	1	0	0	592	1186	1904	86	-1	
4	1	16	1	1	0	1454	1186	1042	26	-1	
5	1	16	1	1	1	1454	1186	32	14	74.440903	Ve
5	1	16	1	1	2	1498	1186	46	19	74.440903	F(a)
5	1	16	1	1	3	1557	1187	30	17	80.928795	#0
5	1	16	1	1	4	2454	1193	42	19	24.760994	“hoy
4	1	16	1	2	0	1389	1220	1106	25	-1	
5	1	16	1	2	1	1389	1221	92	19	20.565559	VeSLb
5	1	16	1	2	2	1507	1220	137	21	54.666565	Pls)
5	1	16	1	2	3	1571	1214	16	31	25.503532	S$
5	1	16	1	2	4	1599	1220	45	21	15.693695	b41
5	1	16	1	2	5	2454	1226	41	19	15.186111	qi)
4	1	16	1	3	0	592	1240	1904	32	-1	
5	1	16	1	3	1	592	1236	93	40	49.903442	Moreover,
5	1	16	1	3	2	691	1236	21	40	95.654060	we
5	1	16	1	3	3	721	1236	34	40	90.089806	will
5	1	16	1	3	4	764	1236	25	40	56.375889	say
5	1	16	1	3	5	798	1257	10	10	77.002388	@
5	1	16	1	3	6	818	1236	40	40	77.832451	node
5	1	16	1	3	7	868	1257	7	9	45.429798	v
5	1	16	1	3	8	881	1236	17	40	73.705864	im
5	1	16	1	3	9	908	1236	27	40	95.944016	the
5	1	16	1	3	10	944	1236	81	40	42.551231	candidate
5	1	16	1	3	11	1034	1236	28	40	74.639343	tree
5	1	16	1	3	12	1074	1236	11	40	70.152664	ts
5	1	16	1	3	13	1098	1236	107	40	36.100956	L-Consistent
5	1	16	1	3	14	1214	1256	34	9	29.769241	ino
5	1	16	1	3	15	1261	1240	78	25	42.597229	@-blind
5	1	16	1	3	16	1351	1236	61	40	0.000000	Senle
5	1	16	1	3	17	1421	1236	21	40	28.884186	ig
5	1	16	1	3	18	1451	1236	38	40	28.884186	Werk
5	1	16	1	3	19	1501	1236	48	40	30.070251	eniste
5	1	16	1	3	20	1558	1236	37	40	44.307674	cok
5	1	16	1	3	21	1611	1236	81	40	0.000000	DiPedLD
5	1	16	1	3	22	1704	1236	44	40	79.143402	where
5	1	16	1	3	23	1754	1236	28	40	92.280281	the
5	1	16	1	3	24	1791	1236	71	40	66.647537	sentence
5	1	16	1	3	25	1871	1261	9	8	44.180420	w
5	1	16	1	3	26	1891	1236	31	40	90.148621	ond
5	1	16	1	3	27	1931	1236	24	40	71.994530	oll
5	1	16	1	3	28	1964	1236	25	40	57.158169	ike
5	1	16	1	3	29	1998	1236	81	40	63.360409	encestors
5	1	16	1	3	30	2084	1236	38	40	95.502594	with
5	1	16	1	3	31	2128	1236	31	40	95.502594	the
5	1	16	1	3	32	2237	1246	259	26	6.832497	coeeption
5	1	16	1	3	33	2331	1241	20	37	96.771446	of
5	1	16	1	3	34	2359	1241	29	37	96.964722	the
5	1	16	1	3	35	2396	1241	35	37	68.872437	tree
5	1	16	1	3	36	2439	1241	60	37	31.116264	re}
2	1	17	0	0	0	514	1266	1986	588	-1	
3	1	17	1	0	0	535	1269	1964	84	-1	
4	1	17	1	1	0	538	1269	1960	21	-1	
5	1	17	1	1	1	534	1262	64	32	4.395134	catin’y
5	1	17	1	1	2	606	1262	27	32	82.380928	the
5	1	17	1	1	3	643	1262	51	32	90.228035	model
5	1	17	1	1	4	704	1272	9	13	90.228035	M
5	1	17	1	1	5	723	1262	54	32	94.758362	wader
5	1	17	1	1	6	784	1262	20	32	91.735916	on
5	1	17	1	1	7	814	1262	120	32	50.070572	interpertahen
5	1	17	1	1	8	944	1262	46	32	74.760841	where
5	1	17	1	1	9	1003	1262	33	32	32.207710	cock
5	1	17	1	1	10	1046	1262	16	32	93.799927	of
5	1	17	1	1	11	1070	1262	27	32	93.799927	the
5	1	17	1	1	12	1107	1262	51	32	82.518105	named
5	1	17	1	1	13	1166	1262	80	32	48.248753	erasteats
5	1	17	1	1	14	1256	1269	9	15	91.519173	C
5	1	17	1	1	15	1277	1270	15	12	95.455505	in
5	1	17	1	1	16	1302	1262	32	32	94.066185	this
5	1	17	1	1	17	1342	1262	48	32	54.093163	proof
5	1	17	1	1	18	1398	1262	32	32	70.331970	tree
5	1	17	1	1	19	1440	1262	60	32	26.793274	sesume
5	1	17	1	1	20	1510	1262	56	32	88.946716	valucs
5	1	17	1	1	21	1576	1262	12	32	0.000000	S
5	1	17	1	1	22	1603	1271	20	14	84.964523	L.
5	1	17	1	1	23	1635	1271	61	14	95.225670	The
5	1	17	1	1	24	1675	1262	43	32	95.601974	magic
5	1	17	1	1	25	1726	1274	35	15	59.593777	bullet,
5	1	17	1	1	26	1782	1275	51	14	94.238953	used
5	1	17	1	1	27	1827	1262	19	32	94.742004	in
5	1	17	1	1	28	1853	1274	27	13	81.118980	the
5	1	17	1	1	29	1888	1262	44	32	61.254936	proof
5	1	17	1	1	30	1939	1262	14	32	67.364822	ia
5	1	17	1	1	31	1963	1262	30	32	94.089554	the
5	1	17	1	1	32	2000	1272	142	17	68.559357	observation
5	1	17	1	1	33	2107	1262	35	32	89.848969	thet
5	1	17	1	1	34	2150	1262	14	32	86.518570	of
5	1	17	1	1	35	2171	1275	9	13	92.550621	G
5	1	17	1	1	36	2190	1262	17	32	94.826523	is
5	1	17	1	1	37	2216	1262	28	32	93.305420	the
5	1	17	1	1	38	2250	1274	48	16	57.199181	godel
5	1	17	1	1	39	2317	1272	120	17	68.411789	number
5	1	17	1	1	40	2379	1262	22	32	75.584106	ef
5	1	17	1	1	41	2408	1262	28	32	96.473038	the
5	1	17	1	1	42	2443	1262	19	32	95.496178	of
5	1	17	1	1	43	2470	1276	28	13	95.496178	tha
4	1	17	1	2	0	533	1266	1967	46	-1	
5	1	17	1	2	1	533	1266	73	46	13.757782	canes
5	1	17	1	2	2	617	1266	43	46	0.000000	prcap
5	1	17	1	2	3	671	1289	15	17	54.653824	af
5	1	17	1	2	4	694	1266	77	46	0.000000	warcdaay
5	1	17	1	2	5	782	1266	16	46	53.899757	sn
5	1	17	1	2	6	809	1266	27	46	68.163940	cur
5	1	17	1	2	7	847	1266	28	46	32.559685	wolf
5	1	17	1	2	8	885	1266	70	46	46.992344	warping
5	1	17	1	2	9	966	1266	50	46	9.877090	colons
5	1	17	1	2	10	1027	1266	58	46	16.763924	oyster
5	1	17	1	2	11	1100	1266	51	46	0.000000	hace’
5	1	17	1	2	12	1157	1287	13	14	14.456299	*f
5	1	17	1	2	13	1180	1266	20	46	76.418747	om
5	1	17	1	2	14	1211	1266	89	46	7.071747	ernchtoat
5	1	17	1	2	15	1311	1266	104	46	0.000000	decioration?
5	1	17	1	2	16	1426	1266	11	46	22.997253	te
5	1	17	1	2	17	1449	1266	47	46	43.180290	slaved
5	1	17	1	2	18	1506	1289	13	12	36.931564	(a
5	1	17	1	2	19	1529	1266	20	46	57.402020	tea
5	1	17	1	2	20	1560	1266	31	46	11.883743	ristt
5	1	17	1	2	21	1602	1266	43	46	1.222885	eclled
5	1	17	1	2	22	1656	1290	8	13	84.533424	©
5	1	17	1	2	23	1679	1266	27	46	24.414589	Dae
5	1	17	1	2	24	1717	1266	12	46	38.659698	ee
5	1	17	1	2	25	1740	1266	28	46	6.824501	Bat
5	1	17	1	2	26	1782	1266	32	46	21.081306	wea
5	1	17	1	2	27	1828	1279	16	29	32.823448	im
5	1	17	1	2	28	1851	1266	28	46	68.482185	thea
5	1	17	1	2	29	1890	1266	39	46	44.647415	Broad
5	1	17	1	2	30	1939	1266	13	46	26.695435	&
5	1	17	1	2	31	1966	1266	24	46	90.660133	the
5	1	17	1	2	32	2001	1266	96	46	0.000000	oboerresicn
5	1	17	1	2	33	2108	1266	35	46	81.784958	that
5	1	17	1	2	34	2154	1266	24	46	46.845398	UG
5	1	17	1	2	35	2189	1266	16	46	71.722717	ie
5	1	17	1	2	36	2215	1266	28	46	69.589684	the
5	1	17	1	2	37	2254	1266	43	46	0.000000	goeed
5	1	17	1	2	38	2307	1266	63	46	82.972260	number
5	1	17	1	2	39	2380	1290	20	13	83.124535	of
5	1	17	1	2	40	2415	1266	20	46	57.076527	he
5	1	17	1	2	41	2445	1275	17	30	57.076527	of
5	1	17	1	2	42	2472	1266	28	46	79.519775	tha
4	1	17	1	3	0	532	1307	1967	29	-1	
5	1	17	1	3	1	532	1309	63	26	0.000000	sence
5	1	17	1	3	2	605	1309	42	26	64.098999	whea
5	1	17	1	3	3	657	1315	10	12	89.745277	L
5	1	17	1	3	4	674	1309	18	26	78.738937	ic
5	1	17	1	3	5	703	1319	8	8	59.938423	a
5	1	17	1	3	6	720	1309	64	26	29.250046	number
5	1	17	1	3	7	791	1309	32	26	49.650200	less
5	1	17	1	3	8	833	1309	37	26	94.824417	then
5	1	17	1	3	9	878	1309	34	26	62.239723	cag
5	1	17	1	3	10	918	1307	26	29	66.245865	g.
5	1	17	1	3	11	956	1308	66	30	38.432484	(tadecd
5	1	17	1	3	12	1029	1308	31	30	76.490814	wah
5	1	17	1	3	13	1070	1318	7	8	46.801739	o
5	1	17	1	3	14	1087	1308	40	30	71.243385	Little
5	1	17	1	3	15	1134	1308	43	30	30.856743	estra
5	1	17	1	3	16	1184	1308	38	30	78.663452	werk
5	1	17	1	3	17	1232	1308	35	30	96.635292	that
5	1	17	1	3	18	1274	1313	8	13	91.444443	I
5	1	17	1	3	19	1292	1308	30	30	78.141075	will
5	1	17	1	3	20	1332	1308	28	30	67.027527	net
5	1	17	1	3	21	1367	1308	20	30	75.098038	do
5	1	17	1	3	22	1397	1308	38	30	76.259399	now,
5	1	17	1	3	23	1444	1308	33	30	95.826317	this
5	1	17	1	3	24	1487	1308	43	30	82.448624	proof
5	1	17	1	3	25	1537	1308	30	30	96.068237	will
5	1	17	1	3	26	1577	1308	35	30	79.080978	werk
5	1	17	1	3	27	1622	1308	38	30	93.249496	when
5	1	17	1	3	28	1668	1314	9	13	86.096741	L
5	1	17	1	3	29	1687	1308	48	30	15.869072	cevels
5	1	17	1	3	30	1742	1308	71	30	16.715485	Log(G).)
5	1	17	1	3	31	1824	1308	28	30	93.831383	The
5	1	17	1	3	32	1862	1308	43	30	90.942307	point
5	1	17	1	3	33	1914	1308	13	30	60.816818	ia
5	1	17	1	3	34	1937	1308	35	30	94.349670	that
5	1	17	1	3	35	1982	1316	5	12	75.855492	J
5	1	17	1	3	36	1997	1308	40	30	79.642891	know
5	1	17	1	3	37	2047	1308	30	30	63.361473	how
5	1	17	1	3	38	2087	1308	20	30	83.464111	to
5	1	17	1	3	39	2117	1308	40	30	53.121166	make
5	1	17	1	3	40	2167	1308	33	30	66.223297	thin
5	1	17	1	3	41	2209	1308	106	30	62.856369	methodology
5	1	17	1	3	42	2324	1308	71	30	91.439812	produce
5	1	17	1	3	43	2404	1319	23	13	93.220261	my
5	1	17	1	3	44	2437	1308	65	30	73.447250	nesded
4	1	17	1	4	0	535	1337	205	16	-1	
5	1	17	1	4	1	531	1333	48	26	84.821602	preef
5	1	17	1	4	2	587	1333	20	26	93.197220	by
5	1	17	1	4	3	615	1337	125	16	0.000000	ecntredctien.
3	1	17	2	0	0	534	1355	1963	51	-1	
4	1	17	2	1	0	589	1355	1908	21	-1	
5	1	17	2	1	1	589	1347	92	31	59.630318	Moreover,
5	1	17	2	1	2	690	1357	5	13	82.222214	|
5	1	17	2	1	3	706	1347	27	31	88.122147	com
5	1	17	2	1	4	742	1347	92	31	45.348633	generehae
5	1	17	2	1	5	843	1347	24	31	90.440880	my
5	1	17	2	1	6	876	1347	61	31	47.209431	mahted
5	1	17	2	1	7	946	1347	17	31	56.865913	in
5	1	17	2	1	8	972	1347	45	31	93.819771	many
5	1	17	2	1	9	1026	1347	88	31	75.431252	directions.
5	1	17	2	1	10	1130	1347	29	31	59.594780	One
5	1	17	2	1	11	1168	1347	53	31	46.016273	iovece
5	1	17	2	1	12	1231	1347	13	31	88.042374	ws
5	1	17	2	1	13	1251	1347	37	31	93.703629	that
5	1	17	2	1	14	1295	1347	14	31	79.461159	if
5	1	17	2	1	15	1319	1347	16	31	94.764481	is
5	1	17	2	1	16	1341	1347	74	31	81.822891	probably
5	1	17	2	1	17	1424	1347	34	31	77.154198	best
5	1	17	2	1	18	1465	1347	30	31	82.192459	for
5	1	17	2	1	19	1504	1361	21	12	80.280029	my
5	1	17	2	1	20	1588	1358	15	12	85.371735	te
5	1	17	2	1	21	1613	1348	91	32	35.078598	concentrate
5	1	17	2	1	22	1714	1348	17	32	93.492645	on
5	1	17	2	1	23	1738	1348	25	32	96.447952	the
5	1	17	2	1	24	1770	1348	70	32	53.999702	simplest
5	1	17	2	1	25	1848	1348	64	32	83.494537	version
5	1	17	2	1	26	1922	1356	17	17	93.234627	of
5	1	17	2	1	27	1949	1348	46	32	67.440048	Atysi
5	1	17	2	1	28	2002	1348	73	32	90.143021	function
5	1	17	2	1	29	2085	1348	33	32	76.857048	that
5	1	17	2	1	30	2128	1348	27	32	88.494301	ere
5	1	17	2	1	31	2162	1348	75	32	35.183853	ensigeus
5	1	17	2	1	32	2246	1348	18	32	82.475647	to
5	1	17	2	1	33	2272	1348	30	32	95.881134	the
5	1	17	2	1	34	2309	1348	113	32	79.943802	incremental
5	1	17	2	1	35	2432	1348	70	32	48.900585	neming
4	1	17	2	2	0	530	1357	1965	41	-1	
5	1	17	2	2	1	530	1357	110	41	0.000000	qeawentirn,
5	1	17	2	2	2	649	1357	28	41	81.377380	ond
5	1	17	2	2	3	687	1357	38	41	82.052254	then
5	1	17	2	2	4	735	1357	16	41	76.867867	ts
5	1	17	2	2	5	762	1357	62	41	11.397331	procred
5	1	17	2	2	6	830	1357	17	41	81.008911	to
5	1	17	2	2	7	858	1357	24	41	55.056953	the
5	1	17	2	2	8	892	1357	69	41	0.000000	edduwe
5	1	17	2	2	9	970	1357	56	41	0.000000	nameng
5	1	17	2	2	10	1039	1357	89	41	47.850929	convention
5	1	17	2	2	11	1138	1357	14	41	92.411156	of
5	1	17	2	2	12	1162	1357	28	41	96.308083	the
5	1	17	2	2	13	1196	1357	28	41	92.015076	end
5	1	17	2	2	14	1233	1357	15	41	96.519821	of
5	1	17	2	2	15	1257	1357	25	41	87.143425	the
5	1	17	2	2	16	1291	1357	56	41	59.509159	article
5	1	17	2	2	17	1356	1357	59	41	62.812138	(which
5	1	17	2	2	18	1425	1357	79	41	14.708092	obwiausly
5	1	17	2	2	19	1514	1357	31	41	90.240501	will
5	1	17	2	2	20	1551	1357	32	41	78.274170	alse
5	1	17	2	2	21	1592	1357	59	41	59.513214	rupport
5	1	17	2	2	22	1660	1379	22	12	69.985229	my
5	1	17	2	2	23	1691	1357	55	41	66.248154	methed
5	1	17	2	2	24	1756	1357	39	41	54.363590	when
5	1	17	2	2	25	1804	1357	28	41	60.464752	one
5	1	17	2	2	26	1842	1357	41	41	89.953964	walle
5	1	17	2	2	27	1896	1357	66	41	20.415756	Ureegh
5	1	17	2	2	28	1971	1357	56	41	53.494362	powers
5	1	17	2	2	29	2040	1357	17	41	87.753372	of
5	1	17	2	2	30	2064	1374	7	14	30.088524	£
5	1	17	2	2	31	2084	1357	59	41	18.421127	brovuse
5	1	17	2	2	32	2152	1376	5	12	60.446823	i
5	1	17	2	2	33	2166	1357	39	41	18.489258	howe
5	1	17	2	2	34	2214	1357	59	41	42.399452	enough
5	1	17	2	2	35	2282	1357	56	41	65.866623	wiggle
5	1	17	2	2	36	2347	1357	42	41	23.587250	room
5	1	17	2	2	37	2402	1357	93	41	36.564453	evadable),
4	1	17	2	3	0	534	1391	258	15	-1	
5	1	17	2	3	1	530	1384	52	31	0.000000	Orher
5	1	17	2	3	2	592	1384	52	31	5.581253	tsewes
5	1	17	2	3	3	654	1384	26	31	63.583084	ore
5	1	17	2	3	4	687	1384	50	31	83.447906	listed
5	1	17	2	3	5	744	1384	53	31	90.639114	below
3	1	17	3	0	0	587	1414	927	19	-1	
4	1	17	3	1	0	587	1414	927	19	-1	
5	1	17	3	1	1	587	1417	15	13	72.007462	J.
5	1	17	3	1	2	623	1406	64	32	88.311356	Methed
5	1	17	3	1	3	695	1406	99	32	33.407372	gencrukses
5	1	17	3	1	4	801	1406	41	32	85.400993	whes
5	1	17	3	1	5	853	1420	8	8	37.247414	©
5	1	17	3	1	6	871	1406	43	32	28.349442	proef
5	1	17	3	1	7	921	1406	12	32	54.539192	io
5	1	17	3	1	8	943	1406	59	32	0.000000	defined
5	1	17	3	1	9	1012	1406	27	32	48.838482	sot
5	1	17	3	1	10	1047	1406	18	32	94.075211	by
5	1	17	3	1	11	1073	1406	28	32	82.929169	one
5	1	17	3	1	12	1111	1406	56	32	33.555481	minger
5	1	17	3	1	13	1175	1420	8	11	90.096214	p
5	1	17	3	1	14	1193	1406	25	32	89.691879	bul
5	1	17	3	1	15	1228	1406	54	32	72.583847	rather
5	1	17	3	1	16	1289	1420	6	8	34.845001	«
5	1	17	3	1	17	1305	1406	60	32	62.647049	h-tuple
5	1	17	3	1	18	1375	1416	16	17	84.771240	of
5	1	17	3	1	19	1401	1406	36	32	67.048599	such
5	1	17	3	1	20	1444	1406	73	32	91.493011	integers
3	1	17	4	0	0	585	1438	1558	19	-1	
4	1	17	4	1	0	585	1438	1558	19	-1	
5	1	17	4	1	1	585	1440	15	13	72.646713	2
5	1	17	4	1	2	621	1434	12	27	25.268936	Ff
5	1	17	4	1	3	641	1434	35	27	37.618355	kad
5	1	17	4	1	4	684	1434	35	27	62.634026	thas
5	1	17	4	1	5	727	1434	64	27	40.147076	emphics
5	1	17	4	1	6	799	1434	34	27	92.728973	that
5	1	17	4	1	7	842	1434	23	27	95.931488	my
5	1	17	4	1	8	875	1434	62	27	60.668789	method
5	1	17	4	1	9	945	1434	30	27	83.001778	will
5	1	17	4	1	10	983	1434	39	27	86.367752	know
5	1	17	4	1	11	1031	1434	34	27	90.944733	that
5	1	17	4	1	12	1071	1434	44	27	92.615753	there
5	1	17	4	1	13	1123	1434	48	27	54.418259	cowis
5	1	17	4	1	14	1179	1434	19	27	58.625225	us
5	1	17	4	1	15	1206	1434	28	27	76.097473	two
5	1	17	4	1	16	1244	1434	114	27	36.203201	simuleincous
5	1	17	4	1	17	1366	1434	48	27	78.547089	proof
5	1	17	4	1	18	1422	1440	17	17	87.902161	of
5	1	17	4	1	19	1447	1445	7	9	33.768295	o
5	1	17	4	1	20	1463	1434	72	27	51.394688	scntence
5	1	17	4	1	21	1544	1434	27	27	94.041405	and
5	1	17	4	1	22	1580	1434	23	27	94.123337	its
5	1	17	4	1	23	1611	1434	66	27	91.167336	negation
5	1	17	4	1	24	1685	1434	39	27	90.286438	(beth
5	1	17	4	1	25	1733	1434	59	27	36.532177	encoded
5	1	17	4	1	26	1800	1434	17	27	90.289742	im
5	1	17	4	1	27	1825	1434	57	27	85.037285	prencs
5	1	17	4	1	28	1890	1434	62	27	0.000000	normal
5	1	17	4	1	29	1960	1434	39	27	90.702492	form
5	1	17	4	1	30	2010	1434	27	27	87.987549	for
5	1	17	4	1	31	2045	1434	98	27	33.380798	sumplicity).
3	1	17	5	0	0	530	1461	1777	44	-1	
4	1	17	5	1	0	584	1461	1097	20	-1	
5	1	17	5	1	1	584	1464	16	13	67.116501	3.
5	1	17	5	1	2	620	1453	46	32	47.707382	Also,
5	1	17	5	1	3	673	1453	13	32	62.657166	ot
5	1	17	5	1	4	694	1453	33	32	63.138054	wall
5	1	17	5	1	5	734	1453	46	32	27.262009	opply
5	1	17	5	1	6	790	1453	17	32	87.300278	to
5	1	17	5	1	7	817	1453	43	32	92.917725	many
5	1	17	5	1	8	870	1453	70	32	70.254990	wervions
5	1	17	5	1	9	948	1453	16	32	95.601250	of
5	1	17	5	1	10	972	1453	24	32	91.588661	the
5	1	17	5	1	11	1006	1453	86	32	0.000000	tangubilety
5	1	17	5	1	12	1100	1453	78	32	36.646477	reflection
5	1	17	5	1	13	1188	1453	80	32	69.507767	princible,
5	1	17	5	1	14	1276	1453	80	32	29.589302	includung
5	1	17	5	1	15	1366	1453	30	32	96.844193	the
5	1	17	5	1	16	1404	1453	40	32	0.000000	Tang
5	1	17	5	1	17	1449	1453	35	32	0.000000	Reet
5	1	17	5	1	18	1494	1453	76	32	90.588089	princible
5	1	17	5	1	19	1577	1453	27	32	96.810249	and
5	1	17	5	1	20	1613	1453	68	32	51.303970	stronger
4	1	17	5	2	0	530	1484	1777	21	-1	
5	1	17	5	2	1	526	1479	104	31	74.099846	Somewhere
5	1	17	5	2	2	639	1485	6	14	31.974220	|
5	1	17	5	2	3	655	1479	34	31	74.483185	well
5	1	17	5	2	4	696	1479	35	31	64.355347	wack
5	1	17	5	2	5	740	1479	18	31	85.113297	to
5	1	17	5	2	6	766	1479	27	31	58.669014	wor
5	1	17	5	2	7	802	1479	29	31	95.696701	the
5	1	17	5	2	8	841	1479	47	31	81.736969	words
5	1	17	5	2	9	895	1479	37	31	94.073784	from
5	1	17	5	2	10	941	1484	9	14	62.854332	3
5	1	17	5	2	11	960	1479	37	31	31.115280	dope
5	1	17	5	2	12	1006	1479	27	31	94.018105	age
5	1	17	5	2	13	1042	1479	17	31	70.360359	of
5	1	17	5	2	14	1071	1479	45	31	43.022095	Shad
5	1	17	5	2	15	1125	1479	76	31	59.609467	specimen
5	1	17	5	2	16	1208	1479	19	31	51.341969	4s
5	1	17	5	2	17	1236	1479	68	31	0.000000	stortany
5	1	17	5	2	18	1313	1479	35	31	32.695511	woth
5	1	17	5	2	19	1357	1492	9	8	49.487541	«
5	1	17	5	2	20	1375	1479	100	31	51.380981	permuteion
5	1	17	5	2	21	1484	1493	9	12	88.783524	p
5	1	17	5	2	22	1502	1488	17	17	93.058884	of
5	1	17	5	2	23	1525	1488	9	14	93.058884	L
5	1	17	5	2	24	1543	1479	72	31	41.699005	integers,
5	1	17	5	2	25	1624	1479	39	31	0.000000	bind
5	1	17	5	2	26	1670	1479	42	31	85.416862	casc,
5	1	17	5	2	27	1719	1479	35	31	71.584785	Mind
5	1	17	5	2	28	1760	1479	90	31	19.415207	specwncns,
5	1	17	5	2	29	1861	1479	73	31	54.308472	Storting
5	1	17	5	2	30	1944	1479	42	31	86.986389	Bhnd
5	1	17	5	2	31	1995	1479	33	31	72.883049	Sct,
5	1	17	5	2	32	2042	1479	27	31	75.526932	and
5	1	17	5	2	33	2078	1479	45	31	92.831711	mabe
5	1	17	5	2	34	2132	1479	69	31	78.899162	Reduced
5	1	17	5	2	35	2210	1479	45	31	94.661087	Bind
5	1	17	5	2	36	2264	1479	48	31	58.980274	SET.
3	1	17	6	0	0	522	1501	1973	216	-1	
4	1	17	6	1	0	582	1501	1913	23	-1	
5	1	17	6	1	1	582	1497	71	32	91.812477	NOTES
5	1	17	6	1	2	666	1503	70	13	96.201279	ADDED
5	1	17	6	1	3	748	1497	68	32	95.202942	MARCH
5	1	17	6	1	4	826	1497	22	32	95.706749	£3
5	1	17	6	1	5	858	1497	80	32	6.090149	afternoon
5	1	17	6	1	6	948	1497	76	32	41.939869	(starting
5	1	17	6	1	7	1031	1497	16	32	91.779343	at
5	1	17	6	1	8	1057	1497	57	32	0.000000	130pm
5	1	17	6	1	9	1124	1497	44	32	51.871384	after
5	1	17	6	1	10	1175	1497	81	32	1.147034	enercioint
5	1	17	6	1	11	1263	1497	27	32	96.306099	for
5	1	17	6	1	12	1300	1505	18	13	53.254921	TE
5	1	17	6	1	13	1330	1497	67	32	41.301743	minutes
5	1	17	6	1	14	1407	1497	19	32	73.617249	at
5	1	17	6	1	15	1436	1497	60	32	96.162048	YMCA)
5	1	17	6	1	16	1506	1506	6	14	65.371315	I
5	1	17	6	1	17	1522	1497	30	32	39.255085	saw
5	1	17	6	1	18	1559	1497	73	32	33.306969	Nieolson
5	1	17	6	1	19	1639	1497	19	32	93.027527	on
5	1	17	6	1	20	1666	1497	51	32	61.019756	Pridey
5	1	17	6	1	21	1724	1497	16	32	71.964081	af
5	1	17	6	1	22	1748	1497	49	32	69.031929	liom.
5	1	17	6	1	23	1804	1497	30	32	92.843025	ond
5	1	17	6	1	24	1844	1497	25	32	75.388855	she
5	1	17	6	1	25	1879	1497	35	32	93.288704	told
5	1	17	6	1	26	1924	1497	20	32	86.801468	me
5	1	17	6	1	27	1954	1497	35	32	94.367096	that
5	1	17	6	1	28	1999	1497	27	32	93.288254	her
5	1	17	6	1	29	2034	1497	46	32	28.263466	guces
5	1	17	6	1	30	2090	1497	27	32	93.660126	was
5	1	17	6	1	31	2124	1497	36	32	86.978401	thet
5	1	17	6	1	32	2167	1510	9	9	59.582603	«
5	1	17	6	1	33	2183	1497	86	32	26.476166	co-enther
5	1	17	6	1	34	2279	1497	51	32	60.304165	would
5	1	17	6	1	35	2340	1497	44	32	86.741951	make
5	1	17	6	1	36	2394	1497	27	32	96.582726	the
5	1	17	6	1	37	2431	1497	64	32	94.507973	writing
4	1	17	6	2	0	529	1519	1965	22	-1	
5	1	17	6	2	1	525	1515	22	32	61.137833	of
5	1	17	6	2	2	554	1515	25	32	95.840401	the
5	1	17	6	2	3	589	1515	46	32	85.014915	paper
5	1	17	6	2	4	645	1515	54	32	84.459801	harder
5	1	17	6	2	5	709	1515	62	32	42.252235	(rether
5	1	17	6	2	6	781	1515	38	32	92.950897	then
5	1	17	6	2	7	829	1515	55	32	65.534744	camer.
5	1	17	6	2	8	895	1515	94	32	0.000000	(Tharcfors,
5	1	17	6	2	9	999	1519	6	13	69.151169	J
5	1	17	6	2	10	1015	1515	33	32	68.483276	wail
5	1	17	6	2	11	1055	1515	25	32	54.159401	not
5	1	17	6	2	12	1087	1515	28	32	86.433525	ask
5	1	17	6	2	13	1125	1521	22	14	95.395508	AG
5	1	17	6	2	14	1155	1515	29	32	95.395508	for
5	1	17	6	2	15	1191	1515	36	32	96.435081	help
5	1	17	6	2	16	1234	1515	14	32	54.799896	im
5	1	17	6	2	17	1258	1515	62	32	93.637978	writing
5	1	17	6	2	18	1327	1515	28	32	96.573448	the
5	1	17	6	2	19	1362	1515	53	32	94.110176	paper,
5	1	17	6	2	20	1426	1515	25	32	91.603302	but
5	1	17	6	2	21	1458	1524	9	13	86.087837	I
5	1	17	6	2	22	1477	1515	46	32	87.779648	might
5	1	17	6	2	23	1530	1515	25	32	89.722832	ash
5	1	17	6	2	24	1565	1515	24	32	93.458328	him
5	1	17	6	2	25	1599	1515	17	32	89.559837	to
5	1	17	6	2	26	1623	1515	33	32	96.297836	read
5	1	17	6	2	27	1663	1515	14	32	96.503510	it
5	1	17	6	2	28	1687	1515	25	32	79.916603	end
5	1	17	6	2	29	1719	1515	44	32	95.010368	thank
5	1	17	6	2	30	1770	1515	27	32	87.004562	him
5	1	17	6	2	31	1807	1515	17	32	95.438538	in
5	1	17	6	2	32	1831	1515	30	32	91.429932	the
5	1	17	6	2	33	1871	1515	161	32	27.418701	Acknowldegercnt,
5	1	17	6	2	34	2042	1515	59	32	28.374435	ewnilar
5	1	17	6	2	35	2109	1515	19	32	74.784363	to
5	1	17	6	2	36	2135	1527	22	12	94.376007	my
5	1	17	6	2	37	2165	1515	43	32	79.742050	prior
5	1	17	6	2	38	2218	1515	70	32	93.837845	papers.)
5	1	17	6	2	39	2301	1515	44	32	29.603035	Also,
5	1	17	6	2	40	2357	1522	7	15	93.030281	J
5	1	17	6	2	41	2373	1515	38	32	80.428436	weat
5	1	17	6	2	42	2421	1515	38	32	68.863373	ever
5	1	17	6	2	43	2466	1515	33	32	96.397026	tha
4	1	17	6	3	0	528	1537	1965	23	-1	
5	1	17	6	3	1	524	1533	47	33	50.002590	beac
5	1	17	6	3	2	579	1533	36	33	70.845657	ides
5	1	17	6	3	3	625	1533	20	33	76.783188	on
5	1	17	6	3	4	656	1533	64	33	37.324684	Suadey
5	1	17	6	3	5	730	1533	72	33	19.755264	moramg
5	1	17	6	3	6	812	1533	31	33	77.400162	ond
5	1	17	6	3	7	852	1539	10	13	59.666653	f
5	1	17	6	3	8	870	1533	81	33	0.000000	comemaced
5	1	17	6	3	9	961	1533	53	33	18.243065	myealf
5	1	17	6	3	10	1021	1533	34	33	95.084503	they
5	1	17	6	3	11	1065	1533	37	33	89.645340	wert
5	1	17	6	3	12	1109	1533	70	33	75.806732	correct.
5	1	17	6	3	13	1186	1533	122	33	82.885254	(Inicrestingly,
5	1	17	6	3	14	1318	1542	7	13	76.104095	I
5	1	17	6	3	15	1335	1533	45	33	95.874916	could
5	1	17	6	3	16	1387	1533	28	33	81.577133	not
5	1	17	6	3	17	1423	1533	100	33	22.657021	recenstract
5	1	17	6	3	18	1530	1548	20	12	90.680641	my
5	1	17	6	3	19	1560	1533	42	33	85.820808	prier
5	1	17	6	3	20	1610	1533	34	33	87.743340	idea
5	1	17	6	3	21	1651	1533	56	33	0.000000	withevt
5	1	17	6	3	22	1714	1533	34	33	42.894665	firvt
5	1	17	6	3	23	1756	1533	61	33	48.259651	reading
5	1	17	6	3	24	1824	1533	25	33	72.386101	may
5	1	17	6	3	25	1857	1533	53	33	84.996582	March
5	1	17	6	3	26	1921	1541	20	14	64.712250	$1
5	1	17	6	3	27	1951	1533	45	33	40.695442	notes
5	1	17	6	3	28	2006	1533	63	33	30.540359	(below)
5	1	17	6	3	29	2080	1533	28	33	89.465607	ond
5	1	17	6	3	30	2116	1533	36	33	92.654297	then
5	1	17	6	3	31	2160	1533	47	33	57.927990	filling
5	1	17	6	3	32	2218	1533	17	33	95.032463	im
5	1	17	6	3	33	2245	1533	28	33	90.227943	tha
5	1	17	6	3	34	2284	1533	64	33	2.520432	misoing
5	1	17	6	3	35	2358	1533	67	33	38.625107	picces.
5	1	17	6	3	36	2432	1533	37	33	73.832687	This
5	1	17	6	3	37	2476	1533	17	33	87.978676	is
4	1	17	6	4	0	527	1557	1966	21	-1	
5	1	17	6	4	1	523	1552	56	32	83.272293	portly
5	1	17	6	4	2	587	1552	64	32	66.641006	becouse
5	1	17	6	4	3	661	1558	6	13	67.296890	|
5	1	17	6	4	4	677	1552	36	32	79.709282	took
5	1	17	6	4	5	720	1561	10	9	84.088181	«
5	1	17	6	4	6	739	1552	48	32	42.282566	£-dey
5	1	17	6	4	7	796	1552	33	32	63.864895	reat
5	1	17	6	4	8	837	1552	38	32	90.558067	from
5	1	17	6	4	9	885	1552	22	32	96.286949	my
5	1	17	6	4	10	917	1552	30	32	47.069115	new
5	1	17	6	4	11	957	1552	60	32	72.025604	project
5	1	17	6	4	12	1027	1552	27	32	77.202408	ond
5	1	17	6	4	13	1061	1552	73	32	0.000000	reternad
5	1	17	6	4	14	1141	1552	17	32	78.093155	to
5	1	17	6	4	15	1165	1552	28	32	95.359558	the
5	1	17	6	4	16	1200	1552	27	32	93.105064	old
5	1	17	6	4	17	1237	1552	54	32	6.686752	Wollsc
5	1	17	6	4	18	1299	1552	75	32	81.257362	project!)
5	1	17	6	4	19	1387	1552	70	32	14.868080	Anethcr
5	1	17	6	4	20	1467	1552	27	32	80.692955	new
5	1	17	6	4	21	1504	1552	43	32	93.813156	point
5	1	17	6	4	22	1555	1552	13	32	36.811508	se
5	1	17	6	4	23	1576	1552	33	32	87.963165	that
5	1	17	6	4	24	1616	1560	6	14	70.883286	I
5	1	17	6	4	25	1632	1552	57	32	93.606430	decided
5	1	17	6	4	26	1696	1561	14	12	76.917679	te
5	1	17	6	4	27	1717	1552	30	32	94.431122	call
5	1	17	6	4	28	1755	1564	19	12	94.431122	my
5	1	17	6	4	29	1784	1552	33	32	93.581566	core
5	1	17	6	4	30	1827	1552	38	32	66.644043	ides
5	1	17	6	4	31	1877	1552	78	32	86.705650	Opaque
5	1	17	6	4	32	1965	1560	163	13	49.623100	Pesude-Mode!
5	1	17	6	4	33	2138	1560	93	16	80.969643	Analysie
5	1	17	6	4	34	2242	1559	251	19	79.471436	(OPMA).
5	1	17	6	4	35	2360	1552	17	32	89.639542	It
5	1	17	6	4	36	2387	1552	43	32	92.742859	rests
5	1	17	6	4	37	2437	1552	20	32	86.676979	on
5	1	17	6	4	38	2464	1552	33	32	78.230499	the
4	1	17	6	5	0	522	1579	1976	35	-1	
5	1	17	6	5	1	522	1579	36	33	0.000000	Sdes
5	1	17	6	5	2	568	1579	20	33	93.274864	of
5	1	17	6	5	3	596	1579	53	33	0.000000	tatang
5	1	17	6	5	4	659	1579	17	33	87.546776	on
5	1	17	6	5	5	687	1579	94	33	47.902184	X-tableowe
5	1	17	6	5	6	791	1579	45	33	68.066254	proof
5	1	17	6	5	7	846	1579	45	33	1.281418	whooc
5	1	17	6	5	8	901	1579	37	33	86.483681	only
5	1	17	6	5	9	948	1579	42	33	30.916367	cmom
5	1	17	6	5	10	1000	1579	31	33	86.690201	you
5	1	17	6	5	11	1041	1579	48	33	33.322235	doubt
5	1	17	6	5	12	1131	1583	33	23	69.274109	NY
5	1	17	6	5	13	1175	1587	288	19	58.390598	sentence
5	1	17	6	5	14	1256	1579	55	31	83.181213	called
5	1	17	6	5	15	1318	1579	11	31	82.389435	@
5	1	17	6	5	16	1338	1579	35	31	95.244820	and
5	1	17	6	5	17	1382	1579	61	31	89.217384	making
5	1	17	6	5	18	1452	1579	9	31	49.175987	©
5	1	17	6	5	19	1470	1579	29	31	86.639870	the
5	1	17	6	5	20	1506	1579	32	31	49.922531	reet
5	1	17	6	5	21	1545	1579	19	31	96.476814	of
5	1	17	6	5	22	1571	1579	24	31	96.823555	the
5	1	17	6	5	23	1602	1579	42	31	79.857491	proof
5	1	17	6	5	24	1651	1579	29	31	85.279640	trea
5	1	17	6	5	25	1687	1579	84	31	31.695450	(eppeoring
5	1	17	6	5	26	1780	1579	66	31	85.676109	nowhere
5	1	17	6	5	27	1853	1579	42	31	61.563129	elec.
5	1	17	6	5	28	1899	1581	47	33	44.681225	Then
5	1	17	6	5	29	1956	1581	31	33	89.992737	you
5	1	17	6	5	30	1998	1581	75	33	38.367393	catartem
5	1	17	6	5	31	2083	1581	28	33	81.961563	tha
5	1	17	6	5	32	2119	1581	83	33	33.652534	possibility
5	1	17	6	5	33	2212	1581	37	33	93.145103	that
5	1	17	6	5	34	2259	1589	8	21	62.413692	@
5	1	17	6	5	35	2273	1582	19	27	88.761551	is
5	1	17	6	5	36	2302	1582	39	27	45.731842	Jalsa
5	1	17	6	5	37	2349	1582	17	27	86.012619	im
5	1	17	6	5	38	2374	1582	30	27	94.313499	the
5	1	17	6	5	39	2414	1582	84	27	30.317474	Standard
4	1	17	6	6	0	526	1602	1969	28	-1	
5	1	17	6	6	1	526	1602	22	28	51.599762	Mi
5	1	17	6	6	2	602	1602	14	32	50.991623	Im
5	1	17	6	6	3	626	1602	35	32	94.308136	thet
5	1	17	6	6	4	671	1602	35	32	87.638077	case
5	1	17	6	6	5	716	1602	30	32	76.255447	pou
5	1	17	6	6	6	756	1602	28	32	42.762562	ann
5	1	17	6	6	7	794	1602	56	32	41.586365	crucic
5	1	17	6	6	8	858	1612	8	8	81.591431	«
5	1	17	6	6	9	876	1602	49	32	86.758278	modal
5	1	17	6	6	10	932	1602	84	32	12.139481	arncsting
5	1	17	6	6	11	1023	1602	19	32	94.344238	of
5	1	17	6	6	12	1052	1607	12	13	8.502029	a
5	1	17	6	6	13	1079	1607	28	13	74.546249	a's
5	1	17	6	6	14	1116	1602	57	32	35.309555	axioms
5	1	17	6	6	15	1183	1602	54	32	27.990120	cacept
5	1	17	6	6	16	1247	1602	38	32	94.967651	that
5	1	17	6	6	17	1292	1612	9	11	80.935120	©
5	1	17	6	6	18	1314	1602	16	32	78.350616	is
5	1	17	6	6	19	1338	1602	72	32	10.034378	replaced
5	1	17	6	6	20	1420	1612	17	17	89.295624	by
5	1	17	6	6	21	1450	1618	7	7	48.325821	—
5	1	17	6	6	22	1468	1614	18	13	51.819374	@.
5	1	17	6	6	23	1498	1602	30	32	96.633614	The
5	1	17	6	6	24	1538	1602	32	32	73.263062	call
5	1	17	6	6	25	1580	1612	15	16	86.105698	of
5	1	17	6	6	26	1607	1611	46	16	89.751884	OPMA
5	1	17	6	6	27	1666	1602	62	32	0.000000	analysis
5	1	17	6	6	28	1736	1602	13	32	77.753113	is
5	1	17	6	6	29	1756	1602	17	32	89.339325	to
5	1	17	6	6	30	1780	1602	38	32	83.415115	show
5	1	17	6	6	31	1826	1602	35	32	94.579681	that
5	1	17	6	6	32	1871	1602	27	32	95.848732	the
5	1	17	6	6	33	1906	1602	80	32	71.752182	existence
5	1	17	6	6	34	1996	1610	17	17	95.217438	of
5	1	17	6	6	35	2023	1602	25	32	96.549850	the
5	1	17	6	6	36	2058	1602	75	32	44.490704	resulting
5	1	17	6	6	37	2143	1602	46	32	88.284775	model
5	1	17	6	6	38	2196	1602	17	32	95.468300	is
5	1	17	6	6	39	2220	1602	128	32	0.000000	contradictory,
5	1	17	6	6	40	2362	1602	46	32	96.652420	which
5	1	17	6	6	41	2418	1602	19	32	86.730011	is
5	1	17	6	6	42	2447	1602	27	32	94.306206	why
5	1	17	6	6	43	2485	1615	10	13	87.068863	J
4	1	17	6	7	0	528	1623	1962	24	-1	
5	1	17	6	7	1	528	1625	329	18	0.000000	Sudicioulsy”
5	1	17	6	7	2	652	1619	35	32	71.931732	coll
5	1	17	6	7	3	694	1619	9	32	39.522049	&
5	1	17	6	7	4	713	1619	9	32	51.261925	a
5	1	17	6	7	5	732	1625	125	18	0.000000	pornde-modal
5	1	17	6	7	6	873	1619	30	32	96.899399	The
5	1	17	6	7	7	913	1619	35	32	44.816010	trick
5	1	17	6	7	8	956	1619	14	32	49.226971	ss
5	1	17	6	7	9	980	1619	16	32	70.774124	te
5	1	17	6	7	10	1006	1619	25	32	65.649139	wer
5	1	17	6	7	11	1041	1619	27	32	90.958710	the
5	1	17	6	7	12	1078	1619	102	32	28.323761	combination
5	1	17	6	7	13	1190	1619	17	32	95.939064	of
5	1	17	6	7	14	1217	1619	25	32	93.296890	the
5	1	17	6	7	15	1249	1619	41	32	39.087521	falee
5	1	17	6	7	16	1300	1619	110	32	56.440586	preeumption
5	1	17	6	7	17	1417	1630	17	17	95.257866	of
5	1	17	6	7	18	1444	1619	25	32	93.283234	the
5	1	17	6	7	19	1478	1619	81	32	3.671783	caiitenca
5	1	17	6	7	20	1568	1630	17	16	96.451546	of
5	1	17	6	7	21	1593	1619	25	32	83.936859	tha
5	1	17	6	7	22	1625	1619	108	32	27.592377	prvede-medel
5	1	17	6	7	23	1742	1629	9	13	93.136131	M
5	1	17	6	7	24	1761	1619	19	32	78.065277	Le
5	1	17	6	7	25	1788	1619	78	32	90.091049	construct
5	1	17	6	7	26	1876	1632	6	9	37.876705	«
5	1	17	6	7	27	1892	1619	38	32	87.220924	path
5	1	17	6	7	28	1937	1633	11	12	92.497055	p
5	1	17	6	7	29	1956	1619	67	32	65.130386	through
5	1	17	6	7	30	2030	1619	30	32	96.796143	the
5	1	17	6	7	31	2068	1619	46	32	88.298607	proof
5	1	17	6	7	32	2121	1619	33	32	46.343571	tree
5	1	17	6	7	33	2161	1619	46	32	86.110023	where
5	1	17	6	7	34	2214	1619	28	32	86.727554	oll
5	1	17	6	7	35	2249	1619	54	32	72.174019	nedcs,
5	1	17	6	7	36	2316	1619	56	32	12.934151	eacapt
5	1	17	6	7	37	2380	1619	32	32	79.648132	“its
5	1	17	6	7	38	2422	1619	46	32	64.689537	rest”
5	1	17	6	7	39	2481	1633	9	12	54.168274	©
4	1	17	6	8	0	519	1647	1977	35	-1	
5	1	17	6	8	1	519	1647	42	28	35.823608	Meld
5	1	17	6	8	2	568	1654	19	13	66.605438	in
5	1	17	6	8	3	596	1647	28	28	81.097702	the
5	1	17	6	8	4	633	1647	54	28	43.223404	model
5	1	17	6	8	5	696	1653	17	12	87.123657	M.
5	1	17	6	8	6	726	1647	41	28	81.952362	Thet
5	1	17	6	8	7	773	1647	17	28	72.548218	is
5	1	17	6	8	8	801	1647	89	28	15.801277	umpocesbic
5	1	17	6	8	9	897	1647	59	28	0.000000	beawuct
5	1	17	6	8	10	964	1647	27	28	92.510132	the
5	1	17	6	8	11	999	1647	43	28	17.031746	prucf
5	1	17	6	8	12	1051	1647	31	28	50.617844	trex
5	1	17	6	8	13	1090	1647	27	28	78.111359	has
5	1	17	6	8	14	1125	1647	38	28	82.076843	wach
5	1	17	6	8	15	1174	1647	38	28	67.092056	node
5	1	17	6	8	16	1221	1647	29	28	87.742859	cnd
5	1	17	6	8	17	1258	1647	37	28	92.582565	with
5	1	17	6	8	18	1305	1661	8	8	88.231682	«
5	1	17	6	8	19	1321	1647	129	28	29.002998	contradiction.
5	1	17	6	8	20	1454	1650	43	32	95.445114	(The
5	1	17	6	8	21	1504	1650	113	32	90.273468	contradiction
5	1	17	6	8	22	1627	1650	83	32	38.226425	essentially
5	1	17	6	8	23	1718	1650	48	32	36.862297	erisce
5	1	17	6	8	24	1774	1650	59	32	27.442566	becamse
5	1	17	6	8	25	1840	1650	28	32	96.339691	the
5	1	17	6	8	26	1878	1650	54	32	30.278152	bottom
5	1	17	6	8	27	1942	1650	51	32	80.293816	nodes
5	1	17	6	8	28	2000	1650	20	32	93.392471	of
5	1	17	6	8	29	2027	1650	25	32	96.096329	the
5	1	17	6	8	30	2062	1650	43	32	75.239426	proof
5	1	17	6	8	31	2112	1650	41	32	94.092613	tree,
5	1	17	6	8	32	2160	1650	46	32	81.480865	being
5	1	17	6	8	33	2216	1654	29	24	48.581581	O
5	1	17	6	8	34	2253	1653	94	26	47.681923	eentences
5	1	17	6	8	35	2354	1653	88	26	93.102715	stemming
5	1	17	6	8	36	2450	1653	46	26	93.981789	from
4	1	17	6	9	0	523	1674	1967	28	-1	
5	1	17	6	9	1	523	1679	13	12	54.705620	>
5	1	17	6	9	2	548	1670	42	29	0.994934	muet
5	1	17	6	9	3	598	1670	18	29	95.851128	be
5	1	17	6	9	4	625	1670	73	29	43.711288	correct.
5	1	17	6	9	5	707	1670	37	29	92.187927	This
5	1	17	6	9	6	751	1670	16	29	45.894604	is
5	1	17	6	9	7	777	1670	64	29	55.677586	becouse
5	1	17	6	9	8	847	1670	17	29	78.722588	if
5	1	17	6	9	9	874	1676	8	12	77.261452	@
5	1	17	6	9	10	892	1676	9	12	85.056618	&
5	1	17	6	9	11	910	1670	73	29	12.325470	ornicuer
5	1	17	6	9	12	992	1670	18	29	93.810242	of
5	1	17	6	9	13	1016	1670	25	29	82.739388	the
5	1	17	6	9	14	1050	1670	60	29	75.058929	formV
5	1	17	6	9	15	1123	1681	8	8	52.813789	=
5	1	17	6	9	16	1156	1677	43	18	58.873665	@(m)
5	1	17	6	9	17	1207	1670	37	29	36.971188	thea
5	1	17	6	9	18	1253	1670	25	29	83.123856	all
5	1	17	6	9	19	1305	1684	65	11	41.840286	constents
5	1	17	6	9	20	1510	1682	61	14	17.744919	tracted
5	1	17	6	9	21	1579	1674	16	26	96.385155	by
5	1	17	6	9	22	1603	1681	24	14	96.385155	the
5	1	17	6	9	23	1666	1675	12	27	65.791389	of
5	1	17	6	9	24	1686	1675	23	27	84.625732	ore
5	1	17	6	9	25	1715	1675	44	27	14.605835	emall
5	1	17	6	9	26	1767	1675	55	27	75.922318	enough
5	1	17	6	9	27	1830	1681	17	11	80.337936	to
5	1	17	6	9	28	1857	1675	39	27	85.846191	have
5	1	17	6	9	29	1906	1679	37	18	24.343506	O(c)
5	1	17	6	9	30	1954	1675	18	27	75.408478	be
5	1	17	6	9	31	1985	1675	30	27	29.377586	rua
5	1	17	6	9	32	2026	1675	41	27	67.490791	when
5	1	17	6	9	33	2075	1675	23	27	85.401085	we
5	1	17	6	9	34	2107	1675	59	27	0.000000	aseume
5	1	17	6	9	35	2179	1675	25	27	76.399033	our
5	1	17	6	9	36	2215	1675	45	27	68.268242	proof
5	1	17	6	9	37	2269	1675	36	27	74.403244	trea
5	1	17	6	9	38	2316	1681	10	14	89.526093	T
5	1	17	6	9	39	2334	1675	21	27	89.526093	is
5	1	17	6	9	40	2368	1682	122	15	93.926018	MINIMUM
4	1	17	6	10	0	522	1678	1193	43	-1	
5	1	17	6	10	1	522	1693	242	18	93.291504	CONTRADICTORY
5	1	17	6	10	2	774	1688	104	28	87.336914	PROOP.)
5	1	17	6	10	3	890	1693	6	13	61.761433	!
5	1	17	6	10	4	907	1688	57	28	61.056030	wonder
5	1	17	6	10	5	972	1688	13	28	51.488701	Wf
5	1	17	6	10	6	991	1688	31	28	76.231476	this
5	1	17	6	10	7	1031	1688	80	28	37.974968	tochwsque
5	1	17	6	10	8	1117	1688	17	28	93.915176	is
5	1	17	6	10	9	1143	1688	59	28	86.657906	related
5	1	17	6	10	10	1211	1688	19	28	80.122681	to
5	1	17	6	10	11	1230	1681	70	38	69.946259	Percing
5	1	17	6	10	12	1309	1681	17	38	59.215740	t=
5	1	17	6	10	13	1334	1678	72	43	0.000000	Cohate
5	1	17	6	10	14	1416	1678	86	43	0.000000	dacculen
5	1	17	6	10	15	1512	1700	16	17	27.888550	Sf
5	1	17	6	10	16	1537	1678	23	43	76.085999	tha
5	1	17	6	10	17	1570	1678	51	43	50.457912	Avion
5	1	17	6	10	18	1631	1678	18	43	68.102737	of
5	1	17	6	10	19	1656	1678	59	43	2.453674	Castcdd
3	1	17	7	0	0	520	1711	1972	57	-1	
4	1	17	7	1	0	575	1711	1917	24	-1	
5	1	17	7	1	1	575	1707	71	36	48.993523	NOTES
5	1	17	7	1	2	658	1713	69	14	96.401199	ADDED
5	1	17	7	1	3	739	1707	60	36	96.536629	APRIL
5	1	17	7	1	4	814	1713	26	19	67.941719	31,
5	1	17	7	1	5	853	1707	42	36	0.000000	B814:
5	1	17	7	1	6	907	1707	36	36	65.505363	Jom
5	1	17	7	1	7	958	1707	72	36	8.158752	Wersinng
5	1	17	7	1	8	1039	1707	72	36	29.393959	tomorew
5	1	17	7	1	9	1121	1707	20	36	89.601341	to
5	1	17	7	1	10	1153	1707	90	36	88.132301	Washigton
5	1	17	7	1	11	1255	1707	21	36	96.680824	DC
5	1	17	7	1	12	1285	1707	18	36	80.250244	to
5	1	17	7	1	13	1315	1707	34	36	16.433243	yoin
5	1	17	7	1	14	1360	1707	24	36	95.731506	my
5	1	17	7	1	15	1393	1707	30	36	75.670113	oon
5	1	17	7	1	16	1435	1707	54	36	89.195869	Robert
5	1	17	7	1	17	1498	1707	27	36	88.685661	and
5	1	17	7	1	18	1534	1707	78	36	52.047722	celchrate
5	1	17	7	1	19	1621	1723	21	11	92.612892	my
5	1	17	7	1	20	1651	1707	45	36	10.731651	wift's
5	1	17	7	1	21	1705	1707	75	36	71.893646	birthday.
5	1	17	7	1	22	1789	1716	6	13	90.285934	J
5	1	17	7	1	23	1807	1707	15	36	75.232315	am
5	1	17	7	1	24	1834	1707	64	36	40.230186	certain
5	1	17	7	1	25	1909	1720	24	12	95.997574	my
5	1	17	7	1	26	1942	1707	33	36	80.606430	new
5	1	17	7	1	27	1987	1707	72	36	71.395378	methods
5	1	17	7	1	28	2068	1707	30	36	94.304680	will
5	1	17	7	1	29	2107	1707	36	36	79.352493	show
5	1	17	7	1	30	2155	1707	36	36	92.686646	that
5	1	17	7	1	31	2200	1707	15	36	78.768570	if
5	1	17	7	1	32	2224	1707	48	36	37.035107	P=aNP
5	1	17	7	1	33	2284	1707	39	36	95.659302	then
5	1	17	7	1	34	2332	1707	48	36	59.206203	there
5	1	17	7	1	35	2389	1707	34	36	89.263023	will
5	1	17	7	1	36	2434	1707	39	36	62.418762	exist
5	1	17	7	1	37	2482	1725	10	9	54.527069	«
4	1	17	7	2	0	521	1728	1973	30	-1	
5	1	17	7	2	1	517	1724	107	29	7.095375	trensperral
5	1	17	7	2	2	633	1724	61	29	76.663040	polyleg
5	1	17	7	2	3	703	1724	56	29	72.958023	system
5	1	17	7	2	4	770	1724	18	29	94.806374	of
5	1	17	7	2	5	797	1724	64	29	11.032532	infinite
5	1	17	7	2	6	869	1724	28	29	87.719566	for
5	1	17	7	2	7	906	1724	46	29	0.000000	rench,
5	1	17	7	2	8	961	1724	28	29	90.848526	ond
5	1	17	7	2	9	997	1724	38	29	95.671135	they
5	1	17	7	2	10	1043	1724	47	29	39.345989	Lely
5	1	17	7	2	11	1099	1724	27	29	62.037857	con
5	1	17	7	2	12	1135	1724	37	29	78.868202	alse
5	1	17	7	2	13	1181	1724	49	29	79.251007	prowe
5	1	17	7	2	14	1239	1734	13	13	46.760025	P
5	1	17	7	2	15	1265	1735	13	16	28.121346	#
5	1	17	7	2	16	1292	1736	37	13	28.121346	NP
5	1	17	7	2	17	1340	1737	48	15	31.094162	itecl.
5	1	17	7	2	18	1403	1729	32	29	96.455635	The
5	1	17	7	2	19	1444	1729	132	29	3.850624	diagonalization
5	1	17	7	2	20	1584	1729	81	29	87.950089	sentence,
5	1	17	7	2	21	1671	1729	52	29	47.717915	seeded
5	1	17	7	2	22	1729	1729	16	29	87.742081	te
5	1	17	7	2	23	1754	1729	15	29	69.733170	de
5	1	17	7	2	24	1778	1729	32	29	94.245049	this
5	1	17	7	2	25	1816	1729	15	29	93.068451	is
5	1	17	7	2	26	1841	1729	27	29	96.735474	the
5	1	17	7	2	27	1874	1729	100	29	94.250648	statement:
5	1	17	7	2	28	2019	1736	29	13	90.090340	“Ne
5	1	17	7	2	29	2060	1732	44	26	53.034203	chert
5	1	17	7	2	30	2112	1732	44	26	0.295761	pref
5	1	17	7	2	31	2164	1732	18	26	93.180054	of
5	1	17	7	2	32	2190	1732	44	26	69.550095	thare
5	1	17	7	2	33	2242	1732	53	26	31.505005	exists
5	1	17	7	2	34	2305	1740	7	9	46.585297	=
5	1	17	7	2	35	2320	1732	49	26	89.181488	shert
5	1	17	7	2	36	2378	1732	47	26	58.550869	preef
5	1	17	7	2	37	2433	1737	18	17	93.359772	of
5	1	17	7	2	38	2459	1732	35	26	78.865051	thie
4	1	17	7	3	0	520	1747	392	21	-1	
5	1	17	7	3	1	516	1741	93	31	0.000000	eenlence”
5	1	17	7	3	2	616	1741	50	31	72.708130	(This
5	1	17	7	3	3	673	1741	76	31	41.100788	ocatence
5	1	17	7	3	4	758	1741	35	31	76.376083	will
5	1	17	7	3	5	800	1741	16	31	91.900169	be
5	1	17	7	3	6	823	1741	50	31	58.517921	antied
5	1	17	7	3	7	882	1741	35	31	31.412056	°°.)
3	1	17	8	0	0	518	1767	1974	50	-1	
4	1	17	8	1	0	569	1767	1885	35	-1	
5	1	17	8	1	1	569	1769	27	29	82.954544	Dy
5	1	17	8	1	2	605	1769	49	29	82.940407	chort
5	1	17	8	1	3	663	1769	49	29	38.179581	proof
5	1	17	8	1	4	721	1780	8	12	88.844894	p
5	1	17	8	1	5	743	1769	22	29	55.057777	we
5	1	17	8	1	6	774	1769	44	29	52.103615	meen
5	1	17	8	1	7	830	1779	9	9	35.802628	6
5	1	17	8	1	8	899	1778	10	12	42.816357	p
5	1	17	8	1	9	919	1769	54	32	15.362305	haweng
5	1	17	8	1	10	983	1769	27	32	89.090942	the
5	1	17	8	1	11	1020	1769	70	32	65.322769	property
5	1	17	8	1	12	1100	1769	35	32	90.603714	that
5	1	17	8	1	13	1145	1781	9	9	59.765198	«
5	1	17	8	1	14	1165	1773	246	24	0.000000	temporarly-hypothasiecd
5	1	17	8	1	15	1447	1783	15	13	32.609489	algorith:
5	1	17	8	1	16	1558	1773	49	29	32.287323	being
5	1	17	8	1	17	1608	1767	35	35	96.176476	SAT
5	1	17	8	1	18	1654	1767	74	35	84.915161	problems
5	1	17	8	1	19	1737	1767	14	35	96.201492	it
5	1	17	8	1	20	1759	1767	39	35	90.996361	time
5	1	17	8	1	21	1806	1771	30	20	66.486938	bu®
5	1	17	8	1	22	1847	1767	62	35	64.859589	cannot
5	1	17	8	1	23	1917	1767	36	35	96.567917	find
5	1	17	8	1	24	1963	1767	19	35	80.179237	in
5	1	17	8	1	25	1990	1784	12	12	87.590446	p
5	1	17	8	1	26	2010	1767	48	35	33.700951	waits
5	1	17	8	1	27	2068	1767	19	35	95.971634	of
5	1	17	8	1	28	2095	1767	36	35	90.819130	time
5	1	17	8	1	29	2141	1767	80	35	3.716965	csistence
5	1	17	8	1	30	2229	1780	18	16	89.268158	of
5	1	17	8	1	31	2258	1784	8	9	32.201904	@
5	1	17	8	1	32	2275	1767	50	35	80.326225	proof
5	1	17	8	1	33	2334	1781	19	17	91.302094	of
5	1	17	8	1	34	2363	1767	33	35	46.075890	Ox!
5	1	17	8	1	35	2407	1767	47	35	75.998161	from
4	1	17	8	2	0	514	1779	1978	43	-1	
5	1	17	8	2	1	514	1787	145	29	0.000000	sef-rcfereasing
5	1	17	8	2	2	668	1787	49	29	63.816254	axiom
5	1	17	8	2	3	729	1787	56	29	18.382912	spsiem
5	1	17	8	2	4	796	1787	30	29	83.057259	and
5	1	17	8	2	5	836	1793	14	13	80.753006	A
5	1	17	8	2	6	892	1779	58	43	38.956600	honing
5	1	17	8	2	7	960	1779	26	43	66.012558	the
5	1	17	8	2	8	995	1779	52	43	53.395012	menor
5	1	17	8	2	9	1056	1779	87	43	0.000000	addstional
5	1	17	8	2	10	1150	1779	61	43	19.062668	cowcats
5	1	17	8	2	11	1221	1779	44	43	51.675335	(from
5	1	17	8	2	12	1275	1779	98	43	0.000000	exscntiaily
5	1	17	8	2	13	1382	1779	23	43	73.553429	may
5	1	17	8	2	14	1415	1779	58	43	0.000000	donere
5	1	17	8	2	15	1483	1779	53	43	37.147980	peper)
5	1	17	8	2	16	1544	1779	33	43	67.535660	that
5	1	17	8	2	17	1587	1779	85	43	24.024773	casentially
5	1	17	8	2	18	1680	1779	76	43	30.776276	LegLey(p)
5	1	17	8	2	19	1766	1779	12	43	68.335495	io
5	1	17	8	2	20	1787	1779	58	43	59.792019	greater
5	1	17	8	2	21	1852	1779	37	43	76.996544	than
5	1	17	8	2	22	1898	1779	44	43	88.852127	soma
5	1	17	8	2	23	1952	1779	69	43	59.236565	troviclly
5	1	17	8	2	24	2031	1779	73	43	0.000000	wpaciied
5	1	17	8	2	25	2113	1779	69	43	36.545052	coustant
5	1	17	8	2	26	2192	1799	19	13	69.695290	K-
5	1	17	8	2	27	2460	1788	32	8	25.991631	on
3	1	17	9	0	0	571	1810	1921	26	-1	
4	1	17	9	1	0	571	1810	1921	26	-1	
5	1	17	9	1	1	571	1815	8	13	75.486214	J
5	1	17	9	1	2	587	1806	33	35	50.054203	weil
5	1	17	9	1	3	628	1806	27	35	81.974449	woe
5	1	17	9	1	4	666	1806	27	35	93.118523	the
5	1	17	9	1	5	701	1806	39	35	44.459656	tarm
5	1	17	9	1	6	753	1806	135	35	39.925503	ISWISH[abA})
5	1	17	9	1	7	896	1806	16	35	60.113106	to
5	1	17	9	1	8	919	1806	42	35	27.240944	rJor
5	1	17	9	1	9	969	1806	100	35	0.000000	temporarily
5	1	17	9	1	10	1077	1806	15	35	75.606110	to
5	1	17	9	1	11	1103	1817	22	11	83.076187	my
5	1	17	9	1	12	1135	1806	54	35	57.870018	analog
5	1	17	9	1	13	1199	1815	19	17	95.003677	of
5	1	17	9	1	14	1226	1806	27	35	96.653069	the
5	1	17	9	1	15	1261	1806	27	35	91.930466	old
5	1	17	9	1	16	1296	1817	85	18	83.127090	ISINF(A)
5	1	17	9	1	17	1389	1806	56	35	50.570778	system
5	1	17	9	1	18	1456	1806	16	35	91.645737	im
5	1	17	9	1	19	1482	1806	33	35	95.579124	this
5	1	17	9	1	20	1523	1806	42	35	59.973145	short
5	1	17	9	1	21	1573	1806	50	35	45.370220	note.,
5	1	17	9	1	22	1625	1806	25	35	44.154110	Its
5	1	17	9	1	23	1657	1806	42	35	86.935532	nama
5	1	17	9	1	24	1707	1806	30	35	95.827026	will
5	1	17	9	1	25	1742	1806	15	35	94.913361	be
5	1	17	9	1	26	1765	1806	39	35	86.502304	later
5	1	17	9	1	27	1812	1806	96	35	33.809601	presumably
5	1	17	9	1	28	1917	1806	71	35	94.530403	changed
5	1	17	9	1	29	1996	1806	12	35	63.948620	im
5	1	17	9	1	30	2019	1806	27	35	96.096123	the
5	1	17	9	1	31	2054	1806	51	35	87.571259	future
5	1	17	9	1	32	2112	1806	20	35	62.252831	te
5	1	17	9	1	33	2141	1806	63	35	57.764099	perhaps
5	1	17	9	1	34	2216	1806	34	35	0.000000	“Ie.
5	1	17	9	1	35	2252	1806	118	35	0.000000	Problematic™
5	1	17	9	1	36	2378	1806	18	35	93.300911	or
5	1	17	9	1	37	2404	1806	88	35	44.693047	batier-yet
3	1	17	10	0	0	639	1828	1851	26	-1	
4	1	17	10	1	0	639	1828	1851	26	-1	
5	1	17	10	1	1	639	1824	39	34	43.074860	"or
5	1	17	10	1	2	688	1824	29	34	20.604034	“le.
5	1	17	10	1	3	721	1830	77	16	0.000000	Verwng".
5	1	17	10	1	4	811	1824	17	34	50.998363	it
5	1	17	10	1	5	836	1824	23	34	65.928741	an
5	1	17	10	1	6	875	1824	15	34	90.829422	be
5	1	17	10	1	7	898	1824	35	34	53.118439	weed
5	1	17	10	1	8	941	1824	17	34	74.046379	to
5	1	17	10	1	9	969	1824	49	34	66.500954	prove
5	1	17	10	1	10	1028	1824	13	34	23.156998	FP
5	1	17	10	1	11	1052	1830	12	15	54.007378	ot
5	1	17	10	1	12	1078	1830	36	13	81.944954	NP
5	1	17	10	1	13	1122	1824	21	34	94.551163	by
5	1	17	10	1	14	1153	1824	18	34	75.669456	ws
5	1	17	10	1	15	1181	1824	66	34	30.694641	chowmng
5	1	17	10	1	16	1258	1824	35	34	91.752892	that
5	1	17	10	1	17	1300	1824	16	34	77.424019	it
5	1	17	10	1	18	1326	1824	70	34	0.000000	duplays
5	1	17	10	1	19	1405	1824	117	34	29.915039	contradictory
5	1	17	10	1	20	1530	1824	80	34	54.929806	behaviour
5	1	17	10	1	21	1621	1824	37	34	81.708763	when
5	1	17	10	1	22	1669	1824	40	34	0.000000	(2,b)
5	1	17	10	1	23	1716	1824	16	34	90.302284	is
5	1	17	10	1	24	1740	1837	6	9	39.047199	0
5	1	17	10	1	25	1757	1824	60	34	48.510399	generic
5	1	17	10	1	26	1825	1824	57	34	57.471214	method
5	1	17	10	1	27	1891	1824	28	34	94.829582	for
5	1	17	10	1	28	1927	1824	64	34	37.625031	solving
5	1	17	10	1	29	2003	1824	32	34	95.662537	SAT
5	1	17	10	1	30	2046	1824	77	34	67.942406	problems
5	1	17	10	1	31	2131	1824	17	34	77.705009	in
5	1	17	10	1	32	2159	1824	97	34	63.999435	polynomial
5	1	17	10	1	33	2264	1824	49	34	60.310329	tema.
5	1	17	10	1	34	2324	1836	17	13	78.298508	It
5	1	17	10	1	35	2349	1824	35	34	87.236298	will
5	1	17	10	1	36	2391	1824	49	34	72.103996	differ
5	1	17	10	1	37	2448	1824	46	34	88.364632	from
2	1	18	0	0	0	563	1849	1928	109	-1	
3	1	18	1	0	0	567	1849	1924	105	-1	
4	1	18	1	1	0	765	1849	63	14	-1	
5	1	18	1	1	1	765	1849	63	14	15.082932	repecte
4	1	18	1	2	0	568	1864	1134	27	-1	
5	1	18	1	2	1	568	1869	22	16	62.848213	AJ
5	1	18	1	2	2	600	1869	16	13	62.792744	It
5	1	18	1	2	3	623	1856	16	39	79.084610	is
5	1	18	1	2	4	648	1856	79	39	42.740898	harmlcse
5	1	18	1	2	5	736	1856	33	39	86.482727	and
5	1	18	1	2	6	778	1856	56	39	66.140625	makes
5	1	18	1	2	7	843	1856	56	39	29.320656	matiore
5	1	18	1	2	8	918	1856	53	39	0.000000	empler
5	1	18	1	2	9	980	1856	26	39	93.265358	for
5	1	18	1	2	10	1015	1856	134	39	4.394241	[SWISi(a,b,A)
5	1	18	1	2	11	1158	1856	17	39	76.351219	to
5	1	18	1	2	12	1184	1856	63	39	42.164909	inclede
5	1	18	1	2	13	1256	1856	27	39	96.603195	the
5	1	18	1	2	14	1343	1878	8	9	77.030327	axioms
5	1	18	1	2	15	1360	1856	20	39	94.360008	of
5	1	18	1	2	16	1385	1874	27	13	92.896187	the
5	1	18	1	2	17	1436	1874	73	17	29.891983	multiplistive
5	1	18	1	2	18	1539	1856	59	39	58.331184	naming
5	1	18	1	2	19	1607	1856	98	39	57.589310	convention.
4	1	18	1	3	0	569	1874	1922	34	-1	
5	1	18	1	3	1	569	1887	23	17	73.333092	B)
5	1	18	1	3	2	604	1870	33	43	93.296730	The
5	1	18	1	3	3	647	1870	72	43	0.000000	Groop-3
5	1	18	1	3	4	729	1870	48	43	0.000000	amsrm
5	1	18	1	3	5	787	1870	19	43	93.270287	of
5	1	18	1	3	6	815	1870	59	43	12.134926	laWich
5	1	18	1	3	7	883	1870	30	43	75.404892	wal
5	1	18	1	3	8	923	1870	55	43	11.256012	mabede
5	1	18	1	3	9	987	1870	26	43	93.272125	the
5	1	18	1	3	10	1020	1870	119	43	17.570961	oxif-rcflacting
5	1	18	1	3	11	1149	1870	83	43	50.583817	statement
5	1	18	1	3	12	1242	1870	33	43	38.773327	thet
5	1	18	1	3	13	1285	1870	19	43	80.557602	om
5	1	18	1	3	14	1313	1870	41	43	0.000000	csch
5	1	18	1	3	15	1364	1870	79	43	0.000000	cucecsion
5	1	18	1	3	16	1453	1870	41	43	72.198395	chen
5	1	18	1	3	17	1500	1870	15	43	79.275032	it
5	1	18	1	3	18	1525	1870	12	43	79.790512	is
5	1	18	1	3	19	1546	1870	51	43	75.852707	proven
5	1	18	1	3	20	1607	1870	33	43	91.390846	thet
5	1	18	1	3	21	1650	1870	26	43	63.737297	ovr
5	1	18	1	3	22	1683	1870	39	43	71.164642	(0,0)
5	1	18	1	3	23	1733	1870	97	43	3.569519	mathedelosy
5	1	18	1	3	24	1837	1870	15	43	86.486298	in
5	1	18	1	3	25	1862	1870	36	43	90.265907	time
5	1	18	1	3	26	1908	1889	5	11	30.301659	4
5	1	18	1	3	27	1922	1870	16	43	82.888718	is
5	1	18	1	3	28	1948	1870	33	43	72.750450	abla
5	1	18	1	3	29	1991	1870	15	43	88.539070	to
5	1	18	1	3	30	2016	1870	98	43	47.586304	demenstats
5	1	18	1	3	31	2123	1870	26	43	93.221008	the
5	1	18	1	3	32	2159	1870	116	43	18.106850	now-enistense
5	1	18	1	3	33	2285	1870	18	43	90.022118	of
5	1	18	1	3	34	2313	1894	5	9	0.000000	«
5	1	18	1	3	35	2331	1870	46	43	69.684944	preef
5	1	18	1	3	36	2385	1890	18	17	21.253494	of
5	1	18	1	3	37	2410	1892	8	13	21.253494	0
5	1	18	1	3	38	2431	1893	30	12	71.634674	m1
5	1	18	1	3	39	2471	1870	20	43	91.446579	of
4	1	18	1	4	0	571	1898	1465	36	-1	
5	1	18	1	4	1	571	1898	36	36	43.455132	leas
5	1	18	1	4	2	619	1898	36	36	81.868591	then
5	1	18	1	4	3	665	1898	20	36	41.962971	L,
5	1	18	1	4	4	694	1898	27	36	78.988495	tha
5	1	18	1	4	5	730	1898	84	36	0.000000	avntetent
5	1	18	1	4	6	826	1898	33	36	45.297592	JS"
5	1	18	1	4	7	871	1898	51	36	8.824425	amsts
5	1	18	1	4	8	1981	1909	55	6	53.102112	==
4	1	18	1	5	0	563	1923	1927	35	-1	
5	1	18	1	5	1	563	1923	24	35	80.314911	C)
5	1	18	1	5	2	599	1931	17	14	43.660053	Mt
5	1	18	1	5	3	621	1923	15	35	54.362030	ia
5	1	18	1	5	4	647	1923	71	35	4.042404	possible
5	1	18	1	5	5	726	1923	39	35	87.380333	that
5	1	18	1	5	6	772	1923	15	35	38.912312	Se
5	1	18	1	5	7	793	1923	63	35	38.912312	WISN's
5	1	18	1	5	8	866	1923	62	35	49.268509	grove-3
5	1	18	1	5	9	936	1923	33	35	49.857010	wall
5	1	18	1	5	10	977	1923	33	35	54.656822	alee
5	1	18	1	5	11	1020	1923	63	35	47.961853	mmaivds
5	1	18	1	5	12	1093	1923	19	35	75.281891	om
5	1	18	1	5	13	1123	1923	56	35	25.560204	analog
5	1	18	1	5	14	1190	1933	17	17	92.893204	of
5	1	18	1	5	15	1216	1923	68	35	47.591568	ISINP's
5	1	18	1	5	16	1295	1923	87	35	76.629967	statement
5	1	18	1	5	17	1394	1923	58	35	88.349915	“There
5	1	18	1	5	18	1461	1923	18	35	95.778122	is
5	1	18	1	5	19	1487	1923	19	35	85.283127	no
5	1	18	1	5	20	1513	1923	45	35	53.750710	proof
5	1	18	1	5	21	1569	1936	27	17	54.563332	of
5	1	18	1	5	22	1613	1939	9	8	85.398598	m
5	1	18	1	5	23	1636	1936	8	13	91.432251	1
5	1	18	1	5	24	1653	1923	39	35	89.213905	from
5	1	18	1	5	25	1703	1923	30	35	80.474548	me,
5	1	18	1	5	26	1741	1923	27	35	78.201370	but
5	1	18	1	5	27	1776	1923	36	35	76.095924	[am
5	1	18	1	5	28	1820	1923	30	35	88.122528	not
5	1	18	1	5	29	1857	1923	36	35	61.757969	eure
5	1	18	1	5	30	1901	1923	16	35	87.258461	if
5	1	18	1	5	31	1925	1923	36	35	92.266899	thet
5	1	18	1	5	32	1968	1923	89	35	58.621712	statement
5	1	18	1	5	33	2065	1923	18	35	89.087280	is
5	1	18	1	5	34	2091	1923	88	35	54.711601	necessary,
5	1	18	1	5	35	2187	1923	30	35	92.914101	but
5	1	18	1	5	36	2225	1934	6	13	71.469193	J
5	1	18	1	5	37	2242	1923	22	35	74.747246	om
5	1	18	1	5	38	2275	1923	23	35	65.424637	99
5	1	18	1	5	39	2310	1934	12	15	65.424637	%
5	1	18	1	5	40	2330	1923	68	35	29.221275	certain
5	1	18	1	5	41	2406	1923	36	35	92.427841	that
5	1	18	1	5	42	2450	1923	15	35	91.882843	it
5	1	18	1	5	43	2473	1923	17	35	79.389931	io
2	1	19	0	0	0	1089	1585	40	17	-1	
3	1	19	1	0	0	1089	1585	40	17	-1	
4	1	19	1	1	0	1089	1585	40	17	-1	
5	1	19	1	1	1	1089	1585	40	17	95.000000	 
2	1	20	0	0	0	544	1609	62	13	-1	
3	1	20	1	0	0	544	1609	62	13	-1	
4	1	20	1	1	0	544	1609	62	13	-1	
5	1	20	1	1	1	544	1609	62	13	95.000000	  
2	1	21	0	0	0	502	1959	1989	364	-1	
3	1	21	1	0	0	511	1959	1979	49	-1	
4	1	21	1	1	0	562	1959	1928	49	-1	
5	1	21	1	1	1	562	1959	119	49	0.000000	Satereatingty
5	1	21	1	1	2	692	1967	5	13	59.786915	J
5	1	21	1	1	3	709	1959	37	49	69.559357	hens
5	1	21	1	1	4	753	1959	34	49	43.566898	horn
5	1	21	1	1	5	802	1959	42	49	58.045326	going
5	1	21	1	1	6	856	1959	13	49	47.304611	to
5	1	21	1	1	7	880	1959	50	49	28.081039	eres
5	1	21	1	1	8	941	1959	54	49	36.484814	derwng
5	1	21	1	1	9	1003	1959	25	49	88.039169	the
5	1	21	1	1	10	1039	1959	30	49	46.304390	leet
5	1	21	1	1	11	1080	1959	37	49	58.880306	wash
5	1	21	1	1	12	1129	1959	39	49	0.000000	wnt!
5	1	21	1	1	13	1178	1970	5	13	66.263908	|
5	1	21	1	1	14	1194	1959	63	49	26.547783	reshisad
5	1	21	1	1	15	1268	1959	25	49	96.417572	the
5	1	21	1	1	16	1301	1959	45	49	76.387672	above
5	1	21	1	1	17	1358	1959	46	49	58.019066	triple
5	1	21	1	1	18	1415	1959	132	49	19.685966	dispenahsation
5	1	21	1	1	19	1554	1959	70	49	82.473602	sentence
5	1	21	1	1	20	1635	1972	14	13	71.764610	in
5	1	21	1	1	21	1660	1970	17	8	40.635025	**
5	1	21	1	1	22	1684	1959	46	49	4.074516	sarms
5	1	21	1	1	23	1738	1959	13	49	77.245178	to
5	1	21	1	1	24	1762	1959	42	49	74.210144	wert,
5	1	21	1	1	25	1815	1959	42	49	91.055443	while
5	1	21	1	1	26	1868	1959	22	49	86.702469	Ue
5	1	21	1	1	27	1901	1959	78	49	56.601635	alternete
5	1	21	1	1	28	1991	1959	58	49	3.013084	wervion
5	1	21	1	1	29	2060	1959	46	49	42.893864	below
5	1	21	1	1	30	2114	1959	45	49	93.717392	(that
5	1	21	1	1	31	2166	1959	30	49	91.948189	has
5	1	21	1	1	32	2203	1959	30	49	76.793655	one
5	1	21	1	1	33	2240	1959	46	49	57.393211	extra
5	1	21	1	1	34	2293	1959	29	49	69.101822	use
5	1	21	1	1	35	2334	1971	17	17	74.646851	of
5	1	21	1	1	36	2358	1959	30	49	90.880440	the
5	1	21	1	1	37	2395	1959	42	49	80.372986	word
5	1	21	1	1	38	2452	1959	38	49	57.840218	“no”
4	1	21	1	2	0	511	1993	67	8	-1	
5	1	21	1	2	1	511	1993	15	8	29.813156	és
5	1	21	1	2	2	575	1998	3	3	70.619278	folly.
3	1	21	2	0	0	564	1992	1541	35	-1	
4	1	21	2	1	0	564	1992	1541	35	-1	
5	1	21	2	1	1	564	1992	38	35	53.712063	“He
5	1	21	2	1	2	610	1992	48	35	72.857361	short
5	1	21	2	1	3	666	1992	44	35	60.859806	proof
5	1	21	2	1	4	718	1992	19	35	90.503746	of
5	1	21	2	1	5	744	1992	45	35	81.811218	thare
5	1	21	2	1	6	797	1992	47	35	57.789024	existe
5	1	21	2	1	7	855	2000	22	15	96.151520	NO
5	1	21	2	1	8	884	1992	45	35	90.264885	chert
5	1	21	2	1	9	937	1992	44	35	71.268814	proof
5	1	21	2	1	10	989	1992	16	35	96.481056	of
5	1	21	2	1	11	1013	1992	30	35	82.558105	ths
5	1	21	2	1	12	1051	1992	85	35	27.243118	sentcnse”
5	1	21	2	1	13	1144	1992	39	35	49.161880	(2-9.
5	1	21	2	1	14	1196	1992	63	35	0.000000	sacond
5	1	21	2	1	15	1442	2012	8	6	0.000000	-
5	1	21	2	1	16	1546	2009	64	16	68.470490	avoided,
5	1	21	2	1	17	1624	1995	26	34	96.312050	and
5	1	21	2	1	18	1658	1995	14	34	95.195869	it
5	1	21	2	1	19	1680	1995	27	34	94.397255	has
5	1	21	2	1	20	1714	1995	30	34	58.903641	boon
5	1	21	2	1	21	1754	1995	63	34	56.749859	causing
5	1	21	2	1	22	1828	1995	20	34	94.979126	ma
5	1	21	2	1	23	1857	1995	93	34	1.625023	difficulties
5	1	21	2	1	24	1958	1995	26	34	94.111351	for
5	1	21	2	1	25	1995	1995	40	34	85.817635	many
5	1	21	2	1	26	2045	2007	60	17	51.508842	years).
3	1	21	3	0	0	510	2005	1978	59	-1	
4	1	21	3	1	0	562	2005	1926	45	-1	
5	1	21	3	1	1	562	2005	38	45	67.093384	Ths
5	1	21	3	1	2	607	2005	79	45	0.000000	bataition
5	1	21	3	1	3	697	2005	57	45	57.200401	behind
5	1	21	3	1	4	764	2005	27	45	43.584843	oor
5	1	21	3	1	5	798	2005	42	45	69.071884	proof
5	1	21	3	1	6	850	2005	16	45	76.463898	of
5	1	21	3	1	7	877	2005	12	45	0.224243	°°
5	1	21	3	1	8	899	2005	31	45	72.597473	wall
5	1	21	3	1	9	937	2005	12	45	90.136932	be
5	1	21	3	1	10	959	2022	16	23	54.477863	to
5	1	21	3	1	11	985	2005	72	45	0.000000	artabioh
5	1	21	3	1	12	1068	2005	10	45	42.513725	tt
5	1	21	3	1	13	1087	2005	19	45	91.724495	by
5	1	21	3	1	14	1117	2005	121	45	26.153030	eontrodiciion
5	1	21	3	1	15	1246	2006	48	44	30.785553	Tce
5	1	21	3	1	16	1304	2006	12	44	27.453812	of
5	1	21	3	1	17	1326	2006	16	44	21.958588	oo
5	1	21	3	1	18	1356	2006	26	44	18.552048	ce
5	1	21	3	1	19	1392	2006	38	44	29.890205	pale
5	1	21	3	1	20	1444	2006	30	44	33.759506	he
5	1	21	3	1	21	1488	2006	37	44	9.156197	tere
5	1	21	3	1	22	1539	2006	45	44	25.738617	ould
5	1	21	3	1	23	1590	2006	30	44	11.738823	he's
5	1	21	3	1	24	1631	2006	41	44	26.846123	short
5	1	21	3	1	25	1682	2006	34	44	3.616257	prot
5	1	21	3	1	26	1730	2024	8	17	76.745346	P
5	1	21	3	1	27	1748	2006	15	44	76.745346	of
5	1	21	3	1	28	1774	2006	22	44	85.758743	the
5	1	21	3	1	29	1807	2006	48	44	51.799942	tnsida
5	1	21	3	1	30	1865	2006	34	44	95.939545	part
5	1	21	3	1	31	1909	2006	16	44	94.267090	of
5	1	21	3	1	32	1935	2023	15	8	34.938728	°°
5	1	21	3	1	33	1961	2006	55	44	67.354950	(which
5	1	21	3	1	34	2027	2006	4	44	61.164864	I
5	1	21	3	1	35	2041	2006	34	44	42.295647	wl
5	1	21	3	1	36	2082	2006	88	44	75.652756	henceforth
5	1	21	3	1	37	2177	2006	34	44	91.530327	call
5	1	21	3	1	38	2218	2025	7	7	71.455605	*
5	1	21	3	1	39	2232	2006	15	44	56.275368	).
5	1	21	3	1	40	2253	2017	44	35	86.182289	This
5	1	21	3	1	41	2305	2017	48	35	41.464500	shert
5	1	21	3	1	42	2360	2017	48	35	65.080612	proof
5	1	21	3	1	43	2416	2028	18	16	92.956482	of
5	1	21	3	1	44	2442	2028	7	7	87.333527	*
5	1	21	3	1	45	2460	2017	33	35	94.633148	will
4	1	21	3	2	0	510	2037	1274	27	-1	
5	1	21	3	2	1	510	2037	426	21	60.632153	demonstrate
5	1	21	3	2	2	631	2033	27	35	93.106781	the
5	1	21	3	2	3	666	2033	77	35	20.245895	exisicnas
5	1	21	3	2	4	753	2033	19	35	87.101929	of
5	1	21	3	2	5	780	2033	6	35	43.594429	0
5	1	21	3	2	6	797	2033	45	35	72.820694	short
5	1	21	3	2	7	850	2033	44	35	0.000000	proof
5	1	21	3	2	8	899	2033	10	35	74.862350	Q
5	1	21	3	2	9	917	2033	18	35	92.893768	of
5	1	21	3	2	10	943	2033	24	35	22.833557	°°.
5	1	21	3	2	11	981	2033	30	35	54.553299	Des
5	1	21	3	2	12	1019	2033	18	35	55.074593	to
5	1	21	3	2	13	1045	2033	30	35	93.224396	the
5	1	21	3	2	14	1083	2033	83	35	30.164421	chovtnass
5	1	21	3	2	15	1173	2033	19	35	93.116440	of
5	1	21	3	2	16	1203	2045	8	13	59.490887	P
5	1	21	3	2	17	1220	2033	33	35	73.437874	ond
5	1	21	3	2	18	1261	2046	18	17	63.633823	Q,
5	1	21	3	2	19	1290	2033	21	35	82.560829	we
5	1	21	3	2	20	1322	2033	27	35	86.195053	can
5	1	21	3	2	21	1360	2033	77	35	32.476913	actablish
5	1	21	3	2	22	1445	2049	15	14	82.950836	in
5	1	21	3	2	23	1471	2033	27	35	84.350121	one
5	1	21	3	2	24	1506	2033	50	35	41.113174	single
5	1	21	3	2	25	1564	2033	95	35	91.022667	computable
5	1	21	3	2	26	1666	2033	39	35	48.269981	proaf
5	1	21	3	2	27	1713	2033	30	35	86.608215	thet
5	1	21	3	2	28	1751	2033	33	35	61.469589	both
3	1	21	4	0	0	564	2056	297	23	-1	
4	1	21	4	1	0	564	2056	297	23	-1	
5	1	21	4	1	1	564	2060	18	19	70.183273	1)
5	1	21	4	1	2	592	2060	11	17	90.991974	Q
5	1	21	4	1	3	613	2051	49	32	66.196960	exists
5	1	21	4	1	4	672	2051	16	32	44.175415	a0
5	1	21	4	1	5	701	2062	9	9	67.559311	2
5	1	21	4	1	6	717	2051	46	32	27.445168	chert
5	1	21	4	1	7	770	2051	54	32	69.039322	proaf,
5	1	21	4	1	8	832	2051	32	32	69.089691	and
3	1	21	5	0	0	563	2075	421	21	-1	
4	1	21	5	1	0	563	2075	421	21	-1	
5	1	21	5	1	1	563	2080	18	16	72.905220	2)
5	1	21	5	1	2	593	2081	9	12	72.905220	A
5	1	21	5	1	3	612	2066	38	34	43.559612	aopy
5	1	21	5	1	4	661	2066	17	34	95.379539	of
5	1	21	5	1	5	689	2066	21	34	48.906956	ts
5	1	21	5	1	6	717	2066	44	34	77.411316	proof
5	1	21	5	1	7	768	2066	63	34	11.738960	tmmplsas
5	1	21	5	1	8	839	2066	26	34	92.256645	tha
5	1	21	5	1	9	873	2066	60	34	19.094330	wobidety
5	1	21	5	1	10	941	2066	15	34	92.474960	of
5	1	21	5	1	11	967	2076	17	8	32.151794	**
3	1	21	6	0	0	507	2088	1984	48	-1	
4	1	21	6	1	0	563	2088	1928	48	-1	
5	1	21	6	1	1	563	2088	32	48	22.402565	Sd
5	1	21	6	1	2	603	2088	24	48	82.648918	the
5	1	21	6	1	3	639	2088	36	48	12.396545	peda
5	1	21	6	1	4	691	2088	12	48	49.028240	ur
5	1	21	6	1	5	715	2088	24	48	78.918587	the
5	1	21	6	1	6	751	2088	100	48	3.827240	combrmotion
5	1	21	6	1	7	863	2088	12	48	95.233871	of
5	1	21	6	1	8	887	2092	21	18	89.499649	(1)
5	1	21	6	1	9	927	2094	16	13	54.651585	4
5	1	21	6	1	10	955	2094	25	17	37.733475	(1)
5	1	21	6	1	11	991	2088	72	48	42.358070	emownts
5	1	21	6	1	12	1075	2088	12	48	81.001839	to
5	1	21	6	1	13	1099	2102	4	8	60.777935	0
5	1	21	6	1	14	1115	2088	36	48	34.626785	pros
5	1	21	6	1	15	1167	2088	20	48	73.911789	of
5	1	21	6	1	16	1191	2100	8	15	72.897148	0
5	1	21	6	1	17	1211	2105	8	8	13.971115	m
5	1	21	6	1	18	1235	2102	4	14	71.974991	1
5	1	21	6	1	19	1255	2088	60	48	69.345245	becouse
5	1	21	6	1	20	1327	2088	36	48	86.966805	they
5	1	21	6	1	21	1375	2088	84	48	23.229691	contradict
5	1	21	6	1	22	1471	2088	32	48	35.475502	each
5	1	21	6	1	23	1515	2088	46	48	73.525558	other.
5	1	21	6	1	24	1575	2088	32	48	96.463638	This
5	1	21	6	1	25	1619	2088	36	48	74.163673	leads
5	1	21	6	1	26	1667	2088	12	48	84.472015	to
5	1	21	6	1	27	1691	2088	20	48	61.306465	ow
5	1	21	6	1	28	1723	2088	56	48	44.110088	dusired
5	1	21	6	1	29	1787	2088	40	48	13.342880	pref
5	1	21	6	1	30	1839	2088	12	48	96.498085	by
5	1	21	6	1	31	1863	2088	116	48	66.166893	contradiction
5	1	21	6	1	32	1987	2088	16	48	91.559669	by
5	1	21	6	1	33	2015	2088	64	48	38.680042	showing
5	1	21	6	1	34	2091	2088	34	48	93.268539	that
5	1	21	6	1	35	2135	2098	8	17	76.076881	Q
5	1	21	6	1	36	2155	2088	56	48	43.896500	cunnat
5	1	21	6	1	37	2223	2088	36	48	64.811600	exist
5	1	21	6	1	38	2267	2088	24	48	76.995850	(im
5	1	21	6	1	39	2299	2088	60	48	63.154594	formal
5	1	21	6	1	40	2371	2088	120	48	93.408478	contradiction
4	1	21	6	2	0	507	2116	167	16	-1	
5	1	21	6	2	1	503	2112	21	27	75.960770	te
5	1	21	6	2	2	534	2112	28	27	82.224655	P's
5	1	21	6	2	3	569	2116	105	16	0.000000	Hotement}.
3	1	21	7	0	0	506	2120	1981	71	-1	
4	1	21	7	1	0	556	2120	1931	35	-1	
5	1	21	7	1	1	556	2120	32	34	44.262028	"Or
5	1	21	7	1	2	598	2120	43	34	79.904274	more
5	1	21	7	1	3	739	2131	5	13	75.024048	J
5	1	21	7	1	4	754	2122	47	33	89.726524	think
5	1	21	7	1	5	809	2122	39	33	61.094646	(now
5	1	21	7	1	6	856	2122	19	33	55.847504	ao
5	1	21	7	1	7	883	2131	8	13	54.120422	I
5	1	21	7	1	8	902	2122	70	33	26.407280	madstate
5	1	21	7	1	9	982	2122	45	33	82.978821	about
5	1	21	7	1	10	1040	2122	17	33	41.126610	1)
5	1	21	7	1	11	1067	2122	34	33	95.086655	thet
5	1	21	7	1	12	1111	2122	31	33	61.593876	Uns
5	1	21	7	1	13	1150	2122	34	33	36.694946	toot
5	1	21	7	1	14	1542	2140	5	14	39.027042	“
5	1	21	7	1	15	1634	2137	33	15	87.425644	thet
5	1	21	7	1	16	1678	2126	18	34	92.830856	my
5	1	21	7	1	17	1706	2126	43	34	50.005894	proof
5	1	21	7	1	18	1757	2126	38	34	58.025909	leads
5	1	21	7	1	19	1805	2126	18	34	78.246628	to
5	1	21	7	1	20	1831	2126	137	34	31.054199	ISWISH(0,b,A)
5	1	21	7	1	21	1978	2126	114	34	84.858978	contradicting
5	1	21	7	1	22	2100	2126	23	34	87.280663	its
5	1	21	7	1	23	2133	2126	16	34	69.921326	“f
5	1	21	7	1	24	2159	2126	18	34	90.635529	am
5	1	21	7	1	25	2188	2126	99	34	11.201706	eonsistent™
5	1	21	7	1	26	2295	2126	115	34	71.345062	declaration.
5	1	21	7	1	27	2417	2126	46	34	93.773392	(This
5	1	21	7	1	28	2472	2126	20	34	93.773392	is
4	1	21	7	2	0	503	2132	1987	56	-1	
5	1	21	7	2	1	503	2134	36	54	37.019203	wig
5	1	21	7	2	2	552	2134	68	54	39.631176	Sadak
5	1	21	7	2	3	633	2134	14	54	43.221191	be
5	1	21	7	2	4	660	2134	19	54	46.983967	th
5	1	21	7	2	5	692	2134	32	54	36.956459	Laat
5	1	21	7	2	6	737	2134	50	54	1.299438	cools
5	1	21	7	2	7	795	2134	19	54	75.784203	of
5	1	21	7	2	8	827	2134	68	54	19.168587	lana,
5	1	21	7	2	9	903	2154	5	8	0.000000	&
5	1	21	7	2	10	921	2134	46	54	30.881577	eval
5	1	21	7	2	11	980	2134	13	54	63.552319	to
5	1	21	7	2	12	1002	2134	37	54	22.762596	Them
5	1	21	7	2	13	1052	2155	8	10	34.967896	@
5	1	21	7	2	14	1070	2134	32	54	81.939468	that
5	1	21	7	2	15	1115	2134	41	54	55.226051	Iwas
5	1	21	7	2	16	1169	2134	41	54	62.168369	nom,
5	1	21	7	2	17	1218	2134	41	54	0.000000	ofise
5	1	21	7	2	18	1272	2134	23	54	23.001663	Bt
5	1	21	7	2	19	1304	2134	50	54	0.000000	howe
5	1	21	7	2	20	1362	2134	19	54	0.000000	of
5	1	21	7	2	21	1381	2132	34	50	0.000000	at
5	1	21	7	2	22	1422	2132	80	50	0.000000	eetlation
5	1	21	7	2	23	1510	2132	38	50	33.609383	mands
5	1	21	7	2	24	1564	2139	17	33	43.465042	th
5	1	21	7	2	25	1597	2132	30	50	18.189690	feet
5	1	21	7	2	26	1643	2132	63	50	35.244980	healthy
5	1	21	7	2	27	1714	2132	51	50	0.000000	cirenp
5	1	21	7	2	28	1776	2132	34	50	58.576408	roll,
5	1	21	7	2	29	1822	2132	92	50	5.748764	sonchuding
5	1	21	7	2	30	1922	2132	34	50	87.981697	wih
5	1	21	7	2	31	1968	2153	38	15	67.704803	99%
5	1	21	7	2	32	2018	2132	80	50	57.234436	certainty
5	1	21	7	2	33	2106	2132	30	50	43.923283	that
5	1	21	7	2	34	2151	2132	22	50	29.971504	aa
5	1	21	7	2	35	2185	2132	38	50	89.245087	part
5	1	21	7	2	36	2230	2153	14	17	90.932610	of
5	1	21	7	2	37	2255	2132	68	50	8.692001	Group?
5	1	21	7	2	38	2335	2132	13	50	59.490452	to
5	1	21	7	2	39	2360	2132	55	50	0.000000	tnload
5	1	21	7	2	40	2426	2132	64	50	34.649261	nondad,
4	1	21	7	3	0	502	2164	1323	31	-1	
5	1	21	7	3	1	502	2167	23	27	58.527889	os
5	1	21	7	3	2	535	2167	21	27	85.073761	my
5	1	21	7	3	3	567	2167	84	27	0.000000	solnilios
5	1	21	7	3	4	690	2164	68	31	0.000000	olroye
5	1	21	7	3	5	799	2168	43	27	32.597008	ane}.
5	1	21	7	3	6	1822	2190	3	1	0.000000	,
3	1	21	8	0	0	504	2186	1983	66	-1	
4	1	21	8	1	0	558	2186	1929	23	-1	
5	1	21	8	1	1	554	2177	77	34	34.396881	"NOTES
5	1	21	8	1	2	644	2177	69	34	94.561951	ADDED
5	1	21	8	1	3	724	2177	60	34	96.313362	APRIL
5	1	21	8	1	4	794	2186	27	21	95.533424	18,
5	1	21	8	1	5	831	2177	43	34	84.776779	2814:
5	1	21	8	1	6	888	2177	46	34	27.708168	wwww
5	1	21	8	1	7	945	2177	32	34	92.363518	The
5	1	21	8	1	8	987	2177	69	34	88.418510	theorem
5	1	21	8	1	9	1065	2177	96	34	25.155632	cosentiolly
5	1	21	8	1	10	1166	2192	39	15	13.559769	held
5	1	21	8	1	11	1591	2205	4	4	63.736153	.
5	1	21	8	1	12	1611	2183	40	33	48.450272	[had
5	1	21	8	1	13	1658	2183	39	33	81.124741	coma
5	1	21	8	1	14	1708	2183	53	33	18.028984	dovbls
5	1	21	8	1	15	1768	2183	45	33	11.082382	abot
5	1	21	8	1	16	1820	2183	12	33	43.677067	it
5	1	21	8	1	17	1840	2183	42	33	91.437607	after
5	1	21	8	1	18	1892	2189	7	14	90.019806	J
5	1	21	8	1	19	1908	2183	26	33	90.019806	did
5	1	21	8	1	20	1944	2183	48	33	96.433083	April
5	1	21	8	1	21	1999	2193	17	13	96.288345	11
5	1	21	8	1	22	2027	2183	55	33	83.823380	notary
5	1	21	8	1	23	2090	2183	28	33	95.504555	and
5	1	21	8	1	24	2128	2183	64	33	66.939301	thought
5	1	21	8	1	25	2200	2183	14	33	90.640930	it
5	1	21	8	1	26	2222	2183	31	33	91.425278	wes
5	1	21	8	1	27	2263	2183	50	33	70.226578	wrong
5	1	21	8	1	28	2324	2183	42	33	94.086258	when
5	1	21	8	1	29	2376	2183	64	33	75.029167	driving
5	1	21	8	1	30	2450	2183	39	33	96.665535	with
4	1	21	8	2	0	504	2194	1983	39	-1	
5	1	21	8	2	1	500	2190	47	47	40.895050	Irina
5	1	21	8	2	2	558	2190	17	47	70.690216	to
5	1	21	8	2	3	583	2205	217	20	19.881409	washsnton
5	1	21	8	2	4	688	2190	32	47	69.404350	D.C
5	1	21	8	2	5	731	2190	16	47	34.244400	on
5	1	21	8	2	6	758	2190	44	47	77.738541	april
5	1	21	8	2	7	816	2205	14	14	54.628567	8.
5	1	21	8	2	8	844	2205	5	14	62.305325	I
5	1	21	8	2	9	856	2190	56	47	40.883911	carted
5	1	21	8	2	10	922	2190	25	47	84.577782	the
5	1	21	8	2	11	958	2190	40	47	77.777191	wight
5	1	21	8	2	12	1009	2190	16	47	96.316566	of
5	1	21	8	2	13	1036	2190	44	47	74.269676	April
5	1	21	8	2	14	1091	2209	13	14	88.668762	18
5	1	21	8	2	15	1114	2190	60	47	32.307549	Jacking
5	1	21	8	2	16	1181	2190	103	47	0.000000	detereped
5	1	21	8	2	17	1298	2190	25	47	39.567829	hen
5	1	21	8	2	18	1334	2190	40	47	22.877106	ghee,
5	1	21	8	2	19	1385	2190	52	47	0.000000	Pecka
5	1	21	8	2	20	1447	2190	17	47	39.753380	on
5	1	21	8	2	21	1475	2202	42	29	11.504326	ee
5	1	21	8	2	22	1530	2196	36	37	22.770760	fan
5	1	21	8	2	23	1577	2190	20	47	21.898178	min
5	1	21	8	2	24	1608	2190	36	47	61.375519	sleep
5	1	21	8	2	25	1655	2190	56	47	32.135071	around
5	1	21	8	2	26	1722	2190	28	47	48.211678	fom
5	1	21	8	2	27	1761	2190	20	47	72.103561	on
5	1	21	8	2	28	1788	2190	44	47	81.939980	April
5	1	21	8	2	29	1843	2190	24	47	91.495377	13,
5	1	21	8	2	30	1874	2190	76	47	93.387123	realising
5	1	21	8	2	31	1960	2190	25	47	89.818932	the
5	1	21	8	2	32	1996	2190	63	47	12.179276	thasram
5	1	21	8	2	33	2070	2190	60	47	71.323669	worked
5	1	21	8	2	34	2137	2190	28	47	71.039688	end
5	1	21	8	2	35	2176	2190	20	47	66.801605	its
5	1	21	8	2	36	2207	2190	40	47	52.612198	proof
5	1	21	8	2	37	2254	2190	32	47	80.845253	wan
5	1	21	8	2	38	2297	2190	52	47	75.748032	caster
5	1	21	8	2	39	2360	2190	36	47	63.474388	then
5	1	21	8	2	40	2407	2211	5	13	50.518806	7
5	1	21	8	2	41	2423	2190	64	47	55.977943	thought
4	1	21	8	3	0	504	2222	1919	30	-1	
5	1	21	8	3	1	500	2218	48	41	65.742523	when
5	1	21	8	3	2	558	2218	28	41	73.219086	she
5	1	21	8	3	3	592	2218	90	41	63.321251	formahom
5	1	21	8	3	4	694	2218	32	41	79.315674	was
5	1	21	8	3	5	735	2218	93	41	0.000000	modernicly
5	1	21	8	3	6	838	2218	59	41	40.845963	revieed
5	1	21	8	3	7	910	2218	31	41	71.577118	Tha
5	1	21	8	3	8	947	2218	35	41	50.096264	ides
5	1	21	8	3	9	992	2218	14	41	94.193550	is
5	1	21	8	3	10	1015	2218	15	41	48.603493	bo
5	1	21	8	3	11	1046	2218	22	41	65.020920	et
5	1	21	8	3	12	1080	2231	5	10	0.000000	@
5	1	21	8	3	13	1097	2218	73	41	0.000000	wasrient
5	1	21	8	3	14	1179	2218	18	41	78.793114	of
5	1	21	8	3	15	1207	2236	24	13	47.552525	my
5	1	21	8	3	16	1241	2218	66	41	67.966667	[SWish
5	1	21	8	3	17	1313	2218	100	41	73.791023	formalism,
5	1	21	8	3	18	1418	2222	58	28	15.451263	abmact
5	1	21	8	3	19	1487	2218	25	41	87.783791	the
5	1	21	8	3	20	1521	2218	39	41	77.727158	soma
5	1	21	8	3	21	1569	2218	18	41	64.684647	os
5	1	21	8	3	22	1596	2218	18	41	64.684647	on
5	1	21	8	3	23	1624	2218	42	41	69.708740	Apri
5	1	21	8	3	24	1675	2230	23	15	71.606888	11,
5	1	21	8	3	25	1709	2218	44	41	55.427227	whase
5	1	21	8	3	26	1764	2218	42	41	78.099304	nema
5	1	21	8	3	27	1815	2226	8	14	87.487312	I
5	1	21	8	3	28	1832	2218	32	41	96.852753	will
5	1	21	8	3	29	1873	2218	69	41	77.637512	probably
5	1	21	8	3	30	1952	2218	31	41	94.432076	call
5	1	21	8	3	31	1989	2218	21	41	65.836517	Io.
5	1	21	8	3	32	2017	2218	100	41	74.778351	Problematic
5	1	21	8	3	33	2126	2218	14	41	69.584290	ov
5	1	21	8	3	34	2150	2218	20	41	63.563808	In.
5	1	21	8	3	35	2177	2218	76	41	56.983772	Troubling
5	1	21	8	3	36	2263	2218	18	41	83.929413	or
5	1	21	8	3	37	2290	2218	25	41	67.839714	Ie.
5	1	21	8	3	38	2321	2218	102	41	86.298195	Challenging
3	1	21	9	0	0	502	2236	1988	87	-1	
4	1	21	9	1	0	553	2236	1937	39	-1	
5	1	21	9	1	1	553	2236	30	39	34.219559	Mts
5	1	21	9	1	2	592	2236	85	39	22.928970	definastion
5	1	21	9	1	3	686	2236	33	39	88.208603	wall
5	1	21	9	1	4	728	2236	56	39	63.438454	require
5	1	21	9	1	5	796	2236	43	39	65.757736	ening
5	1	21	9	1	6	848	2246	8	9	82.598808	«
5	1	21	9	1	7	868	2236	75	39	46.155796	SAT(0,b}
5	1	21	9	1	8	952	2236	86	39	54.784657	formalion
5	1	21	9	1	9	1050	2236	27	39	85.452950	for
5	1	21	9	1	10	1086	2236	30	39	90.718300	the
5	1	21	9	1	11	1125	2236	36	39	46.426273	cake
5	1	21	9	1	12	1170	2248	17	18	91.232048	of
5	1	21	9	1	13	1196	2236	128	39	35.811569	conirediction,
5	1	21	9	1	14	1333	2236	72	39	28.261429	(cfined
5	1	21	9	1	15	1414	2236	17	39	67.623871	en
5	1	21	9	1	16	1443	2236	43	39	0.000000	Aprit
5	1	21	9	1	17	1495	2252	32	19	91.553596	11).
5	1	21	9	1	18	1541	2241	24	30	56.034325	Ita
5	1	21	9	1	19	1574	2241	66	30	82.098602	Group-3
5	1	21	9	1	20	1649	2241	33	30	92.868050	will
5	1	21	9	1	21	1689	2241	26	30	77.698044	wee
5	1	21	9	1	22	1722	2241	30	30	93.269524	this
5	1	21	9	1	23	1759	2241	53	30	16.155930	syetem
5	1	21	9	1	24	1822	2241	20	30	80.307312	Le
5	1	21	9	1	25	1852	2241	38	30	92.719727	grow
5	1	21	9	1	26	1899	2241	56	30	67.412987	lerger
5	1	21	9	1	27	1964	2241	81	30	76.792191	numbars,
5	1	21	9	1	28	2052	2241	28	30	87.446419	ond
5	1	21	9	1	29	2089	2241	16	30	83.973618	it
5	1	21	9	1	30	2112	2241	30	30	90.616203	will
5	1	21	9	1	31	2152	2241	25	30	80.154778	use
5	1	21	9	1	32	2187	2250	8	9	0.000000	«
5	1	21	9	1	33	2204	2241	63	30	3.378555	variant
5	1	21	9	1	34	2277	2245	15	17	79.415779	of
5	1	21	9	1	35	2302	2241	28	30	86.196030	tha
5	1	21	9	1	36	2339	2241	73	30	89.161255	additive
5	1	21	9	1	37	2422	2241	68	30	86.474808	naming
4	1	21	9	2	0	502	2259	1983	31	-1	
5	1	21	9	2	1	498	2255	102	33	0.000000	aoncention
5	1	21	9	2	2	610	2255	34	33	88.484428	that
5	1	21	9	2	3	654	2255	59	33	49.023979	dafinas
5	1	21	9	2	4	723	2265	6	9	48.401176	0
5	1	21	9	2	5	740	2255	50	33	31.812813	series
5	1	21	9	2	6	797	2255	18	33	96.413597	of
5	1	21	9	2	7	822	2255	42	33	92.972748	finds
5	1	21	9	2	8	872	2255	80	33	13.369232	sonstonts
5	1	21	9	2	9	960	2267	30	15	13.369232	cy,
5	1	21	9	2	10	998	2255	83	33	0.000000	03...04¢
5	1	21	9	2	11	1092	2255	51	33	82.458694	where
5	1	21	9	2	12	1152	2255	31	33	96.032135	the
5	1	21	9	2	13	1188	2268	56	16	96.034904	VERY
5	1	21	9	2	14	1251	2271	250	19	0.000000	PELPPUL
5	1	21	9	2	15	1354	2260	52	34	80.951012	upper
5	1	21	9	2	16	1417	2260	60	34	30.210251	bowvad
5	1	21	9	2	17	1487	2260	10	34	90.661621	M
5	1	21	9	2	18	1510	2267	149	22	92.688438	depends
5	1	21	9	2	19	1587	2260	17	34	81.125961	on
5	1	21	9	2	20	1612	2267	47	22	72.010452	(4,6).
5	1	21	9	2	21	1672	2260	43	34	93.037254	(This
5	1	21	9	2	22	1720	2264	124	21	67.722504	bownd
5	1	21	9	2	23	1776	2260	30	34	78.064690	wes
5	1	21	9	2	24	1816	2260	32	34	78.137695	not
5	1	21	9	2	25	1893	2269	9	12	21.720139	w
5	1	21	9	2	26	1908	2265	49	17	91.215057	April
5	1	21	9	2	27	1965	2266	18	14	86.399895	11
5	1	21	9	2	28	1992	2265	62	19	92.619164	notes.)
5	1	21	9	2	29	2064	2266	10	14	67.676392	M
5	1	21	9	2	30	2084	2258	30	30	91.136093	will
5	1	21	9	2	31	2124	2258	30	30	72.635010	alse
5	1	21	9	2	32	2164	2258	63	30	90.117012	contain
5	1	21	9	2	33	2234	2258	28	30	95.496162	the
5	1	21	9	2	34	2271	2258	28	30	85.717865	new
5	1	21	9	2	35	2309	2258	68	30	36.684570	group-3
5	1	21	9	2	36	2387	2258	55	30	65.440231	clouse
5	1	21	9	2	37	2451	2266	34	13	95.883865	thet
4	1	21	9	3	0	502	2292	1982	31	-1	
5	1	21	9	3	1	498	2288	56	39	42.318722	crates
5	1	21	9	3	2	563	2288	13	39	78.314522	of
5	1	21	9	3	3	585	2302	8	8	14.413513	«
5	1	21	9	3	4	605	2288	46	39	89.615509	proof
5	1	21	9	3	5	660	2288	14	39	91.902908	of
5	1	21	9	3	6	683	2294	30	14	41.556210	Oa!
5	1	21	9	3	7	725	2288	20	39	87.064598	of
5	1	21	9	3	8	754	2288	50	39	61.921314	length
5	1	21	9	3	9	813	2292	10	14	49.778992	L
5	1	21	9	3	10	832	2288	27	39	80.761856	has
5	1	21	9	3	11	868	2288	33	39	75.476013	bere
5	1	21	9	3	12	910	2288	50	39	64.326546	fovad
5	1	21	9	3	13	969	2288	40	39	89.132401	then
5	1	21	9	3	14	1018	2288	20	39	37.561234	no
5	1	21	9	3	15	1047	2288	62	39	84.524849	integer
5	1	21	9	3	16	1118	2288	49	39	68.682938	avists
5	1	21	9	3	17	1177	2288	33	39	91.981598	thet
5	1	21	9	3	18	1219	2288	14	39	51.403713	is
5	1	21	9	3	19	1242	2288	53	39	49.028023	larger
5	1	21	9	3	20	1304	2288	39	39	94.465546	than
5	1	21	9	3	21	1352	2288	28	39	81.969376	sey
5	1	21	9	3	22	1391	2288	138	39	1.662285	Mas(Con,2¥E
5	1	21	9	3	23	1551	2313	5	5	84.069572	).
5	1	21	9	3	24	1570	2288	46	39	95.273140	(This
5	1	21	9	3	25	1625	2288	50	39	32.427383	cleanse
5	1	21	9	3	26	1687	2288	43	39	66.793381	males
5	1	21	9	3	27	1742	2288	10	39	57.309570	it
5	1	21	9	3	28	1762	2288	101	39	37.298164	wanecessary
5	1	21	9	3	29	1872	2297	27	16	93.003731	Jor
5	1	21	9	3	30	1908	2288	66	39	46.023636	grewp-3
5	1	21	9	3	31	1984	2300	16	12	79.804955	to
5	1	21	9	3	32	2009	2288	62	39	71.040726	include
5	1	21	9	3	33	2080	2288	27	39	95.263077	the
5	1	21	9	3	34	2116	2288	72	39	74.720306	sentence
5	1	21	9	3	35	2197	2288	60	39	83.017075	“There
5	1	21	9	3	36	2269	2300	7	9	29.596939	4
5	1	21	9	3	37	2288	2288	17	39	70.065681	no
5	1	21	9	3	38	2318	2288	48	39	58.955002	proof
5	1	21	9	3	39	2373	2297	19	16	90.489418	of
5	1	21	9	3	40	2402	2288	30	39	62.484940	Om!
5	1	21	9	3	41	2441	2288	46	39	92.229576	from
2	1	22	0	0	0	501	2305	1294	38	-1	
3	1	22	1	0	0	501	2305	1294	38	-1	
4	1	22	1	1	0	501	2305	1294	38	-1	
5	1	22	1	1	1	501	2305	36	32	61.039192	ma”
5	1	22	1	1	2	547	2305	17	32	61.463760	as
5	1	22	1	1	3	574	2305	19	32	61.268345	on
5	1	22	1	1	4	603	2305	52	32	0.000000	asiom
5	1	22	1	1	5	665	2305	64	32	23.702881	becouse
5	1	22	1	1	6	739	2305	14	32	36.216476	tt
5	1	22	1	1	7	763	2305	28	32	57.839161	aun
5	1	22	1	1	8	801	2305	40	32	71.199341	make
5	1	22	1	1	9	851	2305	33	32	30.338333	euch
5	1	22	1	1	10	891	2305	36	32	67.626755	ints
5	1	22	1	1	11	937	2318	8	10	57.658928	6
5	1	22	1	1	12	953	2305	76	32	59.247078	theorem.
5	1	22	1	1	13	1042	2311	81	39	31.107933	Mowewer,
5	1	22	1	1	14	1135	2311	24	39	93.204361	the
5	1	22	1	1	15	1168	2311	78	39	0.000000	retesnng
5	1	22	1	1	16	1255	2311	37	39	82.491158	this
5	1	22	1	1	17	1298	2311	20	39	82.491158	as
5	1	22	1	1	18	1327	2311	17	39	59.003185	on
5	1	22	1	1	19	1353	2311	49	39	33.181427	aviom
5	1	22	1	1	20	1415	2311	13	39	52.068245	ts
5	1	22	1	1	21	1441	2311	69	39	89.214615	probably
5	1	22	1	1	22	1519	2311	59	39	1.548416	Aaipful
5	1	22	1	1	23	1584	2311	17	39	62.249054	in
5	1	22	1	1	24	1608	2319	93	19	57.147652	simplifying
5	1	22	1	1	25	1707	2311	24	39	94.095451	the
5	1	22	1	1	26	1740	2311	55	39	31.620056	proof.)
2	1	23	0	0	0	807	2206	7	13	-1	
3	1	23	1	0	0	807	2206	7	13	-1	
4	1	23	1	1	0	807	2206	7	13	-1	
5	1	23	1	1	1	807	2206	7	13	95.000000	 
2	1	24	0	0	0	1850	2269	41	8	-1	
3	1	24	1	0	0	1850	2269	41	8	-1	
4	1	24	1	1	0	1850	2269	41	8	-1	
5	1	24	1	1	1	1850	2269	41	8	95.000000	 
2	1	25	0	0	0	541	2358	1914	37	-1	
3	1	25	1	0	0	541	2358	1914	37	-1	
4	1	25	1	1	0	541	2358	1914	37	-1	
5	1	25	1	1	1	541	2360	7	16	36.831970	|
5	1	25	1	1	2	563	2368	105	20	20.019333	typically,
5	1	25	1	1	3	685	2358	30	22	78.933792	of
5	1	25	1	1	4	733	2369	15	8	44.575493	=
5	1	25	1	1	5	766	2367	34	14	37.924767	0+
5	1	25	1	1	6	807	2365	98	20	0.000000	falfiet(a,
5	1	25	1	1	7	912	2369	20	17	77.326721	4)
5	1	25	1	1	8	943	2369	36	15	92.560326	will
5	1	25	1	1	9	990	2370	22	14	95.095406	be
5	1	25	1	1	10	1023	2370	124	17	31.149384	Inewnniotent
5	1	25	1	1	11	1158	2373	79	17	72.895943	because
5	1	25	1	1	12	1247	2382	11	9	15.115623	o
5	1	25	1	1	13	1267	2379	92	15	59.637829	standard
5	1	25	1	1	14	1371	2379	104	16	67.077652	Cddel-liks
5	1	25	1	1	15	1483	2377	155	18	6.900063	self-referencing
5	1	25	1	1	16	1647	2370	117	20	13.513901	construction
5	1	25	1	1	17	1776	2370	36	14	90.233124	will
5	1	25	1	1	18	1820	2370	81	18	93.016289	produce
5	1	25	1	1	19	1911	2376	11	10	49.776695	@
5	1	25	1	1	20	1932	2372	55	18	96.057808	proof
5	1	25	1	1	21	1995	2373	21	13	96.712151	of
5	1	25	1	1	22	2030	2373	4	14	72.090561	0
5	1	25	1	1	23	2044	2377	15	8	74.124268	=
5	1	25	1	1	24	2067	2373	8	13	74.124268	1
5	1	25	1	1	25	2086	2372	44	14	92.605919	from
5	1	25	1	1	26	2148	2362	40	24	49.808876	at,
5	1	25	1	1	27	2199	2358	40	39	71.741653	even
5	1	25	1	1	28	2244	2358	43	39	82.097816	when
5	1	25	1	1	29	2303	2373	13	9	72.577286	a
5	1	25	1	1	30	2335	2369	15	13	69.356415	is
5	1	25	1	1	31	2358	2369	97	13	77.679886	consistent.
2	1	26	0	0	0	1741	2792	797	245	-1	
3	1	26	1	0	0	1737	2792	801	245	-1	
4	1	26	1	1	0	2247	2792	291	89	-1	
5	1	26	1	1	1	2247	2799	200	82	77.704567	TERRY
5	1	26	1	1	2	2402	2779	36	106	67.208237	A
5	1	26	1	1	3	2460	2795	32	59	67.208237	P
5	1	26	1	1	4	2496	2792	42	34	50.291161	a
4	1	26	1	2	0	1741	2850	698	37	-1	
5	1	26	1	2	1	1741	2855	6	9	8.193298	'
5	1	26	1	2	2	2300	2850	139	37	96.911102	Public,
4	1	26	1	3	0	2141	2863	272	111	-1	
5	1	26	1	3	1	2141	2865	67	39	36.521034	No
5	1	26	1	3	2	2237	2863	99	111	10.247543	Reg,
5	1	26	1	3	3	2358	2888	55	36	89.335159	Ne
4	1	26	1	4	0	2211	2931	161	60	-1	
5	1	26	1	4	1	2211	2949	82	42	96.737587	Qua
5	1	26	1	4	2	2310	2931	62	53	91.586502	ifie
4	1	26	1	5	0	2132	2980	212	57	-1	
5	1	26	1	5	1	2132	2980	212	57	74.294655	Commisst
