level	page_num	block_num	par_num	line_num	word_num	left	top	width	height	conf	text
1	1	0	0	0	0	0	0	2550	3300	-1	
2	1	1	0	0	0	2018	0	320	51	-1	
3	1	1	1	0	0	2018	3	320	42	-1	
4	1	1	1	1	0	2315	16	23	7	-1	
5	1	1	1	1	1	2315	16	23	7	49.251297	_
4	1	1	1	2	0	2018	23	294	9	-1	
5	1	1	1	2	1	2018	23	19	9	0.901825	te
5	1	1	1	2	2	2302	23	10	3	0.000000	“
4	1	1	1	3	0	2049	0	180	51	-1	
5	1	1	1	3	1	2049	0	62	51	14.092873	pone
5	1	1	1	3	2	2138	0	22	51	0.000000	e
5	1	1	1	3	3	2185	3	44	42	22.145805	ea
2	1	2	0	0	0	303	140	1985	191	-1	
3	1	2	1	0	0	303	140	1985	191	-1	
4	1	2	1	1	0	358	140	585	23	-1	
5	1	2	1	1	1	358	142	34	20	72.088745	he
5	1	2	1	1	2	780	148	8	13	0.000000	,
5	1	2	1	1	3	795	140	84	17	25.937820	varianta
5	1	2	1	1	4	886	142	22	14	96.121780	of
5	1	2	1	1	5	913	143	30	20	95.383301	Ty,
4	1	2	1	2	0	303	146	1698	36	-1	
5	1	2	1	2	1	303	146	29	36	34.063995	ing,
5	1	2	1	2	2	393	153	46	15	31.061829	‘rna
5	1	2	1	2	3	446	159	36	13	95.128082	out
5	1	2	1	2	4	491	158	41	16	93.388618	that
5	1	2	1	2	5	541	159	21	15	68.877426	th:
5	1	2	1	2	6	641	161	55	14	93.253960	many
5	1	2	1	2	7	703	152	75	18	0.000000	differsne
5	1	2	1	2	8	827	160	5	16	11.445534	vei
5	1	2	1	2	9	944	152	61	18	33.421455	PONS
5	1	2	1	2	10	1012	160	35	16	42.158150	arte)
5	1	2	1	2	11	1633	160	74	16	95.171944	Hilbert
5	1	2	1	2	12	1738	157	101	17	91.302719	consistency.
5	1	2	1	2	13	1851	157	16	14	94.187004	It
5	1	2	1	2	14	1875	161	36	10	91.320602	was
5	1	2	1	2	15	1918	160	32	14	74.517441	not
5	1	2	1	2	16	1982	160	19	16	55.545597	watil
4	1	2	1	3	0	304	159	1984	52	-1	
5	1	2	1	3	1	304	163	63	35	0.000000	Uerphe
5	1	2	1	3	2	368	169	36	30	24.228622	coe
5	1	2	1	3	3	414	170	19	18	46.961143	te
5	1	2	1	3	4	443	173	38	24	48.302616	[07]
5	1	2	1	3	5	491	164	37	31	30.134422	tom
5	1	2	1	3	6	537	164	96	32	0.000000	veradons
5	1	2	1	3	7	627	179	21	16	87.444801	of
5	1	2	1	3	8	660	155	80	60	0.000000	Type-NS
5	1	2	1	3	9	755	166	30	41	10.893028	At
5	1	2	1	3	10	787	159	228	52	0.000000	Seouncemanns
5	1	2	1	3	11	960	155	55	60	16.740196	iets
5	1	2	1	3	12	1021	183	14	10	0.000000	siuene
5	1	2	1	3	13	1095	162	30	44	39.526978	bog
5	1	2	1	3	14	1140	155	35	60	36.306076	weet
5	1	2	1	3	15	1185	155	35	60	70.944611	cam
5	1	2	1	3	16	1230	155	30	60	70.944611	cam
5	1	2	1	3	17	1280	155	50	60	0.000000	urity
5	1	2	1	3	18	1338	165	159	40	32.234810	afferent
5	1	2	1	3	19	1435	155	55	60	40.437199	forms
5	1	2	1	3	20	1505	155	15	60	27.236404	Ch
5	1	2	1	3	21	1530	163	101	40	0.000000	atproct
5	1	2	1	3	22	1615	155	15	60	90.589478	of
5	1	2	1	3	23	1640	181	15	15	55.334507	Pw
5	1	2	1	3	24	1666	164	70	35	59.133224	WP.
5	1	2	1	3	25	1746	177	41	16	67.912186	‘The
5	1	2	1	3	26	1797	176	101	35	37.882198	remaladst
5	1	2	1	3	27	1907	177	21	16	49.598240	ofthis
5	1	2	1	3	28	1934	162	150	42	0.000000	aection’spy
5	1	2	1	3	29	2090	171	40	37	54.369003	2008
5	1	2	1	3	30	2145	155	35	60	62.347725	Must
5	1	2	1	3	31	2195	174	20	33	39.605251	we
5	1	2	1	3	32	2198	165	90	40	20.645302	wold
4	1	2	1	4	0	421	196	1867	58	-1	
5	1	2	1	4	1	417	192	61	66	18.747406	Sharh
5	1	2	1	4	2	471	196	158	58	18.085289	dincourey
5	1	2	1	4	3	598	192	34	66	89.539864	the
5	1	2	1	4	4	642	192	45	66	57.021557	term
5	1	2	1	4	5	703	199	300	43	0.000000	SISMOCPTS"anable
5	1	2	1	4	6	906	192	23	66	38.997925	wa
5	1	2	1	4	7	945	199	55	43	0.000000	gli™
5	1	2	1	4	8	1017	199	43	21	63.152027	wth
5	1	2	1	4	9	1069	208	61	33	6.974861	roy’
5	1	2	1	4	10	1137	209	95	36	0.000000	pinttiel
5	1	2	1	4	11	1242	209	86	35	13.548447	lnterety
5	1	2	1	4	12	1339	205	35	16	51.913471	but
5	1	2	1	4	13	1385	192	39	66	0.000000	Soly
5	1	2	1	4	14	1440	204	50	37	31.159752	[Gs
5	1	2	1	4	15	1511	192	72	66	31.815430	eco
5	1	2	1	4	16	1599	192	78	66	21.827881	systema
5	1	2	1	4	17	1693	192	44	66	63.468460	tom
5	1	2	1	4	18	1750	197	103	36	0.000000	Deialtion
5	1	2	1	4	19	1869	196	11	36	16.228058	0
5	1	2	1	4	20	1907	196	34	37	75.304497	aad
5	1	2	1	4	21	1938	196	102	44	0.593933	Baample
5	1	2	1	4	22	2056	209	28	32	0.000000	ST
5	1	2	1	4	23	2123	214	16	14	0.000000	REE
5	1	2	1	4	24	2174	209	45	18	0.000000	MMP
5	1	2	1	4	25	2266	226	22	16	37.141838	ot
4	1	2	1	5	0	952	231	1139	14	-1	
5	1	2	1	5	1	952	231	10	10	62.335796	|
5	1	2	1	5	2	1103	232	18	11	75.502762	let
5	1	2	1	5	3	1135	231	20	14	88.030106	to
5	1	2	1	5	4	1289	232	13	11	95.885460	of
5	1	2	1	5	5	1322	231	34	11	93.270126	our
5	1	2	1	5	6	1369	231	41	9	82.166359	self-.
5	1	2	1	5	7	2084	231	7	12	55.452705	a
4	1	2	1	6	0	422	228	1864	61	-1	
5	1	2	1	6	1	422	235	62	39	9.370636	ee
5	1	2	1	6	2	502	240	63	41	5.250870	oe
5	1	2	1	6	3	651	234	137	48	17.522125	eon
5	1	2	1	6	4	826	235	104	50	0.000000	seiner,
5	1	2	1	6	5	931	230	74	59	0.000000	Meefal
5	1	2	1	6	6	1009	235	101	48	0.000000	remit?
5	1	2	1	6	7	1115	242	46	30	94.240326	look
5	1	2	1	6	8	1166	232	22	33	15.159920	wi
5	1	2	1	6	9	1202	228	53	44	9.588913	teelf
5	1	2	1	6	10	1268	232	31	30	81.451309	end
5	1	2	1	6	11	1311	246	74	16	10.857620	declare
5	1	2	1	6	12	1395	245	41	15	92.384377	that
5	1	2	1	6	13	1452	245	8	8	60.521217	“f
5	1	2	1	6	14	1476	249	27	10	92.107819	am
5	1	2	1	6	15	1512	243	107	16	32.839439	consistent’,
5	1	2	1	6	16	1632	241	16	15	96.385933	It
5	1	2	1	6	17	1660	240	23	17	89.017532	is,
5	1	2	1	6	18	1692	237	111	17	72.006813	convenient
5	1	2	1	6	19	1814	238	20	13	96.009674	to
5	1	2	1	6	20	1843	236	46	16	95.818008	have
5	1	2	1	6	21	1897	237	44	16	32.335556	such
5	1	2	1	6	22	1953	239	131	23	63.664505	“Introspective
5	1	2	1	6	23	2089	231	43	43	84.109543	fom
5	1	2	1	6	24	2127	234	41	41	77.133606	bert
5	1	2	1	6	25	2200	228	86	49	0.000000	‘eyetema
4	1	2	1	7	0	306	271	1606	34	-1	
5	1	2	1	7	1	306	279	66	21	1.441803	Bamer
5	1	2	1	7	2	379	290	23	15	75.311081	of
5	1	2	1	7	3	413	277	79	18	0.000000	SCbtext
5	1	2	1	7	4	502	282	59	16	95.980896	where
5	1	2	1	7	5	571	283	13	18	51.568298	A
5	1	2	1	7	6	595	283	16	15	61.307308	ie
5	1	2	1	7	7	621	288	23	10	76.426369	an
5	1	2	1	7	8	654	278	61	19	15.493042	{altial
5	1	2	1	7	9	724	274	61	18	58.363499	axlO™
5	1	2	1	7	10	794	271	124	30	0.000000	Sra
5	1	2	1	7	11	886	267	29	42	0.000000	NS
5	1	2	1	7	12	926	282	51	22	23.289154	salt
5	1	2	1	7	13	999	276	20	12	0.000000	jaine
5	1	2	1	7	14	1028	279	20	13	47.249718	St
5	1	2	1	7	15	1058	274	47	25	64.507828	least
5	1	2	1	7	16	1115	286	20	15	61.334446	th,
5	1	2	1	7	17	1317	286	8	15	64.116135	{
5	1	2	1	7	18	1333	286	63	15	96.648544	Peano
5	1	2	1	7	19	1406	283	113	17	48.091064	Arithmetic
5	1	2	1	7	20	1530	280	48	21	96.741188	(PA),
5	1	2	1	7	21	1597	281	30	15	96.741188	the
5	1	2	1	7	22	1638	282	37	13	96.949158	two
5	1	2	1	7	23	1684	278	50	16	94.760162	main
5	1	2	1	7	24	1745	277	82	16	93.113953	variants
5	1	2	1	7	25	1836	277	21	15	93.305779	of
5	1	2	1	7	26	1864	276	48	16	29.640411	iatos
4	1	2	1	8	0	512	285	1074	31	-1	
5	1	2	1	8	1	512	301	9	7	9.200424	°
5	1	2	1	8	2	687	300	17	16	7.120506	*,
5	1	2	1	8	3	716	294	47	19	96.376480	Both
5	1	2	1	8	4	773	291	44	15	84.382988	were
5	1	2	1	8	5	975	285	24	31	0.000000	wa
5	1	2	1	8	6	1000	285	45	31	0.000000	tify,
5	1	2	1	8	7	1137	293	10	9	70.761917	@
5	1	2	1	8	8	1155	288	67	20	95.044556	logical
5	1	2	1	8	9	1232	292	62	15	77.646149	power
5	1	2	1	8	10	1303	291	12	10	45.417713	o!
5	1	2	1	8	11	1581	292	5	8	0.000000	.
4	1	2	1	9	0	445	296	600	35	-1	
5	1	2	1	9	1	445	296	65	24	6.196289	CE(8)"
5	1	2	1	9	2	532	302	36	16	81.114502	and
5	1	2	1	9	3	579	300	106	21	67.010216	“ISINF(S)
5	1	2	1	9	4	776	311	11	16	59.668140	7
5	1	2	1	9	5	1036	321	9	10	26.951057	i
2	1	3	0	0	0	304	203	727	71	-1	
3	1	3	1	0	0	304	203	727	71	-1	
4	1	3	1	1	0	304	203	727	71	-1	
5	1	3	1	1	1	304	203	115	60	95.000000	 
5	1	3	1	1	2	1004	254	27	20	95.000000	 
2	1	4	0	0	0	306	275	1981	110	-1	
3	1	4	1	0	0	860	275	1425	49	-1	
4	1	4	1	1	0	860	275	1425	49	-1	
5	1	4	1	1	1	860	300	8	21	45.467953	)
5	1	4	1	1	2	877	299	38	16	80.498520	and
5	1	4	1	1	3	925	301	39	19	95.760201	Mul
5	1	4	1	1	4	1043	302	23	15	56.022514	2g
5	1	4	1	1	5	1075	301	65	20	94.867561	formal
5	1	4	1	1	6	1281	305	19	16	61.330467	Id
5	1	4	1	1	7	1354	304	30	19	79.336288	recognise
5	1	4	1	1	8	1417	303	38	16	82.327026	thel
5	1	4	1	1	9	1525	301	73	16	93.213837	Hilbert
5	1	4	1	1	10	1608	299	117	18	54.664986	conelatency
5	1	4	1	1	11	1734	296	38	16	96.568336	and
5	1	4	1	1	12	1781	296	41	16	92.874870	also
5	1	4	1	1	13	1831	301	54	15	96.874054	prove
5	1	4	1	1	14	1892	296	18	16	74.211136	al!
5	1	4	1	1	15	1927	275	29	49	47.554359	the
5	1	4	1	1	16	1967	279	23	41	57.099304	Thy
5	1	4	1	1	17	2004	275	58	49	7.632225	dees
5	1	4	1	1	18	2074	275	41	49	36.485008	ftom
5	1	4	1	1	19	2124	289	35	21	88.571938	[47]
5	1	4	1	1	20	2206	306	12	15	39.032742	eartied
5	1	4	1	1	21	2252	286	33	15	96.661896	the
3	1	4	2	0	0	849	307	1437	13	-1	
4	1	4	2	1	0	849	307	1437	13	-1	
5	1	4	2	1	1	849	307	8	10	62.169167	s
5	1	4	2	1	2	947	307	27	13	66.721115	ult
5	1	4	2	1	3	1438	308	27	10	44.208351	eir
5	1	4	2	1	4	1473	308	41	10	93.917824	own
5	1	4	2	1	5	2275	308	11	10	9.692955	eo
3	1	4	3	0	0	306	306	1978	43	-1	
4	1	4	3	1	0	306	306	1978	43	-1	
5	1	4	3	1	1	306	321	12	11	42.476814	©
5	1	4	3	1	2	326	305	64	48	12.915039	caper
5	1	4	3	1	3	406	305	68	48	0.000000	iEbtly
5	1	4	3	1	4	482	323	91	16	95.617004	modified
5	1	4	3	1	5	580	323	69	20	91.531326	language
5	1	4	3	1	6	680	320	58	16	93.152679	where
5	1	4	3	1	7	747	309	98	40	0.000000	Ada(73
5	1	4	3	1	8	826	305	20	48	0.000000	5,
5	1	4	3	1	9	976	306	20	20	13.785103	{
5	1	4	3	1	10	1011	316	43	32	0.000000	»2)
5	1	4	3	1	11	1060	303	94	47	20.539200	Tepreatat
5	1	4	3	1	12	1169	307	56	38	14.930771	Srey
5	1	4	3	1	13	1229	307	202	39	25.552444	pecdicatss
5	1	4	3	1	14	1349	303	84	47	21.268425	symbols
5	1	4	3	1	15	1438	325	43	13	86.127563	that
5	1	4	3	1	16	1491	321	96	17	56.804024	formalise
5	1	4	3	1	17	1595	320	85	15	4.282837	addition
5	1	4	3	1	18	1689	318	36	17	95.332054	and
5	1	4	3	1	19	1735	316	152	20	96.253708	multiplication.
5	1	4	3	1	20	1897	318	40	16	95.847916	The
5	1	4	3	1	21	1944	320	97	17	95.532478	remainder
5	1	4	3	1	22	2050	303	17	47	92.759888	of
5	1	4	3	1	23	2073	307	211	37	0.000000	thiestchjan
5	1	4	3	1	24	2195	303	37	47	88.910156	will
5	1	4	3	1	25	2238	303	48	47	68.976212	affer
3	1	4	4	0	0	343	333	1944	52	-1	
4	1	4	4	1	0	343	333	1944	47	-1	
5	1	4	4	1	1	343	337	152	42	0.000000	Pearmaxtme
5	1	4	4	1	2	525	345	18	17	16.784203	7
5	1	4	4	1	3	551	343	21	16	93.295425	of
5	1	4	4	1	4	579	341	103	21	0.000000	ISCE(A)'s
5	1	4	4	1	5	692	338	35	17	74.204704	aad
5	1	4	4	1	6	737	333	45	19	28.302391	ISIN!
5	1	4	4	1	7	862	360	28	16	44.286377	Aion
5	1	4	4	1	8	915	359	29	21	81.371765	(1)
5	1	4	4	1	9	1028	334	58	20	0.000000	Iscuse
5	1	4	4	1	10	1096	340	52	23	64.379013	[47]"s
5	1	4	4	1	11	1157	346	68	15	84.432564	related
5	1	4	4	1	12	1236	343	146	22	48.489410	generalisation
5	1	4	4	1	13	1392	343	21	16	96.991653	of
5	1	4	4	1	14	1421	343	20	15	97.010475	the
5	1	4	4	1	15	1486	341	47	16	93.303726	Second
5	1	4	4	1	16	1544	340	158	19	28.845482	Incompletancss
5	1	4	4	1	17	1710	338	100	18	96.795212	Theorem,
5	1	4	4	1	18	1819	337	57	15	96.814240	which
5	1	4	4	1	19	1885	337	130	17	28.295998	demonstrates
5	1	4	4	1	20	2025	341	39	17	96.880302	that
5	1	4	4	1	21	2073	344	45	19	65.398628	thang
5	1	4	4	1	22	2126	351	38	12	86.555939	two
5	1	4	4	1	23	2173	343	114	17	73.377075	formaliams
4	1	4	4	2	0	811	362	152	23	-1	
5	1	4	4	2	1	811	365	91	20	94.402672	Equation
5	1	4	4	2	2	947	362	16	15	61.729988	‘a
2	1	5	0	0	0	307	362	1978	62	-1	
3	1	5	1	0	0	307	362	1978	62	-1	
4	1	5	1	1	0	360	362	416	30	-1	
5	1	5	1	1	1	360	366	43	19	96.131027	The
5	1	5	1	1	2	413	362	90	30	5.873192	formate,
5	1	5	1	1	3	762	374	14	15	66.406281	al
4	1	5	1	2	0	307	373	1977	32	-1	
5	1	5	1	2	1	307	375	46	30	57.179222	*ym!
5	1	5	1	2	2	463	379	56	17	14.107964	eliem
5	1	5	1	2	3	529	383	21	15	46.369980	15)
5	1	5	1	2	4	636	382	38	16	51.440754	hall
5	1	5	1	2	5	697	377	41	18	36.308510	avoid
5	1	5	1	2	6	749	375	52	16	62.299446	wales
5	1	5	1	2	7	896	374	44	30	3.669983	tive
5	1	5	1	2	8	952	381	6	16	0.000000	f
5	1	5	1	2	9	1033	374	11	16	72.829056	3
5	1	5	1	2	10	1055	379	61	18	14.780563	axiom
5	1	5	1	2	11	1441	381	5	17	84.503326	{
5	1	5	1	2	12	1491	381	47	15	88.261864	total
5	1	5	1	2	13	1550	379	84	17	96.818779	function,
5	1	5	1	2	14	1654	379	25	19	93.235199	by
5	1	5	1	2	15	1689	377	73	16	6.375839	imsteed
5	1	5	1	2	16	1773	373	106	23	94.115311	employing
5	1	5	1	2	17	1889	382	23	11	83.538414	am
5	1	5	1	2	18	1923	377	71	17	44.914280	infinite
5	1	5	1	2	19	2003	381	62	16	43.243111	mumbe
5	1	5	1	2	20	2241	382	43	13	52.177849	tant
4	1	5	1	3	0	349	382	1936	42	-1	
5	1	5	1	3	1	349	382	44	22	19.291107	ele
5	1	5	1	3	2	409	392	37	23	27.542511	Con
5	1	5	1	3	3	458	397	39	23	29.180328	Oy,
5	1	5	1	3	4	512	400	33	21	34.249352	Ca,
5	1	5	1	3	5	551	382	66	41	8.199951	Ca
5	1	5	1	3	6	626	388	36	29	60.464039	Tor
5	1	5	1	3	7	669	386	82	29	74.985489	defining
5	1	5	1	3	8	759	393	31	16	67.429214	the
5	1	5	1	3	9	798	390	28	15	43.878857	eet
5	1	5	1	3	10	839	383	15	18	77.028053	Of
5	1	5	1	3	11	860	383	34	18	21.051155	POSTITS
5	1	5	1	3	12	960	386	77	22	5.120621	Ustegery,
5	1	5	1	3	13	1048	395	40	18	1.107864	Ae
5	1	5	1	3	14	1092	380	88	48	34.114754	constant
5	1	5	1	3	15	1192	380	84	48	16.426453	symbole
5	1	5	1	3	16	1288	384	36	40	39.948151	Coe
5	1	5	1	3	17	1329	387	131	35	39.948151	and
5	1	5	1	3	18	1380	380	32	48	59.863201	Cy,
5	1	5	1	3	19	1424	387	36	35	92.353844	will
5	1	5	1	3	20	1468	387	95	32	92.947792	represent
5	1	5	1	3	21	1574	399	32	16	92.947792	the
5	1	5	1	3	22	1614	390	80	28	58.245472	integers
5	1	5	1	3	23	1703	397	21	16	94.441383	of
5	1	5	1	3	24	1734	398	13	15	52.409599	0
5	1	5	1	3	25	1759	396	38	16	61.078018	aad
5	1	5	1	3	26	1811	398	21	15	78.019104	1.
5	1	5	1	3	27	1844	397	47	15	93.737442	Each
5	1	5	1	3	28	1900	397	53	15	93.737442	other
5	1	5	1	3	29	1968	397	25	26	83.431198	Cy
5	1	5	1	3	30	2011	400	34	16	90.754120	will
5	1	5	1	3	31	2053	388	22	28	66.080948	be
5	1	5	1	3	32	2081	384	104	37	0.000000	datend
5	1	5	1	3	33	2160	380	20	48	63.346973	to
5	1	5	1	3	34	2190	386	95	32	19.144096	represent
2	1	6	0	0	0	750	412	1535	68	-1	
3	1	6	1	0	0	754	412	1531	68	-1	
4	1	6	1	1	0	847	412	133	20	-1	
5	1	6	1	1	1	847	416	11	16	82.466217	d
5	1	6	1	1	2	869	412	32	17	70.402847	vin
5	1	6	1	1	3	910	416	70	15	6.889313	essen}
4	1	6	1	2	0	750	417	1535	46	-1	
5	1	6	1	2	1	750	417	27	35	95.714828	be
5	1	6	1	2	2	788	421	79	39	37.558064	man
5	1	6	1	2	3	877	419	89	44	92.399086	formally
5	1	6	1	2	4	974	418	45	44	52.084801	ag
5	1	6	1	2	5	1030	429	22	13	33.708481	8"
5	1	6	1	2	6	1064	429	108	21	92.436798	“Additive
5	1	6	1	2	7	1186	435	88	18	93.267639	Naming
5	1	6	1	2	8	1286	434	141	17	85.127106	Conventien™
5	1	6	1	2	9	1440	432	105	19	70.953979	Indicating
5	1	6	1	2	10	1565	432	55	24	22.792831	C4,
5	1	6	1	2	11	1645	436	17	9	83.994751	=
5	1	6	1	2	12	1684	430	27	25	91.006058	Cy
5	1	6	1	2	13	1726	431	16	18	16.984207	+
5	1	6	1	2	14	1750	430	41	25	16.984207	Oy.
5	1	6	1	2	15	1808	430	53	16	92.600563	Since
5	1	6	1	2	16	1871	429	84	20	0.000000	ISCE(f)
5	1	6	1	2	17	1966	430	103	22	53.336510	techaleally
5	1	6	1	2	18	2077	435	40	17	37.070824	dows
5	1	6	1	2	19	2126	437	36	15	86.675644	pot
5	1	6	1	2	20	2173	431	75	17	62.817997	contain
5	1	6	1	2	21	2260	435	25	9	55.917709	an
4	1	6	1	3	0	763	452	884	28	-1	
5	1	6	1	3	1	763	452	54	23	23.237137	Cy41
5	1	6	1	3	2	1021	454	48	16	69.788895	“Pom
5	1	6	1	3	3	1078	458	53	21	52.569626	walang
5	1	6	1	3	4	1141	462	91	18	93.285065	Equation
5	1	6	1	3	5	1242	460	46	20	62.089180	(4)'s
5	1	6	1	3	6	1297	462	61	17	33.157555	S-way
5	1	6	1	3	7	1366	460	85	16	96.270279	addition
5	1	6	1	3	8	1462	460	94	19	96.539322	predicate
5	1	6	1	3	9	1566	458	81	19	87.170433	symbol:
2	1	7	0	0	0	828	311	26	21	-1	
3	1	7	1	0	0	828	311	26	21	-1	
4	1	7	1	1	0	828	311	5	13	-1	
5	1	7	1	1	1	828	311	5	13	95.000000	 
4	1	7	1	2	0	830	325	24	7	-1	
5	1	7	1	2	1	830	325	24	7	95.000000	  
2	1	8	0	0	0	854	321	140	21	-1	
3	1	8	1	0	0	854	321	140	21	-1	
4	1	8	1	1	0	854	321	140	21	-1	
5	1	8	1	1	1	854	321	106	19	91.146439	properties
5	1	8	1	1	2	983	332	11	10	93.946457	an,
2	1	9	0	0	0	1442	348	43	10	-1	
3	1	9	1	0	0	1442	348	43	10	-1	
4	1	9	1	1	0	1442	348	43	10	-1	
5	1	9	1	1	1	1442	348	43	10	95.000000	  
2	1	10	0	0	0	1462	358	10	5	-1	
3	1	10	1	0	0	1462	358	10	5	-1	
4	1	10	1	1	0	1462	358	10	5	-1	
5	1	10	1	1	1	1462	358	10	5	95.000000	 
2	1	11	0	0	0	307	411	444	67	-1	
3	1	11	1	0	0	307	411	444	67	-1	
4	1	11	1	1	0	307	411	34	18	-1	
5	1	11	1	1	1	307	411	34	18	95.097000	the
4	1	11	1	2	0	351	413	393	53	-1	
5	1	11	1	2	1	351	413	91	53	0.000000	Reaattty
5	1	11	1	2	2	452	423	54	21	54.148003	23-1
5	1	11	1	2	3	521	443	6	5	49.318192	|
5	1	11	1	2	4	547	434	61	15	57.604755	These
5	1	11	1	2	5	618	434	80	18	0.000000	integers
5	1	11	1	2	6	709	429	35	16	90.889771	will
4	1	11	1	3	0	371	452	380	26	-1	
5	1	11	1	3	1	371	452	24	13	0.657509	‘ve
5	1	11	1	3	2	404	452	87	21	42.533459	fumction
5	1	11	1	3	3	501	460	81	18	55.107048	symbol,
5	1	11	1	3	4	589	461	27	15	90.879318	ita
5	1	11	1	3	5	624	458	97	17	37.191807	definition
5	1	11	1	3	6	731	455	20	15	96.549683	of
2	1	12	0	0	0	1186	513	1098	30	-1	
3	1	12	1	0	0	1186	513	1098	30	-1	
4	1	12	1	1	0	1186	513	1098	30	-1	
5	1	12	1	1	1	1186	519	40	16	62.171165	Add
5	1	12	1	1	2	1233	518	49	25	62.171165	(Oj,
5	1	12	1	1	3	1293	519	40	24	62.152237	Cy,
5	1	12	1	1	4	1345	518	71	25	8.484955	Cz41)
5	1	12	1	1	5	2256	513	28	20	96.227936	(4)
2	1	13	0	0	0	307	557	1978	139	-1	
3	1	13	1	0	0	311	557	1974	139	-1	
4	1	13	1	1	0	894	557	102	17	-1	
5	1	13	1	1	1	894	557	30	17	92.976562	bol
5	1	13	1	1	2	936	558	60	16	22.262260	"Cz
4	1	13	1	2	0	307	557	1978	50	-1	
5	1	13	1	2	1	307	557	35	50	23.570801	buds
5	1	13	1	2	2	351	568	39	15	72.296867	will
5	1	13	1	2	3	398	575	76	13	86.620239	assume
5	1	13	1	2	4	482	574	34	16	96.155952	the
5	1	13	1	2	5	526	576	75	15	62.483109	“name”
5	1	13	1	2	6	610	576	21	14	96.941422	of
5	1	13	1	2	7	638	575	33	15	96.796616	the
5	1	13	1	2	8	679	572	75	18	36.176605	built-in
5	1	13	1	2	9	761	567	84	18	74.681870	constant
5	1	13	1	2	10	853	565	77	34	19.769989	nats
5	1	13	1	2	11	941	584	17	15	34.454231	a
5	1	13	1	2	12	961	559	23	45	23.842819	ff
5	1	13	1	2	13	983	585	18	20	0.000000	‘
5	1	13	1	2	14	1006	563	16	16	0.000000	's
5	1	13	1	2	15	1028	572	80	17	48.799240	encoded
5	1	13	1	2	16	1119	577	52	19	45.110516	waing
5	1	13	1	2	17	1180	577	23	20	77.314743	O[
5	1	13	1	2	18	1212	577	55	19	70.371857	Log(j
5	1	13	1	2	19	1274	577	40	19	92.655479	+2)
5	1	13	1	2	20	1325	577	5	19	83.399307	]
5	1	13	1	2	21	1339	577	46	16	83.267441	bite,
5	1	13	1	2	22	1396	577	39	16	96.839264	The
5	1	13	1	2	23	1444	577	103	14	95.575699	advantage
5	1	13	1	2	24	1556	576	21	15	95.462685	of
5	1	13	1	2	25	1584	576	53	18	96.020424	using
5	1	13	1	2	26	1648	568	20	33	96.158524	an
5	1	13	1	2	27	1680	575	94	15	96.865334	“additive
5	1	13	1	2	28	1782	575	76	18	72.904465	naming
5	1	13	1	2	29	1865	574	127	18	41.133736	comveation",
5	1	13	1	2	30	1999	575	55	16	94.544258	which
5	1	13	1	2	31	2062	579	66	18	62.036385	assigns
5	1	13	1	2	32	2136	580	67	13	61.300308	names
5	1	13	1	2	33	2210	577	22	11	87.452141	to
5	1	13	1	2	34	2239	572	46	18	80.964897	oaly
4	1	13	1	3	0	341	584	1770	52	-1	
5	1	13	1	3	1	341	595	53	15	45.258869	‘“Ccre
5	1	13	1	3	2	403	596	60	16	96.376503	which
5	1	13	1	3	3	474	603	32	10	87.846718	are
5	1	13	1	3	4	515	604	70	12	36.134190	powers
5	1	13	1	3	5	594	600	21	15	96.957069	of
5	1	13	1	3	6	622	600	18	17	96.586441	2,
5	1	13	1	3	7	650	600	16	14	66.771103	ia
5	1	13	1	3	8	675	599	41	14	88.946869	that
5	1	13	1	3	9	725	598	25	14	70.745163	its
5	1	13	1	3	10	758	584	101	45	0.000000	methodeto
5	1	13	1	3	11	868	609	11	10	50.987492	a
5	1	13	1	3	12	889	602	85	16	43.506241	function
5	1	13	1	3	13	987	594	84	31	0.000000	aymptr®,
5	1	13	1	3	14	1081	598	41	16	95.883705	that
5	1	13	1	3	15	1132	601	31	15	95.845932	the
5	1	13	1	3	16	1173	607	68	13	96.126434	powers
5	1	13	1	3	17	1249	602	21	15	96.701172	of
5	1	13	1	3	18	1277	603	11	13	95.982483	2
5	1	13	1	3	19	1297	602	46	14	96.554489	have
5	1	13	1	3	20	1352	601	70	19	76.917435	Integer
5	1	13	1	3	21	1431	606	64	10	67.554626	names
5	1	13	1	3	22	1506	600	40	16	94.827278	that
5	1	13	1	3	23	1555	605	32	10	93.288216	are
5	1	13	1	3	24	1596	600	73	15	93.288216	shorter
5	1	13	1	3	25	1679	600	44	14	96.526756	than
5	1	13	1	3	26	1734	599	32	14	96.786537	the
5	1	13	1	3	27	1775	590	73	46	0.000000	Jengthe
5	1	13	1	3	28	1857	599	22	14	96.397949	of
5	1	13	1	3	29	1886	598	48	15	45.782475	thelr
5	1	13	1	3	30	1942	598	62	19	4.256393	binary
5	1	13	1	3	31	2012	602	99	19	68.586502	encodings.
4	1	13	1	4	0	308	604	1977	46	-1	
5	1	13	1	4	1	308	604	31	46	35.897690	as
5	1	13	1	4	2	366	611	54	18	33.711136	Simce
5	1	13	1	4	3	432	615	32	15	93.018387	the
5	1	13	1	4	4	477	617	87	20	65.491333	ISCE(A)
5	1	13	1	4	5	574	621	72	15	39.605957	aystemn
5	1	13	1	4	6	656	616	37	16	93.020775	will
5	1	13	1	4	7	703	615	71	16	65.967331	coatain
5	1	13	1	4	8	785	617	11	9	60.821110	©
5	1	13	1	4	9	809	614	51	30	0.000000	Mearly
5	1	13	1	4	10	881	622	62	16	87.083900	define
5	1	13	1	4	11	953	628	38	14	92.942436	any
5	1	13	1	4	12	999	613	28	28	0.000000	{ater
5	1	13	1	4	13	1075	621	21	11	61.368443	{OF
5	1	13	1	4	14	1107	620	122	19	59.927116	teprenenting
5	1	13	1	4	15	1240	620	194	19	77.662552	Integer-subtraction
5	1	13	1	4	16	1447	625	20	9	87.721924	as
5	1	13	1	4	17	1478	625	11	9	75.162315	a
5	1	13	1	4	18	1500	619	46	14	87.184647	total
5	1	13	1	4	19	1558	618	84	15	95.520355	function
5	1	13	1	4	20	1654	617	69	19	96.845169	(where
5	1	13	1	4	21	1738	622	11	10	62.454926	=
5	1	13	1	4	22	1759	624	16	5	62.461662	—
5	1	13	1	4	23	1786	622	11	13	62.461662	y
5	1	13	1	4	24	1819	622	9	10	95.208633	is
5	1	13	1	4	25	1837	617	73	15	95.622925	defined
5	1	13	1	4	26	1921	619	21	13	96.952156	to
5	1	13	1	4	27	1952	617	22	15	96.735535	be
5	1	13	1	4	28	1983	618	53	17	91.954147	equal
5	1	13	1	4	29	2046	621	18	13	95.552620	to
5	1	13	1	4	30	2072	625	39	11	95.552620	sero
5	1	13	1	4	31	2121	620	55	14	47.486549	when
5	1	13	1	4	32	2191	622	12	8	47.486549	=
5	1	13	1	4	33	2217	617	40	15	47.247272	<¥
5	1	13	1	4	34	2266	613	19	27	16.112907	);
4	1	13	1	5	0	337	623	1948	45	-1	
5	1	13	1	5	1	337	623	75	33	9.063385	Mation
5	1	13	1	5	2	418	633	46	35	2.383652	(4)
5	1	13	1	5	3	474	636	85	16	91.072220	additive
5	1	13	1	5	4	568	637	64	15	35.069397	naming
5	1	13	1	5	5	652	635	107	16	30.153328	convention
5	1	13	1	5	6	767	636	34	10	67.813698	Can
5	1	13	1	5	7	822	625	29	43	32.225784	te
5	1	13	1	5	8	861	625	41	43	35.487091	(atl.
5	1	13	1	5	9	914	641	18	15	59.069649	Th
5	1	13	1	5	10	941	646	44	11	84.931908	uses
5	1	13	1	5	11	994	632	22	27	85.091217	an
5	1	13	1	5	12	1018	631	48	28	0.000000	f8*
5	1	13	1	5	13	1075	636	43	16	94.247520	that
5	1	13	1	5	14	1127	638	15	15	74.235558	is
5	1	13	1	5	15	1150	641	32	13	91.590729	not
5	1	13	1	5	16	1192	644	10	10	80.228668	a
5	1	13	1	5	17	1211	644	58	13	96.361382	power
5	1	13	1	5	18	1278	639	20	15	95.417862	of
5	1	13	1	5	19	1305	640	17	14	95.417862	2.
5	1	13	1	5	20	1334	640	33	14	93.076820	For
5	1	13	1	5	21	1377	639	83	15	74.887375	inetance
5	1	13	1	5	22	1469	639	50	15	95.796669	since
5	1	13	1	5	23	1533	638	22	14	93.714882	10
5	1	13	1	5	24	1569	642	15	8	92.772316	=
5	1	13	1	5	25	1598	637	102	15	39.669449	16—4—2,
5	1	13	1	5	26	1724	636	32	15	96.868591	the
5	1	13	1	5	27	1764	636	71	18	68.368988	Integer
5	1	13	1	5	28	1844	637	22	14	94.208542	10
5	1	13	1	5	29	1873	641	35	10	95.874435	can
5	1	13	1	5	30	1918	636	22	14	96.845459	be
5	1	13	1	5	31	1949	638	110	16	87.225571	represented
5	1	13	1	5	32	2067	644	19	10	94.089783	as
5	1	13	1	5	33	2095	641	30	14	79.191139	“Cg
5	1	13	1	5	34	2146	644	16	5	89.296997	—
5	1	13	1	5	35	2170	636	53	32	19.285080	Cat
5	1	13	1	5	36	2230	634	55	18	51.984749	C1";
4	1	13	1	6	0	313	646	1970	34	-1	
5	1	13	1	6	1	313	664	20	16	18.937004	Scr
5	1	13	1	6	2	367	650	15	15	18.937004	As
5	1	13	1	6	3	445	653	31	15	0.000000	tttalled
5	1	13	1	6	4	485	655	100	14	70.324890	definition
5	1	13	1	6	5	595	655	21	14	93.291306	of
5	1	13	1	6	6	623	654	86	18	74.599182	ISCR(A)
5	1	13	1	6	7	717	654	15	14	46.410927	le
5	1	13	1	6	8	741	648	85	23	96.061943	provided
5	1	13	1	6	9	832	644	17	40	54.912300	im
5	1	13	1	6	10	862	644	31	40	0.000000	Uh
5	1	13	1	6	11	915	644	14	40	7.813118	OU
5	1	13	1	6	12	933	650	84	29	33.318092	ike
5	1	13	1	6	13	995	644	21	40	37.049110	Be
5	1	13	1	6	14	1026	652	65	21	56.281807	analog
5	1	13	1	6	15	1099	657	20	14	96.793106	of
5	1	13	1	6	16	1127	658	87	18	93.195908	Example
5	1	13	1	6	17	1222	658	11	15	78.914833	0.4's
5	1	13	1	6	18	1278	657	91	16	35.061317	"SelfRaf
5	1	13	1	6	19	1380	657	100	15	95.269371	axiomatic
5	1	13	1	6	20	1489	659	86	12	93.971855	sentence
5	1	13	1	6	21	1585	658	20	11	96.821945	to
5	1	13	1	6	22	1613	654	118	15	89.554604	corroborate
5	1	13	1	6	23	1741	654	26	15	73.766144	its
5	1	13	1	6	24	1775	659	40	10	92.690651	ows
5	1	13	1	6	25	1823	654	122	17	45.479927	coasistency.
5	1	13	1	6	26	1955	654	39	14	96.571182	The
5	1	13	1	6	27	2002	655	100	19	83.673416	Theorem
5	1	13	1	6	28	2092	644	14	40	92.513947	3
5	1	13	1	6	29	2106	642	23	39	92.312363	of
5	1	13	1	6	30	2142	646	36	29	95.191360	[47]
5	1	13	1	6	31	2207	651	76	16	50.809341	indicated
4	1	13	1	7	0	335	666	1949	30	-1	
5	1	13	1	7	1	335	666	66	22	10.817276	CEA)
5	1	13	1	7	2	412	671	16	15	45.633087	te
5	1	13	1	7	3	438	677	11	10	15.287079	w
5	1	13	1	7	4	458	673	146	19	30.129898	self-juctifying
5	1	13	1	7	5	611	674	103	14	86.045807	fermaliam
5	1	13	1	7	6	722	672	40	15	95.754402	that
5	1	13	1	7	7	772	668	69	15	54.245396	verifies
5	1	13	1	7	8	1016	671	120	23	29.814972	Semelatency,
5	1	13	1	7	9	1149	677	19	14	96.868462	In
5	1	13	1	7	10	1178	682	79	12	75.431679	essence,
5	1	13	1	7	11	1266	676	84	20	0.000000	ISCE(f)
5	1	13	1	7	12	1361	677	65	14	45.360451	evades
5	1	13	1	7	13	1436	677	31	14	92.790741	the
5	1	13	1	7	14	1478	674	159	17	37.085724	Pudidk-Solovay
5	1	13	1	7	15	1646	674	71	14	96.795418	variant
5	1	13	1	7	16	1726	673	22	15	96.917267	of
5	1	13	1	7	17	1756	673	31	15	96.729790	the
5	1	13	1	7	18	1797	673	69	15	93.288651	Second
5	1	13	1	7	19	1877	673	152	18	85.697891	Incompletencss
5	1	13	1	7	20	2038	675	81	17	86.588326	Theerem
5	1	13	1	7	21	2130	677	81	13	95.311424	because
5	1	13	1	7	22	2221	672	16	15	76.939384	it
5	1	13	1	7	23	2247	671	37	14	43.500053	iso
2	1	14	0	0	0	312	692	1973	38	-1	
3	1	14	1	0	0	312	692	1973	38	-1	
4	1	14	1	1	0	312	692	1973	33	-1	
5	1	14	1	1	1	312	698	95	21	0.000000	TYPeNS
5	1	14	1	1	2	416	709	81	13	45.213463	aystem.
5	1	14	1	1	3	512	708	25	13	93.078499	At
5	1	14	1	1	4	546	708	32	13	93.078499	the
5	1	14	1	1	5	588	712	52	9	94.379066	same
5	1	14	1	1	6	649	707	53	16	77.328178	time,
5	1	14	1	1	7	712	706	29	14	96.832932	the
5	1	14	1	1	8	751	703	84	16	61.913506	Theorem
5	1	14	1	1	9	846	700	9	13	93.014488	4
5	1	14	1	1	10	865	696	47	16	92.310562	frow
5	1	14	1	1	11	923	694	35	21	92.237206	[47]
5	1	14	1	1	12	969	696	139	26	70.384262	demonstrated
5	1	14	1	1	13	1119	709	41	15	88.475105	that
5	1	14	1	1	14	1170	710	16	15	49.850906	if
5	1	14	1	1	15	1192	715	35	9	49.850906	one
5	1	14	1	1	16	1237	710	43	14	96.255951	used
5	1	14	1	1	17	1291	715	23	9	96.310699	an
5	1	14	1	1	18	1325	710	89	15	92.541779	alternate
5	1	14	1	1	19	1425	710	62	15	55.084133	paming
5	1	14	1	1	20	1510	707	118	17	41.756824	comveation,
5	1	14	1	1	21	1638	707	59	14	88.018791	where
5	1	14	1	1	22	1706	711	34	13	45.778053	aay
5	1	14	1	1	23	1759	703	28	18	58.279091	Cf
5	1	14	1	1	24	1800	706	64	18	87.290085	equale
5	1	14	1	1	25	1882	692	64	29	0.000000	g2-?
5	1	14	1	1	26	1968	707	51	14	36.523964	nen
5	1	14	1	1	27	2032	708	10	16	15.660645	37>
5	1	14	1	1	28	2075	711	9	13	15.660645	2,
5	1	14	1	1	29	2104	710	44	14	94.060661	then
5	1	14	1	1	30	2161	707	33	14	95.897133	the
5	1	14	1	1	31	2204	705	50	14	95.897133	force
5	1	14	1	1	32	2264	703	21	15	96.909889	of
4	1	14	1	2	0	1490	708	605	22	-1	
5	1	14	1	2	1	1490	714	11	14	22.156250	s
5	1	14	1	2	2	1775	714	10	16	61.232590	3
5	1	14	1	2	3	2051	708	44	20	95.145905	22,
2	1	15	0	0	0	314	722	1970	56	-1	
3	1	15	1	0	0	314	722	1970	52	-1	
4	1	15	1	1	0	314	722	1970	37	-1	
5	1	15	1	1	1	314	727	33	16	93.296295	the
5	1	15	1	1	2	357	730	72	17	41.117477	Seoead
5	1	15	1	1	3	441	734	160	15	12.568558	lncompleteaces
5	1	15	1	1	4	610	734	91	15	92.986153	Theorem
5	1	15	1	1	5	711	731	55	16	76.269684	weald
5	1	15	1	1	6	776	732	67	13	52.325325	return,
5	1	15	1	1	7	854	730	38	11	89.910614	even
5	1	15	1	1	8	900	724	60	18	30.367287	though
5	1	15	1	1	9	969	725	27	15	93.716110	the
5	1	15	1	1	10	1003	720	36	38	51.995232	204
5	1	15	1	1	11	1047	720	84	38	46.149696	formation
5	1	15	1	1	12	1144	738	13	13	78.298927	is
5	1	15	1	1	13	1262	722	65	37	8.497276	erithm
5	1	15	1	1	14	1530	736	22	14	44.583199	47]'e
5	1	15	1	1	15	1598	733	130	16	84.630173	generalisation
5	1	15	1	1	16	1740	733	21	14	96.926613	of
5	1	15	1	1	17	1769	733	32	14	96.843636	the
5	1	15	1	1	18	1811	733	69	14	93.305145	Second
5	1	15	1	1	19	1891	734	151	17	68.278954	Incompletencss
5	1	15	1	1	20	2050	736	25	14	83.571350	Th
5	1	15	1	1	21	2146	733	38	16	95.168510	will
5	1	15	1	1	22	2195	732	57	18	84.415825	apply
5	1	15	1	1	23	2263	734	21	11	96.217361	to
4	1	15	1	2	0	314	731	1820	47	-1	
5	1	15	1	2	1	314	748	82	19	0.000000	OWltinge
5	1	15	1	2	2	406	752	61	14	96.398994	where
5	1	15	1	2	3	478	735	33	43	75.906235	eae
5	1	15	1	2	4	521	735	83	43	95.314995	replaces
5	1	15	1	2	5	614	753	93	17	64.721878	Equation
5	1	15	1	2	6	716	750	43	19	42.485142	(4)'s
5	1	15	1	2	7	768	746	78	17	93.192299	additive
5	1	15	1	2	8	855	743	74	18	48.898849	aaming
5	1	15	1	2	9	937	746	112	18	85.884064	Convention
5	1	15	1	2	10	1059	752	43	15	95.857117	with
5	1	15	1	2	11	1113	741	45	31	0.000000	(Bye
5	1	15	1	2	12	1165	734	172	44	0.000000	settilaticctioe
5	1	15	1	2	13	1351	738	48	32	40.676483	Naa
5	1	15	1	2	14	1409	731	102	47	30.236099	particulars
5	1	15	1	2	15	1526	735	76	34	21.659019	ee
5	1	15	1	2	16	2077	741	57	10	0.000000	re
2	1	16	0	0	0	1638	580	31	10	-1	
3	1	16	1	0	0	1638	580	31	10	-1	
4	1	16	1	1	0	1638	580	31	10	-1	
5	1	16	1	1	1	1638	580	31	10	95.000000	 
2	1	17	0	0	0	1235	667	33	5	-1	
3	1	17	1	0	0	1235	667	33	5	-1	
4	1	17	1	1	0	1235	667	33	5	-1	
5	1	17	1	1	1	1235	667	33	5	95.000000	 
2	1	18	0	0	0	1352	716	31	9	-1	
3	1	18	1	0	0	1352	716	31	9	-1	
4	1	18	1	1	0	1352	716	31	9	-1	
5	1	18	1	1	1	1352	716	31	9	95.000000	 
2	1	19	0	0	0	1384	743	10	9	-1	
3	1	19	1	0	0	1384	743	10	9	-1	
4	1	19	1	1	0	1384	743	10	9	-1	
5	1	19	1	1	1	1384	743	10	9	95.000000	 
2	1	20	0	0	0	1183	805	1098	31	-1	
3	1	20	1	0	0	1183	805	1098	31	-1	
4	1	20	1	1	0	1183	805	1098	31	-1	
5	1	20	1	1	1	1183	811	45	14	77.333084	Mult
5	1	20	1	1	2	1235	808	51	27	36.546700	(Cf.
5	1	20	1	1	3	1297	808	41	28	71.044083	CF.
5	1	20	1	1	4	1349	808	70	28	0.000000	CF4,)
5	1	20	1	1	5	2252	805	29	19	42.647125	(3)
2	1	21	0	0	0	787	862	7	4	-1	
3	1	21	1	0	0	787	862	7	4	-1	
4	1	21	1	1	0	787	862	7	4	-1	
5	1	21	1	1	1	787	862	7	4	95.000000	 
2	1	22	0	0	0	317	858	1964	102	-1	
3	1	22	1	0	0	317	858	1964	73	-1	
4	1	22	1	1	0	371	858	1910	27	-1	
5	1	22	1	1	1	371	864	17	15	41.548225	Tt
5	1	22	1	1	2	398	868	55	13	17.249458	Lures
5	1	22	1	1	3	462	870	35	11	87.991241	owt
5	1	22	1	1	4	507	866	43	15	74.063797	that
5	1	22	1	1	5	561	867	14	15	83.242134	if
5	1	22	1	1	6	583	872	11	9	42.487164	a
5	1	22	1	1	7	604	866	64	15	95.829292	reader
5	1	22	1	1	8	678	865	63	14	95.480568	wishes
5	1	22	1	1	9	749	866	20	11	73.250504	te
5	1	22	1	1	10	794	866	42	9	81.795692	glance
5	1	22	1	1	11	845	863	19	11	96.778511	at
5	1	22	1	1	12	872	864	33	10	94.372627	our
5	1	22	1	1	13	915	859	65	15	94.372627	article
5	1	22	1	1	14	991	858	44	21	53.637810	[47],
5	1	22	1	1	15	1044	863	44	16	80.506874	them
5	1	22	1	1	16	1099	866	22	14	96.230232	he
5	1	22	1	1	17	1130	872	32	10	93.974037	can
5	1	22	1	1	18	1172	868	58	14	93.974037	afford
5	1	22	1	1	19	1240	871	20	12	94.571213	to
5	1	22	1	1	20	1269	869	49	14	29.782478	entirely
5	1	22	1	1	21	1342	870	39	13	92.592041	omit
5	1	22	1	1	22	1388	869	24	14	69.668304	Ite
5	1	22	1	1	23	1421	869	71	16	89.850792	Section
5	1	22	1	1	24	1503	869	10	14	55.688931	§
5	1	22	1	1	25	1522	868	36	14	92.950714	and
5	1	22	1	1	26	1569	867	100	15	39.906242	Theorems
5	1	22	1	1	27	1677	867	10	13	96.064957	4
5	1	22	1	1	28	1697	866	17	14	52.245102	kc
5	1	22	1	1	29	1723	866	18	14	94.327576	5.
5	1	22	1	1	30	1753	865	47	14	83.152924	This
5	1	22	1	1	31	1809	865	14	14	62.958961	ie
5	1	22	1	1	32	1833	864	79	16	88.827492	because
5	1	22	1	1	33	1921	867	31	15	96.518036	the
5	1	22	1	1	34	1960	867	62	17	88.559807	latter,
5	1	22	1	1	35	2033	866	56	16	12.647903	unlike
5	1	22	1	1	36	2103	867	48	18	37.441391	[47]'e
5	1	22	1	1	37	2160	866	92	14	94.478668	Theorem
5	1	22	1	1	38	2263	865	18	15	93.679832	3,
4	1	22	1	2	0	317	878	1963	27	-1	
5	1	22	1	2	1	317	884	30	11	72.299088	are
5	1	22	1	2	2	358	884	99	16	85.243324	warelated
5	1	22	1	2	3	467	888	22	12	96.480339	to
5	1	22	1	2	4	499	886	33	14	93.244370	the
5	1	22	1	2	5	541	886	55	17	73.640030	preef
5	1	22	1	2	6	603	886	21	14	93.241051	of
5	1	22	1	2	7	634	886	15	14	76.851028	P
5	1	22	1	2	8	658	886	16	16	0.000000	#
5	1	22	1	2	9	683	884	43	15	92.884407	NP.
5	1	22	1	2	10	737	880	69	17	56.300396	Indeed,
5	1	22	1	2	11	815	880	7	14	55.396576	1
5	1	22	1	2	12	830	878	57	15	59.566254	would
5	1	22	1	2	13	896	878	117	15	95.030945	recommend
5	1	22	1	2	14	1023	880	42	25	85.278831	that
5	1	22	1	2	15	1075	883	80	19	95.114746	readers,
5	1	22	1	2	16	1164	885	96	15	96.136917	interested
5	1	22	1	2	17	1269	886	19	15	86.773392	in
5	1	22	1	2	18	1299	887	67	18	48.975151	maloly
5	1	22	1	2	19	1374	888	46	13	42.052570	NP's
5	1	22	1	2	20	1428	886	169	16	94.759216	characterisation,
5	1	22	1	2	21	1608	885	73	17	86.691093	intially
5	1	22	1	2	22	1689	883	47	15	93.212555	emit
5	1	22	1	2	23	1746	882	54	20	38.934231	[47]'s
5	1	22	1	2	24	1808	883	73	16	93.305229	Section
5	1	22	1	2	25	1891	885	11	14	75.451889	&
5	1	22	1	2	26	1911	886	35	14	92.643730	and
5	1	22	1	2	27	1955	886	25	14	93.204330	its
5	1	22	1	2	28	1987	885	96	15	82.128517	Theorema
5	1	22	1	2	29	2092	874	9	36	92.342995	4
5	1	22	1	2	30	2109	886	17	14	77.124924	&
5	1	22	1	2	31	2135	885	12	14	94.848587	5
5	1	22	1	2	32	2157	884	81	14	82.708008	because
5	1	22	1	2	33	2248	882	32	15	96.895317	the
4	1	22	1	3	0	317	894	986	41	-1	
5	1	22	1	3	1	317	898	57	18	92.495995	latter
5	1	22	1	3	2	385	903	76	16	91.015732	involve
5	1	22	1	3	3	468	910	12	9	12.037109	@
5	1	22	1	3	4	490	905	125	17	96.453766	complicated
5	1	22	1	3	5	639	904	40	15	65.945953	proof
5	1	22	1	3	6	688	903	40	15	95.898872	that
5	1	22	1	3	7	738	902	14	14	72.841240	fe
5	1	22	1	3	8	760	900	52	15	85.920990	ultim:
5	1	22	1	3	9	826	894	35	41	67.358780	ely
5	1	22	1	3	10	868	897	94	15	18.163071	unrelated
5	1	22	1	3	11	974	900	21	11	93.079422	to
5	1	22	1	3	12	1005	898	48	15	44.826351	NP‘s
5	1	22	1	3	13	1061	900	127	19	88.898163	fundamental
5	1	22	1	3	14	1197	905	106	17	45.893246	properties,
3	1	22	2	0	0	318	916	1962	44	-1	
4	1	22	2	1	0	372	916	1908	26	-1	
5	1	22	2	1	1	372	922	16	13	96.427055	A
5	1	22	2	1	2	398	924	86	15	94.589630	peculiar
5	1	22	2	1	3	494	926	66	15	88.575859	aspect
5	1	22	2	1	4	570	924	21	14	96.881363	of
5	1	22	2	1	5	599	922	30	20	88.193939	[47]
5	1	22	2	1	6	647	923	16	14	71.401611	in
5	1	22	2	1	7	672	922	41	14	79.561462	that
5	1	22	2	1	8	723	921	15	14	65.484070	it
5	1	22	2	1	9	747	920	41	14	78.381325	doce
5	1	22	2	1	10	797	921	70	11	0.000000	ematain
5	1	22	2	1	11	877	921	34	9	92.212418	ons
5	1	22	2	1	12	921	916	53	14	96.589912	other
5	1	22	2	1	13	985	916	66	18	57.061691	result,
5	1	22	2	1	14	1061	919	43	15	95.079117	that
5	1	22	2	1	15	1115	925	25	10	94.906822	we
5	1	22	2	1	16	1150	922	77	18	96.478561	recently
5	1	22	2	1	17	1239	922	101	16	87.691200	discovered
5	1	22	2	1	18	1350	927	21	11	94.676697	to
5	1	22	2	1	19	1380	924	22	14	93.956642	be
5	1	22	2	1	20	1411	924	66	15	93.956642	crucial
5	1	22	2	1	21	1487	924	26	14	92.868980	for
5	1	22	2	1	22	1525	923	75	18	62.560562	proving
5	1	22	2	1	23	1611	923	14	13	91.250298	P
5	1	22	2	1	24	1636	922	15	17	59.624756	yt
5	1	22	2	1	25	1663	922	37	14	83.930138	NP
5	1	22	2	1	26	1711	931	4	7	83.930138	,
5	1	22	2	1	27	1725	921	90	17	95.706009	although
5	1	22	2	1	28	1827	925	25	10	96.825203	we
5	1	22	2	1	29	1862	922	104	19	89.834717	previously
5	1	22	2	1	30	1975	922	93	20	23.486855	presumed
5	1	22	2	1	31	2076	923	91	15	96.648972	Theorem
5	1	22	2	1	32	2177	922	11	13	96.741653	6
5	1	22	2	1	33	2199	925	36	8	95.734772	was
5	1	22	2	1	34	2246	922	34	11	96.544319	too
4	1	22	2	2	0	318	934	1148	26	-1	
5	1	22	2	2	1	318	940	113	15	0.000000	specialived
5	1	22	2	2	2	442	942	28	14	76.016640	for
5	1	22	2	2	3	480	942	17	14	38.584934	it
5	1	22	2	2	4	507	945	21	11	92.045357	te
5	1	22	2	2	5	537	942	45	15	56.707153	have
5	1	22	2	2	6	592	947	19	9	96.000465	much
5	1	22	2	2	7	655	940	121	18	87.615257	significance.
5	1	22	2	2	8	787	938	25	14	82.069283	Ite
5	1	22	2	2	9	821	934	198	16	47.414406	awkward-but-useful
5	1	22	2	2	10	1029	935	102	18	42.267570	formaliom
5	1	22	2	2	11	1140	939	79	16	87.856010	involves
5	1	22	2	2	12	1228	940	30	14	93.261337	the
5	1	22	2	2	13	1267	940	90	20	67.938614	followlag
5	1	22	2	2	14	1365	942	101	15	95.311974	definition:
2	1	23	0	0	0	819	914	10	18	-1	
3	1	23	1	0	0	819	914	10	18	-1	
4	1	23	1	1	0	819	914	10	18	-1	
5	1	23	1	1	1	819	914	10	18	95.000000	 
2	1	24	0	0	0	320	985	1959	53	-1	
3	1	24	1	0	0	320	985	1959	53	-1	
4	1	24	1	1	0	358	985	1921	25	-1	
5	1	24	1	1	1	358	990	118	17	9.710068	Definition
5	1	24	1	1	2	485	994	33	13	93.550537	0.5
5	1	24	1	1	3	538	992	34	15	94.539627	Let
5	1	24	1	1	4	583	998	21	9	94.539627	us
5	1	24	1	1	5	615	997	74	9	37.791786	assume
5	1	24	1	1	6	698	991	40	14	92.977524	that
5	1	24	1	1	7	749	995	13	8	60.699486	@
5	1	24	1	1	8	772	988	16	15	64.606331	ie
5	1	24	1	1	9	796	992	22	10	71.026764	an
5	1	24	1	1	10	828	987	58	14	14.295059	aziom
5	1	24	1	1	11	895	989	69	14	61.165882	system
5	1	24	1	1	12	974	985	43	14	93.200935	that
5	1	24	1	1	13	1028	987	87	14	18.592224	comtaine
5	1	24	1	1	14	1125	994	10	8	81.707283	»
5	1	24	1	1	15	1147	990	115	13	94.866814	Predecessor
5	1	24	1	1	16	1274	990	79	15	96.467667	function
5	1	24	1	1	17	1364	992	75	18	68.539742	eymbol,
5	1	24	1	1	18	1449	992	57	15	93.086288	where
5	1	24	1	1	19	1517	991	77	18	81.060669	Pred(s)
5	1	24	1	1	20	1609	995	15	8	71.298111	=
5	1	24	1	1	21	1631	989	60	19	57.998886	Min(#
5	1	24	1	1	22	1701	997	15	3	78.728363	—
5	1	24	1	1	23	1725	990	51	18	78.728363	1,0),
5	1	24	1	1	24	1787	994	21	9	93.329414	as
5	1	24	1	1	25	1818	991	40	14	96.317146	well
5	1	24	1	1	26	1868	997	20	8	91.508606	as
5	1	24	1	1	27	1898	994	84	14	0.000000	contains
5	1	24	1	1	28	1992	998	11	9	64.174904	a
5	1	24	1	1	29	2012	993	81	14	71.248360	constant
5	1	24	1	1	30	2104	989	74	19	84.940018	symbol
5	1	24	1	1	31	2198	989	26	19	34.624596	Cy
5	1	24	1	1	32	2251	989	28	14	95.083458	for
4	1	24	1	2	0	320	1009	1959	29	-1	
5	1	24	1	2	1	320	1020	130	17	21.501495	Cepresenting
5	1	24	1	2	2	459	1020	33	13	96.212677	the
5	1	24	1	2	3	503	1020	53	14	68.199982	value
5	1	24	1	2	4	565	1020	42	15	57.933838	“1".
5	1	24	1	2	5	618	1020	52	16	94.580139	Also,
5	1	24	1	2	6	678	1019	27	14	96.795113	let
5	1	24	1	2	7	713	1009	54	23	6.757317	Predd
5	1	24	1	2	8	771	1016	29	18	0.000000	(w)
5	1	24	1	2	9	808	1016	64	14	19.315224	dencte
5	1	24	1	2	10	880	1019	10	9	20.531151	«
5	1	24	1	2	11	898	1013	102	15	75.911583	functional
5	1	24	1	2	12	1008	1013	99	17	96.372055	operation
5	1	24	1	2	13	1119	1015	39	15	96.887115	that
5	1	24	1	2	14	1167	1017	80	14	79.464287	consists
5	1	24	1	2	15	1255	1017	20	14	93.305115	of
5	1	24	1	2	16	1281	1016	9	18	64.346710	j
5	1	24	1	2	17	1300	1017	92	16	92.683258	iterations
5	1	24	1	2	18	1400	1019	19	14	96.511421	of
5	1	24	1	2	19	1425	1019	42	14	84.407104	auch
5	1	24	1	2	20	1477	1025	11	8	55.734200	«
5	1	24	1	2	21	1496	1019	113	18	94.246536	predecessor
5	1	24	1	2	22	1617	1017	83	15	96.553413	function
5	1	24	1	2	23	1709	1016	44	19	77.761566	(c.g.
5	1	24	1	2	24	1765	1017	38	14	96.586761	this
5	1	24	1	2	25	1812	1019	85	14	96.636551	notation
5	1	24	1	2	26	1907	1020	72	18	0.000000	implica
5	1	24	1	2	27	1987	1020	41	15	92.531937	that
5	1	24	1	2	28	2040	1019	12	13	82.813881	&
5	1	24	1	2	29	2064	1019	15	14	59.694344	is
5	1	24	1	2	30	2087	1019	30	14	95.055344	the
5	1	24	1	2	31	2160	1022	37	13	58.718452	que
5	1	24	1	2	32	2206	1016	73	19	17.053741	integer
2	1	25	0	0	0	320	1038	1959	43	-1	
3	1	25	1	0	0	320	1038	1959	43	-1	
4	1	25	1	1	0	320	1038	1959	23	-1	
5	1	25	1	1	1	320	1042	44	16	34.797836	Chat
5	1	25	1	1	2	397	1045	39	14	25.983246	eatiafies
5	1	25	1	1	3	468	1046	21	14	95.859741	the
5	1	25	1	1	4	512	1046	67	14	79.706406	identity
5	1	25	1	1	5	610	1038	115	22	0.000000	Pred*—1(b)
5	1	25	1	1	6	748	1048	15	9	26.467888	©
5	1	25	1	1	7	775	1042	16	16	56.031612	Cy
5	1	25	1	1	8	819	1041	15	18	46.771774	).
5	1	25	1	1	9	844	1041	50	15	78.714401	Then
5	1	25	1	1	10	912	1045	13	9	68.129974	a
5	1	25	1	1	11	944	1039	36	15	87.996910	will
5	1	25	1	1	12	988	1039	24	14	94.827850	be
5	1	25	1	1	13	1021	1039	41	14	82.873466	seid
5	1	25	1	1	14	1073	1042	21	11	83.550194	te
5	1	25	1	1	15	1104	1045	71	12	40.964603	possess
5	1	25	1	1	16	1186	1043	72	14	64.143463	Infinte
5	1	25	1	1	17	1269	1044	36	13	80.406464	Far
5	1	25	1	1	18	1314	1044	65	14	64.176987	Resch
5	1	25	1	1	19	1388	1045	20	14	88.776405	iff
5	1	25	1	1	20	1416	1045	19	15	96.456955	there
5	1	25	1	1	21	1496	1045	23	14	88.462936	existe
5	1	25	1	1	22	1542	1025	46	45	74.366837	some
5	1	25	1	1	23	1595	1025	45	45	82.265686	finite
5	1	25	1	1	24	1648	1044	53	14	33.552513	rubect
5	1	25	1	1	25	1711	1025	19	45	96.811180	of
5	1	25	1	1	26	1741	1044	27	13	71.363693	ae
5	1	25	1	1	27	1776	1046	29	12	75.029785	eet
5	1	25	1	1	28	1816	1025	19	45	86.963249	of
5	1	25	1	1	29	1846	1025	64	45	94.477150	proper
5	1	25	1	1	30	1943	1048	5	4	69.596367	axioms,
5	1	25	1	1	31	2015	1045	46	15	96.618279	called
5	1	25	1	1	32	2162	1044	22	14	86.629868	ch
5	1	25	1	1	33	2195	1043	43	14	92.777916	that
5	1	25	1	1	34	2249	1043	30	14	92.777916	for
4	1	25	1	2	0	321	1044	1808	37	-1	
5	1	25	1	2	1	317	1040	59	47	0.000000	wraty
5	1	25	1	2	2	391	1040	67	47	0.000000	tntegee
5	1	25	1	2	3	469	1051	56	27	14.148193	Lh
5	1	25	1	2	4	532	1051	60	27	22.110817	Trees
5	1	25	1	2	5	597	1066	71	15	0.000000	epclecem
5	1	25	1	2	6	677	1068	12	13	62.305252	7
5	1	25	1	2	7	700	1044	16	33	34.977615	ts
5	1	25	1	2	8	723	1044	101	34	0.000000	dapableiet
5	1	25	1	2	9	831	1060	73	17	79.316719	proving
5	1	25	1	2	10	912	1058	45	19	48.713398	(0)'s
5	1	25	1	2	11	966	1057	91	15	43.404926	Invariant
5	1	25	1	2	12	1067	1057	52	19	92.316910	(that
5	1	25	1	2	13	1130	1060	105	18	36.892029	inteltively
5	1	25	1	2	14	1244	1063	57	12	42.046818	atatec
5	1	25	1	2	15	1310	1061	30	14	96.530548	the
5	1	25	1	2	16	1350	1062	64	18	58.150032	Integer
5	1	25	1	2	17	1423	1050	88	31	0.000000	auentiiy
5	1	25	1	2	18	1519	1050	10	26	0.000000	&
5	1	25	1	2	19	1537	1050	49	27	88.904938	docs
5	1	25	1	2	20	1595	1061	64	19	0.000000	oeiat).
5	1	25	1	2	21	1877	1050	32	13	87.587364	per
5	1	25	1	2	22	1919	1052	78	12	80.739555	axioms,
5	1	25	1	2	23	2004	1052	10	8	94.400497	called
5	1	25	1	2	24	2070	1050	30	13	67.089386	say
5	1	25	1	2	25	2109	1049	20	14	47.613758	7,
2	1	26	0	0	0	1178	1102	1099	61	-1	
3	1	26	1	0	0	1178	1102	1099	61	-1	
4	1	26	1	1	0	1178	1102	1099	61	-1	
5	1	26	1	1	1	1178	1119	32	14	64.728157	ae
5	1	26	1	1	2	1238	1111	119	27	0.000000	Pred*—'a)
5	1	26	1	1	3	1375	1125	14	8	74.713608	=
5	1	26	1	1	4	1405	1122	23	19	47.455681	Cy
5	1	26	1	1	5	2163	1102	31	61	92.629723	\
5	1	26	1	1	6	2246	1119	31	19	82.954918	(6)
2	1	27	0	0	0	324	1167	1953	171	-1	
3	1	27	1	0	0	324	1167	1953	115	-1	
4	1	27	1	1	0	377	1167	1900	41	-1	
5	1	27	1	1	1	377	1172	42	14	93.859299	The
5	1	27	1	1	2	426	1172	94	15	51.588486	Theorem
5	1	27	1	1	3	528	1173	12	14	93.591133	6
5	1	27	1	1	4	546	1173	22	13	92.766495	of
5	1	27	1	1	5	573	1167	37	41	28.483498	{7}
5	1	27	1	1	6	617	1172	61	14	95.182449	shows
5	1	27	1	1	7	685	1172	16	14	95.571182	it
5	1	27	1	1	8	708	1172	17	14	52.258430	ia
5	1	27	1	1	9	731	1170	78	19	95.240784	possible
5	1	27	1	1	10	815	1173	20	12	79.141701	te
5	1	27	1	1	11	841	1172	90	13	0.000000	eoastruct
5	1	27	1	1	12	939	1168	204	15	89.451935	awkward-but-viable
5	1	27	1	1	13	1150	1169	28	22	80.453903	cel!
5	1	27	1	1	14	1233	1169	57	18	77.022644	ifying
5	1	27	1	1	15	1297	1170	110	15	57.326283	arithmetics
5	1	27	1	1	16	1413	1171	42	14	96.635887	with
5	1	27	1	1	17	1461	1171	70	15	96.132545	infinite
5	1	27	1	1	18	1538	1172	27	14	95.372322	far
5	1	27	1	1	19	1573	1170	51	15	96.255341	reach
5	1	27	1	1	20	1632	1171	41	14	96.405396	that
5	1	27	1	1	21	1680	1175	31	10	96.414581	are
5	1	27	1	1	22	1717	1167	77	40	3.596695	copeble
5	1	27	1	1	23	1797	1167	22	29	88.299828	ef
5	1	27	1	1	24	1826	1171	139	20	95.718399	corroborating
5	1	27	1	1	25	1974	1173	47	15	95.718399	their
5	1	27	1	1	26	2029	1177	38	9	43.847893	own
5	1	27	1	1	27	2074	1172	72	14	96.361725	Hilbert
5	1	27	1	1	28	2155	1171	122	17	57.064659	consistency
4	1	27	1	2	0	324	1186	1952	22	-1	
5	1	27	1	2	1	324	1189	38	14	84.075867	and
5	1	27	1	2	2	372	1190	80	18	95.037331	proving
5	1	27	1	2	3	460	1191	33	14	96.153427	the
5	1	27	1	2	4	503	1191	79	17	95.549149	validity
5	1	27	1	2	5	590	1182	18	30	95.880562	of
5	1	27	1	2	6	617	1191	25	13	94.594437	all
5	1	27	1	2	7	650	1190	22	15	93.244408	of
5	1	27	1	2	8	678	1191	62	13	85.890045	Peane
5	1	27	1	2	9	748	1189	115	14	65.420776	Arithmeties
5	1	27	1	2	10	870	1189	27	19	0.000000	1,
5	1	27	1	2	11	906	1188	95	16	87.997299	theorems,
5	1	27	1	2	12	1010	1186	53	18	95.927124	using
5	1	27	1	2	13	1072	1186	56	18	76.554634	again
5	1	27	1	2	14	1137	1192	12	8	28.734253	«
5	1	27	1	2	15	1157	1187	75	18	34.716309	slightly
5	1	27	1	2	16	1241	1187	86	15	95.747421	modified
5	1	27	1	2	17	1336	1188	84	17	96.230873	language
5	1	27	1	2	18	1428	1188	39	14	91.171173	that
5	1	27	1	2	19	1476	1192	53	11	89.035309	treate
5	1	27	1	2	20	1538	1189	82	14	44.988346	eddition
5	1	27	1	2	21	1628	1188	36	15	93.628906	and
5	1	27	1	2	22	1673	1188	151	18	95.574440	multiplications
5	1	27	1	2	23	1831	1194	21	9	92.175461	as
5	1	27	1	2	24	1860	1191	61	17	82.215515	3-way
5	1	27	1	2	25	1928	1191	88	14	96.241936	relations
5	1	27	1	2	26	2025	1189	67	19	96.905098	(rather
5	1	27	1	2	27	2101	1190	47	13	96.026138	than
5	1	27	1	2	28	2157	1194	22	9	96.453522	as
5	1	27	1	2	29	2188	1189	88	14	95.982971	function
4	1	27	1	3	0	325	1206	1951	21	-1	
5	1	27	1	3	1	325	1208	123	19	75.836502	primitives).
5	1	27	1	3	2	465	1210	22	14	90.623528	Im
5	1	27	1	3	3	499	1209	110	18	92.264969	particular,
5	1	27	1	3	4	629	1208	47	19	15.662552	[47]'e
5	1	27	1	3	5	687	1209	61	15	89.228683	ISINF
5	1	27	1	3	6	757	1208	97	15	26.656349	fermeliom
5	1	27	1	3	7	863	1212	33	9	95.131531	cam
5	1	27	1	3	8	907	1207	70	14	92.976578	achieve
5	1	27	1	3	9	988	1206	36	15	95.899567	this
5	1	27	1	3	10	1035	1208	90	15	95.967628	property
5	1	27	1	3	11	1138	1206	78	15	95.662369	without
5	1	27	1	3	12	1227	1206	89	18	96.180847	violating
5	1	27	1	3	13	1327	1206	30	14	93.298798	the
5	1	27	1	3	14	1368	1207	146	18	63.432049	Pudiék-Solovey
5	1	27	1	3	15	1523	1208	70	14	96.273140	version
5	1	27	1	3	16	1603	1208	20	14	76.895554	ef
5	1	27	1	3	17	1631	1208	32	14	96.430061	the
5	1	27	1	3	18	1674	1207	68	15	45.267006	Second
5	1	27	1	3	19	1754	1208	153	17	85.548393	Incompletenses
5	1	27	1	3	20	1917	1210	90	14	95.912506	Theorem
5	1	27	1	3	21	2018	1209	75	14	96.055779	because
5	1	27	1	3	22	2104	1208	15	15	90.184273	it
5	1	27	1	3	23	2131	1208	17	14	91.041801	is
5	1	27	1	3	24	2159	1214	11	8	87.402283	a
5	1	27	1	3	25	2181	1208	95	17	91.846207	Type-NS
4	1	27	1	4	0	325	1223	1951	22	-1	
5	1	27	1	4	1	325	1226	114	18	46.631569	farmalicen,
5	1	27	1	4	2	447	1228	89	17	76.887245	formally
5	1	27	1	4	3	545	1227	41	15	61.946426	ines;
5	1	27	1	4	4	650	1227	23	14	89.157021	of
5	1	27	1	4	5	680	1227	89	17	95.536758	verifying
5	1	27	1	4	6	776	1231	35	12	95.445480	any
5	1	27	1	4	7	819	1226	19	14	94.991241	of
5	1	27	1	4	8	846	1225	30	15	96.921570	the
5	1	27	1	4	9	884	1225	103	17	52.006855	operations
5	1	27	1	4	10	995	1225	20	14	95.422211	of
5	1	27	1	4	11	1022	1224	106	16	94.425232	Successor,
5	1	27	1	4	12	1139	1224	89	15	96.583817	Addition
5	1	27	1	4	13	1236	1229	20	10	96.861572	or
5	1	27	1	4	14	1266	1223	140	18	96.568161	Multiplication
5	1	27	1	4	15	1416	1230	28	9	95.683029	are
5	1	27	1	4	16	1453	1226	44	14	77.946396	total
5	1	27	1	4	17	1506	1226	96	14	14.490547	fusctioas.
5	1	27	1	4	18	1613	1226	98	16	95.956352	Moreover,
5	1	27	1	4	19	1720	1225	38	14	82.327148	thie
5	1	27	1	4	20	1768	1226	80	15	28.263733	“ISINF”
5	1	27	1	4	21	1858	1226	48	15	83.384178	clase
5	1	27	1	4	22	1915	1228	22	13	96.864128	of
5	1	27	1	4	23	1943	1227	110	15	54.936069	formalisms
5	1	27	1	4	24	2061	1227	31	14	95.557991	has
5	1	27	1	4	25	2101	1232	11	9	54.507519	a
5	1	27	1	4	26	2122	1225	154	17	95.160637	fundamentally
4	1	27	1	5	0	324	1242	1951	22	-1	
5	1	27	1	5	1	324	1244	90	15	59.765121	different
5	1	27	1	5	2	425	1248	93	15	47.086418	anatomy
5	1	27	1	5	3	528	1246	48	14	0.000000	fren
5	1	27	1	5	4	605	1245	36	19	54.175858	[47]‘s
5	1	27	1	5	5	651	1245	91	15	62.030434	alternate
5	1	27	1	5	6	754	1244	70	15	72.088501	“ISCE™
5	1	27	1	5	7	837	1244	67	14	94.931633	variant
5	1	27	1	5	8	914	1244	20	14	93.305855	of
5	1	27	1	5	9	941	1242	136	19	55.183975	oclf-justifying
5	1	27	1	5	10	1088	1242	59	18	88.449486	logice
5	1	27	1	5	11	1157	1242	78	14	68.570969	because
5	1	27	1	5	12	1247	1242	31	14	96.948921	the
5	1	27	1	5	13	1288	1242	54	14	95.213242	latter
5	1	27	1	5	14	1353	1247	41	9	53.120708	veces
5	1	27	1	5	15	1403	1247	21	9	92.049438	an
5	1	27	1	5	16	1436	1244	58	16	94.821198	infinite
5	1	27	1	5	17	1502	1244	90	14	42.274551	number
5	1	27	1	5	18	1573	1236	17	32	94.859665	of
5	1	27	1	5	19	1599	1244	82	14	44.145626	different
5	1	27	1	5	20	1693	1244	91	14	83.259483	instances
5	1	27	1	5	21	1793	1244	22	14	96.318016	of
5	1	27	1	5	22	1823	1244	30	14	95.689667	the
5	1	27	1	5	23	1864	1245	61	14	95.689667	axiom
5	1	27	1	5	24	1936	1245	73	15	61.965363	scheme
5	1	27	1	5	25	2019	1244	28	19	96.222511	(4)
5	1	27	1	5	26	2058	1247	19	12	96.303986	to
5	1	27	1	5	27	2086	1247	98	12	96.632500	construct
5	1	27	1	5	28	2196	1244	33	14	96.985413	the
5	1	27	1	5	29	2241	1244	34	14	95.814133	full
4	1	27	1	6	0	325	1263	271	19	-1	
5	1	27	1	6	1	325	1263	78	15	81.889725	infinite
5	1	27	1	6	2	411	1269	34	9	58.435928	range
5	1	27	1	6	3	478	1265	23	14	95.624100	of
5	1	27	1	6	4	508	1265	88	17	74.840622	integers.
3	1	27	2	0	0	327	1270	1949	50	-1	
4	1	27	2	1	0	379	1270	1897	30	-1	
5	1	27	2	1	1	379	1282	54	15	89.456482	‘Thus
5	1	27	2	1	2	444	1270	56	27	40.119789	chile
5	1	27	2	1	3	509	1287	57	13	91.967613	many
5	1	27	2	1	4	574	1284	66	16	19.426697	eapest
5	1	27	2	1	5	650	1283	22	14	96.925537	of
5	1	27	2	1	6	680	1281	36	19	93.131653	[47]
5	1	27	2	1	7	727	1282	80	15	0.000000	“ISINF~
5	1	27	2	1	8	817	1281	46	18	81.562653	style
5	1	27	2	1	9	873	1281	96	14	40.183388	fermaliam
5	1	27	2	1	10	977	1286	30	8	95.484818	are
5	1	27	2	1	11	1016	1280	90	14	95.243347	awkward
5	1	27	2	1	12	1116	1279	38	14	93.199348	and
5	1	27	2	1	13	1188	1280	154	17	90.604721	super-impractical
5	1	27	2	1	14	1353	1278	42	19	91.481201	(due
5	1	27	2	1	15	1405	1281	19	13	96.049713	to
5	1	27	2	1	16	1433	1280	29	14	96.049713	the
5	1	27	2	1	17	1472	1281	83	17	68.754883	unwieldy
5	1	27	2	1	18	1565	1280	41	18	91.204239	long
5	1	27	2	1	19	1615	1285	20	13	76.703598	proofs
5	1	27	2	1	20	1685	1280	15	15	82.850952	it
5	1	27	2	1	21	1709	1280	103	19	80.579712	preduces),
5	1	27	2	1	22	1825	1281	36	14	95.762535	thie
5	1	27	2	1	23	1871	1281	105	15	96.526482	framework
5	1	27	2	1	24	1985	1282	65	14	96.612999	differs
5	1	27	2	1	25	2059	1283	45	14	96.824783	from
5	1	27	2	1	26	2115	1282	33	13	96.888885	the
5	1	27	2	1	27	2159	1281	117	14	95.501854	alternative
4	1	27	2	2	0	327	1298	1700	22	-1	
5	1	27	2	2	1	327	1301	55	15	91.584427	ISCE
5	1	27	2	2	2	390	1302	118	14	59.323608	mechaniam
5	1	27	2	2	3	541	1312	7	7	96.862122	by,
5	1	27	2	2	4	555	1305	21	11	95.044617	at
5	1	27	2	2	5	584	1301	57	18	62.166466	least,
5	1	27	2	2	6	649	1301	83	18	71.303795	showing
5	1	27	2	2	7	739	1301	42	14	90.556137	that
5	1	27	2	2	8	789	1300	135	18	18.952187	scif-justifying
5	1	27	2	2	9	932	1300	57	14	93.372246	axiom
5	1	27	2	2	10	997	1303	78	14	90.682495	systems
5	1	27	2	2	11	1084	1298	46	15	96.863541	with
5	1	27	2	2	12	1141	1298	76	15	91.786110	Infinite
5	1	27	2	2	13	1226	1298	32	14	96.669121	Far
5	1	27	2	2	14	1267	1298	60	15	96.816109	Reach
5	1	27	2	2	15	1337	1303	29	9	93.707428	are
5	1	27	2	2	16	1375	1298	118	22	95.804420	theoretically
5	1	27	2	2	17	1502	1300	72	17	94.803635	capable
5	1	27	2	2	18	1583	1288	18	36	96.997154	of
5	1	27	2	2	19	1610	1299	92	15	73.494797	confirming
5	1	27	2	2	20	1722	1300	48	14	96.601967	their
5	1	27	2	2	21	1778	1305	40	9	90.185760	own
5	1	27	2	2	22	1826	1300	72	15	94.622719	Hilbert
5	1	27	2	2	23	1906	1301	121	18	37.102722	consistency.
3	1	27	3	0	0	381	1316	1895	22	-1	
4	1	27	3	1	0	381	1316	1895	22	-1	
5	1	27	3	1	1	381	1320	41	14	82.378120	The
5	1	27	3	1	2	430	1320	92	14	77.787056	intuition
5	1	27	3	1	3	575	1320	24	14	64.338806	ind
5	1	27	3	1	4	608	1324	36	10	85.384140	ovr
5	1	27	3	1	5	651	1320	82	18	61.489681	proof
5	1	27	3	1	6	713	1312	21	30	90.925140	of
5	1	27	3	1	7	740	1320	15	14	67.989510	P
5	1	27	3	1	8	763	1320	16	16	67.624710	yt
5	1	27	3	1	9	788	1320	36	14	91.463837	NP
5	1	27	3	1	10	826	1312	20	30	67.047974	le
5	1	27	3	1	11	854	1319	41	14	88.995255	that
5	1	27	3	1	12	903	1323	24	10	96.783676	we
5	1	27	3	1	13	935	1319	69	14	42.178074	noticed
5	1	27	3	1	14	1013	1318	39	14	96.587975	that
5	1	27	3	1	15	1060	1317	17	14	63.371586	If
5	1	27	3	1	16	1082	1317	40	14	81.761414	this
5	1	27	3	1	17	1132	1317	92	14	68.730164	invariant
5	1	27	3	1	18	1232	1321	36	9	89.283684	was
5	1	27	3	1	19	1276	1316	45	14	63.351326	falee
5	1	27	3	1	20	1328	1316	43	14	93.068947	then
5	1	27	3	1	21	1380	1322	10	8	70.664032	«
5	1	27	3	1	22	1397	1316	125	17	96.284164	hybridisation
5	1	27	3	1	23	1528	1319	20	12	96.593628	of
5	1	27	3	1	24	1555	1318	31	14	93.304596	the
5	1	27	3	1	25	1593	1318	51	14	92.681671	ISCE
5	1	27	3	1	26	1651	1318	35	13	93.016998	and
5	1	27	3	1	27	1694	1318	61	14	92.322464	ISINF
5	1	27	3	1	28	1761	1319	115	14	95.346680	frameworks
5	1	27	3	1	29	1884	1319	36	14	96.900864	will
5	1	27	3	1	30	1927	1319	81	17	93.837440	produce
5	1	27	3	1	31	2015	1325	12	8	35.197624	=
5	1	27	3	1	32	2034	1319	137	15	51.542198	eontradiation
5	1	27	3	1	33	2181	1318	95	19	95.599678	(showing
2	1	28	0	0	0	327	1339	1950	63	-1	
3	1	28	1	0	0	327	1339	1950	63	-1	
4	1	28	1	1	0	327	1339	1937	27	-1	
5	1	28	1	1	1	327	1346	45	14	77.838181	that
5	1	28	1	1	2	383	1347	32	14	87.273323	the
5	1	28	1	1	3	426	1347	96	14	55.134930	invariant
5	1	28	1	1	4	533	1348	16	13	47.320526	P
5	1	28	1	1	5	561	1351	15	8	93.531914	=
5	1	28	1	1	6	588	1347	38	14	85.932518	NP
5	1	28	1	1	7	635	1349	70	12	41.863472	casnot
5	1	28	1	1	8	716	1345	80	19	23.001968	possibly
5	1	28	1	1	9	806	1345	58	19	12.306534	held).
5	1	28	1	1	10	879	1347	19	13	56.037361	In
5	1	28	1	1	11	908	1345	95	18	95.993416	particular
5	1	28	1	1	12	1013	1344	94	19	45.568893	assuming
5	1	28	1	1	13	1116	1344	44	14	86.537064	thet
5	1	28	1	1	14	1171	1344	41	14	72.173691	thera
5	1	28	1	1	15	1229	1331	21	39	91.901428	is
5	1	28	1	1	16	1259	1342	88	15	93.143486	available
5	1	28	1	1	17	1357	1348	22	8	62.629677	ac
5	1	28	1	1	18	1389	1343	91	18	93.921669	algorithm
5	1	28	1	1	19	1494	1349	11	9	56.264412	a
5	1	28	1	1	20	1517	1344	40	14	96.071442	that
5	1	28	1	1	21	1567	1349	33	9	76.047279	cas
5	1	28	1	1	22	1609	1344	49	14	43.225769	solve
5	1	28	1	1	23	1667	1344	94	19	0.000000	leagth—=
5	1	28	1	1	24	1772	1345	44	14	96.239044	SAT
5	1	28	1	1	25	1825	1345	90	18	90.547173	problems
5	1	28	1	1	26	1925	1350	23	10	70.499481	on
5	1	28	1	1	27	1958	1351	11	9	35.167465	=
5	1	28	1	1	28	1978	1345	68	19	95.177902	Turing
5	1	28	1	1	29	2057	1346	85	15	95.930069	machine
5	1	28	1	1	30	2152	1345	19	14	94.181793	in
5	1	28	1	1	31	2182	1350	33	13	73.400131	sey
5	1	28	1	1	32	2236	1339	28	20	70.209541	n°
4	1	28	1	2	0	328	1362	1949	21	-1	
5	1	28	1	2	1	328	1366	55	17	56.121258	Lime,
5	1	28	1	2	2	391	1372	38	8	62.809467	ons
5	1	28	1	2	3	439	1371	36	10	95.688454	cam
5	1	28	1	2	4	486	1366	46	14	88.755226	apply
5	1	28	1	2	5	555	1366	32	14	93.001823	the
5	1	28	1	2	6	597	1366	77	14	90.420181	ordared
5	1	28	1	2	7	686	1366	40	17	69.216194	pals
5	1	28	1	2	8	737	1365	52	18	65.745300	(a,b)
5	1	28	1	2	9	799	1368	21	12	89.768303	to
5	1	28	1	2	10	828	1365	75	18	47.942348	develop
5	1	28	1	2	11	912	1368	35	12	87.296097	twe
5	1	28	1	2	12	956	1368	51	15	31.377129	types
5	1	28	1	2	13	1015	1364	20	15	93.291588	of
5	1	28	1	2	14	1043	1363	145	18	22.741867	eclf-justifying
5	1	28	1	2	15	1197	1367	61	9	88.229691	axiom
5	1	28	1	2	16	1268	1365	85	14	67.557060	systems,
5	1	28	1	2	17	1362	1362	55	14	93.100731	called
5	1	28	1	2	18	1430	1362	95	19	68.359711	“Is.Bulky”
5	1	28	1	2	19	1536	1364	34	14	92.763641	and
5	1	28	1	2	20	1582	1364	174	17	28.042992	“Is.Super.Bulky”,
5	1	28	1	2	21	1766	1364	40	14	95.801559	that
5	1	28	1	2	22	1817	1369	30	10	95.729149	are
5	1	28	1	2	23	1857	1365	72	14	95.729149	natural
5	1	28	1	2	24	1940	1365	76	18	81.876907	hybrids
5	1	28	1	2	25	2024	1366	21	14	96.989426	of
5	1	28	1	2	26	2053	1366	31	14	92.974632	the
5	1	28	1	2	27	2094	1365	57	16	92.967194	ISCE
5	1	28	1	2	28	2161	1365	38	14	92.349586	aad
5	1	28	1	2	29	2211	1365	66	15	92.214813	ISINF
4	1	28	1	3	0	328	1371	687	31	-1	
5	1	28	1	3	1	328	1384	129	18	67.292969	frameworks,
5	1	28	1	3	2	466	1371	59	28	93.420052	with
5	1	28	1	3	3	522	1371	33	28	94.993286	the
5	1	28	1	3	4	628	1385	3	3	77.132729	ing
5	1	28	1	3	5	667	1384	82	18	94.665535	pleasing
5	1	28	1	3	6	756	1384	123	14	73.817505	combination
5	1	28	1	3	7	886	1384	21	14	93.116013	of
5	1	28	1	3	8	913	1383	102	18	47.273808	propertice:
2	1	29	0	0	0	1178	1169	597	36	-1	
3	1	29	1	0	0	1178	1169	597	36	-1	
4	1	29	1	1	0	1178	1169	597	36	-1	
5	1	29	1	1	1	1178	1169	64	36	95.000000	    
5	1	29	1	1	2	1764	1194	11	9	95.000000	 
2	1	30	0	0	0	1172	1280	507	18	-1	
3	1	30	1	0	0	1172	1280	507	18	-1	
4	1	30	1	1	0	1172	1280	507	18	-1	
5	1	30	1	1	1	1172	1280	18	17	95.000000	 
5	1	30	1	1	2	1636	1281	43	17	95.000000	  
2	1	31	0	0	0	1656	1305	26	9	-1	
3	1	31	1	0	0	1656	1305	26	9	-1	
4	1	31	1	1	0	1656	1305	26	9	-1	
5	1	31	1	1	1	1656	1305	26	9	95.000000	 
2	1	32	0	0	0	1213	1342	37	15	-1	
3	1	32	1	0	0	1213	1342	37	15	-1	
4	1	32	1	1	0	1213	1342	37	15	-1	
5	1	32	1	1	1	1213	1342	37	15	95.000000	 
2	1	33	0	0	0	339	1422	1935	44	-1	
3	1	33	1	0	0	339	1422	1935	44	-1	
4	1	33	1	1	0	339	1422	1935	43	-1	
5	1	33	1	1	1	339	1429	17	14	68.568298	1.
5	1	33	1	1	2	384	1431	16	13	72.777054	A
5	1	33	1	1	3	410	1429	75	15	32.505714	meturel
5	1	33	1	1	4	493	1422	151	43	0.000000	Gemalication
5	1	33	1	1	5	647	1420	23	30	85.766205	of
5	1	33	1	1	6	679	1420	28	30	78.806351	the
5	1	33	1	1	7	720	1428	112	17	7.966423	techniques,
5	1	33	1	1	8	841	1428	42	14	71.118019	weed
5	1	33	1	1	9	891	1431	20	11	96.150703	to
5	1	33	1	1	10	919	1433	53	13	92.871559	prove
5	1	33	1	1	11	980	1427	49	19	75.412903	[47]'s
5	1	33	1	1	12	1036	1428	102	14	84.596840	Theoreme
5	1	33	1	1	13	1147	1427	11	14	94.443764	3
5	1	33	1	1	14	1167	1425	38	14	85.627846	aod
5	1	33	1	1	15	1214	1425	19	16	95.599419	6,
5	1	33	1	1	16	1242	1425	35	13	96.898216	will
5	1	33	1	1	17	1286	1425	57	17	96.815475	imply
5	1	33	1	1	18	1352	1424	40	14	96.211716	that
5	1	33	1	1	19	1400	1425	42	14	93.265457	both
5	1	33	1	1	20	1452	1425	77	17	51.046059	Je.Bulky
5	1	33	1	1	21	1537	1426	34	14	93.162964	and
5	1	33	1	1	22	1581	1426	144	18	54.772472	Is.Super.Bulky
5	1	33	1	1	23	1733	1431	30	10	88.062302	are
5	1	33	1	1	24	1772	1428	72	13	86.362556	efficent
5	1	33	1	1	25	1853	1428	36	14	96.811516	and
5	1	33	1	1	26	1898	1428	106	17	83.927048	consistent,
5	1	33	1	1	27	2017	1420	40	30	89.377922	when
5	1	33	1	1	28	2069	1420	26	30	76.170792	one
5	1	33	1	1	29	2104	1434	38	8	84.004959	usce
5	1	33	1	1	30	2151	1428	34	14	96.704414	the
5	1	33	1	1	31	2193	1428	81	14	95.528267	ordered
4	1	33	1	2	0	420	1442	971	24	-1	
5	1	33	1	2	1	420	1448	41	17	96.191055	pair
5	1	33	1	2	2	470	1447	52	19	90.640472	(a,b)
5	1	33	1	2	3	531	1450	22	11	92.850464	to
5	1	33	1	2	4	561	1449	96	12	73.709961	comstruct
5	1	33	1	2	5	667	1447	33	14	96.033806	the
5	1	33	1	2	6	708	1447	99	14	92.618378	axiomatic
5	1	33	1	2	7	816	1447	52	17	44.601944	inpst
5	1	33	1	2	8	875	1447	13	16	46.784206	6
5	1	33	1	2	9	897	1447	26	14	96.883064	for
5	1	33	1	2	10	930	1451	33	10	92.656914	our
5	1	33	1	2	11	972	1447	80	17	18.519577	Is.Bulky
5	1	33	1	2	12	1060	1445	36	15	70.688217	and
5	1	33	1	2	13	1108	1443	154	19	73.079948	le.Super.Bulky
5	1	33	1	2	14	1271	1442	120	15	93.265015	frameworks.
2	1	34	0	0	0	996	1447	25	14	-1	
3	1	34	1	0	0	996	1447	25	14	-1	
4	1	34	1	1	0	996	1447	25	14	-1	
5	1	34	1	1	1	996	1447	25	14	95.000000	 
2	1	35	0	0	0	340	1488	1935	40	-1	
3	1	35	1	0	0	340	1488	1935	40	-1	
4	1	35	1	1	0	340	1488	1935	23	-1	
5	1	35	1	1	1	340	1494	28	14	64.537643	11.
5	1	35	1	1	2	395	1494	22	14	56.339531	fm
5	1	35	1	1	3	424	1496	87	12	42.851234	contrast
5	1	35	1	1	4	522	1496	21	12	92.552101	to
5	1	35	1	1	5	552	1493	47	14	92.487602	Item
5	1	35	1	1	6	607	1493	29	15	60.971542	1's
5	1	35	1	1	7	644	1493	80	18	54.722782	positive
5	1	35	1	1	8	733	1492	64	17	90.059753	result,
5	1	35	1	1	9	804	1498	12	8	61.678585	a
5	1	35	1	1	10	824	1492	133	19	5.231949	generalisation
5	1	35	1	1	11	966	1492	20	14	93.243019	of
5	1	35	1	1	12	993	1492	114	17	0.000000	Godel-style
5	1	35	1	1	13	1114	1489	152	19	74.028587	diagosalisatos
5	1	35	1	1	14	1276	1491	94	15	94.857712	argument
5	1	35	1	1	15	1379	1488	34	15	84.626602	will
5	1	35	1	1	16	1422	1489	54	17	95.985672	imply
5	1	35	1	1	17	1481	1489	43	14	96.491318	both
5	1	35	1	1	18	1532	1490	20	13	93.284653	of
5	1	35	1	1	19	1558	1490	80	18	59.793549	ls.Bulky
5	1	35	1	1	20	1645	1490	36	15	96.964188	and
5	1	35	1	1	21	1687	1484	26	31	35.106712	Is.
5	1	35	1	1	22	1718	1490	118	19	35.106712	Super.Bulky
5	1	35	1	1	23	1844	1496	30	10	90.874893	are
5	1	35	1	1	24	1883	1492	119	14	74.661728	inceasistent
5	1	35	1	1	25	2012	1491	114	19	72.537201	(esecatially
5	1	35	1	1	26	2135	1492	82	15	88.304642	because
5	1	35	1	1	27	2227	1492	48	17	96.037636	they
4	1	35	1	2	0	420	1508	793	20	-1	
5	1	35	1	2	1	420	1517	32	9	93.815826	are
5	1	35	1	2	2	462	1515	34	11	92.046310	tee
5	1	35	1	2	3	505	1512	83	13	48.212059	officieat
5	1	35	1	2	4	597	1504	22	29	70.066254	to
5	1	35	1	2	5	627	1514	67	14	47.717976	escape
5	1	35	1	2	6	702	1511	33	14	94.794327	the
5	1	35	1	2	7	744	1511	52	14	84.839745	reach
5	1	35	1	2	8	802	1504	20	29	96.253220	of
5	1	35	1	2	9	834	1504	30	29	96.253220	the
5	1	35	1	2	10	871	1511	64	15	90.904602	Second
5	1	35	1	2	11	945	1511	149	17	43.534348	Jacompletences
5	1	35	1	2	12	1103	1508	110	18	90.210777	Theorem).
2	1	36	0	0	0	326	1543	1949	53	-1	
3	1	36	1	0	0	326	1543	1949	49	-1	
4	1	36	1	1	0	326	1543	1949	36	-1	
5	1	36	1	1	1	326	1552	48	27	94.299423	Our
5	1	36	1	1	2	445	1556	22	14	86.294083	of
5	1	36	1	1	3	476	1556	16	14	84.699966	P
5	1	36	1	1	4	502	1556	16	17	27.664566	¢
5	1	36	1	1	5	528	1556	37	14	90.055870	NP
5	1	36	1	1	6	574	1555	38	15	92.615952	will
5	1	36	1	1	7	620	1555	108	18	0.000000	emecutially
5	1	36	1	1	8	737	1558	37	11	80.098045	rest
5	1	36	1	1	9	782	1561	23	9	43.186859	om
5	1	36	1	1	10	815	1555	31	15	95.842506	the
5	1	36	1	1	11	854	1556	35	14	92.732536	fact
5	1	36	1	1	12	898	1555	39	15	93.179825	that
5	1	36	1	1	13	947	1556	53	14	86.470062	Jtems
5	1	36	1	1	14	1008	1556	7	13	71.832443	I
5	1	36	1	1	15	1023	1555	34	14	71.079079	aad
5	1	36	1	1	16	1067	1556	17	13	53.455627	II
5	1	36	1	1	17	1093	1559	32	10	95.937469	are
5	1	36	1	1	18	1135	1551	135	17	87.960976	incompatible
5	1	36	1	1	19	1279	1551	44	14	96.999611	with
5	1	36	1	1	20	1331	1551	42	14	92.640663	each
5	1	36	1	1	21	1383	1551	49	14	96.653259	other
5	1	36	1	1	22	1441	1551	87	15	93.636436	whenever
5	1	36	1	1	23	1536	1553	20	13	25.721817	aA
5	1	36	1	1	24	1566	1543	76	32	96.113205	ordered
5	1	36	1	1	25	1646	1553	38	22	93.072990	pair
5	1	36	1	1	26	1693	1552	28	18	55.629711	(e,
5	1	36	1	1	27	1726	1553	19	18	66.511162	6)
5	1	36	1	1	28	1754	1553	83	18	96.476929	formally
5	1	36	1	1	29	1845	1557	100	14	75.239914	represents
5	1	36	1	1	30	1954	1559	11	10	4.121895	»
5	1	36	1	1	31	1973	1554	111	18	56.546940	polynomial
5	1	36	1	1	32	2093	1556	86	14	95.873955	solution
5	1	36	1	1	33	2189	1556	28	14	95.663048	for
5	1	36	1	1	34	2227	1556	48	14	96.073318	SAT
4	1	36	1	2	0	327	1552	1700	44	-1	
5	1	36	1	2	1	327	1552	37	44	38.341354	pat
5	1	36	1	2	2	389	1552	52	44	28.644875	pote
5	1	36	1	2	3	446	1574	42	18	88.282890	(We
5	1	36	1	2	4	498	1574	46	17	95.803032	will,
5	1	36	1	2	5	552	1574	51	16	42.043594	thus,
5	1	36	1	2	6	610	1573	64	14	59.260983	derive
5	1	36	1	2	7	684	1574	31	14	93.024429	the
5	1	36	1	2	8	724	1573	57	15	36.079716	rassht
5	1	36	1	2	9	791	1574	15	13	65.805069	P
5	1	36	1	2	10	817	1574	14	16	75.001534	¥
5	1	36	1	2	11	840	1574	41	16	96.120094	NP,
5	1	36	1	2	12	890	1575	27	12	85.363968	via
5	1	36	1	2	13	925	1579	10	8	73.549774	«
5	1	36	1	2	14	945	1574	51	17	90.968193	preof
5	1	36	1	2	15	1003	1573	24	18	92.495262	by
5	1	36	1	2	16	1033	1572	144	17	74.842583	ceatrediction,
5	1	36	1	2	17	1188	1573	42	12	96.848228	that
5	1	36	1	2	18	1240	1570	60	14	81.231331	shows
5	1	36	1	2	19	1308	1575	23	9	80.359589	as
5	1	36	1	2	20	1339	1569	73	15	52.416569	ordered
5	1	36	1	2	21	1422	1570	37	17	72.528870	pair
5	1	36	1	2	22	1467	1568	49	20	44.218033	(0,6)
5	1	36	1	2	23	1526	1570	55	14	96.730789	would
5	1	36	1	2	24	1589	1571	91	15	95.244598	otherwise
5	1	36	1	2	25	1688	1571	78	18	96.968132	produce
5	1	36	1	2	26	1775	1575	36	11	96.979950	two
5	1	36	1	2	27	1819	1572	128	17	76.483116	incompatible
5	1	36	1	2	28	1955	1573	72	14	93.135979	results.
2	1	37	0	0	0	1425	1609	34	13	-1	
3	1	37	1	0	0	1425	1609	34	13	-1	
4	1	37	1	1	0	1425	1609	34	13	-1	
5	1	37	1	1	1	1425	1609	34	13	95.000000	 
2	1	38	0	0	0	332	1608	1944	324	-1	
3	1	38	1	0	0	332	1608	1942	59	-1	
4	1	38	1	1	0	387	1608	1886	23	-1	
5	1	38	1	1	1	387	1612	101	16	93.685074	Cheerful
5	1	38	1	1	2	496	1614	63	12	80.250336	News
5	1	38	1	1	3	566	1612	67	14	90.229950	about
5	1	38	1	1	4	641	1612	125	17	21.139771	Misleeding
5	1	38	1	1	5	773	1612	93	18	17.502167	Mirage:
5	1	38	1	1	6	882	1613	27	13	64.760208	As
5	1	38	1	1	7	915	1612	62	14	61.168121	earlier
5	1	38	1	1	8	985	1612	65	14	93.928162	section
5	1	38	1	1	9	1058	1612	20	14	96.228279	of
5	1	38	1	1	10	1085	1612	39	14	76.797325	this
5	1	38	1	1	11	1132	1610	65	15	77.851341	article
5	1	38	1	1	12	1205	1608	95	16	84.264801	indicated
5	1	38	1	1	13	1309	1608	40	14	96.792786	that
5	1	38	1	1	14	1358	1608	49	14	93.669525	there
5	1	38	1	1	15	1414	1609	67	22	95.251785	existed
5	1	38	1	1	16	1488	1609	64	14	96.259003	several
5	1	38	1	1	17	1559	1612	50	14	96.067780	types
5	1	38	1	1	18	1615	1604	19	31	93.278244	of
5	1	38	1	1	19	1640	1610	81	18	93.123596	mirages,
5	1	38	1	1	20	1728	1610	58	15	91.033012	which
5	1	38	1	1	21	1793	1610	58	15	93.046532	would
5	1	38	1	1	22	1857	1611	43	14	82.439529	tead
5	1	38	1	1	23	1909	1614	20	11	96.895821	to
5	1	38	1	1	24	1936	1611	51	14	96.312355	make
5	1	38	1	1	25	1994	1614	48	12	96.718460	most
5	1	38	1	1	26	2049	1615	97	15	96.670471	computer
5	1	38	1	1	27	2155	1613	118	14	20.848946	researchers
4	1	38	1	2	0	332	1627	1942	23	-1	
5	1	38	1	2	1	332	1633	38	14	80.587448	and
5	1	38	1	2	2	380	1632	93	18	36.293663	logiciane
5	1	38	1	2	3	482	1631	89	14	50.031891	overlook
5	1	38	1	2	4	580	1631	33	14	93.784615	the
5	1	38	1	2	5	622	1636	76	9	88.951637	essence
5	1	38	1	2	6	706	1631	22	14	96.112511	of
5	1	38	1	2	7	735	1631	33	14	96.728470	the
5	1	38	1	2	8	777	1631	53	17	74.581543	proof
5	1	38	1	2	9	837	1631	20	14	87.360283	of
5	1	38	1	2	10	866	1632	14	13	74.219376	F
5	1	38	1	2	11	890	1631	14	17	30.313469	yf
5	1	38	1	2	12	915	1632	41	13	92.969002	NP.
5	1	38	1	2	13	969	1631	51	15	95.484451	Some
5	1	38	1	2	14	1028	1631	78	14	74.693253	cheerful
5	1	38	1	2	15	1118	1635	57	11	59.643311	news,
5	1	38	1	2	16	1185	1629	42	14	96.847176	that
5	1	38	1	2	17	1239	1628	37	14	96.821327	will
5	1	38	1	2	18	1286	1627	22	15	96.318985	be
5	1	38	1	2	19	1319	1632	38	9	94.870476	sow
5	1	38	1	2	20	1367	1628	85	16	92.274643	revealed,
5	1	38	1	2	21	1461	1632	15	10	91.406548	is
5	1	38	1	2	22	1486	1628	38	14	94.902000	that
5	1	38	1	2	23	1531	1632	33	10	88.060585	our
5	1	38	1	2	24	1573	1629	49	17	77.990845	proef
5	1	38	1	2	25	1630	1629	21	14	93.264091	of
5	1	38	1	2	26	1659	1629	14	14	88.274033	P
5	1	38	1	2	27	1683	1629	15	18	77.694946	¥
5	1	38	1	2	28	1708	1629	35	15	95.707901	NP
5	1	38	1	2	29	1753	1629	83	15	96.225586	becomes
5	1	38	1	2	30	1845	1629	51	15	96.647179	much
5	1	38	1	2	31	1905	1630	56	15	84.280632	easier
5	1	38	1	2	32	1971	1633	20	12	96.194466	to
5	1	38	1	2	33	2000	1631	144	17	56.510925	conceptualise,
5	1	38	1	2	34	2157	1632	117	18	92.623451	intuitively,
4	1	38	1	3	0	333	1649	742	18	-1	
5	1	38	1	3	1	333	1651	53	14	94.254173	whee
5	1	38	1	3	2	395	1655	37	9	95.051605	one
5	1	38	1	3	3	442	1650	15	14	58.010689	fe
5	1	38	1	3	4	466	1654	62	10	44.288666	aware
5	1	38	1	3	5	535	1642	22	31	96.475914	of
5	1	38	1	3	6	566	1642	35	31	38.857414	tore
5	1	38	1	3	7	609	1650	81	17	92.013527	mirages
5	1	38	1	3	8	698	1649	42	14	96.460632	that
5	1	38	1	3	9	749	1654	33	9	78.498535	con
5	1	38	1	3	10	792	1649	23	14	91.767654	be
5	1	38	1	3	11	824	1649	76	18	81.063553	initially
5	1	38	1	3	12	907	1650	49	16	96.877754	quite
5	1	38	1	3	13	965	1650	110	17	74.592888	misleading.
3	1	38	2	0	0	333	1664	1943	61	-1	
4	1	38	2	1	0	385	1664	1891	22	-1	
5	1	38	2	1	1	385	1669	43	14	83.376328	‘The
5	1	38	2	1	2	439	1668	43	15	91.398132	first
5	1	38	2	1	3	494	1668	71	17	91.018402	mirage
5	1	38	2	1	4	574	1672	89	10	37.424973	concerns
5	1	38	2	1	5	674	1667	33	14	96.424164	the
5	1	38	2	1	6	718	1667	84	17	9.209450	question
5	1	38	2	1	7	813	1667	55	15	74.753822	about
5	1	38	2	1	8	880	1668	75	14	92.888107	whether
5	1	38	2	1	9	966	1667	71	16	33.187790	Cddel's
5	1	38	2	1	10	1047	1667	69	16	24.853119	Sesond
5	1	38	2	1	11	1130	1665	156	18	32.439613	Iscompleteness
5	1	38	2	1	12	1297	1664	87	14	95.313019	Theorem
5	1	38	2	1	13	1396	1665	14	13	80.258949	Is
5	1	38	2	1	14	1421	1665	31	15	92.736305	100
5	1	38	2	1	15	1463	1664	17	15	91.890808	%
5	1	38	2	1	16	1490	1664	55	15	96.278824	rather
5	1	38	2	1	17	1558	1665	41	15	92.458107	than
5	1	38	2	1	18	1609	1666	21	14	89.976135	99
5	1	38	2	1	19	1640	1665	18	16	89.005615	%
5	1	38	2	1	20	1667	1665	123	19	89.340775	ubiquituous,
5	1	38	2	1	21	1801	1666	49	15	69.046509	when
5	1	38	2	1	22	1861	1667	15	14	94.895599	it
5	1	38	2	1	23	1886	1667	89	14	94.504890	describes
5	1	38	2	1	24	1987	1667	31	14	96.948044	the
5	1	38	2	1	25	2029	1667	85	19	92.027893	inability
5	1	38	2	1	26	2124	1670	22	13	96.141373	of
5	1	38	2	1	27	2156	1669	120	15	95.938354	formalisms
4	1	38	2	2	0	333	1684	1940	23	-1	
5	1	38	2	2	1	333	1691	21	11	81.949738	te
5	1	38	2	2	2	365	1687	98	18	12.225105	receguise
5	1	38	2	2	3	474	1687	50	14	69.732864	theis
5	1	38	2	2	4	536	1692	40	9	84.970093	own
5	1	38	2	2	5	587	1686	124	18	0.596039	cuasistency.
5	1	38	2	2	6	729	1687	14	14	94.156151	A
5	1	38	2	2	7	755	1687	60	14	67.522224	theme
5	1	38	2	2	8	824	1675	18	36	93.541603	of
5	1	38	2	2	9	854	1675	30	36	71.202713	our
5	1	38	2	2	10	894	1687	69	14	70.370445	rescach
5	1	38	2	2	11	974	1687	17	14	72.834732	is
5	1	38	2	2	12	1003	1686	80	19	45.653111	[37]-[49]
5	1	38	2	2	13	1096	1687	15	14	94.234299	is
5	1	38	2	2	14	1123	1686	42	14	94.200287	that
5	1	38	2	2	15	1177	1686	31	14	96.252365	the
5	1	38	2	2	16	1219	1685	33	14	96.968719	the
5	1	38	2	2	17	1264	1684	70	16	37.475151	Second
5	1	38	2	2	18	1346	1684	146	17	47.665592	Incompletencss
5	1	38	2	2	19	1502	1684	83	15	96.231926	Theorem
5	1	38	2	2	20	1595	1684	15	15	79.958511	is
5	1	38	2	2	21	1619	1685	90	18	84.794067	obviously
5	1	38	2	2	22	1719	1686	32	14	92.578217	100
5	1	38	2	2	23	1763	1685	18	15	91.936775	%
5	1	38	2	2	24	1790	1686	107	17	60.489441	technically
5	1	38	2	2	25	1907	1689	74	14	53.748783	correct,
5	1	38	2	2	26	1993	1692	21	8	83.589836	as
5	1	38	2	2	27	2025	1687	37	14	94.221130	well
5	1	38	2	2	28	2072	1693	20	9	83.976784	as
5	1	38	2	2	29	2105	1689	35	14	83.976784	100
5	1	38	2	2	30	2152	1688	19	15	85.580505	%
5	1	38	2	2	31	2182	1693	91	14	90.818726	germanc
4	1	38	2	3	0	333	1702	1939	23	-1	
5	1	38	2	3	1	333	1709	23	11	96.545067	to
5	1	38	2	3	2	364	1705	134	15	34.630096	conventions!
5	1	38	2	3	3	509	1704	142	16	89.082008	mathematical
5	1	38	2	3	4	662	1704	112	19	78.775330	paradigms.
5	1	38	2	3	5	788	1705	89	17	82.903931	Hewever,
5	1	38	2	3	6	886	1710	31	9	70.014420	ovr
5	1	38	2	3	7	927	1705	78	15	25.672440	reocarch
5	1	38	2	3	8	1016	1706	113	17	78.705383	perspective
5	1	38	2	3	9	1141	1704	33	14	94.212212	has
5	1	38	2	3	10	1184	1704	45	14	94.730255	been
5	1	38	2	3	11	1242	1703	41	14	95.263954	that
5	1	38	2	3	12	1295	1702	99	18	84.710205	seemingly
5	1	38	2	3	13	1403	1703	37	17	90.037292	tiny
5	1	38	2	3	14	1451	1704	7	13	89.791321	1
5	1	38	2	3	15	1470	1702	17	15	89.791321	%
5	1	38	2	3	16	1496	1703	93	18	93.547066	categories
5	1	38	2	3	17	1598	1704	19	14	93.282249	of
5	1	38	2	3	18	1625	1703	138	19	83.108307	boundary-case
5	1	38	2	3	19	1773	1704	103	18	95.786270	exceptions
5	1	38	2	3	20	1886	1709	33	10	84.004417	cam
5	1	38	2	3	21	1929	1704	22	15	96.863220	be
5	1	38	2	3	22	1962	1704	68	19	17.019073	helpful
5	1	38	2	3	23	2040	1706	19	14	93.606995	ia
5	1	38	2	3	24	2068	1707	75	18	96.304359	solving
5	1	38	2	3	25	2154	1712	57	13	95.782684	many
5	1	38	2	3	26	2220	1712	52	13	95.972313	open
3	1	38	3	0	0	333	1725	1940	55	-1	
4	1	38	3	1	0	347	1725	305	17	-1	
5	1	38	3	1	1	347	1725	93	17	34.539009	uastions,
5	1	38	3	1	2	448	1725	73	14	23.487938	iacludiag
5	1	38	3	1	3	565	1725	8	14	85.785675	P
5	1	38	3	1	4	588	1721	12	27	64.322998	¥
5	1	38	3	1	5	606	1725	46	14	82.379036	NF.
4	1	38	3	2	0	333	1721	1940	45	-1	
5	1	38	3	2	1	333	1731	13	12	41.665501	=
5	1	38	3	2	2	384	1739	110	27	95.836899	REMOVE
5	1	38	3	2	3	499	1721	11	44	60.342117	—
5	1	38	3	2	4	521	1721	77	44	2.155426	pall
5	1	38	3	2	5	606	1747	27	9	96.403938	we
5	1	38	3	2	6	642	1742	47	15	94.932968	view
5	1	38	3	2	7	697	1743	33	14	94.766457	the
5	1	38	3	2	8	738	1742	41	17	56.367359	tiny
5	1	38	3	2	9	788	1743	8	14	77.742722	1
5	1	38	3	2	10	807	1742	17	15	77.742722	%
5	1	38	3	2	11	833	1745	80	16	95.753654	category
5	1	38	3	2	12	922	1743	19	14	93.234146	of
5	1	38	3	2	13	948	1743	142	18	81.402481	boundery-case
5	1	38	3	2	14	1099	1742	107	17	81.847267	exceptions
5	1	38	3	2	15	1215	1747	21	9	78.897232	as
5	1	38	3	2	16	1245	1742	42	14	82.074356	also
5	1	38	3	2	17	1295	1740	97	19	85.829636	revealing.
5	1	38	3	2	18	1405	1740	18	15	81.331619	Ja
5	1	38	3	2	19	1431	1746	10	8	20.474136	o
5	1	38	3	2	20	1450	1745	49	10	28.417862	seuse
5	1	38	3	2	21	1507	1740	29	15	96.736862	the
5	1	38	3	2	22	1544	1746	49	10	88.058861	same
5	1	38	3	2	23	1601	1741	68	18	85.746086	passion
5	1	38	3	2	24	1677	1744	20	12	96.169632	to
5	1	38	3	2	25	1704	1742	80	14	95.151619	examine
5	1	38	3	2	26	1792	1742	40	14	93.472076	that
5	1	38	3	2	27	1839	1742	41	17	51.786495	fine!
5	1	38	3	2	28	1886	1743	84	17	59.753426	sccmingly
5	1	38	3	2	29	1976	1743	81	15	90.143661	miniscule
5	1	38	3	2	30	2065	1744	39	18	94.473640	tiny
5	1	38	3	2	31	2115	1745	108	19	73.753479	remaining
5	1	38	3	2	32	2232	1747	9	14	81.754082	1
5	1	38	3	2	33	2254	1746	19	15	86.840599	%
4	1	38	3	3	0	334	1758	1589	22	-1	
5	1	38	3	3	1	334	1765	89	15	74.694252	categery
5	1	38	3	3	2	433	1762	22	14	94.507057	of
5	1	38	3	3	3	462	1761	131	17	88.082169	possibilities,
5	1	38	3	3	4	601	1761	44	14	92.713470	thet
5	1	38	3	3	5	654	1761	30	14	63.854843	led
5	1	38	3	3	6	693	1763	22	12	95.727119	to
5	1	38	3	3	7	724	1760	31	15	92.496704	the
5	1	38	3	3	8	764	1761	166	14	50.762444	Predmas-Willard
5	1	38	3	3	9	939	1761	63	15	87.617233	Pusion
5	1	38	3	3	10	1009	1762	53	14	91.883530	Trees
5	1	38	3	3	11	1071	1764	20	12	95.334015	at
5	1	38	3	3	12	1101	1761	33	14	96.330811	the
5	1	38	3	3	13	1144	1760	44	15	93.256866	1990
5	1	38	3	3	14	1198	1760	63	16	92.614540	STOC
5	1	38	3	3	15	1270	1759	37	16	59.363075	end
5	1	38	3	3	16	1318	1759	59	16	92.903320	FOCS
5	1	38	3	3	17	1386	1759	108	15	0.000000	conferences
5	1	38	3	3	18	1503	1758	24	20	51.729275	(7,
5	1	38	3	3	19	1534	1759	24	19	79.203789	7},
5	1	38	3	3	20	1567	1760	34	15	96.076538	will
5	1	38	3	3	21	1609	1765	36	9	62.264156	now
5	1	38	3	3	22	1653	1759	39	16	95.575279	lead
5	1	38	3	3	23	1701	1762	19	13	92.214676	to
5	1	38	3	3	24	1728	1765	10	9	42.250122	a
5	1	38	3	3	25	1747	1760	52	18	96.876564	proof
5	1	38	3	3	26	1806	1760	19	15	93.223831	of
5	1	38	3	3	27	1833	1761	15	14	89.849129	P
5	1	38	3	3	28	1856	1761	16	18	0.000000	#
5	1	38	3	3	29	1881	1761	42	15	78.519073	NP.
3	1	38	4	0	0	334	1778	1941	58	-1	
4	1	38	4	1	0	387	1778	1885	22	-1	
5	1	38	4	1	1	387	1781	43	14	73.330612	‘The
5	1	38	4	1	2	439	1780	70	15	87.965843	second
5	1	38	4	1	3	521	1780	103	18	54.459248	surprising
5	1	38	4	1	4	635	1780	70	18	95.128929	mirage
5	1	38	4	1	5	715	1779	40	15	82.243011	alee
5	1	38	4	1	6	763	1780	67	17	55.158989	caught
5	1	38	4	1	7	840	1779	36	15	84.635620	this
5	1	38	4	1	8	886	1780	62	15	48.037422	author
5	1	38	4	1	9	958	1781	27	14	94.180153	off
5	1	38	4	1	10	994	1781	61	18	86.045166	guard.
5	1	38	4	1	11	1072	1781	16	14	41.866512	It
5	1	38	4	1	12	1098	1784	88	11	74.015327	concerns
5	1	38	4	1	13	1197	1779	52	19	23.758202	[47]'e
5	1	38	4	1	14	1261	1779	83	16	4.879150	“ISINP™
5	1	38	4	1	15	1357	1778	94	15	89.557671	axiomatic
5	1	38	4	1	16	1461	1779	106	17	94.477852	framework,
5	1	38	4	1	17	1577	1779	53	15	96.268883	which
5	1	38	4	1	18	1639	1784	32	10	93.294441	our
5	1	38	4	1	19	1682	1780	109	15	91.918411	APAL-2006
5	1	38	4	1	20	1800	1784	54	14	93.222107	paper
5	1	38	4	1	21	1865	1780	34	15	74.028290	had
5	1	38	4	1	22	1909	1781	57	14	92.833656	called
5	1	38	4	1	23	1979	1781	105	16	43.342636	“awkward™
5	1	38	4	1	24	2096	1783	39	15	96.237709	and
5	1	38	4	1	25	2149	1784	123	16	82.813004	“artificial”.
4	1	38	4	2	0	334	1797	1941	23	-1	
5	1	38	4	2	1	334	1800	63	15	61.806892	These
5	1	38	4	2	2	405	1800	105	17	93.453033	adjectives
5	1	38	4	2	3	519	1799	107	17	68.402008	accurately
5	1	38	4	2	4	635	1798	123	15	28.262924	characterise
5	1	38	4	2	5	770	1798	87	15	0.000000	“ISINF,
5	1	38	4	2	6	865	1798	39	16	79.150139	One
5	1	38	4	2	7	911	1799	55	18	96.867310	might
5	1	38	4	2	8	974	1804	51	12	92.932434	even,
5	1	38	4	2	9	1032	1799	88	18	89.861382	actually,
5	1	38	4	2	10	1129	1798	73	18	77.521935	harebly
5	1	38	4	2	11	1236	1799	11	14	91.960670	add
5	1	38	4	2	12	1257	1798	43	15	91.704102	that
5	1	38	4	2	13	1311	1798	61	15	91.704102	ISINF
5	1	38	4	2	14	1381	1798	14	13	95.140762	is
5	1	38	4	2	15	1402	1793	16	31	79.997559	se
5	1	38	4	2	16	1425	1797	38	18	95.956276	fully
5	1	38	4	2	17	1470	1798	83	17	0.000000	inefficient
5	1	38	4	2	18	1559	1798	31	14	89.624870	ond
5	1	38	4	2	19	1596	1798	50	17	57.413383	porely
5	1	38	4	2	20	1652	1798	95	18	35.134613	ortificial
5	1	38	4	2	21	1730	1793	16	31	73.773079	in
5	1	38	4	2	22	1755	1798	25	15	86.501442	ita
5	1	38	4	2	23	1787	1798	78	19	94.801659	defining
5	1	38	4	2	24	1873	1801	90	13	83.279488	structure
5	1	38	4	2	25	1972	1799	42	15	96.182777	that
5	1	38	4	2	26	2021	1805	35	10	65.802582	one
5	1	38	4	2	27	2064	1806	30	9	70.631477	con
5	1	38	4	2	28	2101	1802	102	18	65.976974	confidently
5	1	38	4	2	29	2209	1803	66	17	77.511047	predict
4	1	38	4	3	0	335	1818	761	18	-1	
5	1	38	4	3	1	335	1820	75	14	95.085083	THAT
5	1	38	4	3	2	421	1820	27	13	95.085083	IT
5	1	38	4	3	3	458	1818	24	15	78.666260	1S
5	1	38	4	3	4	493	1818	155	15	95.466499	INCAPABLE
5	1	38	4	3	5	651	1811	22	31	94.354576	of
5	1	38	4	3	6	682	1811	37	31	42.321285	ever
5	1	38	4	3	7	725	1818	86	17	89.767334	producing
5	1	38	4	3	8	818	1823	31	12	50.092178	ony
5	1	38	4	3	9	858	1811	109	31	21.288460	wacquivesally
5	1	38	4	3	10	974	1811	63	31	0.000000	poodiive
5	1	38	4	3	11	1043	1819	53	14	30.911797	result,
3	1	38	5	0	0	335	1835	1939	58	-1	
4	1	38	5	1	0	390	1835	1884	23	-1	
5	1	38	5	1	1	390	1837	48	16	58.157940	Swch
5	1	38	5	1	2	449	1836	96	15	49.478436	italicised
5	1	38	5	1	3	557	1837	35	14	66.823303	and
5	1	38	5	1	4	603	1836	106	15	65.785393	beld-faced
5	1	38	5	1	5	721	1836	65	17	82.033005	wards,
5	1	38	5	1	6	797	1836	55	15	94.985916	which
5	1	38	5	1	7	863	1837	6	14	70.929733	I
5	1	38	5	1	8	877	1837	86	18	52.672901	corteialy
5	1	38	5	1	9	972	1837	30	15	96.839851	did
5	1	38	5	1	10	1013	1840	32	12	86.972145	mot
5	1	38	5	1	11	1054	1837	44	15	94.925499	dare
5	1	38	5	1	12	1109	1837	58	14	92.883926	insert
5	1	38	5	1	13	1177	1836	38	15	61.367153	Sato
5	1	38	5	1	14	1225	1836	53	20	48.733040	[47]’e
5	1	38	5	1	15	1289	1836	99	18	84.808487	published
5	1	38	5	1	16	1397	1839	45	14	93.838463	text,
5	1	38	5	1	17	1452	1841	35	12	95.982086	are,
5	1	38	5	1	18	1497	1835	108	19	74.229080	technically,
5	1	38	5	1	19	1613	1840	86	11	31.323975	accurate.
5	1	38	5	1	20	1714	1837	31	14	92.552109	Yet
5	1	38	5	1	21	1754	1836	18	15	61.193672	in
5	1	38	5	1	22	1783	1837	48	17	96.250504	April
5	1	38	5	1	23	1840	1837	20	14	96.924629	of
5	1	38	5	1	24	1867	1837	51	17	96.447121	2014,
5	1	38	5	1	25	1928	1838	8	13	95.963165	I
5	1	38	5	1	26	1946	1837	108	19	96.138428	discovered,
5	1	38	5	1	27	2065	1839	41	15	94.666344	that
5	1	38	5	1	28	2118	1840	40	18	96.148552	they
5	1	38	5	1	29	2166	1846	41	10	93.060867	were
5	1	38	5	1	30	2216	1842	37	14	63.142944	alee
5	1	38	5	1	31	2263	1848	11	8	57.136734	a
4	1	38	5	2	0	336	1855	1936	21	-1	
5	1	38	5	2	1	336	1856	71	19	42.913277	miregce!
5	1	38	5	2	2	424	1856	47	15	73.779175	Thie
5	1	38	5	2	3	480	1856	18	15	66.943092	is
5	1	38	5	2	4	506	1856	79	14	78.280075	because
5	1	38	5	2	5	594	1856	34	14	96.914330	the
5	1	38	5	2	6	636	1858	102	12	50.676846	statement
5	1	38	5	2	7	748	1856	31	14	80.955559	“P
5	1	38	5	2	8	789	1856	15	16	45.950974	xf
5	1	38	5	2	9	812	1855	51	15	55.280071	NP”
5	1	38	5	2	10	872	1856	15	14	67.886627	le
5	1	38	5	2	11	894	1861	11	9	54.891106	a
5	1	38	5	2	12	914	1859	69	14	0.000000	megetive
5	1	38	5	2	13	989	1858	82	15	37.402985	assertion,
5	1	38	5	2	14	1079	1855	106	18	49.117908	dlocussing
5	1	38	5	2	15	1191	1856	30	15	94.959282	the
5	1	38	5	2	16	1231	1857	75	17	75.765594	inability
5	1	38	5	2	17	1313	1856	21	15	96.202591	of
5	1	38	5	2	18	1341	1855	109	19	63.470650	polynomial
5	1	38	5	2	19	1458	1855	42	15	93.198105	time
5	1	38	5	2	20	1508	1855	101	19	89.154846	algerithms
5	1	38	5	2	21	1617	1859	19	11	95.431671	to
5	1	38	5	2	22	1643	1856	81	14	94.855659	simulate
5	1	38	5	2	23	1731	1861	11	9	70.325661	a
5	1	38	5	2	24	1750	1856	170	16	66.032074	mon-detarmiaistic
5	1	38	5	2	25	1928	1857	66	19	79.038231	Turing
5	1	38	5	2	26	2003	1857	87	16	75.976715	machine.
5	1	38	5	2	27	2100	1859	43	15	94.601860	The
5	1	38	5	2	28	2153	1860	57	15	96.551498	latter
5	1	38	5	2	29	2220	1861	52	15	70.249283	class
4	1	38	5	3	0	335	1874	1076	19	-1	
5	1	38	5	3	1	335	1876	22	14	79.078186	of
5	1	38	5	3	2	364	1870	91	27	0.000000	arcgetivict
5	1	38	5	3	3	463	1870	111	27	5.501984	otatements
5	1	38	5	3	4	582	1874	47	15	92.936554	have
5	1	38	5	3	5	638	1874	53	18	95.921616	quite
5	1	38	5	3	6	698	1874	86	14	46.667587	different
5	1	38	5	3	7	794	1874	99	14	73.830597	anstomias
5	1	38	5	3	8	901	1875	34	14	92.741531	and
5	1	38	5	3	9	944	1874	63	19	50.310471	logical
5	1	38	5	3	10	1016	1875	100	17	0.000000	propartion
5	1	38	5	3	11	1128	1874	44	14	50.105572	than
5	1	38	5	3	12	1182	1875	124	18	50.631432	peritive-ctyled
5	1	38	5	3	13	1313	1874	98	16	91.663635	theoremal
3	1	38	6	0	0	336	1892	1937	40	-1	
4	1	38	6	1	0	389	1892	1884	22	-1	
5	1	38	6	1	1	389	1894	54	14	93.168243	Thus
5	1	38	6	1	2	451	1893	94	18	80.050667	although
5	1	38	6	1	3	555	1893	79	14	42.923546	JSINP’s
5	1	38	6	1	4	642	1895	89	15	34.414169	anatomy
5	1	38	6	1	5	740	1892	17	14	90.983215	is
5	1	38	6	1	6	765	1892	80	17	20.545120	unlikely
5	1	38	6	1	7	853	1895	20	11	82.065079	to
5	1	38	6	1	8	882	1893	75	17	64.828590	produce
5	1	38	6	1	9	966	1898	33	13	49.346985	any
5	1	38	6	1	10	1010	1893	56	15	0.000000	ussful
5	1	38	6	1	11	1077	1893	64	17	69.262589	strictly
5	1	38	6	1	12	1147	1893	64	17	76.095459	positive
5	1	38	6	1	13	1219	1895	74	17	40.054222	results,
5	1	38	6	1	14	1304	1894	16	15	71.772705	it
5	1	38	6	1	15	1330	1894	16	15	68.977020	ie
5	1	38	6	1	16	1356	1899	10	9	48.987572	a
5	1	38	6	1	17	1377	1892	56	16	94.372307	useful
5	1	38	6	1	18	1442	1892	64	15	93.953239	vehicle
5	1	38	6	1	19	1515	1892	17	15	82.373383	in
5	1	38	6	1	20	1541	1898	10	9	48.519386	a
5	1	38	6	1	21	1561	1893	50	18	96.873535	proof
5	1	38	6	1	22	1619	1893	22	18	96.184860	by
5	1	38	6	1	23	1649	1893	133	18	88.625641	contradiction,
5	1	38	6	1	24	1791	1893	54	16	95.516006	which
5	1	38	6	1	25	1853	1893	58	16	96.241814	shows
5	1	38	6	1	26	1919	1894	40	15	96.900734	that
5	1	38	6	1	27	1969	1899	11	10	90.381332	a
5	1	38	6	1	28	1988	1895	133	17	96.047997	hybridisation
5	1	38	6	1	29	2132	1898	22	14	95.652634	of
5	1	38	6	1	30	2163	1898	32	14	93.294640	the
5	1	38	6	1	31	2206	1899	67	15	88.200409	ISINF
4	1	38	6	2	0	336	1911	1079	21	-1	
5	1	38	6	2	1	336	1914	38	14	50.576057	ead
5	1	38	6	2	2	384	1913	56	15	87.751724	ISCE
5	1	38	6	2	3	447	1912	121	15	73.552818	frameworks
5	1	38	6	2	4	577	1912	63	14	95.355957	makes
5	1	38	6	2	5	649	1912	15	14	90.946838	it
5	1	38	6	2	6	673	1911	108	18	90.148911	impossible
5	1	38	6	2	7	788	1911	28	15	92.706047	for
5	1	38	6	2	8	827	1912	16	14	88.997795	P
5	1	38	6	2	9	850	1916	16	8	87.931419	=
5	1	38	6	2	10	875	1912	34	15	93.847794	NP
5	1	38	6	2	11	918	1915	19	11	82.293907	te
5	1	38	6	2	12	945	1912	42	15	74.583221	held
5	1	38	6	2	13	996	1912	42	19	4.058380	(.¢,
5	1	38	6	2	14	1049	1918	29	9	59.872604	ove
5	1	38	6	2	15	1088	1913	58	14	0.000000	Stems
5	1	38	6	2	16	1155	1912	6	14	81.630592	|
5	1	38	6	2	17	1171	1912	14	14	77.969017	&
5	1	38	6	2	18	1196	1912	14	15	45.792130	Sl
5	1	38	6	2	19	1218	1918	23	10	55.616333	ea
5	1	38	6	2	20	1250	1914	33	15	95.714203	the
5	1	38	6	2	21	1293	1914	51	18	95.578041	prior
5	1	38	6	2	22	1355	1912	60	20	95.499100	page).
2	1	39	0	0	0	336	1969	1936	202	-1	
3	1	39	1	0	0	391	1969	1871	125	-1	
4	1	39	1	1	0	391	1969	1043	22	-1	
5	1	39	1	1	1	391	1970	41	19	70.110008	(vie
5	1	39	1	1	2	441	1971	33	14	93.072495	the
5	1	39	1	1	3	483	1971	66	18	22.570435	2p-est
5	1	39	1	1	4	557	1973	97	16	88.323685	argument
5	1	39	1	1	5	664	1970	42	14	93.904915	thet
5	1	39	1	1	6	716	1974	37	10	84.862389	was
5	1	39	1	1	7	761	1969	76	18	48.880726	roughly
5	1	39	1	1	8	845	1970	118	15	24.221222	summarised
5	1	39	1	1	9	971	1970	23	19	96.553459	by
5	1	39	1	1	10	1003	1971	30	14	95.967590	the
5	1	39	1	1	11	1043	1971	54	14	82.139885	Items
5	1	39	1	1	12	1106	1971	7	14	52.037205	J
5	1	39	1	1	13	1123	1970	37	15	67.255096	ond
5	1	39	1	1	14	1169	1971	23	17	73.931656	11,
5	1	39	1	1	15	1199	1972	60	16	36.605499	carlier
5	1	39	1	1	16	1270	1973	19	16	59.140774	in
5	1	39	1	1	17	1300	1973	39	16	74.127808	thie
5	1	39	1	1	18	1348	1972	86	19	93.519035	section).
4	1	39	1	2	0	389	1985	785	48	-1	
5	1	39	1	2	1	389	1987	22	46	51.732235	Hd
5	1	39	1	2	2	497	1985	134	47	0.000000	acwitination
5	1	39	1	2	3	641	1985	17	47	93.034218	of
5	1	39	1	2	4	669	1985	21	47	34.056908	Ste
5	1	39	1	2	5	718	1989	15	34	34.609283	‘
5	1	39	1	2	6	754	1998	66	33	78.141289	efficie
5	1	39	1	2	7	863	1989	8	14	21.500832	7
5	1	39	1	2	8	904	2007	5	15	85.330734	1
5	1	39	1	2	9	994	2009	20	14	88.710205	ber
5	1	39	1	2	10	1034	2000	41	33	93.154922	with
5	1	39	1	2	11	1085	2007	89	19	54.244381	prokibitl
4	1	39	1	3	0	388	2004	1408	27	-1	
5	1	39	1	3	1	388	2005	35	26	46.216606	han)
5	1	39	1	3	2	456	2004	42	26	94.099411	the
5	1	39	1	3	3	676	2010	39	11	45.008621	tem
5	1	39	1	3	4	736	2008	15	13	0.000000	i'e
5	1	39	1	3	5	863	2010	64	12	35.102539	reoulte,
5	1	39	1	3	6	981	2004	11	26	39.946957	rt
5	1	39	1	3	7	1056	2004	12	26	33.434982	4!
5	1	39	1	3	8	1156	2004	11	26	13.743958	ju
5	1	39	1	3	9	1214	2010	5	15	16.896812	L
5	1	39	1	3	10	1734	2010	30	15	83.746567	that
5	1	39	1	3	11	1792	2011	4	4	63.038891	ci
4	1	39	1	4	0	391	2006	1605	39	-1	
5	1	39	1	4	1	391	2028	18	14	34.663078	5
5	1	39	1	4	2	436	2006	16	27	49.303761	ly
5	1	39	1	4	3	463	2027	90	18	0.000000	PYUNP
5	1	39	1	4	4	561	2031	21	10	61.979031	oc
5	1	39	1	4	5	590	2030	37	14	52.255394	aay
5	1	39	1	4	6	700	2006	45	38	42.168594	rik
5	1	39	1	4	7	773	2006	64	38	15.261780	finery
5	1	39	1	4	8	849	2006	30	38	29.633751	fig
5	1	39	1	4	9	930	2018	5	7	26.520882	»
5	1	39	1	4	10	943	2010	80	16	27.444618	together
5	1	39	1	4	11	1034	2014	14	8	50.641052	wi
5	1	39	1	4	12	1175	2013	30	11	57.014481	ene
5	1	39	1	4	13	1221	2013	73	16	78.509575	Imposed
5	1	39	1	4	14	1305	2013	25	18	96.480721	by
5	1	39	1	4	15	1341	2012	33	16	93.262093	the
5	1	39	1	4	16	1384	2011	145	18	35.193443	lacompletesess
5	1	39	1	4	17	1537	2010	85	16	95.919655	Theorem
5	1	39	1	4	18	1630	2010	34	16	95.919655	will
5	1	39	1	4	19	1672	2010	54	19	96.815849	imply
5	1	39	1	4	20	1765	2013	8	13	0.000000	t
5	1	39	1	4	21	1782	2011	54	15	74.315155	either
5	1	39	1	4	22	1844	2011	34	15	94.109680	and
5	1	39	1	4	23	1886	2011	45	15	95.864243	both
5	1	39	1	4	24	1936	2006	21	27	95.979607	of
5	1	39	1	4	25	1965	2006	35	27	96.862656	the
4	1	39	1	5	0	392	2046	70	15	-1	
5	1	39	1	5	1	392	2046	70	15	76.006416	44423
4	1	39	1	6	0	394	2060	1868	34	-1	
5	1	39	1	6	1	394	2070	33	15	85.746620	Por
5	1	39	1	6	2	435	2073	37	14	94.337082	any
5	1	39	1	6	3	484	2068	33	18	55.878304	(a,
5	1	39	1	6	4	526	2068	29	19	94.723244	4),
5	1	39	1	6	5	565	2068	15	15	91.982140	it
5	1	39	1	6	6	589	2056	15	38	60.786568	le
5	1	39	1	6	7	610	2068	45	18	69.812653	easy
5	1	39	1	6	8	665	2056	20	38	79.150620	to
5	1	39	1	6	9	690	2070	96	12	79.150620	construct
5	1	39	1	6	10	794	2073	11	9	43.417519	a
5	1	39	1	6	11	813	2070	69	15	43.417519	system
5	1	39	1	6	12	893	2060	27	22	76.101280	a!
5	1	39	1	6	13	934	2067	15	21	89.853943	2
5	1	39	1	6	14	963	2073	11	10	69.517426	@
5	1	39	1	6	15	989	2068	40	15	71.107719	that
5	1	39	1	6	16	1037	2068	79	15	42.776642	satlefies
5	1	39	1	6	17	1125	2068	30	15	93.298958	the
5	1	39	1	6	18	1165	2070	53	16	67.788109	Part-|
5	1	39	1	6	19	1225	2074	103	16	44.073975	condition.
5	1	39	1	6	20	1341	2075	35	15	95.262054	For
5	1	39	1	6	21	1384	2074	88	16	65.867836	Instance,
5	1	39	1	6	22	1484	2065	25	22	21.514206	a!
5	1	39	1	6	23	1521	2073	51	14	93.030090	could
5	1	39	1	6	24	1580	2073	145	15	26.914726	coseist
5	1	39	1	6	25	1650	2061	18	36	96.987587	of
5	1	39	1	6	26	1677	2061	27	36	90.938225	all
5	1	39	1	6	27	1710	2061	18	36	90.938225	of
5	1	39	1	6	28	1737	2073	35	14	68.150696	a's
5	1	39	1	6	29	1778	2073	140	19	86.515999	axioms
5	1	39	1	6	30	1851	2061	39	36	95.450592	plus
5	1	39	1	6	31	1899	2061	18	36	95.450592	an
5	1	39	1	6	32	1926	2073	55	16	95.842598	added
5	1	39	1	6	33	1996	2074	160	20	47.395439	“Selfflefla,d)"
5	1	39	1	6	34	2172	2082	90	12	54.232964	sentence,
3	1	39	2	0	0	336	2084	1934	24	-1	
4	1	39	2	1	0	336	2084	1934	24	-1	
5	1	39	2	1	1	336	2084	82	24	82.469093	dcfined
5	1	39	2	1	2	424	2093	22	9	82.184799	as
5	1	39	2	1	3	455	2087	47	15	56.536819	stati
5	1	39	2	1	4	2264	2090	6	6	59.166409	.
3	1	39	3	0	0	436	2101	1738	32	-1	
4	1	39	3	1	0	436	2101	1738	32	-1	
5	1	39	3	1	1	436	2103	30	27	56.630089	Od
5	1	39	3	1	2	477	2103	75	27	4.673073	ebotret
5	1	39	3	1	3	569	2101	43	32	34.507912	This
5	1	39	3	1	4	622	2101	54	32	76.964081	article
5	1	39	3	1	5	686	2101	33	32	87.643250	will
5	1	39	3	1	6	726	2101	62	32	55.805870	confirm
5	1	39	3	1	7	795	2101	30	32	96.314674	the
5	1	39	3	1	8	833	2101	64	32	89.857315	validity
5	1	39	3	1	9	907	2106	16	18	92.513504	of
5	1	39	3	1	10	934	2101	51	32	79.364891	Cook's
5	1	39	3	1	11	995	2101	68	32	92.614746	seminal
5	1	39	3	1	12	1073	2107	8	14	57.259411	P
5	1	39	3	1	13	1094	2101	17	32	18.617004	yt
5	1	39	3	1	14	1121	2106	30	15	93.771347	NP
5	1	39	3	1	15	1161	2101	94	32	79.189201	conjecture,
5	1	39	3	1	16	1262	2118	8	10	38.522484	«
5	1	39	3	1	17	1304	2105	20	30	39.048748	ka
5	1	39	3	1	18	1334	2114	52	15	71.698303	whose
5	1	39	3	1	19	1396	2105	108	30	42.017078	fovndetional
5	1	39	3	1	20	1511	2105	98	30	88.558640	implications
5	1	39	3	1	21	1619	2105	35	30	36.999290	hove
5	1	39	3	1	22	1661	2105	33	30	62.139397	been
5	1	39	3	1	23	1704	2105	75	30	80.205109	discussed
5	1	39	3	1	24	1786	2105	33	30	63.464046	alse
5	1	39	3	1	25	1826	2105	18	30	96.520988	by
5	1	39	3	1	26	1854	2105	35	30	96.439980	Karp
5	1	39	3	1	27	1899	2105	28	30	85.899033	and
5	1	39	3	1	28	1936	2105	56	30	82.844269	Levin.
5	1	39	3	1	29	2001	2113	23	14	92.854408	We
5	1	39	3	1	30	2034	2105	33	30	95.272934	had
5	1	39	3	1	31	2109	2115	65	14	48.738029	‘estured
3	1	39	4	0	0	341	2116	1931	28	-1	
4	1	39	4	1	0	341	2116	1931	28	-1	
5	1	39	4	1	1	337	2115	74	34	8.548996	Dimace
5	1	39	4	1	2	422	2115	94	34	42.855320	Workshop,
5	1	39	4	1	3	524	2115	88	34	62.277885	co-cheired
5	1	39	4	1	4	623	2115	17	34	95.474617	by
5	1	39	4	1	5	651	2115	29	34	75.277145	Sem
5	1	39	4	1	6	691	2115	43	34	78.208817	Buss
5	1	39	4	1	7	745	2115	29	34	93.519318	ond
5	1	39	4	1	8	781	2115	41	34	69.366104	Poul
5	1	39	4	1	9	830	2115	60	34	36.411263	Besme,
5	1	39	4	1	10	898	2115	34	34	86.575272	thet
5	1	39	4	1	11	940	2130	7	10	65.578140	«
5	1	39	4	1	12	957	2115	43	34	46.444401	proof
5	1	39	4	1	13	1005	2126	17	17	46.444401	of
5	1	39	4	1	14	1034	2126	9	14	87.680847	P
5	1	39	4	1	15	1056	2115	12	34	30.824921	fp
5	1	39	4	1	16	1079	2125	29	15	91.844131	NP
5	1	39	4	1	17	1119	2115	46	34	88.109741	covld
5	1	39	4	1	18	1173	2115	17	34	95.547134	be
5	1	39	4	1	19	1198	2115	15	34	94.218819	ob
5	1	39	4	1	20	1278	2116	28	16	37.264633	a
5	1	39	4	1	21	1460	2132	3	3	13.380898	‘
5	1	39	4	1	22	1705	2131	4	4	0.000000	‘
5	1	39	4	1	23	1765	2131	33	4	0.000000	soati
5	1	39	4	1	24	2178	2114	21	36	64.909454	ot
5	1	39	4	1	25	2208	2122	9	9	68.161911	a
5	1	39	4	1	26	2228	2118	44	15	45.887409	1890
3	1	39	5	0	0	401	2121	1870	50	-1	
4	1	39	5	1	0	401	2121	1870	50	-1	
5	1	39	5	1	1	401	2146	3	3	42.215786	2
5	1	39	5	1	2	492	2145	3	2	26.251389	pr
5	1	39	5	1	3	542	2144	92	16	0.000000	co-choiel
5	1	39	5	1	4	620	2120	19	44	11.186256	ba
5	1	39	5	1	5	710	2143	8	15	60.846687	r
5	1	39	5	1	6	974	2121	26	43	51.464394	vel
5	1	39	5	1	7	1112	2123	57	43	51.273758	Sey
5	1	39	5	1	8	1210	2124	51	47	14.800140	tained
5	1	39	5	1	9	1272	2124	17	47	80.110497	by
5	1	39	5	1	10	1293	2122	86	41	66.742195	somehow
5	1	39	5	1	11	1388	2122	93	41	76.438904	hybridising
5	1	39	5	1	12	1491	2122	25	41	90.566994	the
5	1	39	5	1	13	1525	2122	82	41	72.593880	mechanics
5	1	39	5	1	14	1614	2131	16	18	94.915558	of
5	1	39	5	1	15	1641	2122	45	41	31.297066	Gadel
5	1	39	5	1	16	1692	2122	128	41	0.000000	Diegenakisation
5	1	39	5	1	17	1829	2122	83	41	84.182693	Arguments
5	1	39	5	1	18	1921	2122	32	41	96.040817	with
5	1	39	5	1	19	1959	2122	42	41	37.124134	those
5	1	39	5	1	20	2010	2122	15	41	96.411522	of
5	1	39	5	1	21	2034	2122	21	41	96.803894	the
5	1	39	5	1	22	2065	2122	25	41	53.696560	wn:
5	1	39	5	1	23	2135	2126	91	33	26.760269	boundary
5	1	39	5	1	24	2234	2126	37	33	26.760269	case
2	1	40	0	0	0	505	2092	30	4	-1	
3	1	40	1	0	0	505	2092	30	4	-1	
4	1	40	1	1	0	505	2092	30	4	-1	
5	1	40	1	1	1	505	2092	30	4	95.000000	 
2	1	41	0	0	0	339	2162	1932	91	-1	
3	1	41	1	0	0	342	2162	1929	87	-1	
4	1	41	1	1	0	397	2162	1874	26	-1	
5	1	41	1	1	1	393	2159	35	38	83.461029	The
5	1	41	1	1	2	437	2159	51	38	62.238014	shove
5	1	41	1	1	3	532	2167	189	19	22.401543	conjacture
5	1	41	1	1	4	592	2159	36	38	91.720551	was,
5	1	41	1	1	5	636	2159	20	38	88.693123	of
5	1	41	1	1	6	662	2167	59	19	55.600964	covres,
5	1	41	1	1	7	786	2162	530	25	17.446198	covaterrintwitive
5	1	41	1	1	8	940	2158	61	38	79.538818	becouse
5	1	41	1	1	9	1009	2158	62	38	45.393433	Gédel's
5	1	41	1	1	10	1076	2158	42	38	58.562702	First
5	1	41	1	1	11	1127	2158	124	38	56.533550	Incompletances
5	1	41	1	1	12	1263	2158	64	38	34.630531	Thaores
5	1	41	1	1	13	1350	2172	52	16	90.781181	(which
5	1	41	1	1	14	1412	2158	54	38	65.454758	asserts
5	1	41	1	1	15	1475	2158	23	38	91.847908	the
5	1	41	1	1	16	1507	2158	64	38	48.739784	iaherrat
5	1	41	1	1	17	1578	2170	131	18	19.645226	undecideblity
5	1	41	1	1	18	1693	2158	17	38	94.690697	of
5	1	41	1	1	19	1716	2158	102	38	74.594917	conventional
5	1	41	1	1	20	1823	2169	173	19	9.859093	arthmehic)
5	1	41	1	1	21	1922	2158	26	38	85.153984	end
5	1	41	1	1	22	1956	2158	23	38	88.750275	his
5	1	41	1	1	23	1988	2158	55	38	89.705055	Second
5	1	41	1	1	24	2051	2158	134	38	18.703827	Incempletenaas
5	1	41	1	1	25	2194	2158	80	38	75.164696	Theerem
4	1	41	1	2	0	342	2172	1927	43	-1	
5	1	41	1	2	1	342	2172	59	47	21.670303	(ubich
5	1	41	1	2	2	412	2172	95	47	62.465801	establishes
5	1	41	1	2	3	514	2172	28	47	95.710426	the
5	1	41	1	2	4	549	2182	72	23	0.000000	inability
5	1	41	1	2	5	631	2172	17	47	88.941902	of
5	1	41	1	2	6	644	2181	129	34	52.115395	erarentional|
5	1	41	1	2	7	823	2168	20	47	82.646065	te
5	1	41	1	2	8	854	2168	60	47	9.213982	aonfirm
5	1	41	1	2	9	924	2168	40	47	93.530548	their
5	1	41	1	2	10	975	2168	29	47	93.062370	owe
5	1	41	1	2	11	1014	2168	103	47	30.958183	avasistensy)
5	1	41	1	2	12	1132	2168	20	47	0.000000	74
5	1	41	1	2	13	1163	2168	29	47	75.572563	beth
5	1	41	1	2	14	1202	2168	52	47	30.035698	haves,
5	1	41	1	2	15	1261	2168	13	47	62.571560	to
5	1	41	1	2	16	1285	2168	16	47	75.683136	be
5	1	41	1	2	17	1312	2168	91	47	0.000000	concconsly
5	1	41	1	2	18	1414	2168	49	47	41.979462	robust
5	1	41	1	2	19	1477	2168	20	47	16.203918	ent
5	1	41	1	2	20	1512	2168	60	47	0.000000	rarthent
5	1	41	1	2	21	1582	2168	35	47	67.876053	tein
5	1	41	1	2	22	1625	2168	60	47	0.000000	rusnlls:
5	1	41	1	2	23	1696	2168	64	47	18.519669	Hewcecr
5	1	41	1	2	24	1770	2168	37	47	71.564255	alter
5	1	41	1	2	25	1817	2168	87	47	84.644691	researching
5	1	41	1	2	26	1915	2168	25	47	76.976639	Us
5	1	41	1	2	27	1951	2168	36	47	58.928711	lopic
5	1	41	1	2	28	1998	2168	51	47	37.035255	during
5	1	41	1	2	29	2056	2168	25	47	86.238998	the
5	1	41	1	2	30	2092	2168	134	47	2.998207	Lanesreeticity
5	1	41	1	2	31	2236	2194	33	15	42.451939	S17
4	1	41	1	3	0	343	2197	1927	53	-1	
5	1	41	1	3	1	339	2192	50	46	9.496727	yoors
5	1	41	1	3	2	400	2192	39	46	70.477501	(ond
5	1	41	1	3	3	447	2203	196	31	57.226654	publishing
5	1	41	1	3	4	549	2192	24	46	36.747913	ois
5	1	41	1	3	5	580	2192	55	46	54.747410	pepere
5	1	41	1	3	6	645	2192	46	46	47.781593	shout
5	1	41	1	3	7	699	2192	12	46	40.512680	i
5	1	41	1	3	8	722	2202	9	32	26.289719	i
5	1	41	1	3	9	777	2197	45	53	38.543278	ria
5	1	41	1	3	10	834	2197	32	53	58.732780	that
5	1	41	1	3	11	874	2197	67	53	42.449345	separate
5	1	41	1	3	12	949	2197	23	53	81.052948	the
5	1	41	1	3	13	984	2197	81	53	0.000000	sostoaply
5	1	41	1	3	14	1077	2197	76	53	0.000000	intacle
5	1	41	1	3	15	1165	2197	23	53	36.342335	bul
5	1	41	1	3	16	1201	2197	45	53	0.000000	cengt
5	1	41	1	3	17	1258	2197	49	53	0.000000	Lotish
5	1	41	1	3	18	1324	2216	19	13	51.265759	ws
5	1	41	1	3	19	1355	2197	41	53	66.466827	have
5	1	41	1	3	20	1408	2197	36	53	73.104309	sow,
5	1	41	1	3	21	1457	2197	55	53	57.482391	Analy,
5	1	41	1	3	22	1523	2197	76	53	41.326889	devslopad
5	1	41	1	3	23	1607	2214	9	10	52.323708	«
5	1	41	1	3	24	1625	2197	58	53	50.782322	method
5	1	41	1	3	25	1691	2197	14	53	84.325577	te
5	1	41	1	3	26	1717	2197	98	53	35.687843	demonstrate
5	1	41	1	3	27	1828	2209	6	15	91.677017	P
5	1	41	1	3	28	1859	2209	40	37	43.207516	NP
5	1	41	1	3	29	1912	2197	18	53	64.918396	by
5	1	41	1	3	30	1943	2197	45	53	76.315872	means
5	1	41	1	3	31	1996	2209	14	17	35.807426	9
5	1	41	1	3	32	2022	2213	5	10	49.202797	«
5	1	41	1	3	33	2040	2197	82	53	0.000000	rroat-bec
5	1	41	1	3	34	2185	2198	41	38	74.479340	ition
5	1	41	1	3	35	2234	2198	39	38	72.528267	that
4	1	41	1	4	0	339	2214	1931	39	-1	
5	1	41	1	4	1	339	2218	73	31	20.693893	cuploits
5	1	41	1	4	2	419	2218	29	31	95.847992	the
5	1	41	1	4	3	457	2218	71	31	45.164864	inherent
5	1	41	1	4	4	535	2218	18	31	79.413391	te
5	1	41	1	4	5	608	2225	12	9	71.141518	and
5	1	41	1	4	6	649	2220	53	17	87.779861	divergent
5	1	41	1	4	7	736	2224	47	13	90.997887	prope
5	1	41	1	4	8	871	2214	69	30	48.414570	seperate
5	1	41	1	4	9	949	2214	26	30	95.325134	the
5	1	41	1	4	10	984	2214	81	30	50.047756	seemingly
5	1	41	1	4	11	1072	2214	93	30	14.500275	eniniecule-
5	1	41	1	4	12	1169	2220	64	33	0.000000	ut-valid
5	1	41	1	4	13	1240	2220	81	33	14.482529	boundary
5	1	41	1	4	14	1328	2220	39	33	14.482529	case
5	1	41	1	4	15	1375	2220	91	33	24.789467	eaceptions
5	1	41	1	4	16	1474	2220	25	33	93.198219	for
5	1	41	1	4	17	1507	2220	57	33	80.491913	Gidal's
5	1	41	1	4	18	1576	2220	53	33	63.890270	Second
5	1	41	1	4	19	1636	2220	127	33	62.574673	Incomplatencss
5	1	41	1	4	20	1771	2220	72	33	85.559448	Theorem
5	1	41	1	4	21	1885	2221	110	30	37.015472	sophisiticated
5	1	41	1	4	22	2005	2232	7	13	79.874046	g
5	1	41	1	4	23	2099	2228	4	4	83.891869	i
5	1	41	1	4	24	2145	2220	15	32	82.505692	of
5	1	41	1	4	25	2168	2229	102	19	18.639984	Gédelotyls
2	1	42	0	0	0	343	2241	1926	140	-1	
3	1	42	1	0	0	343	2241	1925	86	-1	
4	1	42	1	1	0	343	2241	245	20	-1	
5	1	42	1	1	1	339	2237	143	28	0.000000	dagenalisetion
5	1	42	1	1	2	490	2237	101	28	42.929741	arguments.
4	1	42	1	2	0	343	2252	1926	50	-1	
5	1	42	1	2	1	343	2280	17	20	27.378922	5
5	1	42	1	2	2	377	2280	11	15	48.766788	0
5	1	42	1	2	3	410	2252	22	50	28.961014	yr
5	1	42	1	2	4	448	2252	71	50	0.000000	Hecrerne
5	1	42	1	2	5	531	2252	30	50	73.434822	wil
5	1	42	1	2	6	573	2252	63	50	0.000000	premuone
5	1	42	1	2	7	648	2252	30	50	50.107380	thes
5	1	42	1	2	8	685	2252	26	50	93.207169	the
5	1	42	1	2	9	718	2252	55	50	69.918983	reader
5	1	42	1	2	10	781	2252	26	50	54.553566	hes
5	1	42	1	2	11	814	2262	5	10	42.636639	9
5	1	42	1	2	12	831	2252	76	50	8.247597	eviTishent
5	1	42	1	2	13	918	2252	80	50	7.090485	haowladge
5	1	42	1	2	14	1010	2252	43	50	74.166344	about
5	1	42	1	2	15	1064	2252	114	50	72.968719	Mathematical
5	1	42	1	2	16	1185	2252	38	50	36.650566	Leste
5	1	42	1	2	17	1231	2252	13	50	41.293926	ts
5	1	42	1	2	18	1252	2252	96	50	10.074875	wnderstand
5	1	42	1	2	19	1356	2252	26	50	86.118164	the
5	1	42	1	2	20	1393	2252	39	50	54.300598	mania
5	1	42	1	2	21	1443	2252	55	50	54.310684	themes
5	1	42	1	2	22	1506	2252	13	50	54.310684	in
5	1	42	1	2	23	1527	2252	16	50	82.241104	of
5	1	42	1	2	24	1552	2252	34	50	26.751068	east
5	1	42	1	2	25	1593	2252	26	50	54.044983	ons
5	1	42	1	2	26	1627	2268	13	18	54.044983	of
5	1	42	1	2	27	1648	2252	25	50	79.879448	tha
5	1	42	1	2	28	1681	2252	109	50	7.322464	gradaste-level
5	1	42	1	2	29	1798	2252	67	50	0.000000	textbooks
5	1	42	1	2	30	1877	2252	13	50	87.694252	by
5	1	42	1	2	31	1898	2252	25	50	66.667877	say
5	1	42	1	2	32	1931	2252	80	50	39.745594	Baderten,
5	1	42	1	2	33	2018	2252	85	50	49.730515	Mendelson
5	1	42	1	2	34	2114	2271	14	10	93.286316	or
5	1	42	1	2	35	2139	2252	130	50	28.389900	Papadimitrien
4	1	42	1	3	0	362	2290	354	37	-1	
5	1	42	1	3	1	362	2292	6	6	19.177948	*
5	1	42	1	3	2	392	2285	58	46	35.090950	NEW
5	1	42	1	3	3	469	2285	80	46	27.494370	Section's
5	1	42	1	3	4	561	2285	39	46	85.258858	Title
5	1	42	1	3	5	614	2285	63	46	60.437141	HEED
3	1	42	2	0	0	400	2311	1426	41	-1	
4	1	42	2	1	0	400	2311	1426	41	-1	
5	1	42	2	1	1	400	2314	212	19	35.389008	Throughout
5	1	42	2	1	2	510	2310	35	27	87.930367	this
5	1	42	2	1	3	553	2314	59	19	30.900970	erticle,
5	1	42	2	1	4	626	2318	14	10	79.217140	o
5	1	42	2	1	5	715	2309	41	27	70.918007	mote
5	1	42	2	1	6	764	2309	19	27	65.997955	on
5	1	42	2	1	7	791	2309	48	27	70.825638	axiom
5	1	42	2	1	8	851	2313	103	17	92.303421	system,
5	1	42	2	1	9	926	2309	30	27	88.017059	and
5	1	42	2	1	10	966	2315	12	14	37.087204	d
5	1	42	2	1	11	991	2311	38	41	93.965324	will
5	1	42	2	1	12	1035	2311	52	41	77.904137	demote
5	1	42	2	1	13	1096	2320	10	10	51.573692	@
5	1	42	2	1	14	1117	2311	79	41	36.538586	deduction
5	1	42	2	1	15	1206	2311	59	41	0.000000	method
5	1	42	2	1	16	1274	2326	25	14	54.713932	Ay
5	1	42	2	1	17	1308	2311	70	41	67.864372	ordered
5	1	42	2	1	18	1387	2311	38	41	75.228676	pair
5	1	42	2	1	19	1436	2329	29	19	90.101723	(a,
5	1	42	2	1	20	1473	2328	17	19	83.944443	d)
5	1	42	2	1	21	1498	2319	33	33	96.220650	will
5	1	42	2	1	22	1539	2319	14	33	93.326225	be
5	1	42	2	1	23	1561	2319	50	33	87.713364	called
5	1	42	2	1	24	1619	2319	36	33	60.577248	Self
5	1	42	2	1	25	1665	2319	100	33	84.488464	Justifying
5	1	42	2	1	26	1775	2319	51	33	94.609428	when:
3	1	42	3	0	0	354	2358	809	23	-1	
4	1	42	3	1	0	354	2358	809	23	-1	
5	1	42	3	1	1	354	2366	6	15	70.617371	i
5	1	42	3	1	2	389	2354	31	30	65.241348	ens
5	1	42	3	1	3	430	2354	17	30	88.079956	of
5	1	42	3	1	4	460	2363	32	14	0.000000	ws
5	1	42	3	1	5	502	2354	76	30	41.293888	thaarems
5	1	42	3	1	6	587	2354	33	30	92.174637	will
5	1	42	3	1	7	627	2354	41	30	74.609085	stole
5	1	42	3	1	8	675	2354	35	30	87.924843	that
5	1	42	3	1	9	720	2354	25	30	96.519569	the
5	1	42	3	1	10	755	2354	83	30	83.557068	deduction
5	1	42	3	1	11	847	2354	58	30	84.504837	methed
5	1	42	3	1	12	916	2360	17	17	92.668762	d,
5	1	42	3	1	13	948	2361	182	18	60.889900	syplicd
5	1	42	3	1	14	1015	2354	15	30	75.244057	te
5	1	42	3	1	15	1037	2354	26	30	82.488602	the
5	1	42	3	1	16	1072	2361	56	18	31.616783	eystem
5	1	42	3	1	17	1142	2366	21	13	18.049759	a,
2	1	43	0	0	0	355	2363	1222	50	-1	
3	1	43	1	0	0	355	2363	1219	50	-1	
4	1	43	1	1	0	1177	2363	28	15	-1	
5	1	43	1	1	1	1177	2363	28	15	50.702827	wily
4	1	43	1	2	0	355	2365	1222	48	-1	
5	1	43	1	2	1	355	2400	13	13	55.260910	a
5	1	43	1	2	2	398	2396	60	16	0.000000	aven
5	1	43	1	2	3	561	2371	14	42	30.496872	‘a
5	1	43	1	2	4	585	2371	53	42	0.000000	ctetasl
5	1	43	1	2	5	645	2371	28	42	0.000000	jane
5	1	43	1	2	6	683	2371	22	42	28.178848	ah
5	1	43	1	2	7	771	2400	5	4	17.144096	.
5	1	43	1	2	8	1208	2365	63	36	69.758347	reduce
5	1	43	1	2	9	1283	2379	3	9	45.476948	©
5	1	43	1	2	10	1298	2365	93	36	91.678154	consistent
5	1	43	1	2	11	1400	2365	23	36	63.917381	set
5	1	43	1	2	12	1433	2379	17	18	93.153030	of
5	1	43	1	2	13	1460	2365	78	36	4.718750	thsorems,
5	1	43	1	2	14	1547	2365	30	36	83.453880	ond
2	1	44	0	0	0	348	2432	1854	51	-1	
3	1	44	1	0	0	348	2432	1854	51	-1	
4	1	44	1	1	0	814	2432	12	14	-1	
5	1	44	1	1	1	814	2432	12	14	71.058075	a
4	1	44	1	2	0	597	2441	569	18	-1	
5	1	44	1	2	1	593	2437	20	26	70.366516	fe
5	1	44	1	2	2	621	2443	83	13	89.441170	construct
5	1	44	1	2	3	712	2437	9	26	31.686447	«
5	1	44	1	2	4	728	2442	59	15	46.764168	sysiem
5	1	44	1	2	5	893	2437	36	27	79.078743	thet
5	1	44	1	2	6	937	2441	101	18	0.000000	satisfies
5	1	44	1	2	7	1014	2437	28	27	93.204475	the
5	1	44	1	2	8	1060	2447	31	12	47.740273	Pert-i
5	1	44	1	2	9	1105	2446	61	13	39.322010	conditi:
4	1	44	1	3	0	348	2440	1854	43	-1	
5	1	44	1	3	1	348	2434	31	35	80.483246	For
5	1	44	1	3	2	390	2434	28	35	48.746372	ony
5	1	44	1	3	3	430	2447	31	18	55.962948	(2,
5	1	44	1	3	4	469	2434	27	35	0.000000	4)¢
5	1	44	1	3	5	507	2447	15	15	88.700592	it
5	1	44	1	3	6	530	2434	15	35	56.181419	te
5	1	44	1	3	7	553	2445	37	15	8.664848	ancy
5	1	44	1	3	8	711	2446	10	8	0.000000	.
5	1	44	1	3	9	799	2444	12	10	42.933712	a
5	1	44	1	3	10	841	2440	41	19	42.933712	Qe
5	1	44	1	3	11	1046	2444	52	14	33.756973	Pertl
5	1	44	1	3	12	1137	2446	54	15	74.714561	condition.
5	1	44	1	3	13	1201	2440	27	39	79.133682	For
5	1	44	1	3	14	1237	2440	55	39	5.063889	jas,
5	1	44	1	3	15	1303	2458	44	21	66.708282	at
5	1	44	1	3	16	1464	2469	18	14	8.921646	ss
5	1	44	1	3	17	1553	2466	5	16	56.188538	J
5	1	44	1	3	18	1572	2446	11	40	35.261246	oo
5	1	44	1	3	19	1592	2465	11	14	31.784691	‘a
5	1	44	1	3	20	1633	2465	3	2	43.601181	asioms
5	1	44	1	3	21	1687	2463	4	14	17.791351	ps
5	1	44	1	3	22	1717	2466	20	10	60.336853	on
5	1	44	1	3	23	1759	2461	32	15	90.389198	added
5	1	44	1	3	24	1803	2457	146	20	68.193100	“SelfRafla,
5	1	44	1	3	25	1922	2446	28	40	53.478340	a)"
5	1	44	1	3	26	1962	2454	240	23	51.653259	scatence,
5	1	44	1	3	27	2042	2446	57	40	86.587784	defined
5	1	44	1	3	28	2109	2446	17	40	73.833939	as
5	1	44	1	3	29	2135	2454	67	23	66.230103	stating:
2	1	45	0	0	0	2337	1786	22	846	-1	
3	1	45	1	0	0	2337	1786	22	846	-1	
4	1	45	1	1	0	2337	1786	22	846	-1	
5	1	45	1	1	1	2337	1786	22	846	95.000000	 
2	1	46	0	0	0	2253	3116	102	15	-1	
3	1	46	1	0	0	2253	3116	102	15	-1	
4	1	46	1	1	0	2253	3116	102	15	-1	
5	1	46	1	1	1	2253	3116	102	15	0.000000	7
