level	page_num	block_num	par_num	line_num	word_num	left	top	width	height	conf	text
1	1	0	0	0	0	0	0	2550	3300	-1	
2	1	1	0	0	0	728	125	1424	92	-1	
3	1	1	1	0	0	728	125	1425	92	-1	
4	1	1	1	1	0	728	125	1424	92	-1	
5	1	1	1	1	1	728	176	185	40	96.625519	Recording
5	1	1	1	1	2	928	177	37	31	96.994949	of
5	1	1	1	1	3	978	177	167	32	96.734154	Scientific
5	1	1	1	1	4	1159	178	108	31	96.922531	Notes
5	1	1	1	1	5	1283	178	180	39	96.865570	Notarized
5	1	1	1	1	6	1479	181	44	34	96.600876	by
5	1	1	1	1	7	1538	175	76	30	93.184502	Dan
5	1	1	1	1	8	1630	173	39	29	93.057915	E.
5	1	1	1	1	9	1686	173	143	32	96.663689	Willard
5	1	1	1	1	10	1845	185	46	20	93.172768	on
5	1	1	1	1	11	1907	176	139	38	83.263977	May10,
5	1	1	1	1	12	2065	174	20	29	97.021393	2
5	1	1	1	1	13	2112	125	40	76	43.021271	1]
2	1	2	0	0	0	727	205	1775	322	-1	
3	1	2	1	0	0	2187	205	190	38	-1	
4	1	2	1	1	0	2187	205	190	38	-1	
5	1	2	1	1	1	2187	210	69	31	0.000000	inncern
5	1	2	1	1	2	2267	205	35	38	0.000000	Lesh
5	1	2	1	1	3	2314	216	10	14	0.000000	g
5	1	2	1	1	4	2333	205	44	38	3.947968	bea
3	1	2	2	0	0	727	220	1774	89	-1	
4	1	2	2	1	0	771	220	1550	28	-1	
5	1	2	2	1	1	771	229	74	19	50.633274	proof
5	1	2	2	1	2	829	220	18	34	93.243950	of
5	1	2	2	1	3	854	229	13	14	91.583565	P
5	1	2	2	1	4	877	220	15	34	54.994011	yi
5	1	2	2	1	5	901	229	33	14	92.934135	NP
5	1	2	2	1	6	943	228	33	15	94.489189	will
5	1	2	2	1	7	994	228	61	15	77.707367	certainly
5	1	2	2	1	8	1076	228	22	15	93.069778	be
5	1	2	2	1	9	1142	228	72	17	3.240906	noa-trivial.
5	1	2	2	1	10	1504	230	28	11	87.682503	are
5	1	2	2	1	11	1540	226	20	12	78.593956	to
5	1	2	2	1	12	1568	223	75	14	72.933037	dlesever
5	1	2	2	1	13	1653	223	38	14	69.824203	how
5	1	2	2	1	14	1700	222	50	19	56.491081	[37]'s
5	1	2	2	1	15	1758	224	56	15	51.833282	faitial
5	1	2	2	1	16	1826	226	41	15	93.168381	1993
5	1	2	2	1	17	1877	226	96	16	29.177986	fermaliam
5	1	2	2	1	18	1982	228	26	14	96.784386	for
5	1	2	2	1	19	2028	225	79	16	89.371605	generating
5	1	2	2	1	20	2130	220	51	19	47.309345	quite
5	1	2	2	1	21	2304	231	17	14	88.041771	te
4	1	2	2	2	0	727	222	1710	53	-1	
5	1	2	2	2	1	727	231	35	34	51.334084	Ot
5	1	2	2	2	2	792	252	30	11	0.000000	rreee
5	1	2	2	2	3	831	249	18	13	26.481773	oe
5	1	2	2	2	4	858	224	26	46	58.567169	the
5	1	2	2	2	5	895	228	63	34	0.000000	Seced
5	1	2	2	2	6	968	233	171	31	0.000000	Incemplerncne
5	1	2	2	2	7	1174	234	28	28	0.000000	Thosteis
5	1	2	2	2	8	1209	230	32	33	50.383282	eat
5	1	2	2	2	9	1251	230	36	34	58.621414	bets
5	1	2	2	2	10	1297	231	38	17	76.598640	thus
5	1	2	2	2	11	1352	236	49	34	0.000000	taten
5	1	2	2	2	12	1410	224	22	50	57.855701	va
5	1	2	2	2	13	1439	233	30	32	58.601265	214
5	1	2	2	2	14	1477	233	69	32	13.255890	Jorcof
5	1	2	2	2	15	1553	241	20	14	50.593796	ef
5	1	2	2	2	16	1603	240	65	18	6.189713	PNB.
5	1	2	2	2	17	1679	241	15	14	65.519440	A
5	1	2	2	2	18	1704	241	37	15	34.472580	alea
5	1	2	2	2	19	1749	245	60	15	41.094746	sepert
5	1	2	2	2	20	1818	224	18	50	96.153137	of
5	1	2	2	2	21	1847	224	33	50	91.462738	this
5	1	2	2	2	22	1890	233	73	29	3.391235	proef
5	1	2	2	2	23	1948	224	17	50	10.764305	le
5	1	2	2	2	24	1972	246	40	14	10.764305	that
5	1	2	2	2	25	2017	231	18	29	68.892242	ft
5	1	2	2	2	26	2044	245	16	15	72.424721	le
5	1	2	2	2	27	2068	222	53	45	47.896671	meek
5	1	2	2	2	28	2128	223	53	52	27.265274	Seale
5	1	2	2	2	29	2197	236	14	35	31.019714	6
5	1	2	2	2	30	2223	228	79	36	10.784393	orcad
5	1	2	2	2	31	2329	232	108	24	17.838142	Sp
4	1	2	2	3	0	727	256	1774	35	-1	
5	1	2	2	3	1	727	266	85	19	0.000000	Kindsight
5	1	2	2	3	2	820	266	40	14	66.304230	than
5	1	2	2	3	3	868	264	17	15	66.791794	fn
5	1	2	2	3	4	893	264	79	18	53.714722	foresight
5	1	2	2	3	5	981	264	63	19	86.230186	(where
5	1	2	2	3	6	1051	268	32	10	89.003937	one
5	1	2	2	3	7	1090	264	60	18	71.193031	begine
5	1	2	2	3	8	1158	265	41	15	91.351936	with
5	1	2	2	3	9	1207	271	11	10	71.496201	a
5	1	2	2	3	10	1225	251	30	44	78.934425	fall
5	1	2	2	3	11	1265	268	30	15	62.797707	bad
5	1	2	2	3	12	1306	251	33	44	12.276428	olor
5	1	2	2	3	13	1348	256	80	33	60.632900	that
5	1	2	2	3	14	1397	251	34	44	53.579525	mill
5	1	2	2	3	15	1436	263	91	21	14.333069	nevetibiy
5	1	2	2	3	16	1533	262	52	12	33.631172	cance
5	1	2	2	3	17	1592	262	51	29	92.204262	many
5	1	2	2	3	18	1650	258	43	14	16.163498	falee
5	1	2	2	3	19	1701	261	50	12	27.616188	turns
5	1	2	2	3	20	1759	262	20	12	78.889366	te
5	1	2	2	3	21	1787	260	21	15	84.356339	be
5	1	2	2	3	22	1816	262	65	19	89.817192	made),
5	1	2	2	3	23	1891	263	44	15	91.070282	This
5	1	2	2	3	24	1943	264	14	14	88.051620	la
5	1	2	2	3	25	1965	264	75	14	46.431995	because
5	1	2	2	3	26	2048	263	50	14	73.720085	thare
5	1	2	2	3	27	2105	264	31	11	86.297409	are
5	1	2	2	3	28	2144	261	29	12	26.317451	me
5	1	2	2	3	29	2404	273	15	17	0.000000	f
5	1	2	2	3	30	2486	278	15	12	0.000000	C
4	1	2	2	4	0	727	276	1765	33	-1	
5	1	2	2	4	1	727	288	29	14	94.402786	the
5	1	2	2	4	2	763	286	77	16	94.402786	roadway
5	1	2	2	4	3	848	283	70	15	90.183975	towards
5	1	2	2	4	4	928	283	70	17	70.657753	proving
5	1	2	2	4	5	1006	283	15	13	41.130051	P
5	1	2	2	4	6	1030	282	13	17	26.437546	vt
5	1	2	2	4	7	1052	282	34	14	72.558456	NP.
5	1	2	2	4	8	1100	283	39	14	92.612686	that
5	1	2	2	4	9	1147	287	33	11	90.085083	can
5	1	2	2	4	10	1188	284	22	15	86.943153	be
5	1	2	2	4	11	1218	286	71	17	58.349499	avelded,
5	1	2	2	4	12	1303	290	42	17	59.118172	with
5	1	2	2	4	13	1355	272	42	41	0.000000	gaed
5	1	2	2	4	14	1405	286	68	21	58.128136	healthy
5	1	2	2	4	15	1481	277	124	31	32.908363	retreopective
5	1	2	2	4	16	1625	276	52	33	56.385498	advice.
5	1	2	2	4	17	2183	292	50	15	77.903595	some
5	1	2	2	4	18	2242	284	72	17	6.444855	eamnlnal
5	1	2	2	4	19	2416	272	42	39	58.379196	ote
5	1	2	2	4	20	2464	272	30	39	35.409027	alae
3	1	2	3	0	0	727	291	1775	102	-1	
4	1	2	3	1	0	774	291	1728	35	-1	
5	1	2	3	1	1	774	304	35	16	19.670639	Osr
5	1	2	3	1	2	818	301	59	17	71.789566	formal
5	1	2	3	1	3	886	301	49	18	88.631500	preef
5	1	2	3	1	4	943	300	20	14	93.126968	of
5	1	2	3	1	5	972	300	14	14	87.393990	P
5	1	2	3	1	6	998	299	14	17	56.750938	yt
5	1	2	3	1	7	1024	299	34	14	82.910233	NP
5	1	2	3	1	8	1067	291	34	22	68.801491	wilt
5	1	2	3	1	9	1111	304	63	14	55.230507	appear
5	1	2	3	1	10	1185	303	18	15	79.228111	In
5	1	2	3	1	11	1212	299	117	25	85.622025	Sections
5	1	2	3	1	12	1338	311	9	15	61.629025	177-717,
5	1	2	3	1	13	1388	310	36	16	71.155518	Tha
5	1	2	3	1	14	1433	304	40	17	2.437790	oezt
5	1	2	3	1	15	1483	299	47	15	0.000000	thres
5	1	2	3	1	16	1540	297	75	12	38.006950	sections
5	1	2	3	1	17	1669	299	69	13	84.324333	explain
5	1	2	3	1	18	1749	296	38	15	34.435654	how
5	1	2	3	1	19	1795	302	31	10	60.087433	eur
5	1	2	3	1	20	1837	303	38	10	91.936584	core
5	1	2	3	1	21	1886	301	138	19	33.215736	methedelegics
5	1	2	3	1	22	2034	306	30	10	95.190262	are
5	1	2	3	1	23	2075	297	65	17	87.779068	related
5	1	2	3	1	24	2154	298	21	11	34.946915	1
5	1	2	3	1	25	2493	299	9	14	0.000000	‘s
4	1	2	3	2	0	727	311	1767	35	-1	
5	1	2	3	2	1	727	325	58	17	21.563469	Selovay,
5	1	2	3	2	2	797	322	72	19	0.000000	Nelnca
5	1	2	3	2	3	877	319	32	15	55.136646	and
5	1	2	3	2	4	919	317	116	17	47.973553	Wilkle-Parle
5	1	2	3	2	5	1049	317	27	17	40.610649	[37,
5	1	2	3	2	6	1084	318	20	14	63.547474	32,
5	1	2	3	2	7	1119	319	22	14	61.735302	33,
5	1	2	3	2	8	1155	319	35	20	65.381020	36),
5	1	2	3	2	9	1198	322	50	21	66.922829	along
5	1	2	3	2	10	1256	326	40	16	50.884518	oth
5	1	2	3	2	11	1330	317	7	5	0.000000	cost
5	1	2	3	2	12	1359	312	23	32	0.000000	sy
5	1	2	3	2	13	1395	327	27	16	2.834320	tog
5	1	2	3	2	14	1431	321	43	17	71.289444	mock
5	1	2	3	2	15	1482	318	23	16	92.488884	by
5	1	2	3	2	16	1513	312	148	32	28.416565	Duss-lgnlatevie
5	1	2	3	2	17	1662	313	40	31	69.559875	and
5	1	2	3	2	18	1712	311	72	20	71.563126	Svejdar
5	1	2	3	2	19	1792	315	24	20	85.859505	[6,
5	1	2	3	2	20	1823	317	35	19	70.712967	33].
5	1	2	3	2	21	2196	327	22	16	28.507156	ad
5	1	2	3	2	22	2232	324	75	17	47.905273	Jacompl
5	1	2	3	2	23	2419	315	18	21	86.615036	by
5	1	2	3	2	24	2445	321	49	25	27.449951	Peay
4	1	2	3	3	0	773	323	1727	41	-1	
5	1	2	3	3	1	773	328	50	29	44.817657	Their
5	1	2	3	3	2	834	338	60	16	43.648079	results
5	1	2	3	3	3	905	335	81	16	43.307457	eotablich
5	1	2	3	3	4	998	334	38	14	96.818428	that
5	1	2	3	3	5	1054	328	57	23	92.597687	logical
5	1	2	3	3	6	1119	329	58	24	50.347504	axlom
5	1	2	3	3	7	1187	343	74	15	3.527390	systete
5	1	2	3	3	8	1274	322	23	46	40.423130	th
5	1	2	3	3	9	1304	322	43	46	0.000000	orme
5	1	2	3	3	10	1358	322	62	46	31.103523	telated
5	1	2	3	3	11	1431	322	70	46	0.000000	cratsle
5	1	2	3	3	12	1546	333	56	30	76.072891	deductive
5	1	2	3	3	13	1613	332	82	31	31.227325	mathode,
5	1	2	3	3	14	1712	331	45	19	73.321678	obey
5	1	2	3	3	15	1771	337	45	12	8.493195	mard
5	1	2	3	3	16	1827	336	82	16	50.520206	pawerful
5	1	2	3	3	17	1954	338	111	15	71.766907	generalisations
5	1	2	3	3	18	2077	337	21	15	92.782944	of
5	1	2	3	3	19	2108	336	30	14	94.739258	the
5	1	2	3	3	20	2151	332	43	17	34.461754	Seco!
5	1	2	3	3	21	2254	323	49	39	20.263054	‘ewe
5	1	2	3	3	22	2312	323	46	39	15.889877	tte
5	1	2	3	3	23	2495	343	5	8	0.000000	"
4	1	2	3	4	0	727	345	1771	52	-1	
5	1	2	3	4	1	727	359	97	19	53.811989	traditional
5	1	2	3	4	2	832	357	71	32	15.472366	Cree!
5	1	2	3	4	3	930	353	108	31	11.126442	Fes
5	1	2	3	4	4	1010	348	28	46	50.481087	ons
5	1	2	3	4	5	1044	352	20	31	68.259811	ot
5	1	2	3	4	6	1071	370	30	14	65.659637	che
5	1	2	3	4	7	1109	350	98	43	0.000000	erent,
5	1	2	3	4	8	1210	350	110	41	66.216583	developped
5	1	2	3	4	9	1319	345	30	50	52.740498	Uy
5	1	2	3	4	10	1356	345	147	50	7.907089	tubers-Beraary
5	1	2	3	4	11	1514	349	31	35	37.000919	on
5	1	2	3	4	12	1554	349	22	15	83.700783	Lab
5	1	2	3	4	13	1597	347	33	20	50.090858	[15,
5	1	2	3	4	14	1660	347	12	20	70.199905	22].
5	1	2	3	4	15	1683	349	38	15	96.416122	The
5	1	2	3	4	16	1728	352	118	17	90.785706	appreciation
5	1	2	3	4	17	1854	354	20	15	96.056465	of
5	1	2	3	4	18	1881	355	32	16	96.256691	the
5	1	2	3	4	19	1925	360	102	15	89.164513	importance
5	1	2	3	4	20	2034	357	21	15	96.902939	of
5	1	2	3	4	21	2062	356	30	15	96.807892	the
5	1	2	3	4	22	2100	350	75	20	92.927338	seminal
5	1	2	3	4	23	2183	348	49	16	8.265549	ebser
5	1	2	3	4	24	2351	351	20	46	56.596294	by
5	1	2	3	4	25	2377	351	47	46	33.499596	Palin
5	1	2	3	4	26	2435	351	35	46	42.191788	tise
5	1	2	3	4	27	2476	368	22	16	51.526642	lhe
3	1	2	4	0	0	837	350	1589	47	-1	
4	1	2	4	1	0	837	350	1589	47	-1	
5	1	2	4	1	1	837	376	18	14	58.723351	w
5	1	2	4	1	2	1166	359	45	38	51.749184	tape
5	1	2	4	1	3	1442	376	14	15	0.000000	”
5	1	2	4	1	4	1521	378	5	5	61.908463	i
5	1	2	4	1	5	2315	350	36	18	32.751930	side
5	1	2	4	1	6	2356	346	17	39	43.100883	by
5	1	2	4	1	7	2385	350	41	19	35.312592	pm
3	1	2	5	0	0	728	377	1770	55	-1	
4	1	2	5	1	0	728	377	1770	55	-1	
5	1	2	5	1	1	728	377	100	35	0.000000	wentee
5	1	2	5	1	2	834	395	47	14	65.996643	note
5	1	2	5	1	3	893	395	14	37	9.446495	cf
5	1	2	5	1	4	910	377	22	52	56.235405	re
5	1	2	5	1	5	940	377	70	52	0.000000	flalebod
5	1	2	5	1	6	1022	377	18	52	48.367798	om
5	1	2	5	1	7	1052	377	32	52	54.441265	Mer
5	1	2	5	1	8	1096	377	18	52	61.368519	3,
5	1	2	5	1	9	1126	377	23	52	73.975571	30
5	1	2	5	1	10	1146	379	27	31	83.719803	14,
5	1	2	5	1	11	1185	393	27	17	62.865726	Tet
5	1	2	5	1	12	1224	374	31	52	62.315380	met
5	1	2	5	1	13	1258	381	41	36	17.326904	A
5	1	2	5	1	14	1315	377	21	49	18.734367	pl
5	1	2	5	1	15	1352	388	45	30	24.567650	hat
5	1	2	5	1	16	1405	382	60	30	44.397335	pinyi0
5	1	2	5	1	17	1473	389	73	15	0.000000	becacse
5	1	2	5	1	18	1554	389	29	13	90.029877	my
5	1	2	5	1	19	1590	384	60	14	67.401680	Wellle
5	1	2	5	1	20	1659	389	53	13	93.360092	paper
5	1	2	5	1	21	1721	391	34	10	95.436401	was
5	1	2	5	1	22	1763	391	82	16	65.043694	accepted
5	1	2	5	1	23	1854	396	22	10	88.509827	om
5	1	2	5	1	24	1915	398	12	13	92.861794	May
5	1	2	5	1	25	1934	394	11	15	92.861794	2
5	1	2	5	1	26	1953	394	44	19	85.521294	(and
5	1	2	5	1	27	2005	393	84	18	79.324303	rewrting
5	1	2	5	1	28	2097	393	14	14	46.540051	It
5	1	2	5	1	29	2121	386	80	22	91.297714	required
5	1	2	5	1	30	2211	386	31	15	92.741325	my
5	1	2	5	1	31	2249	381	93	23	9.115021	sttentlon),
5	1	2	5	1	32	2440	378	58	29	37.184414	Storey,
3	1	2	6	0	0	774	412	1512	20	-1	
4	1	2	6	1	0	774	412	1512	20	-1	
5	1	2	6	1	1	774	414	56	17	94.290970	NEW
5	1	2	6	1	2	837	412	58	16	48.162849	Satie’
5	1	2	6	1	3	1590	421	9	7	0.000000	-
5	1	2	6	1	4	2278	417	8	15	49.673912	t
3	1	2	7	0	0	800	417	1558	34	-1	
4	1	2	7	1	0	800	417	1558	34	-1	
5	1	2	7	1	1	800	431	80	18	21.280838	reagheut
5	1	2	7	1	2	888	426	35	15	77.176910	thle
5	1	2	7	1	3	931	423	65	16	57.819744	article,
5	1	2	7	1	4	1010	426	12	10	92.629280	@
5	1	2	7	1	5	1038	422	34	15	95.647591	will
5	1	2	7	1	6	1078	424	63	17	75.091286	denote
5	1	2	7	1	7	1148	432	11	10	63.886608	a
5	1	2	7	1	8	1162	419	46	32	69.756500	rece:
5	1	2	7	1	9	1442	418	74	33	38.226913	opreper
5	1	2	7	1	10	1523	421	67	16	37.180374	aslome”,
5	1	2	7	1	11	1614	421	33	15	94.901840	and
5	1	2	7	1	12	1663	421	11	15	55.009693	4
5	1	2	7	1	13	1689	422	35	15	90.358643	will
5	1	2	7	1	14	1730	423	64	19	92.872734	denote
5	1	2	7	1	15	1802	432	10	10	50.218536	a
5	1	2	7	1	16	1819	428	33	16	84.910980	ded
5	1	2	7	1	17	1861	417	55	33	55.539169	ctlee
5	1	2	7	1	18	2020	432	31	14	67.512024	eed
5	1	2	7	1	19	2059	432	8	14	96.405754	for
5	1	2	7	1	20	2093	429	82	16	92.625206	deriving
5	1	2	7	1	21	2183	423	88	17	82.212814	theorems
5	1	2	7	1	22	2285	423	57	18	51.875343	froma,
5	1	2	7	1	23	2350	429	8	15	0.000000	s
3	1	2	8	0	0	727	431	1768	96	-1	
4	1	2	8	1	0	727	431	1760	45	-1	
5	1	2	8	1	1	727	434	118	37	23.471649	lectu
5	1	2	8	1	2	777	427	13	50	46.250938	de
5	1	2	8	1	3	802	434	42	37	52.508598	conte
5	1	2	8	1	4	850	447	44	15	8.037575	Puies
5	1	2	8	1	5	900	444	20	15	55.531574	of
5	1	2	8	1	6	925	442	92	16	0.000000	Inferonces
5	1	2	8	1	7	1025	439	49	19	7.300644	(08h
5	1	2	8	1	8	1082	446	19	10	55.298199	aa
5	1	2	8	1	9	1108	446	62	16	51.001240	modus
5	1	2	8	1	10	1177	434	90	37	0.000000	pousechlZ
5	1	2	8	1	11	1270	440	110	33	0.000000	enemerable
5	1	2	8	1	12	1383	427	25	50	26.923538	$4!
5	1	2	8	1	13	1420	427	34	50	47.502548	coma
5	1	2	8	1	14	1466	441	69	20	30.117638	“gical
5	1	2	8	1	15	1543	440	56	15	36.916069	asloms",
5	1	2	8	1	16	1634	439	74	17	79.281189	denoted
5	1	2	8	1	17	1716	447	20	10	72.058365	a4
5	1	2	8	1	18	1744	444	36	22	51.355431	Lg,
5	1	2	8	1	19	1787	446	39	16	53.027531	that
5	1	2	8	1	20	1837	427	21	50	95.171295	we
5	1	2	8	1	21	1865	432	136	35	5.940155	consider
5	1	2	8	1	22	1953	427	18	50	63.650978	te
5	1	2	8	1	23	1983	427	17	50	54.855900	be
5	1	2	8	1	24	2008	437	42	33	59.299629	past
5	1	2	8	1	25	2062	427	13	50	94.355881	of
5	1	2	8	1	26	2084	450	27	14	48.165474	die
5	1	2	8	1	27	2119	443	136	20	14.060173	infrestructer®
5	1	2	8	1	28	2264	438	55	36	36.933037	rather
5	1	2	8	1	29	2324	432	32	48	37.180771	thee
5	1	2	8	1	30	2359	436	70	40	4.710068	S48
5	1	2	8	1	31	2434	452	53	23	31.973175	trey
4	1	2	8	2	0	727	457	1768	42	-1	
5	1	2	8	2	1	727	476	48	21	69.129234	(Thle
5	1	2	8	2	2	782	469	91	20	54.093956	seamingly
5	1	2	8	2	3	880	467	53	15	84.155182	miner
5	1	2	8	2	4	938	457	98	42	22.274338	notational
5	1	2	8	2	5	1046	457	55	42	81.401138	relat,
5	1	2	8	2	6	1109	466	53	17	86.584641	which
5	1	2	8	2	7	1172	472	50	17	95.716629	views
5	1	2	8	2	8	1231	477	13	14	19.899979	1
5	1	2	8	2	9	1364	478	28	15	64.098000	the
5	1	2	8	2	10	1400	469	90	21	77.273079	deduction
5	1	2	8	2	11	1496	458	76	41	33.806236	matbed
5	1	2	8	2	12	1579	461	11	15	62.455715	4
5	1	2	8	2	13	1601	458	125	40	12.578293	meticulously
5	1	2	8	2	14	1734	470	89	15	52.505547	Seperated
5	1	2	8	2	15	1834	471	43	16	96.508766	from
5	1	2	8	2	16	1886	473	31	15	95.770065	the
5	1	2	8	2	17	1924	477	28	12	64.214417	eet
5	1	2	8	2	18	1960	475	20	15	93.006218	of
5	1	2	8	2	19	1986	480	11	13	91.788193	p
5	1	2	8	2	20	2058	473	69	14	71.480003	aziome
5	1	2	8	2	21	2136	475	21	12	27.926949	a,
5	1	2	8	2	22	2165	465	45	17	45.380997	shall
5	1	2	8	2	23	2219	467	39	28	20.868309	sm
5	1	2	8	2	24	2260	459	48	39	16.894188	nikon
5	1	2	8	2	25	2317	459	34	39	28.882454	mn
5	1	2	8	2	26	2406	460	33	34	14.733589	frat
5	1	2	8	2	27	2486	467	9	13	55.610622	7
4	1	2	8	3	0	727	468	1700	46	-1	
5	1	2	8	3	1	727	500	29	10	22.508392	(op
5	1	2	8	3	2	763	492	54	20	0.000000	eeeat,
5	1	2	8	3	3	828	490	28	13	96.417915	We
5	1	2	8	3	4	863	484	81	16	61.007069	therefore
5	1	2	8	3	5	953	484	43	13	47.349014	emp
5	1	2	8	3	6	1067	482	8	12	23.284546	hel
5	1	2	8	3	7	1114	483	22	18	39.895634	by
5	1	2	8	3	8	1144	486	30	16	62.295086	the
5	1	2	8	3	9	1182	492	55	17	0.646057	aaron
5	1	2	8	3	10	1245	484	10	26	32.352539	g
5	1	2	8	3	11	1267	467	13	51	27.480614	ta
5	1	2	8	3	12	1293	484	37	30	65.484955	past
5	1	2	8	3	13	1339	467	18	51	90.356613	of
5	1	2	8	3	14	1369	467	22	51	62.193340	she
5	1	2	8	3	15	1403	467	39	51	0.000000	Ue
5	1	2	8	3	16	1430	487	71	17	0.000000	Caree
5	1	2	8	3	17	1510	482	20	13	95.381462	will
5	1	2	8	3	18	1552	485	63	12	36.635323	always
5	1	2	8	3	19	1624	467	22	51	94.414955	be
5	1	2	8	3	20	1652	482	82	20	74.413124	referring
5	1	2	8	3	21	1743	487	20	13	70.458305	to
5	1	2	8	3	22	1770	491	11	10	47.261257	m
5	1	2	8	3	23	1789	491	26	11	77.962051	set
5	1	2	8	3	24	1822	490	20	14	94.279617	of
5	1	2	8	3	25	1849	495	72	14	41.894379	propor
5	1	2	8	3	26	1928	492	33	15	0.000000	acieate
5	1	2	8	3	27	1993	479	58	28	46.603603	thst
5	1	2	8	3	28	2060	492	23	17	61.603748	fo,
5	1	2	8	3	29	2091	483	142	21	0.000000	acvematieallY.
5	1	2	8	3	30	2312	468	50	46	33.233482	orien
5	1	2	8	3	31	2380	468	47	46	28.914841	fed
4	1	2	8	4	0	727	509	77	18	-1	
5	1	2	8	4	1	727	509	77	18	68.849472	axioms.)
2	1	3	0	0	0	1410	242	852	25	-1	
3	1	3	1	0	0	1410	242	852	25	-1	
4	1	3	1	1	0	1410	242	29	10	-1	
5	1	3	1	1	1	1410	242	29	10	95.000000	 
4	1	3	1	2	0	1436	247	826	20	-1	
5	1	3	1	2	1	1436	253	15	14	95.000000	 
5	1	3	1	2	2	2231	247	31	20	95.000000	  
2	1	4	0	0	0	1508	345	25	6	-1	
3	1	4	1	0	0	1508	345	25	6	-1	
4	1	4	1	1	0	1508	345	25	6	-1	
5	1	4	1	1	1	1508	345	25	6	95.000000	 
2	1	5	0	0	0	1601	444	8	10	-1	
3	1	5	1	0	0	1601	444	8	10	-1	
4	1	5	1	1	0	1601	444	8	10	-1	
5	1	5	1	1	1	1601	444	8	10	95.000000	 
2	1	6	0	0	0	767	547	1467	56	-1	
3	1	6	1	0	0	767	547	1467	47	-1	
4	1	6	1	1	0	767	547	1467	37	-1	
5	1	6	1	1	1	767	557	87	19	29.739235	Exarnpte
5	1	6	1	1	2	862	554	28	16	89.579811	0.1
5	1	6	1	1	3	907	551	36	15	89.579811	The
5	1	6	1	1	4	950	549	91	15	92.939056	deduction
5	1	6	1	1	5	1049	550	79	17	57.194000	methode
5	1	6	1	1	6	1136	554	17	19	75.155891	d,
5	1	6	1	1	7	1160	557	39	18	35.836418	thay
5	1	6	1	1	8	1206	567	24	12	89.324257	we
5	1	6	1	1	9	1236	567	33	15	77.599915	witl
5	1	6	1	1	10	1276	573	29	10	66.575607	use,
5	1	6	1	1	11	1320	573	27	10	82.649101	are
5	1	6	1	1	12	1353	564	46	20	27.721413	quit
5	1	6	1	1	13	1405	550	125	24	76.176071	conventional.
5	1	6	1	1	14	1540	548	48	18	96.152443	They
5	1	6	1	1	15	1594	554	39	13	89.900017	can,
5	1	6	1	1	16	1641	550	26	15	92.490517	for
5	1	6	1	1	17	1674	552	85	21	92.529610	instance,
5	1	6	1	1	18	1767	560	102	15	16.802048	correspond
5	1	6	1	1	19	1879	562	19	12	86.062744	to
5	1	6	1	1	20	1905	547	30	33	95.220505	the
5	1	6	1	1	21	1991	564	51	18	43.637192	Jigme
5	1	6	1	1	22	2050	562	39	15	96.476128	that
5	1	6	1	1	23	2106	563	36	11	95.604820	were
5	1	6	1	1	24	2149	555	44	17	55.074509	word
5	1	6	1	1	25	2200	554	34	14	62.358368	int
4	1	6	1	2	0	1165	571	147	32	-1	
5	1	6	1	2	1	1165	571	34	32	72.395439	ean
5	1	6	1	2	2	1307	579	5	8	67.816483	J
2	1	7	0	0	0	727	552	1705	50	-1	
3	1	7	1	0	0	727	552	1705	50	-1	
4	1	7	1	1	0	2236	552	100	18	-1	
5	1	7	1	1	1	2236	552	20	13	51.173355	na
5	1	7	1	1	2	2264	552	72	18	0.000000	tezthent
4	1	7	1	2	0	727	562	1705	40	-1	
5	1	7	1	2	1	727	579	95	18	34.788216	Mendsiees
5	1	7	1	2	2	829	580	20	10	92.445068	or
5	1	7	1	2	3	857	568	132	21	66.825127	Popedimitrion
5	1	7	1	2	4	998	568	23	19	16.151276	(7,
5	1	7	1	2	5	1030	568	16	18	77.255829	7,
5	1	7	1	2	6	1055	568	23	19	74.858002	T].
5	1	7	1	2	7	1088	570	53	20	23.900841	Thea,
5	1	7	1	2	8	1286	590	13	12	21.389748	-
5	1	7	1	2	9	2352	562	80	32	21.324150	eres
2	1	8	0	0	0	771	608	1688	61	-1	
3	1	8	1	0	0	771	608	1688	57	-1	
4	1	8	1	1	0	887	608	1390	27	-1	
5	1	8	1	1	1	887	609	14	27	51.185093	"a
5	1	8	1	1	2	909	615	17	15	54.151417	6-part
5	1	8	1	1	3	951	613	89	15	95.065849	set
5	1	8	1	1	4	1009	609	16	27	86.834030	of
5	1	8	1	1	5	1068	615	26	15	43.449211	Ingical
5	1	8	1	1	6	1501	618	7	9	24.455589	a
5	1	8	1	1	7	1518	608	36	27	24.455589	ase
5	1	8	1	1	8	1563	608	33	27	82.027573	rule
5	1	8	1	1	9	1605	608	18	27	96.362190	of
5	1	8	1	1	10	1633	613	26	15	60.746304	laf
5	1	8	1	1	11	2269	615	8	14	37.000320	ff
4	1	8	1	2	0	771	610	1688	59	-1	
5	1	8	1	2	1	771	625	16	13	50.294441	*
5	1	8	1	2	2	798	615	44	47	0.000000	vee
5	1	8	1	2	3	852	615	123	47	0.000000	pedimitiien'e
5	1	8	1	2	4	979	610	87	52	25.899429	‘embeck
5	1	8	1	2	5	1075	618	100	39	25.930527	"
5	1	8	1	2	6	1182	628	100	17	17.860878	Suamented
5	1	8	1	2	7	1290	632	22	17	96.690521	by
5	1	8	1	2	8	1319	629	52	16	60.664688	solely
5	1	8	1	2	9	1379	622	58	18	60.213806	modus
5	1	8	1	2	10	1445	620	53	16	20.541389	Penee
5	1	8	1	2	11	1659	620	65	15	22.512703	erence,
5	1	8	1	2	12	1734	619	48	14	94.734428	when
5	1	8	1	2	13	1790	625	33	9	46.536766	ese
5	1	8	1	2	14	1832	626	38	10	42.830067	wees
5	1	8	1	2	15	1879	622	23	20	86.471481	[7]
5	1	8	1	2	16	1911	629	20	9	47.337910	a5
5	1	8	1	2	17	1938	630	11	10	63.150490	«
5	1	8	1	2	18	1957	627	101	14	89.823593	framework
5	1	8	1	2	19	2067	629	20	11	83.606636	to
5	1	8	1	2	20	2095	625	58	15	82.601685	define
5	1	8	1	2	21	2163	621	35	19	72.460609	Lg:
5	1	8	1	2	22	2210	616	51	20	61.450638	(This
5	1	8	1	2	23	2276	620	79	21	17.832405	framewny,
5	1	8	1	2	24	2361	635	19	13	17.271385	8
5	1	8	1	2	25	2391	631	23	38	22.023399	thee
5	1	8	1	2	26	2429	649	30	16	32.680954	ny
2	1	9	0	0	0	769	679	1719	57	-1	
3	1	9	1	0	0	769	679	1719	57	-1	
4	1	9	1	1	0	769	679	1621	38	-1	
5	1	9	1	1	1	769	689	16	14	74.021843	2.
5	1	9	1	1	2	802	682	111	19	51.165833	Mendelson's
5	1	9	1	1	3	921	681	99	15	95.155609	framework
5	1	9	1	1	4	1029	680	29	21	87.593353	[7],
5	1	9	1	1	5	1067	683	53	17	96.058594	which
5	1	9	1	1	6	1129	686	31	16	88.396645	bas
5	1	9	1	1	7	1169	691	32	16	0.000000	we
5	1	9	1	1	8	1209	694	82	18	62.085815	taference
5	1	9	1	1	9	1300	696	42	16	28.457062	rales
5	1	9	1	1	10	1352	675	17	41	92.928688	of
5	1	9	1	1	11	1375	687	60	18	24.458588	modus
5	1	9	1	1	12	1443	686	64	16	30.640320	ponene
5	1	9	1	1	13	1516	679	34	14	95.240067	and
5	1	9	1	1	14	1560	680	139	21	32.689903	generalisation,
5	1	9	1	1	15	1732	685	10	15	86.287285	aad
5	1	9	1	1	16	1752	686	54	15	95.116554	which
5	1	9	1	1	17	1816	689	55	14	96.044739	would
5	1	9	1	1	18	1879	690	44	16	43.161564	have
5	1	9	1	1	19	1932	693	27	21	94.655807	Ly
5	1	9	1	1	20	1970	695	68	14	66.866737	include
5	1	9	1	1	21	2046	695	32	13	96.194679	the
5	1	9	1	1	22	2087	693	35	15	92.333443	five
5	1	9	1	1	23	2131	694	42	15	94.238121	pure
5	1	9	1	1	24	2183	680	63	29	91.116791	logical
5	1	9	1	1	25	2255	685	61	16	0.314606	eee
5	1	9	1	1	26	2346	691	44	26	5.009758	Aas
4	1	9	1	2	0	2440	720	48	16	-1	
5	1	9	1	2	1	2440	720	48	16	0.000000	eetleg
2	1	10	0	0	0	801	701	725	41	-1	
3	1	10	1	0	0	801	701	725	41	-1	
4	1	10	1	1	0	801	701	725	41	-1	
5	1	10	1	1	1	801	708	26	15	91.690018	2.3
5	1	10	1	1	2	833	698	19	31	91.858658	of
5	1	10	1	1	3	860	704	31	20	28.723915	[7])
5	1	10	1	1	4	900	703	37	19	14.190674	ples
5	1	10	1	1	5	947	703	28	15	95.590469	the
5	1	10	1	1	6	984	706	34	12	72.619781	two
5	1	10	1	1	7	1026	704	75	19	83.856079	equallty
5	1	10	1	1	8	1109	708	65	17	0.000000	axioms
5	1	10	1	1	9	1183	713	24	17	18.671303	AG
5	1	10	1	1	10	1240	719	24	15	64.378281	AT
5	1	10	1	1	11	1272	705	72	37	96.266144	(defined
5	1	10	1	1	12	1353	714	16	14	74.996880	In
5	1	10	1	1	13	1378	711	23	14	74.726776	[te
5	1	10	1	1	14	1408	705	67	18	64.702705	Seation
5	1	10	1	1	15	1484	701	42	19	91.594162	2.8).
2	1	11	0	0	0	1701	690	31	9	-1	
3	1	11	1	0	0	1701	690	31	9	-1	
4	1	11	1	1	0	1701	690	31	9	-1	
5	1	11	1	1	1	1701	690	31	9	95.000000	 
2	1	12	0	0	0	725	742	1616	54	-1	
3	1	12	1	0	0	725	742	1616	50	-1	
4	1	12	1	1	0	934	742	746	31	-1	
5	1	12	1	1	1	934	748	19	15	80.118591	the
5	1	12	1	1	2	971	751	7	12	56.044876	ti
5	1	12	1	1	3	1023	742	79	31	40.459133	Hilvert
5	1	12	1	1	4	1463	746	85	17	55.116821	bodelogy
5	1	12	1	1	5	1556	746	39	15	92.895317	that
5	1	12	1	1	6	1603	746	77	17	52.935673	lecludes
4	1	12	1	2	0	725	746	1616	50	-1	
5	1	12	1	2	1	725	757	17	14	82.000351	In
5	1	12	1	2	2	748	753	72	20	34.181831	geocral,
5	1	12	1	2	3	828	756	23	9	91.602402	we
5	1	12	1	2	4	858	750	33	14	89.706322	will
5	1	12	1	2	5	898	754	29	9	72.209969	woe
5	1	12	1	2	6	955	754	8	9	91.659264	the
5	1	12	1	2	7	980	753	35	10	84.406502	term
5	1	12	1	2	8	1106	753	106	22	0.000000	Deduction
5	1	12	1	2	9	1219	765	19	12	87.461052	te
5	1	12	1	2	10	1244	764	41	14	72.395454	refer
5	1	12	1	2	11	1294	765	17	11	52.227608	ie
5	1	12	1	2	12	1317	765	10	10	27.838768	®
5	1	12	1	2	13	1330	749	90	44	20.622391	deduces
5	1	12	1	2	14	1428	752	35	31	45.244591	WP
5	1	12	1	2	15	1471	770	19	10	85.450356	com
5	1	12	1	2	16	1513	763	45	17	93.013824	employ
5	1	12	1	2	17	1589	753	87	28	54.705505	eccentiall
5	1	12	1	2	18	1687	746	80	44	21.571877	ergo
5	1	12	1	2	19	1775	759	64	27	15.477142	ponese
5	1	12	1	2	20	1846	757	37	14	5.156296	rails
5	1	12	1	2	21	1891	760	33	13	90.320908	and
5	1	12	1	2	22	1933	761	57	14	24.475296	whose
5	1	12	1	2	23	1996	751	98	45	33.615318	efficiency
5	1	12	1	2	24	2096	760	62	13	95.612228	differs
5	1	12	1	2	25	2166	757	44	14	95.016922	from
5	1	12	1	2	26	2218	753	30	14	96.540077	the
5	1	12	1	2	27	2256	751	51	15	94.710617	above
5	1	12	1	2	28	2314	758	27	15	44.650673	wy
2	1	13	0	0	0	913	782	678	34	-1	
3	1	13	1	0	0	913	782	678	34	-1	
4	1	13	1	1	0	913	782	678	34	-1	
5	1	13	1	1	1	913	785	142	17	95.000000	 
5	1	13	1	1	2	1460	782	131	34	95.000000	    
2	1	14	0	0	0	936	803	43	14	-1	
3	1	14	1	0	0	936	803	43	14	-1	
4	1	14	1	1	0	936	803	43	14	-1	
5	1	14	1	1	1	936	803	43	14	95.000000	 
2	1	15	0	0	0	720	762	1767	72	-1	
3	1	15	1	0	0	724	762	1763	72	-1	
4	1	15	1	1	0	753	762	1734	53	-1	
5	1	15	1	1	1	753	776	22	10	64.363457	a0
5	1	15	1	1	2	783	774	45	11	94.944313	more
5	1	15	1	1	3	836	769	41	14	80.792465	thas
5	1	15	1	1	4	886	772	11	9	0.000000	«
5	1	15	1	1	5	905	766	28	18	69.454689	pel
5	1	15	1	1	6	1036	772	56	11	0.000000	jersaoe
5	1	15	1	1	7	1101	770	17	14	44.002499	Ie
5	1	15	1	1	8	1127	775	50	13	48.522293	proef
5	1	15	1	1	9	1184	776	26	16	57.637589	len
5	1	15	1	1	10	1300	767	52	48	40.257622	proof
5	1	15	1	1	11	1832	773	28	17	9.744354	le
5	1	15	1	1	12	1869	775	91	16	95.766045	deductive
5	1	15	1	1	13	1970	779	71	14	96.855614	method
5	1	15	1	1	14	2100	776	35	14	90.545509	will
5	1	15	1	1	15	2144	776	50	14	75.643982	focus
5	1	15	1	1	16	2203	775	33	10	74.168846	our
5	1	15	1	1	17	2244	771	81	16	40.283394	stteateg
5	1	15	1	1	18	2341	762	56	42	12.951584	Abra
5	1	15	1	1	19	2425	775	62	25	15.676414	ea
4	1	15	1	2	0	720	771	1686	38	-1	
5	1	15	1	2	1	720	771	28	38	34.132553	HA
5	1	15	1	2	2	757	788	94	18	89.381287	paradigme
5	1	15	1	2	3	859	786	25	13	85.272186	for
5	1	15	1	2	4	893	785	19	14	75.506058	th
5	1	15	1	2	5	1057	786	40	18	39.013077	icity
5	1	15	1	2	6	1104	787	42	16	42.763134	beea
5	1	15	1	2	7	1212	781	35	16	39.322742	igth,
5	1	15	1	2	8	1260	782	35	14	96.014503	Our
5	1	15	1	2	9	1358	792	37	14	69.951447	pest
5	1	15	1	2	10	1403	788	59	14	87.262917	knows
5	1	15	1	2	11	1471	785	7	12	0.873489	t
5	1	15	1	2	12	1633	787	19	10	64.774918	ee
5	1	15	1	2	13	1661	781	18	26	79.630371	of
5	1	15	1	2	14	1687	788	51	13	56.840981	reade:
5	1	15	1	2	15	1779	781	44	26	53.321972	‘The
5	1	15	1	2	16	1860	794	6	12	28.702263	t
5	1	15	1	2	17	2174	790	21	14	79.304184	ed
5	1	15	1	2	18	2207	787	94	18	79.963577	properties
5	1	15	1	2	19	2309	791	16	12	92.835426	of
5	1	15	1	2	20	2371	782	35	26	57.721336	yon
4	1	15	1	3	0	725	783	1762	51	-1	
5	1	15	1	3	1	725	807	79	19	91.029373	probably
5	1	15	1	3	2	812	806	22	13	94.532501	be
5	1	15	1	3	3	841	803	51	15	94.532501	found
5	1	15	1	3	4	902	803	16	14	39.665035	Im
5	1	15	1	3	5	928	806	7	10	93.286766	the
5	1	15	1	3	6	981	803	46	17	6.072266	HlAJek-
5	1	15	1	3	7	1036	804	63	16	0.000000	Padlak
5	1	15	1	3	8	1109	790	80	48	33.219482	teatbeot
5	1	15	1	3	9	1197	790	35	48	0.000000	Tray
5	1	15	1	3	10	1272	802	36	29	0.000000	tyrine
5	1	15	1	3	11	1316	794	44	34	72.171814	mere
5	1	15	1	3	12	1367	796	83	28	31.409973	eavaneed
5	1	15	1	3	13	1591	800	10	14	14.558289	UU
5	1	15	1	3	14	1610	803	31	12	51.573311	mot
5	1	15	1	3	15	1650	801	22	15	84.751808	be
5	1	15	1	3	16	1681	805	40	13	54.870636	waed
5	1	15	1	3	17	1731	805	63	20	49.435688	desing
5	1	15	1	3	18	1801	812	31	10	60.293785	ovr
5	1	15	1	3	19	1842	796	65	30	0.000000	procf
5	1	15	1	3	20	1900	788	25	47	21.520836	ef
5	1	15	1	3	21	1926	796	114	35	10.281113	ieee
5	1	15	1	3	22	2050	799	48	10	29.749611	more
5	1	15	1	3	23	2106	794	67	13	0.000000	naveee
5	1	15	1	3	24	2329	783	51	32	2.146729	Bae
5	1	15	1	3	25	2385	792	70	32	36.480797	Sion
5	1	15	1	3	26	2462	804	25	12	37.075356	Vg
4	1	15	1	4	0	1234	812	1236	22	-1	
5	1	15	1	4	1	1234	827	5	7	24.253677	}
5	1	15	1	4	2	2435	812	22	16	45.665298	log
2	1	16	0	0	0	1247	817	22	14	-1	
3	1	16	1	0	0	1247	817	22	14	-1	
4	1	16	1	1	0	1247	817	22	14	-1	
5	1	16	1	1	1	1247	817	22	14	95.000000	 
2	1	17	0	0	0	724	850	1630	142	-1	
3	1	17	1	0	0	724	850	1137	106	-1	
4	1	17	1	1	0	757	850	958	28	-1	
5	1	17	1	1	1	757	856	78	15	0.345947	Memark
5	1	17	1	1	2	844	855	29	14	94.278496	0.2
5	1	17	1	1	3	891	854	49	15	92.564507	Some
5	1	17	1	1	4	946	854	69	15	2.186829	deductii
5	1	17	1	1	5	1077	850	46	28	54.200951	hods
5	1	17	1	1	6	1445	853	53	15	94.613861	where
5	1	17	1	1	7	1506	850	42	16	83.950165	they
5	1	17	1	1	8	1556	854	67	13	83.284439	possesa
5	1	17	1	1	9	1631	852	29	14	96.119118	the
5	1	17	1	1	10	1667	858	48	11	94.711998	same
4	1	17	1	2	0	724	856	968	46	-1	
5	1	17	1	2	1	724	878	32	12	44.960690	teas
5	1	17	1	2	2	763	875	74	14	52.760586	efficient
5	1	17	1	2	3	846	873	17	13	43.549858	In
5	1	17	1	2	4	870	872	31	14	95.667793	the
5	1	17	1	2	5	910	874	50	12	76.655701	worst
5	1	17	1	2	6	968	856	46	46	65.809563	ease.
5	1	17	1	2	7	1029	856	35	46	31.911835	This
5	1	17	1	2	8	1079	856	73	46	4.691048	eetegery
5	1	17	1	2	9	1174	856	48	46	0.000000	intt
5	1	17	1	2	10	1228	872	9	9	36.534012	a
5	1	17	1	2	11	1246	866	104	16	28.181641	noa-Hilbert
5	1	17	1	2	12	1356	859	76	17	0.000000	caleser?:
5	1	17	1	2	13	1458	869	34	15	0.000000	"ood
5	1	17	1	2	14	1501	868	94	15	27.571037	reasletion
5	1	17	1	2	15	1604	870	88	18	90.881676	methods,
4	1	17	1	3	0	725	885	1136	29	-1	
5	1	17	1	3	1	725	894	95	16	18.539825	(echaiques
5	1	17	1	3	2	830	890	77	18	87.908699	produce,
5	1	17	1	3	3	916	891	54	16	74.124237	often,
5	1	17	1	3	4	980	891	43	18	78.588867	goed
5	1	17	1	3	5	1033	892	88	18	0.000000	beuriaticn
5	1	17	1	3	6	1138	902	10	10	49.861301	te
5	1	17	1	3	7	1157	888	82	26	0.000000	encvaee
5	1	17	1	3	8	1443	892	55	12	92.584824	tance,
5	1	17	1	3	9	1508	885	35	19	74.534935	[37,
5	1	17	1	3	10	1552	886	28	17	93.484917	40,
5	1	17	1	3	11	1589	887	26	16	69.262505	48,
5	1	17	1	3	12	1624	887	28	19	65.644623	40]
5	1	17	1	3	13	1661	889	68	16	31.623489	estrate
5	1	17	1	3	14	1781	899	14	8	24.610550	how
5	1	17	1	3	15	1804	896	57	15	21.631081	tables
4	1	17	1	4	0	725	901	1101	30	-1	
5	1	17	1	4	1	725	917	10	9	54.780689	a
5	1	17	1	4	2	742	910	65	16	84.514313	Hmited
5	1	17	1	4	3	816	909	38	18	84.360313	(but
5	1	17	1	4	4	863	908	42	16	90.846924	real)
5	1	17	1	4	5	914	908	135	20	36.285625	waderstanding
5	1	17	1	4	6	1058	912	18	14	94.191299	of
5	1	17	1	4	7	1084	912	44	17	95.258186	their
5	1	17	1	4	8	1185	901	33	30	0.439194	meg
5	1	17	1	4	9	1438	907	27	14	42.333622	lala
5	1	17	1	4	10	1475	906	37	13	93.610542	how
5	1	17	1	4	11	1521	903	74	15	81.488525	humans
5	1	17	1	4	12	1602	906	84	16	95.076836	motivate
5	1	17	1	4	13	1696	908	102	18	91.465599	themselves
5	1	17	1	4	14	1807	915	19	11	95.164124	to
4	1	17	1	5	0	725	918	985	42	-1	
5	1	17	1	5	1	725	929	89	16	29.535561	eapecition
5	1	17	1	5	2	821	927	19	14	92.215538	of
5	1	17	1	5	3	846	926	127	18	41.889057	nelf-justifying
5	1	17	1	5	4	982	927	59	18	93.124161	logics,
5	1	17	1	5	5	1049	929	30	15	93.752747	but
5	1	17	1	5	6	1088	931	40	18	93.752747	they
5	1	17	1	5	7	1136	919	37	30	44.463558	aa
5	1	17	1	5	8	1175	918	35	42	27.027191	pet
5	1	17	1	5	9	1220	918	15	42	59.956139	ba
5	1	17	1	5	10	1248	924	43	32	1.916412	aaa
5	1	17	1	5	11	1403	926	37	16	59.245720	roof
5	1	17	1	5	12	1447	924	18	15	92.797874	of
5	1	17	1	5	13	1473	923	14	15	79.556000	P
5	1	17	1	5	14	1496	921	13	18	8.385277	¥
5	1	17	1	5	15	1519	921	41	14	85.489594	NP.
5	1	17	1	5	16	1571	922	31	14	94.069344	For
5	1	17	1	5	17	1609	923	101	20	70.102646	simplicity,
3	1	17	2	0	0	726	946	1628	46	-1	
4	1	17	2	1	0	726	946	117	16	-1	
5	1	17	2	1	1	726	947	78	15	47.328972	Eaample
5	1	17	2	1	2	811	946	32	13	92.230507	0.1.
4	1	17	2	2	0	772	957	1582	35	-1	
5	1	17	2	2	1	772	962	91	16	66.041611	AEMOVE
5	1	17	2	2	2	869	962	47	14	75.426003	Thue
5	1	17	2	2	3	923	961	75	18	71.739479	happily,
5	1	17	2	2	4	1007	963	35	14	84.012985	this
5	1	17	2	2	5	1050	967	61	14	69.078262	second
5	1	17	2	2	6	1119	968	69	21	60.113701	lengthy
5	1	17	2	2	7	1197	977	51	15	53.730854	group
5	1	17	2	2	8	1256	974	18	14	95.914452	of
5	1	17	2	2	9	1281	971	71	16	72.191978	articles,
5	1	17	2	2	10	1360	961	86	24	2.884529	pabllabed
5	1	17	2	2	11	1455	961	22	16	95.182594	by
5	1	17	2	2	12	1484	962	26	13	43.163559	ue
5	1	17	2	2	13	1520	961	30	10	71.582489	can
5	1	17	2	2	14	1561	957	21	14	90.354561	be
5	1	17	2	2	15	1591	957	42	18	46.596954	Cally
5	1	17	2	2	16	1642	959	69	18	79.881989	Ignored
5	1	17	2	2	17	1721	962	23	18	93.553719	by
5	1	17	2	2	18	1751	969	10	8	54.754951	a
5	1	17	2	2	19	1770	966	58	14	92.503670	reader
5	1	17	2	2	20	1838	968	37	14	94.439270	whe
5	1	17	2	2	21	1884	969	61	14	38.989388	wishes
5	1	17	2	2	22	1953	972	20	11	82.568169	te
5	1	17	2	2	23	1982	969	48	13	36.132374	focws
5	1	17	2	2	24	2040	967	66	15	42.560253	mostly
5	1	17	2	2	25	2112	970	23	9	84.346817	on
5	1	17	2	2	26	2144	967	33	11	86.279945	our
5	1	17	2	2	27	2187	959	52	20	23.927795	proof
5	1	17	2	2	28	2245	959	19	13	23.927795	of
5	1	17	2	2	29	2280	959	6	13	18.684509	F
5	1	17	2	2	30	2294	961	11	14	37.414238	#
5	1	17	2	2	31	2313	962	41	19	37.414238	NP.)
2	1	18	0	0	0	1217	863	513	83	-1	
3	1	18	1	0	0	1217	863	513	83	-1	
4	1	18	1	1	0	1217	863	513	32	-1	
5	1	18	1	1	1	1217	863	222	32	95.000000	 
5	1	18	1	1	2	1729	878	1	9	95.000000	 
4	1	18	1	2	0	1217	895	225	19	-1	
5	1	18	1	2	1	1217	895	225	19	95.000000	  
4	1	18	1	3	0	1291	914	146	32	-1	
5	1	18	1	3	1	1291	914	146	32	95.000000	  
2	1	19	0	0	0	1087	854	1398	97	-1	
3	1	19	1	0	0	1087	854	1398	97	-1	
4	1	19	1	1	0	1731	854	754	97	-1	
5	1	19	1	1	1	1731	871	62	25	95.000000	  
5	1	19	1	1	2	1863	854	622	97	95.000000	 
4	1	19	1	2	0	1087	893	16	16	-1	
5	1	19	1	2	1	1087	893	16	16	95.000000	   
2	1	20	0	0	0	759	1008	1529	29	-1	
3	1	20	1	0	0	759	1008	1529	29	-1	
4	1	20	1	1	0	759	1008	1529	29	-1	
5	1	20	1	1	1	759	1015	100	14	76.642776	Deflaition
5	1	20	1	1	2	866	1014	29	14	81.803497	0.3
5	1	20	1	1	3	913	1013	46	14	59.682076	Once
5	1	20	1	1	4	967	1015	56	17	53.813744	again,
5	1	20	1	1	5	1337	1018	31	16	80.825882	apd
5	1	20	1	1	6	1385	1016	10	14	29.775917	@
5	1	20	1	1	7	1410	1014	79	14	72.494354	denotes
5	1	20	1	1	8	1497	1008	93	16	95.563271	deduction
5	1	20	1	1	9	1600	1010	78	16	92.893921	method.
5	1	20	1	1	10	1687	1013	38	15	96.722031	The
5	1	20	1	1	11	1732	1015	72	16	95.927811	ordered
5	1	20	1	1	12	1813	1018	37	16	82.439377	pair
5	1	20	1	1	13	1866	1018	54	19	45.732021	(a,
5	1	20	1	1	14	1902	1008	17	33	45.732021	d)
5	1	20	1	1	15	1930	1020	34	14	96.432373	will
5	1	20	1	1	16	1973	1020	21	14	88.240692	be
5	1	20	1	1	17	2003	1017	56	16	91.728027	called
5	1	20	1	1	18	2069	1017	42	14	73.614807	Self
5	1	20	1	1	19	2117	1012	109	19	96.355362	Justifying
5	1	20	1	1	20	2236	1010	52	13	96.384354	when:
2	1	21	0	0	0	1033	1016	297	26	-1	
3	1	21	1	0	0	1033	1016	297	26	-1	
4	1	21	1	1	0	1033	1016	297	26	-1	
5	1	21	1	1	1	1033	1016	22	14	38.262043	let
5	1	21	1	1	2	1072	1022	12	9	46.631565	a
5	1	21	1	1	3	1100	1019	62	17	70.232224	demote
5	1	21	1	1	4	1171	1028	21	9	89.073364	an
5	1	21	1	1	5	1200	1025	56	14	75.876633	axiom
5	1	21	1	1	6	1262	1026	68	16	76.162964	aystem,
2	1	22	0	0	0	735	1055	1598	60	-1	
3	1	22	1	0	0	735	1055	1598	60	-1	
4	1	22	1	1	0	735	1055	1598	33	-1	
5	1	22	1	1	1	735	1064	6	13	32.016937	4
5	1	22	1	1	2	764	1067	31	10	62.381332	ene
5	1	22	1	1	3	803	1062	19	14	89.889557	of
5	1	22	1	1	4	831	1061	32	14	15.268089	o's
5	1	22	1	1	5	870	1061	83	13	80.741562	theorems
5	1	22	1	1	6	962	1061	26	17	76.221451	(or
5	1	22	1	1	7	998	1065	17	10	80.180046	at
5	1	22	1	1	8	1024	1062	43	15	41.401615	lanst
5	1	22	1	1	9	1075	1069	31	10	81.435165	one
5	1	22	1	1	10	1114	1067	19	13	94.397285	of
5	1	22	1	1	11	1140	1068	23	14	77.523865	ite
5	1	22	1	1	12	1171	1070	71	18	29.316010	axieme)
5	1	22	1	1	13	1252	1061	32	31	94.582703	will
5	1	22	1	1	14	1293	1061	42	31	95.389778	state
5	1	22	1	1	15	1342	1065	37	15	75.480690	thet
5	1	22	1	1	16	1388	1062	26	15	92.939949	the
5	1	22	1	1	17	1423	1057	90	17	29.880150	deduation
5	1	22	1	1	18	1523	1055	70	15	93.273438	method
5	1	22	1	1	19	1608	1057	17	17	40.432400	d,
5	1	22	1	1	20	1638	1060	68	16	91.472198	applied
5	1	22	1	1	21	1716	1064	19	11	87.616692	te
5	1	22	1	1	22	1743	1062	29	15	95.029221	the
5	1	22	1	1	23	1781	1067	65	13	31.123108	system
5	1	22	1	1	24	1857	1070	21	11	8.442978	a,
5	1	22	1	1	25	1892	1066	34	14	89.183342	will
5	1	22	1	1	26	1934	1066	76	17	20.877869	produce
5	1	22	1	1	27	2019	1070	10	9	12.448891	=
5	1	22	1	1	28	2038	1064	98	14	86.490776	coasistent
5	1	22	1	1	29	2144	1064	29	11	49.647110	set
5	1	22	1	1	30	2181	1059	21	15	73.887924	ef
5	1	22	1	1	31	2209	1058	90	15	79.785828	theorems,
5	1	22	1	1	32	2306	1060	27	14	89.812943	and
4	1	22	1	2	0	736	1095	423	20	-1	
5	1	22	1	2	1	736	1098	12	13	0.000000	HL
5	1	22	1	2	2	772	1097	28	13	68.502037	the
5	1	22	1	2	3	808	1097	54	13	75.033325	axiom
5	1	22	1	2	4	870	1098	62	14	41.512905	eystem
5	1	22	1	2	5	944	1099	11	10	89.429298	@
5	1	22	1	2	6	970	1096	14	13	79.404999	is
5	1	22	1	2	7	992	1095	18	14	79.404999	im
5	1	22	1	2	8	1019	1096	34	14	85.294212	fact
5	1	22	1	2	9	1061	1099	98	16	65.695633	consistent.
2	1	23	0	0	0	731	1146	1745	47	-1	
3	1	23	1	0	0	731	1146	1745	47	-1	
4	1	23	1	1	0	769	1146	1707	31	-1	
5	1	23	1	1	1	769	1154	87	17	64.344482	Example
5	1	23	1	1	2	863	1155	29	14	95.251328	0.4
5	1	23	1	1	3	909	1154	29	13	80.383240	For
5	1	23	1	1	4	949	1158	32	12	77.785637	aay
5	1	23	1	1	5	996	1153	29	18	16.083359	(=,
5	1	23	1	1	6	1055	1164	5	7	16.083359	4),
5	1	23	1	1	7	1071	1155	13	14	44.609978	It
5	1	23	1	1	8	1096	1156	13	14	71.733955	le
5	1	23	1	1	9	1120	1162	40	13	63.125645	cacy
5	1	23	1	1	10	1171	1161	18	12	70.131592	to
5	1	23	1	1	11	1199	1162	83	11	38.940346	conctrect
5	1	23	1	1	12	1294	1163	9	9	12.160355	«
5	1	23	1	1	13	1314	1158	60	16	15.228897	system
5	1	23	1	1	14	1388	1146	25	21	58.500591	at
5	1	23	1	1	15	1432	1151	13	19	81.974442	2
5	1	23	1	1	16	1463	1155	12	9	75.381035	@
5	1	23	1	1	17	1491	1149	39	15	93.265579	that
5	1	23	1	1	18	1541	1149	75	15	36.647243	satlefies
5	1	23	1	1	19	1628	1150	30	15	93.015007	the
5	1	23	1	1	20	1669	1153	54	15	58.811714	Part-{
5	1	23	1	1	21	1734	1155	95	14	89.472397	condition.
5	1	23	1	1	22	1849	1155	31	14	84.842377	Per
5	1	23	1	1	23	1891	1156	84	16	72.535194	instance,
5	1	23	1	1	24	1992	1150	26	20	20.269020	o4
5	1	23	1	1	25	2035	1155	52	14	35.035721	could
5	1	23	1	1	26	2099	1155	67	14	76.709282	consist
5	1	23	1	1	27	2178	1152	20	14	95.551216	of
5	1	23	1	1	28	2207	1150	24	15	61.734829	all
5	1	23	1	1	29	2241	1150	20	14	92.806335	Of
5	1	23	1	1	30	2279	1150	29	14	26.936447	0
5	1	23	1	1	31	2317	1153	49	16	60.249905	axioms
5	1	23	1	1	32	2373	1142	30	37	44.090809	pins
5	1	23	1	1	33	2410	1142	20	37	72.826469	as
5	1	23	1	1	34	2447	1162	29	15	36.418537	dded
4	1	23	1	2	0	731	1171	420	22	-1	
5	1	23	1	2	1	731	1173	144	17	0.000000	“Selffefle,d)"
5	1	23	1	2	2	888	1174	82	13	39.873093	sestence,
5	1	23	1	2	3	978	1171	34	14	86.098602	defi
5	1	23	1	2	4	1054	1177	18	10	34.635910	as
5	1	23	1	2	5	1080	1175	71	18	58.055210	stating:
2	1	24	0	0	0	807	1201	1454	25	-1	
3	1	24	1	0	0	807	1201	1454	25	-1	
4	1	24	1	1	0	807	1201	1454	25	-1	
5	1	24	1	1	1	807	1211	8	7	51.413288	©
5	1	24	1	1	2	846	1206	52	14	82.279205	There
5	1	24	1	1	3	906	1205	14	14	57.166222	le
5	1	24	1	1	4	928	1209	22	9	65.347137	we
5	1	24	1	1	5	957	1205	49	16	49.058224	proof
5	1	24	1	1	6	1014	1204	57	19	88.972473	(using
5	1	24	1	1	7	1079	1207	26	13	64.327820	d's
5	1	24	1	1	8	1112	1207	90	16	94.198624	deduction
5	1	24	1	1	9	1211	1208	75	18	19.774666	method)
5	1	24	1	1	10	1294	1207	34	15	94.340210	of
5	1	24	1	1	11	1322	1197	7	33	78.480881	0
5	1	24	1	1	12	1335	1211	13	7	75.457008	=
5	1	24	1	1	13	1356	1207	7	13	75.457008	1
5	1	24	1	1	14	1373	1205	41	13	96.580833	from
5	1	24	1	1	15	1422	1203	30	14	96.587761	the
5	1	24	1	1	16	1460	1202	45	14	54.390583	union
5	1	24	1	1	17	1513	1201	20	14	93.613586	of
5	1	24	1	1	18	1540	1201	30	15	96.872055	the
5	1	24	1	1	19	1577	1202	57	15	93.274513	axiom
5	1	24	1	1	20	1641	1207	66	13	87.930840	aystem
5	1	24	1	1	21	1719	1210	12	9	93.932396	a
5	1	24	1	1	22	1745	1205	42	15	94.971779	with
5	1	24	1	1	23	1796	1206	30	13	91.531891	this
5	1	24	1	1	24	1832	1209	80	11	66.623489	ecatence
5	1	24	1	1	25	1922	1207	108	16	0.000000	“SelfRef(a,
5	1	24	1	1	26	2037	1206	34	17	69.849075	4)”
5	1	24	1	1	27	2081	1205	80	18	0.000000	(looking
5	1	24	1	1	28	2171	1206	19	11	83.386108	at
5	1	24	1	1	29	2199	1201	62	17	87.587494	itself).
2	1	25	0	0	0	727	1250	1746	88	-1	
3	1	25	1	0	0	732	1250	1713	30	-1	
4	1	25	1	1	0	732	1250	1713	30	-1	
5	1	25	1	1	1	732	1252	62	28	15.071823	Kleene
5	1	25	1	1	2	837	1258	221	14	0.000000	disewaned
5	1	25	1	1	3	929	1251	30	29	50.622311	bow
5	1	25	1	1	4	968	1251	20	29	77.927826	to
5	1	25	1	1	5	997	1258	59	14	7.902740	cacode
5	1	25	1	1	6	1066	1260	97	16	52.404015	approximate
5	1	25	1	1	7	1188	1260	37	15	66.214890	analogs
5	1	25	1	1	8	1260	1251	18	29	94.703712	of
5	1	25	1	1	9	1285	1251	37	29	92.285416	thie
5	1	25	1	1	10	1330	1255	102	18	30.116150	“SelfMel(a,
5	1	25	1	1	11	1445	1255	30	14	31.613815	4)”
5	1	25	1	1	12	1486	1256	102	14	87.337379	statement,
5	1	25	1	1	13	1599	1256	44	14	95.767761	Each
5	1	25	1	1	14	1651	1257	19	14	95.129669	of
5	1	25	1	1	15	1676	1257	63	15	79.578545	Kleene,
5	1	25	1	1	16	1755	1258	62	17	96.725182	Rogers
5	1	25	1	1	17	1826	1251	32	29	92.534332	and
5	1	25	1	1	18	1866	1259	82	14	83.069199	Jeroslow
5	1	25	1	1	19	1963	1260	21	13	82.952850	[17,
5	1	25	1	1	20	1998	1260	22	13	95.801582	20,
5	1	25	1	1	21	2035	1257	27	18	95.653313	16]
5	1	25	1	1	22	2071	1258	52	14	79.986809	noted
5	1	25	1	1	23	2133	1250	27	22	86.954475	at
5	1	25	1	1	24	2169	1260	46	12	92.714775	may,
5	1	25	1	1	25	2222	1255	71	20	60.612541	howsvar,
5	1	25	1	1	26	2307	1246	12	33	81.361618	bs
5	1	25	1	1	27	2326	1255	84	19	0.000000	ineossiatent
5	1	25	1	1	28	2422	1261	23	14	62.821411	(de
3	1	25	2	0	0	727	1254	1746	84	-1	
4	1	25	2	1	0	727	1254	1746	46	-1	
5	1	25	2	1	1	727	1254	89	46	0.000000	Sommers
5	1	25	2	1	2	826	1259	36	35	4.064476	aye
5	1	25	2	1	3	869	1275	95	17	20.469757	‘ceertioa),
5	1	25	2	1	4	973	1275	39	14	67.332001	thee
5	1	25	2	1	5	1021	1276	69	17	78.146751	causing
5	1	25	2	1	6	1098	1277	14	13	70.155678	It
5	1	25	2	1	7	1120	1280	19	11	87.128830	te
5	1	25	2	1	8	1148	1264	61	27	34.188927	vielole
5	1	25	2	1	9	1284	1276	18	15	93.041969	of
5	1	25	2	1	10	1309	1274	161	18	39.566517	self-jestification’s
5	1	25	2	1	11	1478	1271	100	17	62.805080	definition,
5	1	25	2	1	12	1589	1273	42	15	38.763885	This
5	1	25	2	1	13	1640	1274	15	14	62.206543	In
5	1	25	2	1	14	1664	1268	97	22	87.540443	because
5	1	25	2	1	15	1745	1261	15	36	94.173630	if
5	1	25	2	1	16	1768	1276	29	14	95.672577	the
5	1	25	2	1	17	1806	1280	18	10	74.667023	or
5	1	25	2	1	18	1882	1263	45	36	88.433350	pair
5	1	25	2	1	19	1933	1258	29	36	59.634167	Ta!
5	1	25	2	1	20	1968	1269	23	24	48.098190	Fj
5	1	25	2	1	21	1997	1277	15	13	51.944412	in
5	1	25	2	1	22	2021	1268	32	22	61.310314	tee
5	1	25	2	1	23	2062	1278	62	14	45.362839	strong
5	1	25	2	1	24	2134	1275	42	13	62.263496	thea
5	1	25	2	1	25	2186	1278	11	8	40.753510	=
5	1	25	2	1	26	2205	1272	60	14	11.435158	Classic
5	1	25	2	1	27	2273	1265	84	28	1.246292	Cidel
5	1	25	2	1	28	2328	1257	28	42	58.088722	use
5	1	25	2	1	29	2362	1261	111	34	0.000000	foceeteninn
4	1	25	2	2	0	732	1296	1740	24	-1	
5	1	25	2	2	1	732	1305	85	14	74.137009	argument
5	1	25	2	2	2	825	1307	30	9	83.955193	cas
5	1	25	2	2	3	864	1301	21	14	94.524261	be
5	1	25	2	2	4	893	1300	65	18	94.922203	applied
5	1	25	2	2	5	967	1303	19	11	88.257217	to
5	1	25	2	2	6	995	1300	29	15	95.557510	the
5	1	25	2	2	7	1032	1301	56	14	80.365807	axiom
5	1	25	2	2	8	1096	1296	97	22	42.580681	systema!t
5	1	25	2	2	9	1220	1307	14	8	82.745728	=
5	1	25	2	2	10	1259	1303	31	15	76.648712	a+
5	1	25	2	2	11	1302	1301	26	15	72.366112	Sel
5	1	25	2	2	12	1374	1304	19	12	74.945969	‘a,
5	1	25	2	2	13	1400	1299	24	18	67.320068	d),
5	1	25	2	2	14	1434	1298	53	14	86.676704	where
5	1	25	2	2	15	1496	1297	31	14	96.450851	the
5	1	25	2	2	16	1536	1298	55	15	93.237236	added
5	1	25	2	2	17	1601	1304	80	12	67.401169	praseace
5	1	25	2	2	18	1690	1301	20	14	96.872269	of
5	1	25	2	2	19	1717	1301	30	14	78.334404	tha
5	1	25	2	2	20	1756	1304	92	11	93.200050	statement
5	1	25	2	2	21	1859	1302	20	14	87.101662	Se!
5	1	25	2	2	22	1935	1302	45	17	33.306816	‘a,
5	1	25	2	2	23	1963	1293	19	32	58.849102	d)
5	1	25	2	2	24	1990	1306	62	10	94.015816	causes
5	1	25	2	2	25	2063	1301	35	14	83.834152	thie
5	1	25	2	2	26	2108	1300	87	15	92.298271	extended
5	1	25	2	2	27	2207	1297	64	22	69.801384	versioe
5	1	25	2	2	28	2278	1298	18	13	86.684555	of
5	1	25	2	2	29	2303	1304	11	9	86.684555	©
5	1	25	2	2	30	2320	1293	17	32	52.680023	ta
5	1	25	2	2	31	2344	1303	68	17	0.000000	evnically
5	1	25	2	2	32	2420	1304	52	14	82.313118	become
4	1	25	2	3	0	732	1315	1739	23	-1	
5	1	25	2	3	1	732	1321	123	16	33.104843	avternetically
5	1	25	2	3	2	863	1320	113	13	61.291359	inconsistent.
5	1	25	2	3	3	986	1319	54	16	95.716652	Thus,
5	1	25	2	3	4	1047	1319	29	14	96.333054	the
5	1	25	2	3	5	1084	1320	95	18	93.663559	machinery
5	1	25	2	3	6	1186	1321	18	14	96.200439	of
5	1	25	2	3	7	1210	1320	29	14	96.638123	the
5	1	25	2	3	8	1247	1323	73	11	93.026413	sentence
5	1	25	2	3	9	1330	1318	100	15	20.513832	“Selffef(a,
5	1	25	2	3	10	1437	1316	35	17	53.908737	2)",
5	1	25	2	3	11	1480	1315	50	15	95.531555	while
5	1	25	2	3	12	1538	1316	88	19	96.506714	relatively
5	1	25	2	3	13	1634	1323	42	13	89.075729	easy
5	1	25	2	3	14	1684	1321	20	12	95.024651	to
5	1	25	2	3	15	1711	1320	65	13	93.798088	encode
5	1	25	2	3	16	1784	1320	28	13	88.794044	via
5	1	25	2	3	17	1819	1324	22	9	87.348106	an
5	1	25	2	3	18	1850	1320	106	17	95.428619	application
5	1	25	2	3	19	1965	1321	20	12	94.985924	of
5	1	25	2	3	20	1992	1320	30	13	96.708389	the
5	1	25	2	3	21	2032	1319	53	14	93.284775	Fixed
5	1	25	2	3	22	2095	1319	52	14	55.462212	Poiet
5	1	25	2	3	23	2155	1318	93	13	95.201393	Theorem,
5	1	25	2	3	24	2256	1321	13	8	63.223797	ie
5	1	25	2	3	25	2276	1316	68	20	4.615479	irewically
5	1	25	2	3	26	2351	1324	29	11	56.964195	mast
5	1	25	2	3	27	2386	1311	28	32	7.732300	sfc
5	1	25	2	3	28	2424	1311	51	32	46.628769	wlan!
2	1	26	0	0	0	1219	1263	629	28	-1	
3	1	26	1	0	0	1219	1263	629	28	-1	
4	1	26	1	1	0	1219	1263	629	28	-1	
5	1	26	1	1	1	1219	1286	57	5	95.000000	 
5	1	26	1	1	2	1429	1286	11	1	95.000000	 
5	1	26	1	1	3	1825	1263	23	27	95.000000	 
2	1	27	0	0	0	727	1366	1745	331	-1	
3	1	27	1	0	0	731	1366	1740	73	-1	
4	1	27	1	1	0	779	1366	1691	23	-1	
5	1	27	1	1	1	779	1371	26	12	94.293510	We
5	1	27	1	1	2	812	1374	27	10	93.611542	are
5	1	27	1	1	3	847	1374	35	9	70.179977	now
5	1	27	1	1	4	888	1370	48	16	87.098480	ready
5	1	27	1	1	5	944	1372	19	11	64.178589	to
5	1	27	1	1	6	969	1369	66	16	84.330910	explain
5	1	27	1	1	7	1042	1369	30	14	93.299072	the
5	1	27	1	1	8	1078	1369	74	15	73.931572	intution
5	1	27	1	1	9	1159	1370	37	14	96.827209	that
5	1	27	1	1	10	1204	1370	29	14	95.974731	has
5	1	27	1	1	11	1240	1368	88	15	72.052658	motivated
5	1	27	1	1	12	1335	1371	29	10	65.245178	evr
5	1	27	1	1	13	1370	1368	37	15	88.126465	21+
5	1	27	1	1	14	1413	1369	39	14	93.534271	year
5	1	27	1	1	15	1458	1367	50	22	89.875443	quest
5	1	27	1	1	16	1516	1367	21	12	73.252327	Lo
5	1	27	1	1	17	1543	1366	55	15	93.914322	arrive
5	1	27	1	1	18	1604	1369	19	12	89.628899	at
5	1	27	1	1	19	1631	1373	10	8	31.104507	=
5	1	27	1	1	20	1649	1369	75	16	64.248383	proof
5	1	27	1	1	21	1707	1359	18	34	86.106705	of
5	1	27	1	1	22	1731	1369	15	14	46.398880	P
5	1	27	1	1	23	1754	1370	14	15	49.558975	¥
5	1	27	1	1	24	1776	1369	41	16	78.981842	NP,
5	1	27	1	1	25	1825	1369	28	14	87.017921	via
5	1	27	1	1	26	1860	1370	29	13	96.170319	the
5	1	27	1	1	27	1896	1370	118	16	51.726944	employment
5	1	27	1	1	28	2020	1369	21	14	88.450272	of
5	1	27	1	1	29	2046	1368	136	17	14.046082	ealf-justifying
5	1	27	1	1	30	2189	1366	57	14	77.151161	axiom
5	1	27	1	1	31	2252	1369	65	12	19.127136	systems,
5	1	27	1	1	32	2325	1369	11	14	0.000000	k
5	1	27	1	1	33	2344	1359	24	34	80.881027	wes
5	1	27	1	1	34	2373	1359	29	34	93.227806	that
5	1	27	1	1	35	2409	1359	21	34	92.926132	the
5	1	27	1	1	36	2438	1359	35	34	71.667526	fisal
4	1	27	1	2	0	731	1379	1740	39	-1	
5	1	27	1	2	1	731	1388	45	13	46.450443	three
5	1	27	1	2	2	786	1388	81	13	22.557487	italicioed
5	1	27	1	2	3	876	1388	52	13	38.707966	words
5	1	27	1	2	4	936	1388	17	13	60.242458	ba
5	1	27	1	2	5	961	1388	29	13	95.864624	the
5	1	27	1	2	6	998	1387	88	17	82.843628	preceding
5	1	27	1	2	7	1094	1388	130	17	71.712540	paragraph(e.g.
5	1	27	1	2	8	1237	1388	29	13	93.074127	the
5	1	27	1	2	9	1273	1386	58	17	55.141453	phrese
5	1	27	1	2	10	1342	1386	43	12	59.806824	“mest
5	1	27	1	2	11	1393	1384	39	17	84.755875	often
5	1	27	1	2	12	1438	1379	130	39	0.000000	perenne
5	1	27	1	2	13	1578	1385	72	18	14.037491	mothing
5	1	27	1	2	14	1658	1386	49	14	96.832092	other
5	1	27	1	2	15	1716	1387	42	14	71.582062	thas
5	1	27	1	2	16	1767	1387	68	16	90.304665	exactly
5	1	27	1	2	17	1844	1388	46	13	93.722885	what
5	1	27	1	2	18	1899	1388	42	16	96.619278	they
5	1	27	1	2	19	1948	1390	77	15	78.934189	suggest.
5	1	27	1	2	20	2038	1387	50	14	94.527802	Thus,
5	1	27	1	2	21	2103	1391	32	9	77.922615	our
5	1	27	1	2	22	2144	1385	39	18	63.417942	geal
5	1	27	1	2	23	2194	1384	31	14	76.287636	hae
5	1	27	1	2	24	2234	1384	39	13	82.862968	bees
5	1	27	1	2	25	2277	1380	18	29	75.548080	te
5	1	27	1	2	26	2300	1386	64	18	66.914185	cramine,
5	1	27	1	2	27	2370	1389	14	13	62.502438	is
5	1	27	1	2	28	2391	1389	80	13	0.000000	meticeloss
4	1	27	1	3	0	731	1400	1739	21	-1	
5	1	27	1	3	1	731	1404	58	16	71.378906	detail,
5	1	27	1	3	2	797	1405	29	14	96.784767	the
5	1	27	1	3	3	834	1407	36	14	91.343590	tiny
5	1	27	1	3	4	877	1405	44	14	83.257729	clase
5	1	27	1	3	5	927	1405	19	13	84.127480	of
5	1	27	1	3	6	953	1404	131	17	13.376762	beundary-cose
5	1	27	1	3	7	1093	1405	99	14	24.516830	formaliome
5	1	27	1	3	8	1200	1406	36	12	96.823509	that
5	1	27	1	3	9	1244	1404	50	14	79.822578	evade
5	1	27	1	3	10	1302	1403	28	13	93.294334	the
5	1	27	1	3	11	1338	1401	61	18	84.531700	typleal
5	1	27	1	3	12	1407	1400	47	14	95.018135	reach
5	1	27	1	3	13	1463	1400	20	13	96.724380	of
5	1	27	1	3	14	1530	1401	31	13	40.393578	lel's
5	1	27	1	3	15	1570	1401	64	15	93.175034	Second
5	1	27	1	3	16	1644	1404	143	17	12.575806	laceompletences
5	1	27	1	3	17	1795	1404	90	17	41.469093	Theorem,
5	1	27	1	3	18	1895	1405	40	13	96.682251	with
5	1	27	1	3	19	1945	1405	31	13	96.768822	the
5	1	27	1	3	20	1983	1405	90	16	96.759430	objective
5	1	27	1	3	21	2082	1404	21	14	90.516312	of
5	1	27	1	3	22	2109	1404	70	15	86.816887	flading
5	1	27	1	3	23	2187	1406	11	8	69.790237	©
5	1	27	1	3	24	2208	1405	56	9	0.000000	mens
5	1	27	1	3	25	2270	1397	15	29	66.811150	te
5	1	27	1	3	26	2292	1397	39	29	55.376812	opply
5	1	27	1	3	27	2338	1397	34	29	66.076889	some
5	1	27	1	3	28	2381	1397	23	29	83.806190	onc
5	1	27	1	3	29	2412	1397	16	29	92.488968	of
5	1	27	1	3	30	2434	1397	40	29	72.412064	theor
4	1	27	1	4	0	731	1422	337	17	-1	
5	1	27	1	4	1	731	1422	101	14	28.671822	formaliome
5	1	27	1	4	2	838	1426	19	11	71.675011	to
5	1	27	1	4	3	863	1424	111	13	14.395943	demessirate
5	1	27	1	4	4	984	1423	14	13	82.460388	F
5	1	27	1	4	5	1006	1423	13	16	26.892776	¥
5	1	27	1	4	6	1028	1423	40	13	86.206940	NP.
3	1	27	2	0	0	730	1436	1739	40	-1	
4	1	27	2	1	0	777	1436	1692	21	-1	
5	1	27	2	1	1	777	1440	30	13	75.189606	Pes
5	1	27	2	1	2	816	1441	28	13	96.542953	the
5	1	27	2	1	3	853	1429	38	32	60.186150	cake
5	1	27	2	1	4	899	1429	18	32	95.842224	of
5	1	27	2	1	5	924	1441	102	16	96.513367	clarity,
5	1	27	2	1	6	999	1429	28	32	70.198326	ear
5	1	27	2	1	7	1036	1440	95	16	82.584732	proof
5	1	27	2	1	8	1093	1429	16	32	91.200607	of
5	1	27	2	1	9	1119	1429	12	32	88.857208	P
5	1	27	2	1	10	1140	1442	14	15	58.106583	yt
5	1	27	2	1	11	1164	1441	33	14	91.569725	NP
5	1	27	2	1	12	1206	1440	31	13	74.073524	will
5	1	27	2	1	13	1246	1437	103	16	22.503746	ukimately
5	1	27	2	1	14	1333	1429	16	32	84.759796	be
5	1	27	2	1	15	1358	1441	10	8	45.644421	a
5	1	27	2	1	16	1377	1436	71	13	91.966309	theorem
5	1	27	2	1	17	1458	1439	63	12	52.800026	preven
5	1	27	2	1	18	1531	1436	23	17	95.145363	by
5	1	27	2	1	19	1563	1441	8	8	64.159286	a
5	1	27	2	1	20	1581	1437	37	16	92.802330	fully
5	1	27	2	1	21	1626	1429	70	32	70.302162	classical
5	1	27	2	1	22	1703	1429	48	32	56.217522	logie,
5	1	27	2	1	23	1760	1439	56	14	72.733543	wheee
5	1	27	2	1	24	1824	1442	106	11	10.030785	correctaess
5	1	27	2	1	25	1939	1440	16	13	87.525490	is
5	1	27	2	1	26	1964	1440	66	16	17.511330	beyoad
5	1	27	2	1	27	2041	1439	65	14	53.420177	doubt.
5	1	27	2	1	28	2118	1439	40	13	92.998154	The
5	1	27	2	1	29	2168	1441	60	10	7.463371	reneoe
5	1	27	2	1	30	2234	1429	27	32	74.297531	for
5	1	27	2	1	31	2269	1429	22	32	49.343582	ovr
5	1	27	2	1	32	2298	1429	54	32	69.720474	isterent
5	1	27	2	1	33	2359	1429	16	32	74.318794	is
5	1	27	2	1	34	2382	1436	87	18	8.404884	sosclescica!
4	1	27	2	2	0	730	1452	1572	24	-1	
5	1	27	2	2	1	730	1456	57	17	33.295258	fagica,
5	1	27	2	2	2	795	1458	38	13	92.046928	that
5	1	27	2	2	3	840	1459	51	13	79.946999	evade
5	1	27	2	2	4	900	1459	28	13	93.228760	the
5	1	27	2	2	5	937	1458	61	15	0.000000	Seceed
5	1	27	2	2	6	1008	1457	136	17	48.204170	Lacompletences
5	1	27	2	2	7	1151	1459	86	15	51.815533	Theorem,
5	1	27	2	2	8	1244	1456	14	14	91.540520	is
5	1	27	2	2	9	1265	1456	36	13	95.415535	that
5	1	27	2	2	10	1310	1455	45	13	93.050293	these
5	1	27	2	2	11	1363	1452	142	18	42.543545	strange-looking
5	1	27	2	2	12	1536	1454	49	14	59.053726	eatitics
5	1	27	2	2	13	1592	1456	34	13	94.872993	will
5	1	27	2	2	14	1634	1456	22	13	94.294411	be
5	1	27	2	2	15	1664	1461	10	8	64.450790	a
5	1	27	2	2	16	1683	1457	54	14	93.098892	useful
5	1	27	2	2	17	1745	1457	119	14	65.021149	intermediate
5	1	27	2	2	18	1872	1461	40	13	91.947113	atep
5	1	27	2	2	19	1921	1461	20	10	92.250526	to
5	1	27	2	2	20	1947	1458	81	13	59.372654	examine
5	1	27	2	2	21	2035	1458	65	15	87.420952	durisg
5	1	27	2	2	22	2108	1461	31	9	76.126266	eur
5	1	27	2	2	23	2149	1455	53	21	70.817390	proof
5	1	27	2	2	24	2208	1454	20	14	70.817390	of
5	1	27	2	2	25	2236	1454	13	13	88.441681	P
5	1	27	2	2	26	2259	1455	10	14	0.000000	4
5	1	27	2	2	27	2276	1456	26	13	0.000000	np
3	1	27	3	0	0	777	1467	1664	42	-1	
4	1	27	3	1	0	777	1467	1664	42	-1	
5	1	27	3	1	1	777	1475	60	15	45.726414	Hence,
5	1	27	3	1	2	845	1479	30	9	74.964600	our
5	1	27	3	1	3	883	1476	49	16	81.088493	proof
5	1	27	3	1	4	938	1476	19	13	92.698151	of
5	1	27	3	1	5	964	1476	35	16	11.434128	Ff
5	1	27	3	1	6	1009	1476	32	13	83.550064	NP
5	1	27	3	1	7	1048	1476	32	13	95.182755	will
5	1	27	3	1	8	1088	1476	21	13	96.796783	be
5	1	27	3	1	9	1116	1476	64	13	93.304680	arrived
5	1	27	3	1	10	1189	1476	10	13	58.259171	b:
5	1	27	3	1	11	1216	1467	83	42	0.000000	guploring
5	1	27	3	1	12	1306	1472	36	14	58.684502	how
5	1	27	3	1	13	1349	1471	41	15	95.926659	fully
5	1	27	3	1	14	1397	1469	75	15	90.407127	classical
5	1	27	3	1	15	1481	1469	42	17	87.282608	(and
5	1	27	3	1	16	1533	1473	153	17	68.459732	unceatreversial)
5	1	27	3	1	17	1694	1474	54	17	91.497757	logice
5	1	27	3	1	18	1756	1475	41	13	93.200386	view
5	1	27	3	1	19	1806	1474	73	14	45.686260	unueual
5	1	27	3	1	20	1887	1475	132	16	73.457642	self-juctifying
5	1	27	3	1	21	2027	1474	54	17	84.507774	logice
5	1	27	3	1	22	2091	1479	20	8	69.038879	a0
5	1	27	3	1	23	2119	1479	11	7	89.375992	=
5	1	27	3	1	24	2138	1472	109	16	54.464073	simplifying
5	1	27	3	1	25	2253	1471	51	16	22.697937	belpte)
5	1	27	3	1	26	2310	1474	94	15	62.571751	intermediate
5	1	27	3	1	27	2410	1478	31	13	77.476936	step.
3	1	27	4	0	0	778	1475	1586	51	-1	
4	1	27	4	1	0	778	1475	1586	51	-1	
5	1	27	4	1	1	778	1482	55	30	74.771545	NEw
5	1	27	4	1	2	837	1475	72	39	0.000000	Sansone
5	1	27	4	1	3	921	1475	33	39	72.054008	Tale
5	1	27	4	1	4	967	1475	26	39	95.015038	The
5	1	27	4	1	5	1002	1475	76	39	84.646019	Combined
5	1	27	4	1	6	1087	1475	36	39	92.608368	Work
5	1	27	4	1	7	1132	1475	16	39	89.158112	of
5	1	27	4	1	8	1158	1475	56	39	14.062881	Pollak,
5	1	27	4	1	9	1267	1487	107	36	27.779572	en
5	1	27	4	1	10	1378	1483	60	42	3.352493	Levee
5	1	27	4	1	11	1451	1483	57	42	0.000000	Scuny,
5	1	27	4	1	12	1557	1506	45	14	0.000000	a
5	1	27	4	1	13	1737	1509	14	13	45.101967	t
5	1	27	4	1	14	1904	1483	40	43	27.723434	wed
5	1	27	4	1	15	2071	1510	14	12	61.149437	A
5	1	27	4	1	16	2132	1509	4	2	0.000000	-
5	1	27	4	1	17	2208	1509	33	10	63.098976	tem
5	1	27	4	1	18	2251	1482	16	44	78.454514	@
5	1	27	4	1	19	2279	1508	48	14	67.032806	will
5	1	27	4	1	20	2314	1482	11	44	88.944618	be
5	1	27	4	1	21	2350	1510	14	12	0.000000	sia
3	1	27	5	0	0	729	1502	1741	42	-1	
4	1	27	5	1	0	772	1502	1615	29	-1	
5	1	27	5	1	1	772	1505	109	26	59.569889	Threughest
5	1	27	5	1	2	891	1505	11	26	57.824219	1!
5	1	27	5	1	3	934	1505	48	25	50.833874	artic!
5	1	27	5	1	4	1058	1505	38	25	0.000000	e.y.
5	1	27	5	1	5	1193	1510	52	14	20.958778	wlt(a,
5	1	27	5	1	6	1251	1504	18	25	15.800468	a.
5	1	27	5	1	7	1273	1512	8	9	0.000000	®.
5	1	27	5	1	8	1336	1502	66	27	74.828262	denote
5	1	27	5	1	9	1461	1511	6	3	0.000000	e
5	1	27	5	1	10	1515	1506	68	15	85.290253	Predicate
5	1	27	5	1	11	1611	1508	92	13	88.760841	eymbols
5	1	27	5	1	12	1693	1502	14	27	58.996513	«;
5	1	27	5	1	13	1769	1514	40	8	0.000000	=.
5	1	27	5	1	14	1861	1514	36	8	39.946587	=a
5	1	27	5	1	15	1952	1514	29	8	21.221016	aey
5	1	27	5	1	16	2014	1514	12	7	88.251701	=
5	1	27	5	1	17	2039	1514	16	8	42.703094	8.
5	1	27	5	1	18	2072	1504	26	25	60.563999	Awe
5	1	27	5	1	19	2108	1504	55	25	71.851723	axiom
5	1	27	5	1	20	2177	1504	29	25	0.000000	sy0
5	1	27	5	1	21	2255	1511	11	8	57.880558	e
5	1	27	5	1	22	2330	1504	34	25	72.836700	said
5	1	27	5	1	23	2372	1504	19	25	73.575752	te
4	1	27	5	2	0	729	1505	1741	39	-1	
5	1	27	5	2	1	729	1529	91	13	0.000000	eecernety
5	1	27	5	2	2	841	1505	61	45	0.000000	dition
5	1	27	5	2	3	912	1505	35	45	31.749435	tnd
5	1	27	5	2	4	952	1510	159	34	0.000000	menipliociies
5	1	27	5	2	5	1088	1505	16	45	34.536179	ce
5	1	27	5	2	6	1118	1505	50	45	28.026810	total
5	1	27	5	2	7	1178	1505	87	45	23.638283	Poassions
5	1	27	5	2	8	1275	1524	21	13	0.000000	if
5	1	27	5	2	9	1302	1523	13	14	48.069832	it
5	1	27	5	2	10	1323	1522	72	14	26.357483	(neladae
5	1	27	5	2	11	1405	1522	27	14	89.577225	1-3
5	1	27	5	2	12	1440	1526	18	8	65.588593	aa
5	1	27	5	2	13	1466	1521	74	15	24.150490	axloma,
5	1	27	5	2	14	1620	1512	28	12	42.288548	ya
5	1	27	5	2	15	1706	1509	84	17	0.000000	Sesertne
5	1	27	5	2	16	1818	1511	14	14	19.180565	et
5	1	27	5	2	17	1841	1514	11	11	0.000000	¥
5	1	27	5	2	18	1986	1505	14	39	49.355629	id
5	1	27	5	2	19	2394	1510	76	16	0.645180	rewogniee
3	1	27	6	0	0	729	1544	1743	85	-1	
4	1	27	6	1	0	1501	1544	45	13	-1	
5	1	27	6	1	1	1501	1544	45	13	61.451744	Ysa
4	1	27	6	2	0	1484	1550	90	37	-1	
5	1	27	6	2	1	1484	1558	25	13	76.966263	va
5	1	27	6	2	2	1518	1559	25	15	84.963852	Vy
5	1	27	6	2	3	1550	1550	24	37	46.517517	3.
4	1	27	6	3	0	1481	1572	984	19	-1	
5	1	27	6	3	1	1481	1572	59	17	6.084091	VeVy
5	1	27	6	3	2	1563	1579	8	8	6.084091	3s
5	1	27	6	3	3	1597	1575	19	13	4.522720	iM
5	1	27	6	3	4	1706	1580	8	9	40.755905	2
5	1	27	6	3	5	2456	1579	9	12	74.683693	3)
4	1	27	6	4	0	729	1589	1743	23	-1	
5	1	27	6	4	1	729	1592	46	16	12.365677	Also,
5	1	27	6	4	2	785	1598	21	9	74.256828	on
5	1	27	6	4	3	816	1595	55	12	49.320415	axiom
5	1	27	6	4	4	909	1598	34	10	62.672634	eysicm
5	1	27	6	4	5	952	1600	12	9	40.741810	©
5	1	27	6	4	6	976	1595	32	14	92.026245	will
5	1	27	6	4	7	1021	1584	16	32	94.353241	be
5	1	27	6	4	8	1045	1595	51	14	93.212738	called
5	1	27	6	4	9	1106	1595	79	17	72.721733	Type-M
5	1	27	6	4	10	1194	1594	41	14	89.397186	iff
5	1	27	6	4	11	1221	1584	16	32	93.050652	it
5	1	27	6	4	12	1244	1591	73	16	26.733147	coatsine
5	1	27	6	4	13	1327	1589	25	18	89.215439	(1)
5	1	27	6	4	14	1361	1595	11	5	45.233360	—
5	1	27	6	4	15	1381	1589	26	17	96.793694	(3)
5	1	27	6	4	16	1417	1594	19	8	72.416962	as
5	1	27	6	4	17	1445	1589	74	16	40.710693	axioma,
5	1	27	6	4	18	1528	1590	79	17	92.075729	Type-A
5	1	27	6	4	19	1617	1592	23	14	93.331383	iff
5	1	27	6	4	20	1648	1595	13	11	93.331383	it
5	1	27	6	4	21	1671	1594	78	12	14.722794	contains
5	1	27	6	4	22	1759	1594	39	16	48.366295	only
5	1	27	6	4	23	1808	1594	27	16	96.717560	(1)
5	1	27	6	4	24	1844	1594	35	13	89.285110	and
5	1	27	6	4	25	1889	1594	27	16	95.641563	(2)
5	1	27	6	4	26	1927	1599	20	8	57.021755	a
5	1	27	6	4	27	1956	1595	75	15	51.299507	asioms,
5	1	27	6	4	28	2041	1594	34	13	86.420845	and
5	1	27	6	4	29	2086	1592	79	18	90.685204	Type-S
5	1	27	6	4	30	2176	1592	43	14	93.797119	iff
5	1	27	6	4	31	2205	1584	16	32	96.419991	it
5	1	27	6	4	32	2229	1594	243	16	49.110336	contains
5	1	27	6	4	33	2306	1584	30	32	40.740707	only
5	1	27	6	4	34	2343	1584	22	32	95.837219	(1)
5	1	27	6	4	35	2373	1584	16	32	57.726219	os
5	1	27	6	4	36	2397	1584	16	32	85.266640	an
5	1	27	6	4	37	2421	1584	54	32	66.633667	axiom.
4	1	27	6	5	0	729	1607	670	22	-1	
5	1	27	6	5	1	729	1610	110	16	28.362000	Mareorer,
5	1	27	6	5	2	830	1603	9	31	0.000000	«
5	1	27	6	5	3	849	1612	33	13	75.645447	wil
5	1	27	6	5	4	890	1603	19	31	96.362556	be
5	1	27	6	5	5	918	1603	56	31	92.216049	called
5	1	27	6	5	6	983	1603	76	31	42.448444	Type-NS
5	1	27	6	5	7	1068	1612	27	14	95.192528	iff
5	1	27	6	5	8	1102	1613	12	13	83.911087	it
5	1	27	6	5	9	1123	1612	73	14	51.676445	contains
5	1	27	6	5	10	1204	1609	117	15	67.434174	none
5	1	27	6	5	11	1252	1603	19	31	77.814598	of
5	1	27	6	5	12	1277	1609	44	15	91.156837	these
5	1	27	6	5	13	1329	1607	70	20	72.763298	axioms.
3	1	27	7	0	0	727	1623	1745	74	-1	
4	1	27	7	1	0	775	1623	1697	23	-1	
5	1	27	7	1	1	775	1627	35	14	49.447216	Ouse
5	1	27	7	1	2	818	1628	55	14	47.478203	initio}
5	1	27	7	1	3	880	1633	52	12	82.625633	paper
5	1	27	7	1	4	941	1629	32	17	85.926033	[37]
5	1	27	7	1	5	981	1630	51	13	9.617859	abot
5	1	27	7	1	6	1040	1629	143	16	26.282249	cclf-justification
5	1	27	7	1	7	1192	1627	73	15	14.043839	lavelved
5	1	27	7	1	8	1271	1625	69	17	52.287788	Type-A
5	1	27	7	1	9	1347	1624	51	16	9.246582	logics
5	1	27	7	1	10	1405	1623	39	14	95.863121	that
5	1	27	7	1	11	1452	1628	32	9	95.141075	cam
5	1	27	7	1	12	1493	1624	88	15	77.851738	formalize
5	1	27	7	1	13	1589	1625	44	14	96.258972	their
5	1	27	7	1	14	1641	1630	37	10	72.209564	own
5	1	27	7	1	15	1686	1627	108	17	85.957787	consistency
5	1	27	7	1	16	1802	1628	53	13	87.206650	under
5	1	27	7	1	17	1862	1628	85	14	27.917770	semantic
5	1	27	7	1	18	1955	1629	83	12	95.394119	tableaux
5	1	27	7	1	19	2048	1628	102	13	93.803474	deduction.
5	1	27	7	1	20	2161	1625	72	16	95.174332	Shortly
5	1	27	7	1	21	2241	1625	38	14	79.721275	after
5	1	27	7	1	22	2286	1632	19	8	49.576550	wy
5	1	27	7	1	23	2311	1628	72	16	79.553345	published
5	1	27	7	1	24	2388	1619	31	30	89.764160	this
5	1	27	7	1	25	2426	1619	46	30	19.891235	resek,
4	1	27	7	2	0	728	1641	1744	22	-1	
5	1	27	7	2	1	728	1644	62	14	54.383560	Rebert
5	1	27	7	2	2	800	1645	70	17	16.789024	Selevny
5	1	27	7	2	3	878	1647	97	16	78.628189	telephoned
5	1	27	7	2	4	985	1652	26	11	76.567459	us,
5	1	27	7	2	5	1019	1648	16	13	91.667946	in
5	1	27	7	2	6	1044	1648	45	15	96.310616	April
5	1	27	7	2	7	1096	1647	19	13	94.340378	of
5	1	27	7	2	8	1121	1648	46	14	87.772949	1994,
5	1	27	7	2	9	1175	1645	89	16	66.387558	Indicating
5	1	27	7	2	10	1273	1636	19	32	95.344940	he
5	1	27	7	2	11	1300	1643	45	13	94.684319	knew
5	1	27	7	2	12	1353	1642	35	13	66.458939	bow
5	1	27	7	2	13	1398	1644	19	10	93.183235	to
5	1	27	7	2	14	1424	1641	101	17	55.974277	strengthen
5	1	27	7	2	15	1534	1647	11	8	0.230072	o
5	1	27	7	2	16	1554	1644	66	13	18.191849	variant
5	1	27	7	2	17	1627	1644	20	13	96.892570	of
5	1	27	7	2	18	1654	1645	30	13	96.892570	the
5	1	27	7	2	19	1693	1645	64	14	90.162865	Second
5	1	27	7	2	20	1768	1645	142	17	81.184593	Incompictences
5	1	27	7	2	21	1918	1646	86	13	96.211571	Theorem
5	1	27	7	2	22	2012	1646	35	13	91.703445	due
5	1	27	7	2	23	2056	1648	21	11	96.509109	to
5	1	27	7	2	24	2085	1645	52	14	83.721786	Pavel
5	1	27	7	2	25	2147	1644	73	19	43.536587	Pudlésk
5	1	27	7	2	26	2258	1653	5	6	75.432793	[27],
5	1	27	7	2	27	2270	1645	33	13	96.701836	with
5	1	27	7	2	28	2310	1636	76	32	72.814232	additional
5	1	27	7	2	29	2393	1636	83	32	52.563515	techaiqees
4	1	27	7	3	0	727	1658	1745	23	-1	
5	1	27	7	3	1	727	1662	90	16	78.804283	developed
5	1	27	7	3	2	830	1663	21	16	93.029343	by
5	1	27	7	3	3	860	1664	61	13	1.611313	Nelese
5	1	27	7	3	4	931	1664	33	13	82.743263	and
5	1	27	7	3	5	975	1664	109	14	84.808723	Wilkie-Paris
5	1	27	7	3	6	1094	1663	31	18	89.127213	[35,
5	1	27	7	3	7	1135	1663	33	17	94.583138	23],
5	1	27	7	3	8	1177	1665	18	12	65.248161	te
5	1	27	7	3	9	1203	1662	45	13	75.208771	show
5	1	27	7	3	10	1303	1664	22	9	58.205383	ne
5	1	27	7	3	11	1334	1658	97	14	28.907532	reascaable
5	1	27	7	3	12	1440	1658	69	17	78.445206	Type-S
5	1	27	7	3	13	1520	1659	58	15	79.609344	axiom
5	1	27	7	3	14	1588	1663	63	14	95.382278	system
5	1	27	7	3	15	1661	1661	47	18	93.120720	(that
5	1	27	7	3	16	1719	1664	54	11	85.990799	treata
5	1	27	7	3	17	1784	1662	82	15	91.764969	Addition
5	1	27	7	3	18	1878	1663	33	13	93.287277	asd
5	1	27	7	3	19	1923	1663	138	16	86.987404	Multiplication
5	1	27	7	3	20	2073	1667	20	8	71.712746	ae
5	1	27	7	3	21	2103	1663	57	15	50.622349	3-way
5	1	27	7	3	22	2171	1661	81	14	46.372334	relations)
5	1	27	7	3	23	2269	1665	26	9	63.162163	can
5	1	27	7	3	24	2303	1663	43	16	68.705811	verify
5	1	27	7	3	25	2355	1664	19	11	59.551552	ae
5	1	27	7	3	26	2381	1667	30	8	82.560074	own
5	1	27	7	3	27	2420	1663	52	12	68.669922	Hilbert
4	1	27	7	4	0	727	1675	1067	22	-1	
5	1	27	7	4	1	727	1683	110	14	0.000000	mmacistonsy.
5	1	27	7	4	2	847	1681	41	13	77.518417	This
5	1	27	7	4	3	896	1682	58	15	36.259155	reset,
5	1	27	7	4	4	961	1681	106	14	24.982574	cummarined
5	1	27	7	4	5	1074	1680	22	17	96.755135	by
5	1	27	7	4	6	1103	1682	77	13	15.339195	Theorem
5	1	27	7	4	7	1188	1681	32	14	94.082146	3.1,
5	1	27	7	4	8	1227	1680	80	15	68.960541	improves
5	1	27	7	4	9	1315	1681	42	13	13.037994	upes
5	1	27	7	4	10	1367	1675	242	19	54.683056	Besborvah-Shepherdson'’s
5	1	27	7	4	11	1618	1679	59	14	66.238029	earlier
5	1	27	7	4	12	1686	1680	44	14	96.852570	work
5	1	27	7	4	13	1738	1680	18	14	83.464012	in
5	1	27	7	4	14	1766	1680	28	17	30.475044	[3].
2	1	28	0	0	0	1514	1458	21	9	-1	
3	1	28	1	0	0	1514	1458	21	9	-1	
4	1	28	1	1	0	1514	1458	21	9	-1	
5	1	28	1	1	1	1514	1458	21	9	95.000000	 
2	1	29	0	0	0	1585	1546	112	32	-1	
3	1	29	1	0	0	1585	1546	112	32	-1	
4	1	29	1	1	0	1585	1546	112	32	-1	
5	1	29	1	1	1	1585	1546	112	32	95.000000	 
2	1	30	0	0	0	1256	1655	44	19	-1	
3	1	30	1	0	0	1256	1655	44	19	-1	
4	1	30	1	1	0	1256	1655	44	19	-1	
5	1	30	1	1	1	1256	1655	44	19	95.000000	    
2	1	31	0	0	0	803	1718	1609	57	-1	
3	1	31	1	0	0	804	1718	1608	57	-1	
4	1	31	1	1	0	804	1718	1608	22	-1	
5	1	31	1	1	1	804	1723	128	15	69.248848	‘Theorem
5	1	31	1	1	2	901	1712	33	32	92.498512	3.1
5	1	31	1	1	3	951	1725	80	13	55.546608	(Selevay’s
5	1	31	1	1	4	1039	1723	37	14	94.651756	1994
5	1	31	1	1	5	1084	1723	111	14	81.971138	modification
5	1	31	1	1	6	1204	1712	30	32	72.084160	[32]
5	1	31	1	1	7	1245	1712	17	32	93.255791	of
5	1	31	1	1	8	1266	1719	82	21	31.633331	Pudlsk's
5	1	31	1	1	9	1354	1720	40	13	67.561531	1985
5	1	31	1	1	10	1402	1719	95	21	23.698334	fermaliom
5	1	31	1	1	11	1505	1718	33	20	78.029739	[27]
5	1	31	1	1	12	1548	1720	50	18	85.417847	using
5	1	31	1	1	13	1604	1722	30	13	96.912766	the
5	1	31	1	1	14	1642	1722	55	14	93.227699	added
5	1	31	1	1	15	1706	1723	231	17	26.158203	methedslegies
5	1	31	1	1	16	1848	1712	19	32	93.238586	of
5	1	31	1	1	17	1877	1723	59	17	38.399502	Nelsos
5	1	31	1	1	18	1946	1723	34	12	68.882568	and
5	1	31	1	1	19	1989	1723	121	13	20.187843	Wilkie-Paria
5	1	31	1	1	20	2118	1722	36	18	49.160896	[23,
5	1	31	1	1	21	2161	1722	38	16	49.160896	35])
5	1	31	1	1	22	2213	1712	30	32	74.649330	Let
5	1	31	1	1	23	2250	1726	6	8	85.199356	=
5	1	31	1	1	24	2266	1712	44	32	18.085136	denote
5	1	31	1	1	25	2320	1712	22	32	74.634018	ony
5	1	31	1	1	26	2347	1722	65	16	0.000000	wramstcat
4	1	31	1	2	0	803	1720	1608	43	-1	
5	1	31	1	2	1	803	1720	54	43	19.840401	Towed
5	1	31	1	2	2	871	1720	51	43	0.000000	sprees
5	1	31	1	2	3	928	1720	33	43	41.742744	this
5	1	31	1	2	4	967	1720	26	43	37.935242	ces
5	1	31	1	2	5	1000	1720	36	43	24.572060	coy
5	1	31	1	2	6	1046	1720	62	43	0.000000	ebdidion
5	1	31	1	2	7	1118	1720	26	43	81.993126	and
5	1	31	1	2	8	1150	1720	105	43	24.101044	mulnplioniion
5	1	31	1	2	9	1261	1720	51	43	6.104126	selafy
5	1	31	1	2	10	1319	1720	36	43	83.870377	their
5	1	31	1	2	11	1365	1720	40	43	63.026443	urval
5	1	31	1	2	12	1412	1720	94	43	43.486824	associative,
5	1	31	1	2	13	1513	1740	394	17	10.486565	eommvstative,
5	1	31	1	2	14	1641	1730	88	33	12.127701	distributios
5	1	31	1	2	15	1740	1730	28	33	91.957504	and
5	1	31	1	2	16	1775	1730	64	33	61.027351	identity
5	1	31	1	2	17	1847	1730	67	33	0.000000	avioms.
5	1	31	1	2	18	1919	1741	42	12	91.766220	Then
5	1	31	1	2	19	1972	1745	12	8	51.825428	@
5	1	31	1	2	20	1995	1730	59	33	14.249603	eannet
5	1	31	1	2	21	2061	1730	45	33	90.734413	prove
5	1	31	1	2	22	2114	1745	6	8	25.447128	o
5	1	31	1	2	23	2130	1730	64	33	60.818386	theorem
5	1	31	1	2	24	2204	1730	73	33	27.200005	affirming
5	1	31	1	2	25	2284	1730	15	33	41.744148	ts
5	1	31	1	2	26	2306	1730	23	33	78.330627	own
5	1	31	1	2	27	2339	1730	75	33	1.109177	erunaiency
4	1	31	1	3	0	805	1757	470	18	-1	
5	1	31	1	3	1	801	1748	50	33	65.219727	wader
5	1	31	1	3	2	858	1748	26	33	81.621605	ang
5	1	31	1	3	3	894	1748	17	33	93.138153	of
5	1	31	1	3	4	919	1748	61	33	0.000000	Beemple
5	1	31	1	3	5	988	1748	33	33	14.919365	01's
5	1	31	1	3	6	1029	1748	39	33	70.320770	forms
5	1	31	1	3	7	1076	1748	17	33	80.710213	af
5	1	31	1	3	8	1100	1748	92	33	19.277405	Hidtert-styla
5	1	31	1	3	9	1199	1748	76	33	72.310181	deduction.
2	1	32	0	0	0	724	1798	1746	90	-1	
3	1	32	1	0	0	725	1798	1744	38	-1	
4	1	32	1	1	0	772	1798	1697	19	-1	
5	1	32	1	1	1	772	1800	28	13	88.965004	We
5	1	32	1	1	2	809	1800	33	14	73.554276	will
5	1	32	1	1	3	850	1805	48	10	80.352737	sever
5	1	32	1	1	4	908	1806	30	9	62.597008	was
5	1	32	1	1	5	945	1803	76	13	60.675434	Theorem
5	1	32	1	1	6	1028	1801	23	13	45.752335	3.)
5	1	32	1	1	7	1061	1800	57	17	79.836327	during
5	1	32	1	1	8	1125	1804	31	9	81.315636	our
5	1	32	1	1	9	1163	1799	74	17	86.241058	proof
5	1	32	1	1	10	1221	1787	18	36	94.034340	of
5	1	32	1	1	11	1245	1799	35	16	38.818058	Pf
5	1	32	1	1	12	1290	1798	40	15	81.350128	NP.
5	1	32	1	1	13	1342	1798	24	14	58.208294	Ka
5	1	32	1	1	14	1374	1798	106	17	52.600933	Importance
5	1	32	1	1	15	1490	1798	18	14	80.447891	In
5	1	32	1	1	16	1516	1798	90	19	58.822121	achieving
5	1	32	1	1	17	1614	1800	35	13	92.819839	this
5	1	32	1	1	18	1657	1801	52	13	18.166672	result
5	1	32	1	1	19	1719	1803	69	14	44.162941	cannot,
5	1	32	1	1	20	1797	1801	85	16	55.635971	however,
5	1	32	1	1	21	1890	1800	22	13	94.486259	be
5	1	32	1	1	22	1920	1801	121	14	88.058411	understated.
5	1	32	1	1	23	2053	1801	45	14	87.590645	This
5	1	32	1	1	24	2106	1801	15	14	57.105083	is
5	1	32	1	1	25	2130	1801	76	13	47.216316	becavac
5	1	32	1	1	26	2214	1800	76	13	93.652077	Theorem
5	1	32	1	1	27	2297	1801	21	12	40.014626	3.1
5	1	32	1	1	28	2326	1801	65	13	33.239929	isdicate
5	1	32	1	1	29	2400	1787	30	36	88.391190	that
5	1	32	1	1	30	2439	1787	33	36	39.375999	only
4	1	32	1	2	0	725	1815	785	21	-1	
5	1	32	1	2	1	725	1816	82	16	41.443153	Type-S
5	1	32	1	2	2	814	1818	105	13	20.159813	arithmectica
5	1	32	1	2	3	926	1823	28	10	93.274582	are
5	1	32	1	2	4	962	1818	76	18	54.679192	placeibly
5	1	32	1	2	5	1044	1817	66	16	95.474777	capable
5	1	32	1	2	6	1117	1817	19	13	96.437386	of
5	1	32	1	2	7	1143	1816	78	17	95.851112	verifying
5	1	32	1	2	8	1229	1816	43	14	92.615166	thelr
5	1	32	1	2	9	1279	1820	36	10	28.792137	ews
5	1	32	1	2	10	1324	1815	66	15	82.067978	Hilbert
5	1	32	1	2	11	1397	1815	113	17	19.439377	eoncistency.
3	1	32	2	0	0	724	1833	1746	55	-1	
4	1	32	2	1	0	771	1833	1698	21	-1	
5	1	32	2	1	1	771	1835	15	13	27.108902	Uh
5	1	32	2	1	2	794	1835	41	13	70.938744	thee
5	1	32	2	1	3	842	1836	82	14	52.124844	indicates
5	1	32	2	1	4	932	1841	32	13	92.660492	any
5	1	32	2	1	5	970	1837	40	16	52.365871	hope
5	1	32	2	1	6	1016	1835	17	14	70.890030	in
5	1	32	2	1	7	1040	1835	45	16	44.505020	sving
5	1	32	2	1	8	1091	1835	123	17	16.740250	calf-justifying
5	1	32	2	1	9	1222	1834	50	18	37.130516	logics
5	1	32	2	1	10	1281	1836	18	12	76.042595	te
5	1	32	2	1	11	1306	1838	51	13	93.288239	prove
5	1	32	2	1	12	1365	1834	15	14	72.935989	P
5	1	32	2	1	13	1388	1834	13	16	78.424950	yt
5	1	32	2	1	14	1411	1833	34	15	87.614052	NP
5	1	32	2	1	15	1453	1836	47	11	93.848854	must
5	1	32	2	1	16	1507	1836	59	12	88.632256	center
5	1	32	2	1	17	1573	1835	64	13	34.963135	around
5	1	32	2	1	18	1646	1836	29	14	93.301041	the
5	1	32	2	1	19	1683	1836	45	14	57.916878	deunting
5	1	32	2	1	20	1776	1836	94	16	58.077103	propertiae
5	1	32	2	1	21	1879	1836	20	13	96.006386	of
5	1	32	2	1	22	1905	1836	126	17	52.816769	astonishingly
5	1	32	2	1	23	2041	1836	47	14	89.437210	weak
5	1	32	2	1	24	2095	1835	88	18	60.467552	Type-NS
5	1	32	2	1	25	2190	1838	77	13	38.506622	systems.
5	1	32	2	1	26	2275	1835	13	16	82.555992	(I
5	1	32	2	1	27	2294	1835	106	15	72.425507	have
5	1	32	2	1	28	2336	1823	15	36	45.607521	ov
5	1	32	2	1	29	2360	1835	39	15	41.611172	dewbs
5	1	32	2	1	30	2407	1836	33	14	69.059113	thet
5	1	32	2	1	31	2446	1841	23	11	90.581810	my
4	1	32	2	2	0	724	1850	1746	31	-1	
5	1	32	2	2	1	724	1840	30	45	90.400078	214
5	1	32	2	2	2	768	1840	42	45	60.121529	yeas
5	1	32	2	2	3	821	1840	42	45	38.839012	Alert
5	1	32	2	2	4	873	1840	20	45	65.510506	to
5	1	32	2	2	5	903	1840	50	45	83.769966	prove
5	1	32	2	2	6	963	1854	9	14	70.576569	P
5	1	32	2	2	7	986	1853	42	17	63.496281	PMP
5	1	32	2	2	8	1038	1840	50	45	79.945190	would
5	1	32	2	2	9	1098	1840	38	45	58.631615	bare
5	1	32	2	2	10	1147	1840	44	45	44.974602	taken
5	1	32	2	2	11	1203	1840	42	45	91.882652	more
5	1	32	2	2	12	1252	1840	38	45	60.368713	then
5	1	32	2	2	13	1301	1850	161	31	73.558487	roughly
5	1	32	2	2	14	1383	1840	12	45	92.416451	—
5	1	32	2	2	15	1406	1850	56	31	0.000000	gigsie,
5	1	32	2	2	16	1481	1840	53	45	70.926170	giggle
5	1	32	2	2	17	1548	1857	9	4	82.978661	—
5	1	32	2	2	18	1571	1840	31	45	93.655647	say
5	1	32	2	2	19	1612	1840	42	45	95.063042	210+
5	1	32	2	2	20	1665	1840	49	45	41.458397	years
5	1	32	2	2	21	1725	1859	15	4	75.990158	—
5	1	32	2	2	22	1750	1840	24	45	0.000000	if
5	1	32	2	2	23	1788	1840	35	45	82.925446	was
5	1	32	2	2	24	1830	1840	30	45	62.839909	aot
5	1	32	2	2	25	1871	1840	53	45	88.426353	aware
5	1	32	2	2	26	1935	1840	19	45	90.381157	of
5	1	32	2	2	27	1957	1853	85	13	93.135818	Theorem
5	1	32	2	2	28	2047	1840	46	45	43.168106	3.1's
5	1	32	2	2	29	2103	1840	66	45	93.177841	crucial
5	1	32	2	2	30	2182	1840	72	45	63.364143	wegative
5	1	32	2	2	31	2261	1840	42	45	22.900146	retalt
5	1	32	2	2	32	2313	1840	24	45	80.590004	aad
5	1	32	2	2	33	2343	1840	24	45	92.475601	the
5	1	32	2	2	34	2373	1840	31	45	63.459766	tay
5	1	32	2	2	35	2412	1840	33	45	51.984787	clas
5	1	32	2	2	36	2456	1840	14	45	88.985466	of
4	1	32	2	3	0	724	1860	941	28	-1	
5	1	32	2	3	1	724	1868	82	17	6.302780	TypeWS
5	1	32	2	3	2	813	1870	132	18	0.000000	boundary-cans
5	1	32	2	3	3	952	1870	88	16	32.564201	execpiions
5	1	32	2	3	4	1048	1871	18	11	90.406677	to
5	1	32	2	3	5	1073	1869	28	14	93.286285	the
5	1	32	2	3	6	1109	1869	61	14	32.080727	Secoad
5	1	32	2	3	7	1179	1869	138	17	13.869644	Incompleiances
5	1	32	2	3	8	1325	1869	82	13	51.446022	Thearem
5	1	32	2	3	9	1447	1871	7	10	96.827827	that
5	1	32	2	3	10	1463	1860	15	21	78.827759	it
5	1	32	2	3	11	1487	1868	78	17	69.299652	implicitly
5	1	32	2	3	12	1571	1870	76	16	21.491348	permite.
5	1	32	2	3	13	1658	1870	7	16	59.707115	)
2	1	33	0	0	0	718	1906	1749	69	-1	
3	1	33	1	0	0	722	1906	1745	65	-1	
4	1	33	1	1	0	770	1906	1605	19	-1	
5	1	33	1	1	1	770	1906	68	14	94.978165	SOME
5	1	33	1	1	2	845	1908	125	14	93.072662	RELEVANT
5	1	33	1	1	3	977	1906	145	15	90.472237	BACKGOUND
5	1	33	1	1	4	1129	1906	168	15	80.596466	INFORMATION
5	1	33	1	1	5	1311	1906	37	15	68.181450	Ose
5	1	33	1	1	6	1353	1906	84	17	68.181450	cortalaly
5	1	33	1	1	7	1443	1906	71	14	41.452248	aclestle
5	1	33	1	1	8	1522	1909	59	14	10.959236	sepect
5	1	33	1	1	9	1591	1897	17	33	96.872849	of
5	1	33	1	1	10	1611	1906	83	15	94.001579	Theorem
5	1	33	1	1	11	1701	1909	26	13	93.301483	3.1
5	1	33	1	1	12	1735	1908	16	13	9.824127	(e
5	1	33	1	1	13	1757	1908	40	13	90.833290	thet
5	1	33	1	1	14	1803	1908	49	13	96.229996	there
5	1	33	1	1	15	1860	1908	15	13	63.922173	is
5	1	33	1	1	16	1881	1908	87	17	50.207169	currently
5	1	33	1	1	17	1976	1912	23	9	73.837715	ne
5	1	33	1	1	18	2005	1908	86	13	91.018059	available
5	1	33	1	1	19	2099	1907	93	17	93.302261	published
5	1	33	1	1	20	2199	1908	90	15	64.669418	preef
5	1	33	1	1	21	2251	1897	14	33	96.831871	of
5	1	33	1	1	22	2273	1897	17	33	83.227493	its
5	1	33	1	1	23	2294	1910	81	11	51.822884	statement.
4	1	33	1	2	0	723	1923	1663	18	-1	
5	1	33	1	2	1	723	1923	45	13	88.019394	whet
5	1	33	1	2	2	778	1924	33	13	85.797546	had
5	1	33	1	2	3	821	1926	93	15	11.867905	transpired
5	1	33	1	2	4	926	1930	31	8	79.291443	was
5	1	33	1	2	5	965	1925	6	14	47.482529	I
5	1	33	1	2	6	979	1923	81	18	0.000000	published
5	1	33	1	2	7	1069	1924	17	13	55.252819	ta
5	1	33	1	2	8	1098	1925	38	14	79.292168	1903
5	1	33	1	2	9	1146	1929	10	9	47.420082	a
5	1	33	1	2	10	1165	1924	48	17	89.576080	proof
5	1	33	1	2	11	1222	1924	37	14	95.007889	that
5	1	33	1	2	12	1269	1924	87	17	84.842896	relatively
5	1	33	1	2	13	1364	1923	36	14	92.926712	rich
5	1	33	1	2	14	1409	1924	72	16	85.739792	Type-A
5	1	33	1	2	15	1491	1923	54	17	50.386215	logics
5	1	33	1	2	16	1553	1928	32	10	90.460602	can
5	1	33	1	2	17	1596	1924	52	17	96.850845	verify
5	1	33	1	2	18	1658	1925	44	14	95.177513	their
5	1	33	1	2	19	1711	1929	38	9	94.328766	own
5	1	33	1	2	20	1759	1925	108	16	51.177593	consistency
5	1	33	1	2	21	1878	1924	54	14	93.322853	under
5	1	33	1	2	22	1941	1926	84	13	59.912758	semantic
5	1	33	1	2	23	2055	1926	64	12	79.507645	tableaux
5	1	33	1	2	24	2129	1925	35	13	91.493744	and
5	1	33	1	2	25	2176	1924	95	14	33.272461	reseloution
5	1	33	1	2	26	2279	1925	107	13	81.376801	forme
5	1	33	1	2	27	2327	1915	16	32	92.997177	of
5	1	33	1	2	28	2351	1925	35	13	66.297134	dadu
4	1	33	1	3	0	718	1936	1749	39	-1	
5	1	33	1	3	1	718	1936	30	39	59.490616	pee
5	1	33	1	3	2	753	1936	37	39	33.683975	pe
5	1	33	1	3	3	790	1935	73	29	45.750648	Sclovay
5	1	33	1	3	4	872	1935	112	29	31.383080	subsequently
5	1	33	1	3	5	993	1935	90	29	70.583878	telephoned
5	1	33	1	3	6	1092	1935	22	29	84.120575	me
5	1	33	1	3	7	1121	1935	19	29	62.476479	in
5	1	33	1	3	8	1147	1943	119	16	95.733994	April
5	1	33	1	3	9	1203	1935	15	29	96.756950	of
5	1	33	1	3	10	1227	1943	37	16	91.765335	1994
5	1	33	1	3	11	1273	1941	33	19	36.456673	[32]
5	1	33	1	3	12	1314	1944	18	12	83.199165	to
5	1	33	1	3	13	1339	1941	29	15	84.884727	tell
5	1	33	1	3	14	1382	1935	20	29	73.548012	me
5	1	33	1	3	15	1411	1935	38	29	93.266724	that
5	1	33	1	3	16	1457	1941	21	14	94.099678	he
5	1	33	1	3	17	1486	1941	49	13	75.851822	knew
5	1	33	1	3	18	1543	1941	36	14	95.680161	how
5	1	33	1	3	19	1586	1944	18	12	89.073814	to
5	1	33	1	3	20	1612	1943	93	16	61.627872	generalise
5	1	33	1	3	21	1712	1948	11	8	52.910225	a
5	1	33	1	3	22	1730	1943	75	13	34.453262	theorem
5	1	33	1	3	23	1812	1935	21	29	93.233696	of
5	1	33	1	3	24	1839	1943	66	13	56.306728	Pudlék
5	1	33	1	3	25	1913	1935	21	29	96.840897	to
5	1	33	1	3	26	1942	1935	42	29	89.252472	shew
5	1	33	1	3	27	1994	1943	39	13	96.431602	that
5	1	33	1	3	28	2044	1935	8	29	61.727077	=
5	1	33	1	3	29	2061	1943	210	13	87.226219	variaat
5	1	33	1	3	30	2138	1935	20	29	95.164574	of
5	1	33	1	3	31	2169	1943	69	13	54.449177	Theorem
5	1	33	1	3	32	2247	1935	27	29	83.518089	3.1
5	1	33	1	3	33	2281	1935	39	29	41.032722	would
5	1	33	1	3	34	2329	1935	52	29	0.000000	pertain
5	1	33	1	3	35	2390	1946	15	10	80.166985	to
5	1	33	1	3	36	2412	1943	55	13	56.820511	Hilbert
2	1	34	0	0	0	718	1968	1752	210	-1	
3	1	34	1	0	0	718	1968	1752	62	-1	
4	1	34	1	1	0	718	1968	1752	49	-1	
5	1	34	1	1	1	718	1968	41	42	31.354515	<<
5	1	34	1	1	2	767	1968	73	43	23.772133	Selovey
5	1	34	1	1	3	847	1981	32	10	83.931488	wee
5	1	34	1	1	4	887	1978	74	17	28.596451	reaching
5	1	34	1	1	5	963	1968	28	47	78.478149	the
5	1	34	1	1	6	1002	1968	24	47	58.899918	oon
5	1	34	1	1	7	1041	1968	48	47	38.235889	here
5	1	34	1	1	8	1093	1968	80	48	0.000000	Dovbaiey
5	1	34	1	1	9	1175	1968	56	31	91.043808	would
5	1	34	1	1	10	1235	1968	49	45	46.834675	woot
5	1	34	1	1	11	1295	1968	30	45	65.112213	bin
5	1	34	1	1	12	1340	1981	8	9	26.958549	o
5	1	34	1	1	13	1351	1968	43	31	93.155243	very
5	1	34	1	1	14	1402	1968	84	45	32.157013	Jeazative
5	1	34	1	1	15	1489	1968	49	45	36.049953	sosly
5	1	34	1	1	16	1549	1968	96	45	51.832047	retirement
5	1	34	1	1	17	1649	1968	21	31	68.853264	ia
5	1	34	1	1	18	1679	1968	53	45	78.093269	1994.
5	1	34	1	1	19	1738	1977	26	14	96.297333	He
5	1	34	1	1	20	1770	1977	67	14	75.114090	showed
5	1	34	1	1	21	1846	1982	23	9	67.408463	neo
5	1	34	1	1	22	1877	1978	72	13	92.738197	interest
5	1	34	1	1	23	1957	1978	17	13	80.350601	in
5	1	34	1	1	24	1983	1978	70	17	96.392929	writing
5	1	34	1	1	25	2060	1982	25	12	92.872215	up
5	1	34	1	1	26	2092	1977	62	36	0.000000	ene
5	1	34	1	1	27	2173	1968	65	49	27.701889	bop
5	1	34	1	1	28	2244	1978	36	13	9.423416	a1"
5	1	34	1	1	29	2286	1978	58	16	28.342506	rs
5	1	34	1	1	30	2355	1968	66	49	0.000000	radiss
5	1	34	1	1	31	2433	1968	37	49	48.572239	mers
4	1	34	1	2	0	782	1986	1587	31	-1	
5	1	34	1	2	1	782	1986	20	31	60.535042	ve
5	1	34	1	2	2	811	1986	71	31	47.611679	minutos
5	1	34	1	2	3	889	1986	91	31	6.646332	discusaieg
5	1	34	1	2	4	1079	1998	61	11	89.602898	matter
5	1	34	1	2	5	1156	1996	74	16	56.333118	(together
5	1	34	1	2	6	1335	1986	25	31	62.276569	ag
5	1	34	1	2	7	1364	1986	60	31	54.170479	ment
5	1	34	1	2	8	1475	1996	67	13	65.503571	tenes
5	1	34	1	2	9	1533	1986	57	31	24.100327	email,
5	1	34	1	2	10	1595	1996	85	17	90.083069	outlining
5	1	34	1	2	11	1688	1986	29	31	96.923523	the
5	1	34	1	2	12	1726	1986	37	31	93.097893	core
5	1	34	1	2	13	1773	1986	65	31	85.838272	aspecte
5	1	34	1	2	14	1848	1986	16	31	95.799110	of
5	1	34	1	2	15	1874	1986	26	31	93.289719	his
5	1	34	1	2	16	1907	1986	106	31	18.276558	faccinating
5	1	34	1	2	17	2023	1986	131	31	2.735916	methodology)
5	1	34	1	2	18	2165	1986	30	31	55.493210	oad
5	1	34	1	2	19	2204	1996	134	17	34.242401	suggesting
5	1	34	1	2	20	2295	1986	6	31	92.703690	I
5	1	34	1	2	21	2308	1986	29	31	76.834175	read
5	1	34	1	2	22	2360	2001	9	8	93.192810	the
4	1	34	1	3	0	721	2011	505	19	-1	
5	1	34	1	3	1	721	2011	61	14	0.000000	taoulte
5	1	34	1	3	2	791	2012	22	17	93.278961	by
5	1	34	1	3	3	820	2012	72	18	47.283630	Padlék,
5	1	34	1	3	4	900	2013	58	14	19.351227	Nelsse
5	1	34	1	3	5	964	2013	30	13	77.901665	ond
5	1	34	1	3	6	1002	2012	109	14	30.213776	Witkle-Pasie
5	1	34	1	3	7	1119	2012	32	18	43.319244	(27,
5	1	34	1	3	8	1159	2014	27	15	96.325447	23,
5	1	34	1	3	9	1193	2012	33	18	87.413200	35).
3	1	34	2	0	0	720	2026	1747	58	-1	
4	1	34	2	1	0	769	2026	1698	26	-1	
5	1	34	2	1	1	765	2025	21	27	31.548813	Ja
5	1	34	2	1	2	796	2035	8	8	6.113510	@
5	1	34	2	1	3	814	2025	37	27	80.089935	2008
5	1	34	2	1	4	861	2025	46	27	9.619362	blog,
5	1	34	2	1	5	915	2025	64	27	44.555626	Richard
5	1	34	2	1	6	987	2025	51	27	70.147964	Liptes
5	1	34	2	1	7	1049	2025	34	27	80.259354	(21)
5	1	34	2	1	8	1091	2025	25	27	61.190956	bas
5	1	34	2	1	9	1125	2031	84	14	68.735992	indicated
5	1	34	2	1	10	1243	2026	11	26	0.000000	't
5	1	34	2	1	11	1264	2026	68	26	43.047905	Selewny
5	1	34	2	1	12	1342	2026	29	26	94.843811	was
5	1	34	2	1	13	1381	2026	60	26	92.091576	always
5	1	34	2	1	14	1448	2026	88	26	81.893257	reluctant
5	1	34	2	1	15	1544	2026	20	26	76.170349	te
5	1	34	2	1	16	1572	2026	46	26	95.105705	write
5	1	34	2	1	17	1628	2036	18	12	55.065674	ep
5	1	34	2	1	18	1656	2031	30	14	93.734627	the
5	1	34	2	1	19	1754	2027	22	26	71.114525	of
5	1	34	2	1	20	1784	2027	27	26	84.688995	hic
5	1	34	2	1	21	1818	2027	70	26	43.180565	reeults.
5	1	34	2	1	22	1901	2027	29	26	92.813080	For
5	1	34	2	1	23	1937	2031	156	16	20.232254	tnstance,
5	1	34	2	1	24	2031	2027	38	26	78.312080	thie
5	1	34	2	1	25	2076	2027	40	26	93.257294	blog
5	1	34	2	1	26	2126	2027	66	26	81.700798	reporta
5	1	34	2	1	27	2202	2027	59	26	37.044479	Selevay
5	1	34	2	1	28	2269	2027	27	26	71.606216	wus
5	1	34	2	1	29	2304	2027	22	26	85.149696	the
5	1	34	2	1	30	2332	2027	29	26	68.151939	caly
5	1	34	2	1	31	2364	2031	103	18	10.100296	mstlemshoos
4	1	34	2	2	0	720	2043	1744	41	-1	
5	1	34	2	2	1	720	2048	20	11	57.509541	be
5	1	34	2	2	2	747	2043	35	27	85.595612	ever
5	1	34	2	2	3	790	2043	55	27	46.562939	recieve
5	1	34	2	2	4	852	2051	58	11	0.000000	towere
5	1	34	2	2	5	918	2049	39	14	73.156357	irom
5	1	34	2	2	6	966	2047	85	17	31.369347	Berbeley’s
5	1	34	2	2	7	1115	2049	109	16	7.911415	Depertment
5	1	34	2	2	8	1234	2048	55	14	73.289780	belore
5	1	34	2	2	9	1298	2048	21	15	86.782310	be
5	1	34	2	2	10	1328	2048	89	18	94.444771	published
5	1	34	2	2	11	1427	2052	11	10	73.238388	a
5	1	34	2	2	12	1445	2048	56	15	94.488693	single
5	1	34	2	2	13	1509	2043	60	41	60.019268	paper.
5	1	34	2	2	14	1583	2049	46	16	32.317703	Also,
5	1	34	2	2	15	1637	2054	39	9	84.904388	man:
5	1	34	2	2	16	1732	2049	47	13	0.000000	cians
5	1	34	2	2	17	1788	2048	23	19	50.834618	(8,
5	1	34	2	2	18	1821	2050	27	16	84.557564	13,
5	1	34	2	2	19	1858	2050	29	16	94.739090	18,
5	1	34	2	2	20	1895	2050	28	15	72.750626	25,
5	1	34	2	2	21	1932	2050	29	15	95.709000	27,
5	1	34	2	2	22	1968	2050	28	15	90.024254	28,
5	1	34	2	2	23	2006	2050	29	16	93.421379	33,
5	1	34	2	2	24	2043	2051	30	15	95.657005	34,
5	1	34	2	2	25	2081	2050	22	13	79.501602	35]
5	1	34	2	2	26	2119	2049	45	13	94.353699	have
5	1	34	2	2	27	2173	2049	96	13	81.461563	commented
5	1	34	2	2	28	2277	2049	43	13	67.632095	about
5	1	34	2	2	29	2327	2049	69	17	66.459007	Selevey’s
5	1	34	2	2	30	2404	2049	60	14	19.263695	unusaal
4	1	34	2	3	0	720	2063	1003	21	-1	
5	1	34	2	3	1	720	2063	95	15	16.421494	reluctance
5	1	34	2	3	2	823	2059	19	28	83.192902	to
5	1	34	2	3	3	850	2066	67	16	69.193626	publich
5	1	34	2	3	4	926	2059	40	28	81.330055	many
5	1	34	2	3	5	972	2059	52	28	25.204765	resake
5	1	34	2	3	6	1032	2064	20	15	86.585205	be
5	1	34	2	3	7	1059	2065	74	17	61.480293	derived,
5	1	34	2	3	8	1140	2066	90	17	48.027836	asclogwus
5	1	34	2	3	9	1238	2068	18	11	86.792747	to
5	1	34	2	3	10	1264	2066	81	14	64.189827	Theerem
5	1	34	2	3	11	1353	2066	34	16	64.424858	3.1,
5	1	34	2	3	12	1395	2066	40	14	96.056747	that
5	1	34	2	3	13	1488	2066	39	14	57.386696	lame
5	1	34	2	3	14	1557	2071	19	9	94.153259	have
5	1	34	2	3	15	1584	2066	65	18	92.206711	greatly
5	1	34	2	3	16	1685	2067	38	13	85.940048	valued.
3	1	34	3	0	0	719	2082	1745	78	-1	
4	1	34	3	1	0	767	2082	1697	21	-1	
5	1	34	3	1	1	767	2082	47	14	77.649109	Thes
5	1	34	3	1	2	823	2086	19	11	54.150208	ot
5	1	34	3	1	3	852	2084	28	14	93.224289	the
5	1	34	3	1	4	890	2085	89	16	6.946716	ouggastiwe
5	1	34	3	1	5	988	2078	17	29	95.181000	of
5	1	34	3	1	6	1014	2078	18	29	35.758720	os
5	1	34	3	1	7	1042	2088	101	13	0.000000	sucnymevs
5	1	34	3	1	8	1153	2084	66	17	65.063980	referee,
5	1	34	3	1	9	1229	2088	31	10	87.355240	our
5	1	34	3	1	10	1270	2084	38	14	52.925873	fret
5	1	34	3	1	11	1318	2084	36	15	72.469337	JSL
5	1	34	3	1	12	1363	2084	60	14	69.461388	article
5	1	34	3	1	13	1435	2083	5	20	59.435417	|
5	1	34	3	1	14	1478	2084	80	15	45.051430	imaluded
5	1	34	3	1	15	1568	2089	10	9	27.158127	a
5	1	34	3	1	16	1588	2084	110	18	91.931709	deliberately
5	1	34	3	1	17	1709	2084	111	15	93.249588	abbreviated
5	1	34	3	1	18	1832	2087	62	15	27.521255	4-page
5	1	34	3	1	19	1905	2085	90	17	92.135201	Appendix
5	1	34	3	1	20	2008	2086	14	13	95.353119	A
5	1	34	3	1	21	2033	2085	41	14	94.944000	that
5	1	34	3	1	22	2086	2084	100	15	69.193863	formalized
5	1	34	3	1	23	2196	2090	10	8	83.958488	«
5	1	34	3	1	24	2215	2085	61	17	29.556717	slightly
5	1	34	3	1	25	2284	2085	50	14	11.382736	wuakw
5	1	34	3	1	26	2342	2085	122	16	14.212654	but-mere-cosily
4	1	34	3	2	0	719	2104	1745	20	-1	
5	1	34	3	2	1	719	2104	143	16	16.634491	somprebencible
5	1	34	3	2	2	872	2106	62	14	88.953995	variant
5	1	34	3	2	3	944	2100	18	29	93.218758	of
5	1	34	3	2	4	965	2106	75	14	67.937920	Thewem
5	1	34	3	2	5	1048	2105	34	14	78.454453	3.1.
5	1	34	3	2	6	1096	2105	52	15	61.925522	Other
5	1	34	3	2	7	1159	2104	85	18	52.678772	lasighiful
5	1	34	3	2	8	1253	2105	68	18	24.214470	reeulis,
5	1	34	3	2	9	1331	2106	69	17	39.992531	pertially
5	1	34	3	2	10	1408	2106	26	14	77.999359	but
5	1	34	3	2	11	1442	2100	27	29	68.021088	act
5	1	34	3	2	12	1476	2100	37	29	86.996056	fully
5	1	34	3	2	13	1521	2106	79	17	50.525936	enclegeus
5	1	34	3	2	14	1608	2108	15	12	74.370323	to
5	1	34	3	2	15	1633	2106	70	15	71.699692	Theorem
5	1	34	3	2	16	1710	2107	31	15	30.015015	J.J,
5	1	34	3	2	17	1751	2111	41	10	96.386703	were
5	1	34	3	2	18	1803	2106	91	17	95.849518	published
5	1	34	3	2	19	1904	2106	24	18	93.279526	by
5	1	34	3	2	20	1938	2106	156	18	48.146267	Duse-Igajatovic,
5	1	34	3	2	21	2104	2104	72	18	61.977818	Svejdar
5	1	34	3	2	22	2186	2107	31	13	60.687000	asd
5	1	34	3	2	23	2225	2107	72	13	43.835129	ourselves
5	1	34	3	2	24	2304	2107	14	13	74.182854	is
5	1	34	3	2	25	2324	2100	23	29	44.275597	[3,
5	1	34	3	2	26	2353	2100	23	29	93.105255	33,
5	1	34	3	2	27	2382	2105	29	19	93.516464	43].
5	1	34	3	2	28	2423	2107	41	15	44.567394	Ales,
4	1	34	3	3	0	719	2121	1744	21	-1	
5	1	34	3	3	1	719	2121	81	15	25.241882	Podlék's
5	1	34	3	3	2	808	2123	56	14	61.298626	initial
5	1	34	3	3	3	872	2128	50	13	93.221970	paper
5	1	34	3	3	4	931	2123	30	19	82.372169	[27]
5	1	34	3	3	5	968	2128	50	10	45.838768	comes
5	1	34	3	3	6	1026	2128	19	9	89.213936	very
5	1	34	3	3	7	1072	2123	43	15	52.720909	chess
5	1	34	3	3	8	1124	2126	19	12	75.373802	te
5	1	34	3	3	9	1150	2124	111	18	18.707748	sctablishiag
5	1	34	3	3	10	1268	2124	82	15	85.501251	Theorem
5	1	34	3	3	11	1360	2125	43	14	8.283348	§.1's
5	1	34	3	3	12	1412	2124	60	15	69.175865	result.
5	1	34	3	3	13	1486	2124	124	18	33.385437	Furthermore,
5	1	34	3	3	14	1619	2124	65	15	38.549561	Pudldk
5	1	34	3	3	15	1692	2124	80	18	40.587875	epecifics
5	1	34	3	3	16	1781	2124	17	15	75.406250	in
5	1	34	3	3	17	1809	2124	32	18	88.390579	[28]
5	1	34	3	3	18	1852	2125	39	14	96.557945	that
5	1	34	3	3	19	1900	2129	49	10	86.768463	come
5	1	34	3	3	20	1958	2125	138	16	0.000000	alsc-enpublished
5	1	34	3	3	21	2103	2125	47	14	96.908226	work
5	1	34	3	3	22	2159	2125	23	16	96.028206	by
5	1	34	3	3	23	2191	2125	58	16	93.280060	Harvey
5	1	34	3	3	24	2257	2125	70	14	45.068935	Fredmas
5	1	34	3	3	25	2335	2124	17	18	0.000000	|@]
5	1	34	3	3	26	2360	2129	34	9	69.367699	rans
5	1	34	3	3	27	2401	2128	15	10	76.085930	in
5	1	34	3	3	28	2424	2129	39	9	89.882584	some
4	1	34	3	4	0	719	2139	701	21	-1	
5	1	34	3	4	1	719	2139	80	18	78.822121	Partially
5	1	34	3	4	2	808	2132	60	31	50.852795	bet-act
5	1	34	3	4	3	872	2132	35	31	83.162689	fully
5	1	34	3	4	4	912	2142	81	17	46.131516	analogous
5	1	34	3	4	5	1000	2142	41	13	51.159492	dires
5	1	34	3	4	6	1095	2144	18	11	77.539925	to
5	1	34	3	4	7	1121	2142	79	14	35.642372	Pudisk's
5	1	34	3	4	8	1208	2142	43	13	95.312279	work
5	1	34	3	4	9	1259	2146	22	10	91.406578	on
5	1	34	3	4	10	1289	2142	50	17	51.855885	proof
5	1	34	3	4	11	1346	2142	74	18	65.939758	leagthe.
3	1	34	4	0	0	766	2157	1695	21	-1	
4	1	34	4	1	0	766	2157	1695	21	-1	
5	1	34	4	1	1	762	2153	22	30	67.759132	Is
5	1	34	4	1	2	794	2153	31	30	79.151863	aay
5	1	34	4	1	3	837	2153	43	30	52.555843	case,
5	1	34	4	1	4	887	2153	28	30	94.612114	the
5	1	34	4	1	5	924	2153	51	30	69.923676	render
5	1	34	4	1	6	984	2153	31	30	83.181641	will
5	1	34	4	1	7	1024	2153	16	30	89.174118	be
5	1	34	4	1	8	1049	2153	66	30	26.770493	hoppily
5	1	34	4	1	9	1124	2153	68	30	39.218697	relieved
5	1	34	4	1	10	1202	2153	20	30	89.368134	to
5	1	34	4	1	11	1229	2153	46	30	74.531403	lease
5	1	34	4	1	12	1284	2153	33	30	76.214874	our
5	1	34	4	1	13	1327	2153	48	30	87.508675	proof
5	1	34	4	1	14	1384	2153	18	30	90.319588	of
5	1	34	4	1	15	1414	2153	11	30	0.000000	fF
5	1	34	4	1	16	1437	2153	13	30	20.849846	yf
5	1	34	4	1	17	1462	2161	28	14	77.798958	NP
5	1	34	4	1	18	1502	2153	38	30	93.865639	will
5	1	34	4	1	19	1549	2153	43	30	71.388580	never
5	1	34	4	1	20	1602	2153	20	30	90.911316	we
5	1	34	4	1	21	1632	2153	28	30	93.181519	the
5	1	34	4	1	22	1669	2153	91	30	89.827667	formaliom
5	1	34	4	1	23	1769	2153	21	30	94.102692	of
5	1	34	4	1	24	1799	2153	31	30	88.023422	the
5	1	34	4	1	25	1839	2153	106	30	90.500916	mysterious
5	1	34	4	1	26	1954	2153	76	30	95.668350	Theorem
5	1	34	4	1	27	2044	2160	50	17	93.539284	3.1,
5	1	34	4	1	28	2089	2153	48	30	95.821991	lying
5	1	34	4	1	29	2147	2161	18	13	77.732346	im
5	1	34	4	1	30	2174	2153	18	30	73.889008	as
5	1	34	4	1	31	2202	2153	50	30	66.759094	analog
5	1	34	4	1	32	2262	2153	15	30	95.650398	of
5	1	34	4	1	33	2287	2153	23	30	82.141388	the
5	1	34	4	1	34	2319	2153	38	30	34.963081	abso
5	1	34	4	1	35	2365	2160	96	17	80.825233	“Neverland”
2	1	35	0	0	0	2387	1928	39	10	-1	
3	1	35	1	0	0	2387	1928	39	10	-1	
4	1	35	1	1	0	2387	1928	39	10	-1	
5	1	35	1	1	1	2387	1928	39	10	95.000000	 
2	1	36	0	0	0	2038	1945	18	15	-1	
3	1	36	1	0	0	2038	1945	18	15	-1	
4	1	36	1	1	0	2038	1945	18	15	-1	
5	1	36	1	1	1	2038	1945	18	15	95.000000	 
2	1	37	0	0	0	327	2236	637	420	-1	
3	1	37	1	0	0	327	2236	637	420	-1	
4	1	37	1	1	0	446	2236	254	104	-1	
5	1	37	1	1	1	446	2236	254	104	95.000000	      
4	1	37	1	2	0	446	2340	311	71	-1	
5	1	37	1	2	1	446	2340	311	71	95.000000	  
4	1	37	1	3	0	327	2605	637	51	-1	
5	1	37	1	3	1	327	2605	111	51	95.000000	 
5	1	37	1	3	2	636	2605	328	51	95.000000	 
2	1	38	0	0	0	473	2174	1989	96	-1	
3	1	38	1	0	0	719	2174	1743	21	-1	
4	1	38	1	1	0	719	2174	1743	21	-1	
5	1	38	1	1	1	719	2170	42	32	60.313564	fron
5	1	38	1	1	2	771	2180	8	8	14.728996	@
5	1	38	1	1	3	789	2170	60	32	59.904518	“Peter
5	1	38	1	1	4	859	2170	40	32	46.037197	Pan®
5	1	38	1	1	5	909	2170	46	32	45.440475	sovel
5	1	38	1	1	6	963	2170	16	32	91.855255	by
5	1	38	1	1	7	987	2177	14	15	59.867928	J,
5	1	38	1	1	8	1011	2170	20	32	51.971134	MM.
5	1	38	1	1	9	1040	2170	61	32	0.000000	Darrie,
5	1	38	1	1	10	1112	2170	16	32	60.018867	20
5	1	38	1	1	11	1139	2170	16	32	81.020844	am
5	1	38	1	1	12	1165	2177	170	18	64.273560	Intermediate
5	1	38	1	1	13	1291	2170	46	32	75.953224	stop.
5	1	38	1	1	14	1348	2178	74	17	72.692764	Instead,
5	1	38	1	1	15	1432	2170	30	32	96.562958	the
5	1	38	1	1	16	1469	2170	38	32	69.481636	sole
5	1	38	1	1	17	1515	2178	145	15	78.742065	function
5	1	38	1	1	18	1600	2170	19	32	96.468300	of
5	1	38	1	1	19	1627	2170	35	32	65.020287	thle
5	1	38	1	1	20	1672	2170	126	32	0.000000	aeverpeblished
5	1	38	1	1	21	1805	2170	68	32	79.694107	theorem
5	1	38	1	1	22	1889	2178	15	14	70.070969	ie
5	1	38	1	1	23	1913	2170	18	32	68.575897	le
5	1	38	1	1	24	1940	2178	119	14	88.500366	serve
5	1	38	1	1	25	1997	2170	17	32	70.449036	as
5	1	38	1	1	26	2027	2170	6	32	55.125145	0
5	1	38	1	1	27	2043	2170	19	32	59.581009	si
5	1	38	1	1	28	2111	2178	54	14	57.094860	about
5	1	38	1	1	29	2176	2174	38	26	88.768059	what
5	1	38	1	1	30	2223	2174	43	26	65.901291	stapes
5	1	38	1	1	31	2273	2182	8	9	0.725334	o
5	1	38	1	1	32	2288	2174	40	26	55.973663	proof
5	1	38	1	1	33	2334	2174	15	26	76.603485	of
5	1	38	1	1	34	2360	2178	6	13	41.554153	P
5	1	38	1	1	35	2377	2179	7	14	41.554153	#
5	1	38	1	1	36	2397	2178	22	12	95.588257	NP
5	1	38	1	1	37	2429	2174	36	26	69.315933	mart
3	1	38	2	0	0	473	2187	1989	78	-1	
4	1	38	2	1	0	473	2187	1989	52	-1	
5	1	38	2	1	1	473	2187	92	52	47.791245	yt
5	1	38	2	1	2	760	2203	43	34	46.594727	This
5	1	38	2	1	3	813	2203	18	34	64.411995	le
5	1	38	2	1	4	839	2203	66	34	30.384300	becouse
5	1	38	2	1	5	913	2203	43	34	78.223984	thare
5	1	38	2	1	6	964	2203	20	34	71.944443	are
5	1	38	2	1	7	995	2203	18	34	56.572231	ae
5	1	38	2	1	8	1020	2203	83	34	55.929684	examples
5	1	38	2	1	9	1111	2203	15	34	95.140022	of
5	1	38	2	1	10	1136	2203	55	34	54.209854	viable
5	1	38	2	1	11	1202	2203	57	34	66.913551	Type-S
5	1	38	2	1	12	1267	2203	54	34	64.024307	logics
5	1	38	2	1	13	1332	2203	36	34	89.879021	that
5	1	38	2	1	14	1377	2203	55	34	87.106483	verify
5	1	38	2	1	15	1440	2203	43	34	12.109901	tbelr
5	1	38	2	1	16	1493	2203	66	34	71.823105	Hilbert
5	1	38	2	1	17	1570	2203	42	34	69.433304	otyle
5	1	38	2	1	18	1621	2203	109	34	60.894054	concletency.
5	1	38	2	1	19	1742	2213	36	16	93.289803	Our
5	1	38	2	1	20	1798	2214	87	13	88.588188	preof
5	1	38	2	1	21	1845	2203	20	34	93.138451	of
5	1	38	2	1	22	1876	2203	9	34	83.175087	P
5	1	38	2	1	23	1899	2203	9	34	0.065643	¥
5	1	38	2	1	24	1918	2214	27	13	88.190727	NP
5	1	38	2	1	25	1955	2203	39	34	95.756950	will
5	1	38	2	1	26	2006	2203	38	34	66.467834	thus
5	1	38	2	1	27	2054	2203	29	34	88.517624	use
5	1	38	2	1	28	2094	2203	80	34	43.070824	Theorems
5	1	38	2	1	29	2184	2215	25	13	58.709785	3.1
5	1	38	2	1	30	2219	2203	12	34	68.358810	as
5	1	38	2	1	31	2239	2218	6	9	68.358810	0
5	1	38	2	1	32	2256	2203	57	34	45.266350	beacon,
5	1	38	2	1	33	2318	2203	66	34	56.675243	signaling
5	1	38	2	1	34	2392	2203	32	34	90.207512	that
5	1	38	2	1	35	2431	2203	35	34	75.282402	only
4	1	38	2	2	0	718	2214	1742	49	-1	
5	1	38	2	2	1	718	2223	23	40	39.524162	os
5	1	38	2	2	2	750	2223	75	40	16.372681	coneyin
5	1	38	2	2	3	855	2226	47	28	71.878891	weak
5	1	38	2	2	4	911	2226	68	28	53.649044	Type-WS
5	1	38	2	2	5	990	2230	96	14	24.473755	fermaliome
5	1	38	2	2	6	1092	2226	27	28	85.904526	con
5	1	38	2	2	7	1128	2226	70	28	10.289688	ploasibly
5	1	38	2	2	8	1207	2226	59	28	50.340939	support
5	1	38	2	2	9	1270	2236	10	9	59.807823	a
5	1	38	2	2	10	1289	2226	49	28	0.000000	proel
5	1	38	2	2	11	1347	2226	22	28	93.063889	of
5	1	38	2	2	12	1377	2233	10	14	61.905628	P
5	1	38	2	2	13	1396	2226	14	28	34.471977	yf
5	1	38	2	2	14	1424	2232	36	18	87.026070	NP,
5	1	38	2	2	15	1471	2226	26	28	75.987007	vie
5	1	38	2	2	16	1506	2232	130	18	49.557362	self-justifying
5	1	38	2	2	17	1640	2214	62	39	33.198921	Togice,
5	1	38	2	2	18	1714	2214	37	39	62.706848	(De.
5	1	38	2	2	19	1802	2231	35	14	93.020760	thie
5	1	38	2	2	20	1847	2232	48	13	71.645172	weeful
5	1	38	2	2	21	1911	2231	71	18	89.123306	guiding
5	1	38	2	2	22	1990	2231	47	16	25.096504	hiet,
5	1	38	2	2	23	2044	2235	32	10	54.015892	eer
5	1	38	2	2	24	2086	2232	100	17	86.326218	preof
5	1	38	2	2	25	2146	2226	21	27	96.436012	of
5	1	38	2	2	26	2176	2226	12	27	57.350140	FP
5	1	38	2	2	27	2198	2232	10	15	82.047264	#
5	1	38	2	2	28	2217	2232	29	12	89.498505	NP
5	1	38	2	2	29	2250	2226	32	27	93.314835	will
5	1	38	2	2	30	2290	2226	21	27	73.174484	net
5	1	38	2	2	31	2320	2226	23	27	80.597931	ves
5	1	38	2	2	32	2347	2230	68	14	12.847046	Theorem
5	1	38	2	2	33	2423	2230	37	13	8.027359	3.1's
4	1	38	2	3	0	713	2240	172	30	-1	
5	1	38	2	3	1	713	2240	45	30	16.045105	Opec
5	1	38	2	3	2	871	2252	14	13	13.919754	7
2	1	39	0	0	0	712	2244	1747	147	-1	
3	1	39	1	0	0	715	2244	1744	145	-1	
4	1	39	1	1	0	763	2244	1696	56	-1	
5	1	39	1	1	1	763	2244	52	56	50.023495	NEw
5	1	39	1	1	2	829	2244	68	56	0.000000	sant
5	1	39	1	1	3	904	2266	34	14	76.974236	Tale
5	1	39	1	1	4	949	2261	49	28	95.852272	Coming
5	1	39	1	1	5	1005	2261	56	28	30.213326	Started
5	1	39	1	1	6	2250	2283	49	17	0.000000	a
5	1	39	1	1	7	2359	2283	3	2	0.000000	;
5	1	39	1	1	8	2442	2282	17	13	31.407715	a
4	1	39	1	2	0	780	2284	1655	18	-1	
5	1	39	1	2	1	780	2285	19	10	66.855942	we
5	1	39	1	2	2	829	2285	17	11	73.481445	Fast
5	1	39	1	2	3	854	2285	33	12	68.390053	two
5	1	39	1	2	4	895	2288	54	12	14.542084	papers
5	1	39	1	2	5	957	2285	47	13	73.955048	shout
5	1	39	1	2	6	1012	2285	102	14	4.898041	oalf-justify)
5	1	39	1	2	7	1167	2285	34	15	54.890053	hom
5	1	39	1	2	8	1240	2288	42	11	17.532112	eyotoms
5	1	39	1	2	9	1343	2287	29	14	93.175552	the
5	1	39	1	2	10	1416	2287	33	14	27.438522	evafers:
5	1	39	1	2	11	1570	2287	21	13	83.172318	37,
5	1	39	1	2	12	1605	2287	10	13	35.674210	56]
5	1	39	1	2	13	1656	2285	42	14	80.311371	wheee
5	1	39	1	2	14	1707	2285	143	14	29.278244	uacoaveational
5	1	39	1	2	15	1860	2285	64	14	40.578560	results
5	1	39	1	2	16	1934	2290	41	9	94.445999	were
5	1	39	1	2	17	1985	2285	87	13	90.190605	thankfully
5	1	39	1	2	18	2095	2285	64	17	88.132179	readily
5	1	39	1	2	19	2171	2284	70	17	62.582367	accepted
5	1	39	1	2	20	2306	2285	75	13	13.245964	tepactive
5	1	39	1	2	21	2389	2285	46	10	13.579109	eames
4	1	39	1	3	0	715	2281	1741	48	-1	
5	1	39	1	3	1	715	2297	64	15	0.000000	editere
5	1	39	1	3	2	791	2281	16	46	52.996708	ft
5	1	39	1	3	3	814	2299	76	17	32.111343	Getiicn,
5	1	39	1	3	4	899	2301	58	14	25.639465	Lonech
5	1	39	1	3	5	966	2302	13	14	70.899727	k
5	1	39	1	3	6	988	2285	88	32	5.102730	Mesdect
5	1	39	1	3	7	1073	2289	35	28	65.284988	nad
5	1	39	1	3	8	1115	2290	62	27	0.000000	Doane
5	1	39	1	3	9	1184	2303	15	14	0.000000	h
5	1	39	1	3	10	1209	2290	50	28	36.357426	Basen
5	1	39	1	3	11	1272	2291	43	27	78.995850	The
5	1	39	1	3	12	1312	2287	70	42	0.000000	foranar
5	1	39	1	3	13	1392	2287	51	42	63.058838	poper
5	1	39	1	3	14	1447	2281	40	48	0.000000	T31y
5	1	39	1	3	15	1499	2281	104	48	0.000000	erated
5	1	39	1	3	16	1658	2302	70	15	93.684303	relatively
5	1	39	1	3	17	1756	2305	47	11	34.852013	strong
5	1	39	1	3	18	1825	2303	58	13	60.258270	axlow
5	1	39	1	3	19	1892	2305	75	11	74.739670	systema
5	1	39	1	3	20	1975	2302	39	13	94.912689	that
5	1	39	1	3	21	2024	2305	29	10	74.628853	sat
5	1	39	1	3	22	2115	2303	85	15	32.174904	Equation
5	1	39	1	3	23	2216	2302	27	16	38.001167	(2)'s
5	1	39	1	3	24	2250	2301	56	16	54.018532	TypeA
5	1	39	1	3	25	2314	2301	92	14	71.454727	requirement
5	1	39	1	3	26	2414	2298	42	14	34.717148	could
4	1	39	1	4	0	712	2307	1745	49	-1	
5	1	39	1	4	1	712	2319	19	32	57.816589	Pr
5	1	39	1	4	2	735	2311	16	42	16.171127	4)
5	1	39	1	4	3	757	2320	38	28	65.104881	Up
5	1	39	1	4	4	798	2315	52	41	40.967007	coukd
5	1	39	1	4	5	859	2315	18	41	31.203995	be
5	1	39	1	4	6	890	2315	141	41	0.000000	antennae
5	1	39	1	4	7	1036	2321	108	17	0.000000	donciotency,
5	1	39	1	4	8	1159	2320	35	15	95.077385	The
5	1	39	1	4	9	1202	2320	52	15	79.245926	letter
5	1	39	1	4	10	1263	2321	61	15	6.640244	article
5	1	39	1	4	11	1340	2322	27	18	43.688969	(84)
5	1	39	1	4	12	1377	2322	87	15	83.091637	ladicated
5	1	39	1	4	13	1474	2327	48	10	75.236481	some
5	1	39	1	4	14	1531	2320	82	19	75.126457	Type-NS
5	1	39	1	4	15	1631	2323	64	14	77.813637	systems
5	1	39	1	4	16	1743	2320	11	13	88.869690	could
5	1	39	1	4	17	1764	2307	110	27	0.000000	sorrcberaia
5	1	39	1	4	18	1885	2320	45	13	68.782143	their
5	1	39	1	4	19	1938	2324	38	9	60.339203	eum
5	1	39	1	4	20	1986	2320	68	13	94.000168	Hilbert
5	1	39	1	4	21	2063	2320	110	16	2.610046	consistency
5	1	39	1	4	22	2184	2303	29	38	93.225311	and
5	1	39	1	4	23	2221	2317	79	17	49.731613	opeelaied
5	1	39	1	4	24	2307	2317	61	13	83.938049	whether
5	1	39	1	4	25	2375	2320	9	8	55.911156	a
5	1	39	1	4	26	2392	2315	65	17	28.190437	proot
5	1	39	1	4	27	2443	2303	17	38	92.176674	of
4	1	39	1	5	0	758	2330	1493	39	-1	
5	1	39	1	5	1	758	2332	25	37	28.155830	od
5	1	39	1	5	2	883	2330	41	35	40.523438	ore
5	1	39	1	5	3	1066	2338	40	18	55.539673	pod-wp
5	1	39	1	5	4	1137	2339	65	14	25.765503	version
5	1	39	1	5	5	1210	2339	20	14	94.053566	of
5	1	39	1	5	6	1237	2339	46	15	74.192749	these
5	1	39	1	5	7	1356	2350	4	5	0.000000	*
5	1	39	1	5	8	2248	2353	3	3	28.634933	°
4	1	39	1	6	0	807	2343	1648	48	-1	
5	1	39	1	6	1	807	2351	73	16	57.279686	Sections
5	1	39	1	6	2	889	2353	35	15	91.696434	7-10
5	1	39	1	6	3	932	2347	16	38	76.517151	of
5	1	39	1	6	4	952	2350	32	41	28.432938	joni
5	1	39	1	6	5	988	2339	61	43	0.000000	rietiy
5	1	39	1	6	6	1059	2339	73	43	53.074333	outlined
5	1	39	1	6	7	1141	2357	30	13	93.212646	the
5	1	39	1	6	8	1181	2339	116	43	38.032070	eppresimate
5	1	39	1	6	9	1306	2339	70	43	39.490818	reaseas
5	1	39	1	6	10	1383	2359	26	14	92.950867	for
5	1	39	1	6	11	1420	2358	49	19	17.938148	[38}'s
5	1	39	1	6	12	1477	2363	40	10	86.896133	core
5	1	39	1	6	13	1526	2357	102	17	51.548405	conjecture,
5	1	39	1	6	14	1641	2356	37	14	93.027939	The
5	1	39	1	6	15	1688	2356	20	14	93.027939	18
5	1	39	1	6	16	1717	2360	49	12	49.955044	youre
5	1	39	1	6	17	1776	2355	39	14	96.512108	that
5	1	39	1	6	18	1824	2355	34	15	96.527336	had
5	1	39	1	6	19	1869	2355	90	17	88.298286	separated
5	1	39	1	6	20	1970	2355	30	13	95.129295	the
5	1	39	1	6	21	2010	2360	49	11	29.404457	years
5	1	39	1	6	22	2069	2355	41	13	96.073494	1996
5	1	39	1	6	23	2121	2355	44	13	95.169624	from
5	1	39	1	6	24	2174	2356	40	12	87.800461	2014
5	1	39	1	6	25	2221	2352	70	16	18.109299	sbviously
5	1	39	1	6	26	2298	2351	68	13	35.319946	indicates
5	1	39	1	6	27	2374	2350	31	13	94.991287	that
5	1	39	1	6	28	2415	2349	40	13	44.552006	much
4	1	39	1	7	0	969	2375	196	14	-1	
5	1	39	1	7	1	969	2376	17	11	64.050476	to
5	1	39	1	7	2	992	2379	34	9	18.781517	avmplete
5	1	39	1	7	3	1079	2375	34	14	94.427475	this
5	1	39	1	7	4	1121	2375	44	14	76.277206	task,
2	1	40	0	0	0	1642	2290	13	8	-1	
3	1	40	1	0	0	1642	2290	13	8	-1	
4	1	40	1	1	0	1642	2290	13	8	-1	
5	1	40	1	1	1	1642	2290	13	8	95.000000	 
2	1	41	0	0	0	1615	2303	33	14	-1	
3	1	41	1	0	0	1615	2303	33	14	-1	
4	1	41	1	1	0	1615	2303	33	14	-1	
5	1	41	1	1	1	1615	2303	33	14	95.000000	 
2	1	42	0	0	0	174	2241	248	120	-1	
3	1	42	1	0	0	174	2241	248	120	-1	
4	1	42	1	1	0	174	2241	248	120	-1	
5	1	42	1	1	1	174	2241	248	120	43.252148	DA
2	1	43	0	0	0	755	2369	144	16	-1	
3	1	43	1	0	0	755	2369	144	16	-1	
4	1	43	1	1	0	755	2369	144	16	-1	
5	1	43	1	1	1	751	2365	56	28	0.000000	ese
5	1	43	1	1	2	821	2365	39	28	57.232201	werk
5	1	43	1	1	3	869	2365	34	28	66.209961	wee
2	1	44	0	0	0	254	2627	574	248	-1	
3	1	44	1	0	0	254	2627	574	248	-1	
4	1	44	1	1	0	438	2627	198	41	-1	
5	1	44	1	1	1	438	2627	198	41	69.679276	herman
5	1	44	1	1	2	597	2623	42	49	75.972427	Sc
4	1	44	1	2	0	364	2666	326	57	-1	
5	1	44	1	2	1	364	2681	60	28	93.293129	No.
5	1	44	1	2	2	436	2666	254	57	28.436829	03S8H6181014
4	1	44	1	3	0	254	2731	574	43	-1	
5	1	44	1	3	1	254	2741	90	27	86.084846	‘nary
5	1	44	1	3	2	359	2734	128	34	47.828270	Pubjic,
5	1	44	1	3	3	498	2733	95	28	96.610336	State
5	1	44	1	3	4	604	2734	40	27	96.011612	of
5	1	44	1	3	5	652	2731	80	43	93.261818	New
5	1	44	1	3	6	746	2732	82	27	36.877209	Yort+
4	1	44	1	4	0	278	2777	507	47	-1	
5	1	44	1	4	1	278	2777	165	47	50.345882	ualified
5	1	44	1	4	2	458	2787	32	27	96.650398	in
5	1	44	1	4	3	505	2787	134	34	96.332077	Albany
5	1	44	1	4	4	653	2782	132	37	96.405350	County
4	1	44	1	5	0	327	2824	479	51	-1	
5	1	44	1	5	1	327	2832	160	43	63.466698	umissior:
5	1	44	1	5	2	506	2838	139	33	35.194618	*xpires
5	1	44	1	5	3	657	2824	149	41	96.734375	01/22/26
