level	page_num	block_num	par_num	line_num	word_num	left	top	width	height	conf	text
1	1	0	0	0	0	0	0	2550	3300	-1	
2	1	1	0	0	0	305	129	1953	307	-1	
3	1	1	1	0	0	311	129	1943	86	-1	
4	1	1	1	1	0	323	129	1931	62	-1	
5	1	1	1	1	1	323	165	31	15	11.966591	I
5	1	1	1	1	2	387	132	36	59	40.896091	Ly
5	1	1	1	1	3	441	132	112	59	24.705437	reply
5	1	1	1	1	4	574	132	31	59	56.585426	oy
5	1	1	1	1	5	618	143	31	42	42.482643	oy
5	1	1	1	1	6	677	136	83	42	25.903519	el
5	1	1	1	1	7	834	156	15	14	6.855385	0
5	1	1	1	1	8	879	133	52	46	10.673721	NAP
5	1	1	1	1	9	960	129	14	54	31.398941	11
5	1	1	1	1	10	987	129	109	54	0.000000	arentorpart
5	1	1	1	1	11	1306	147	19	28	73.492455	ba
5	1	1	1	1	12	1332	152	68	18	86.991035	J-Large
5	1	1	1	1	13	1411	147	10	28	43.225548	O
5	1	1	1	1	14	1431	147	29	28	69.253220	sey
5	1	1	1	1	15	1469	147	36	28	68.310287	Log!
5	1	1	1	1	16	1540	151	17	15	0.000000	iM)
5	1	1	1	1	17	1583	152	14	16	80.583092	>
5	1	1	1	1	18	1616	152	27	15	77.108429	J.
5	1	1	1	1	19	1657	146	40	28	79.296127	Then
5	1	1	1	1	20	1706	146	26	28	71.596603	tha
5	1	1	1	1	21	1741	151	356	19	37.930267	diagentisation
5	1	1	1	1	22	1872	146	73	28	18.328995	seutence
5	1	1	1	1	23	1953	146	27	28	90.079659	can
5	1	1	1	1	24	1988	146	20	28	92.980476	be
5	1	1	1	1	25	2016	146	15	28	69.820160	as
5	1	1	1	1	26	2039	146	57	28	43.945919	simple
5	1	1	1	1	27	2105	146	17	28	71.554436	as
5	1	1	1	1	28	2131	146	26	28	92.816780	the
5	1	1	1	1	29	2164	154	90	14	0.000000	olaieracel
4	1	1	1	2	0	375	145	1883	64	-1	
5	1	1	1	2	1	375	162	38	45	57.098293	tne
5	1	1	1	2	2	423	162	65	45	39.837959	d-Lorge
5	1	1	1	2	3	494	162	42	45	58.742199	proaf
5	1	1	1	2	4	543	162	19	45	77.130493	al
5	1	1	1	2	5	573	162	20	45	85.267693	ma
5	1	1	1	2	6	608	186	12	17	60.687241	fy
5	1	1	1	2	7	643	158	49	51	22.149597	nat
5	1	1	1	2	8	859	164	6	6	22.583206	i
5	1	1	1	2	9	878	153	46	56	44.929562	de
5	1	1	1	2	10	937	145	33	55	33.390488	ak
5	1	1	1	2	11	992	145	38	55	11.615944	eas
5	1	1	1	2	12	1038	145	56	55	27.353195	a,
5	1	1	1	2	13	1107	145	24	55	58.850037	at
5	1	1	1	2	14	1139	145	14	55	31.846306	ws
5	1	1	1	2	15	1166	145	38	55	22.299789	009
5	1	1	1	2	16	1217	145	46	55	23.087189	ore
5	1	1	1	2	17	1290	145	33	55	15.400017	Fe
5	1	1	1	2	18	1350	145	56	55	0.000000	eee
5	1	1	1	2	19	1428	151	19	38	35.932144	ca
5	1	1	1	2	20	1460	145	46	55	0.000000	capee
5	1	1	1	2	21	1528	145	52	55	19.497559	my
5	1	1	1	2	22	1588	145	15	55	57.564461	to
5	1	1	1	2	23	1615	145	29	55	52.079865	Sa
5	1	1	1	2	24	1661	145	56	55	0.000000	saclpy
5	1	1	1	2	25	1725	170	18	18	44.029964	of
5	1	1	1	2	26	1748	145	15	55	50.279152	tb
5	1	1	1	2	27	1771	145	70	55	6.342819	oppearat
5	1	1	1	2	28	1854	171	13	13	53.335400	a
5	1	1	1	2	29	1877	175	23	13	40.747978	ay
5	1	1	1	2	30	1913	145	56	55	31.588524	Danone
5	1	1	1	2	31	1982	145	28	55	62.352375	1990
5	1	1	1	2	32	2028	145	51	55	2.686707	papek
5	1	1	1	2	33	2092	159	29	31	31.335632	Ue
5	1	1	1	2	34	2133	145	15	55	41.599125	sn
5	1	1	1	2	35	2161	145	97	55	0.000000	cbercatioe
4	1	1	1	3	0	311	193	561	22	-1	
5	1	1	1	3	1	307	186	32	32	52.334930	was
5	1	1	1	3	2	347	186	43	32	41.430954	aveld
5	1	1	1	3	3	397	186	38	32	73.127983	hove
5	1	1	1	3	4	443	186	67	32	26.034958	J.Large
5	1	1	1	3	5	520	186	41	32	47.958237	mean
5	1	1	1	3	6	571	186	48	32	73.864410	Log?
5	1	1	1	3	7	629	193	15	17	80.395554	N
5	1	1	1	3	8	660	193	14	16	90.072647	>
5	1	1	1	3	9	825	201	47	14	32.512810	cea,
3	1	1	2	0	0	310	186	1942	109	-1	
4	1	1	2	1	0	355	186	1788	69	-1	
5	1	1	2	1	1	355	201	69	39	43.659817	NOTES
5	1	1	2	1	2	436	215	66	16	96.859207	ADDED
5	1	1	2	1	3	514	201	59	39	93.249840	APRIL
5	1	1	2	1	4	584	201	18	39	59.193436	&,
5	1	1	2	1	5	608	201	63	39	33.144623	shersle
5	1	1	2	1	6	704	186	83	69	17.610435	ett
5	1	1	2	1	7	803	186	70	69	35.593803	mes
5	1	1	2	1	8	889	193	99	58	28.906494	ig
5	1	1	2	1	9	1018	203	33	32	57.131538	eld
5	1	1	2	1	10	1062	186	81	69	4.402779	Senate
5	1	1	2	1	11	1171	186	53	69	39.588081	are
5	1	1	2	1	12	1252	203	58	15	29.133759	ee
5	1	1	2	1	13	2117	219	26	15	0.000000	“
4	1	1	2	2	0	306	226	1873	56	-1	
5	1	1	2	2	1	306	229	102	53	0.000000	toripebaret
5	1	1	2	2	2	416	229	41	53	14.193886	edn
5	1	1	2	2	3	469	229	96	53	46.220585	pled
5	1	1	2	2	4	617	226	14	53	45.865517	of
5	1	1	2	2	5	648	230	33	40	44.063190	be
5	1	1	2	2	6	710	244	10	16	61.234093	Y
5	1	1	2	2	7	729	224	32	41	64.594543	end
5	1	1	2	2	8	767	224	28	41	74.257980	tha
5	1	1	2	2	9	802	231	162	30	0.259926	emlotendiol
5	1	1	2	2	10	904	224	55	41	0.000000	got
5	1	1	2	2	11	972	224	15	41	65.533272	of
5	1	1	2	2	12	995	237	89	22	0.000000	Inicpere'<
5	1	1	2	2	13	1100	224	56	41	40.250847	Lend
5	1	1	2	2	14	1167	243	11	16	33.232651	V
5	1	1	2	2	15	1187	224	11	41	54.099098	bs
5	1	1	2	2	16	1208	224	25	41	81.114700	the
5	1	1	2	2	17	1242	224	24	41	63.194447	oct
5	1	1	2	2	18	1276	240	15	19	87.184067	of
5	1	1	2	2	19	1300	224	52	41	36.107262	welecs
5	1	1	2	2	20	1362	224	86	41	21.687454	ansoicaled
5	1	1	2	2	21	1457	224	35	41	96.411125	with
5	1	1	2	2	22	1502	224	24	41	93.179245	the
5	1	1	2	2	23	1536	224	72	41	47.306362	evartant
5	1	1	2	2	24	1618	224	66	41	41.954311	rymbols
5	1	1	2	2	25	1693	234	11	14	90.466316	W
5	1	1	2	2	26	1717	224	35	41	82.965599	thet
5	1	1	2	2	27	1761	224	56	41	40.241123	eppeer
5	1	1	2	2	28	1826	224	15	41	75.588608	tm
5	1	1	2	2	29	1854	237	4	10	47.069057	0
5	1	1	2	2	30	1871	224	42	41	34.358177	preef
5	1	1	2	2	31	1918	224	42	41	55.418488	tree,
5	1	1	2	2	32	1970	224	48	41	62.041580	where
5	1	1	2	2	33	2031	235	8	13	78.910736	V
5	1	1	2	2	34	2052	237	48	16	48.108337	CR.
5	1	1	2	2	35	2113	238	25	14	94.002289	We
5	1	1	2	2	36	2147	224	35	41	94.788010	wil
4	1	1	2	3	0	306	240	1949	59	-1	
5	1	1	2	3	1	306	250	77	47	0.000000	ool
5	1	1	2	3	2	432	250	50	49	33.705399	Te
5	1	1	2	3	3	547	240	78	59	0.000000	TES
5	1	1	2	3	4	656	240	119	59	0.000000	facheneres
5	1	1	2	3	5	788	240	65	59	0.608994	eced
5	1	1	2	3	6	867	240	60	59	0.000000	tawse
5	1	1	2	3	7	936	266	45	19	14.990959	yi
5	1	1	2	3	8	1000	240	45	59	47.672649	Ment
5	1	1	2	3	9	1059	240	45	59	48.191879	rage
5	1	1	2	3	10	1114	240	20	59	55.105709	te
5	1	1	2	3	11	1157	240	45	59	33.041542	Que
5	1	1	2	3	12	1211	266	21	11	32.400337	se
5	1	1	2	3	13	1242	261	19	19	70.908310	of
5	1	1	2	3	14	1270	240	25	59	53.147217	law
5	1	1	2	3	15	1305	240	15	59	77.784447	of
5	1	1	2	3	16	1329	240	70	59	0.000000	cooked
5	1	1	2	3	17	1408	240	58	59	0.000000	mLddle
5	1	1	2	3	18	1477	240	30	59	67.119354	will
5	1	1	2	3	19	1516	240	50	59	28.472679	tent
5	1	1	2	3	20	1585	240	80	59	0.000000	entenars
5	1	1	2	3	21	1673	240	16	59	58.650383	of
5	1	1	2	3	22	1698	240	26	59	58.650383	tha
5	1	1	2	3	23	1727	240	46	59	67.048729	forme
5	1	1	2	3	24	1782	251	8	16	9.588356	#
5	1	1	2	3	25	1806	253	10	12	9.588356	Y
5	1	1	2	3	26	1831	251	20	16	0.000000	—¥
5	1	1	2	3	27	1870	240	45	59	40.610367	Shere
5	1	1	2	3	28	1924	240	34	59	32.930107	beh
5	1	1	2	3	29	1968	253	6	15	0.000000	¢
5	1	1	2	3	30	1988	240	31	59	53.013020	ed
5	1	1	2	3	31	2032	254	21	16	0.000000	=8
5	1	1	2	3	32	2067	240	25	59	67.976089	ary
5	1	1	2	3	33	2101	240	60	59	0.000000	wren
5	1	1	2	3	34	2170	240	15	59	39.105362	te
5	1	1	2	3	35	2195	240	60	59	36.172600	prenes
3	1	1	3	0	0	378	255	1876	53	-1	
4	1	1	3	1	0	378	255	1876	53	-1	
5	1	1	3	1	1	378	272	45	28	16.534988	lors.
5	1	1	3	1	2	486	281	54	10	34.013336	=e
5	1	1	3	1	3	590	272	31	28	70.643684	oan
5	1	1	3	1	4	714	282	82	19	16.990906	ave
5	1	1	3	1	5	1048	279	32	14	70.830597	ond
5	1	1	3	1	6	1089	274	10	30	88.110710	W
5	1	1	3	1	7	1111	274	28	30	78.674988	ore
5	1	1	3	1	8	1147	280	76	20	60.884865	defined.)
5	1	1	3	1	9	1595	291	44	14	52.656395	wa
5	1	1	3	1	10	1700	263	53	45	12.847099	aces
5	1	1	3	1	11	1763	289	12	14	32.756111	a
5	1	1	3	1	12	1793	263	27	45	0.000000	ae
5	1	1	3	1	13	1896	289	35	14	26.320610	ne
5	1	1	3	1	14	2052	298	15	5	21.158257	.
5	1	1	3	1	15	2189	255	65	28	19.322899	yreses
3	1	1	4	0	0	309	270	1949	162	-1	
4	1	1	4	1	0	354	270	1904	67	-1	
5	1	1	4	1	1	354	286	28	47	68.673767	Ov
5	1	1	4	1	2	401	286	75	47	28.854134	sectasion
5	1	1	4	1	3	487	286	75	47	25.182732	ornicnan
5	1	1	4	1	4	573	297	9	14	77.076271	@
5	1	1	4	1	5	592	286	32	47	34.669144	wil
5	1	1	4	1	6	636	286	16	47	71.549324	be
5	1	1	4	1	7	661	290	59	41	0.000000	Motant
5	1	1	4	1	8	729	290	55	41	0.000000	eymbel
5	1	1	4	1	9	790	290	29	41	20.386238	C1,
5	1	1	4	1	10	825	294	13	18	24.466156	€
5	1	1	4	1	11	855	290	29	41	0.000000	WW,
5	1	1	4	1	12	890	297	43	25	67.523956	there
5	1	1	4	1	13	944	290	28	41	37.063599	war
5	1	1	4	1	14	978	306	49	21	29.570061	gine
5	1	1	4	1	15	1059	291	44	46	6.516205	Bed)
5	1	1	4	1	16	1113	301	11	15	6.737167	&
5	1	1	4	1	17	1135	291	24	46	30.778671	tee
5	1	1	4	1	18	1170	291	65	46	45.123260	relation
5	1	1	4	1	19	1246	291	85	46	41.221523	deserting
5	1	1	4	1	20	1342	291	28	46	55.095146	oer
5	1	1	4	1	21	1380	291	51	46	0.000000	Reree
5	1	1	4	1	22	1443	284	76	48	46.973400	ction,
5	1	1	4	1	23	1531	284	28	48	41.254173	Our
5	1	1	4	1	24	1568	292	22	17	45.078335	Le
5	1	1	4	1	25	1635	290	48	38	29.020325	oa
5	1	1	4	1	26	1704	307	95	20	24.643822	eee
5	1	1	4	1	27	1821	276	64	51	0.000000	sores
5	1	1	4	1	28	1901	276	14	51	46.510624	ht
5	1	1	4	1	29	1923	311	3	10	70.348892	¢
5	1	1	4	1	30	1944	276	47	51	51.588829	medal
5	1	1	4	1	31	2003	290	32	33	49.501644	fo
5	1	1	4	1	32	2082	294	61	34	20.618042	oa
5	1	1	4	1	33	2230	270	28	47	8.197601	ws
4	1	1	4	2	0	309	309	1886	50	-1	
5	1	1	4	2	1	309	309	105	50	13.412262	erat
5	1	1	4	2	2	446	315	22	37	29.575043	a
5	1	1	4	2	3	488	309	30	50	53.113968	sad
5	1	1	4	2	4	529	309	31	50	73.141556	that
5	1	1	4	2	5	571	309	18	50	44.807701	er
5	1	1	4	2	6	600	309	30	50	6.413353	000
5	1	1	4	2	7	646	309	47	50	0.000000	macad
5	1	1	4	2	8	705	327	6	8	48.170036	2
5	1	1	4	2	9	725	330	14	8	17.089523	7
5	1	1	4	2	10	750	309	64	50	0.000000	Reerel
5	1	1	4	2	11	817	309	47	50	0.000000	ed
5	1	1	4	2	12	905	316	21	37	78.402390	We
5	1	1	4	2	13	938	309	26	50	25.614319	son
5	1	1	4	2	14	975	309	30	50	51.373207	then
5	1	1	4	2	15	1017	309	26	50	45.651474	wag
5	1	1	4	2	16	1055	339	6	10	69.656693	g
5	1	1	4	2	17	1071	309	51	50	18.596542	ronal
5	1	1	4	2	18	1129	309	93	50	0.000000	eonstrniate
5	1	1	4	2	19	1229	309	39	50	69.037346	thal
5	1	1	4	2	20	1275	309	72	50	0.000000	VallOt)
5	1	1	4	2	21	1355	315	34	35	45.678829	EY
5	1	1	4	2	22	1405	309	25	50	25.371056	ee
5	1	1	4	2	23	1442	309	18	50	14.945305	ei
5	1	1	4	2	24	1467	309	55	50	0.000000	vrench
5	1	1	4	2	25	1530	309	17	50	95.954964	of
5	1	1	4	2	26	1559	309	21	50	70.784393	ths
5	1	1	4	2	27	1592	309	80	50	0.000000	condutete
5	1	1	4	2	28	1684	309	30	50	60.963448	tras
5	1	1	4	2	29	1725	309	30	50	59.454659	wal
5	1	1	4	2	30	1763	309	36	50	37.356396	have
5	1	1	4	2	31	1832	320	25	33	44.331322	He
5	1	1	4	2	32	1865	325	94	14	0.000000	cetements
5	1	1	4	2	33	1966	320	64	33	88.563721	holding
5	1	1	4	2	34	2038	320	34	33	52.450695	true
5	1	1	4	2	35	2079	320	19	33	77.808693	im
5	1	1	4	2	36	2107	320	31	33	78.330307	our
5	1	1	4	2	37	2145	320	50	33	0.000000	modst
4	1	1	4	3	0	305	330	1952	54	-1	
5	1	1	4	3	1	305	333	84	50	0.000000	Saierral
5	1	1	4	3	2	396	333	30	50	72.960434	end
5	1	1	4	3	3	438	333	76	50	0.000000	sistent
5	1	1	4	3	4	538	333	84	50	9.523300	eansyfere
5	1	1	4	3	5	622	345	43	34	54.306946	have
5	1	1	4	3	6	673	345	26	34	90.703621	the
5	1	1	4	3	7	707	345	46	34	0.000000	rere’
5	1	1	4	3	8	762	336	32	48	31.772377	ine
5	1	1	4	3	9	806	342	13	30	60.403351	ts
5	1	1	4	3	10	830	336	88	48	0.000000	tmpossitle
5	1	1	4	3	11	930	336	60	48	15.527405	bengal
5	1	1	4	3	12	1018	336	25	48	31.697784	Wal
5	1	1	4	3	13	1054	336	48	48	27.917778	severe
5	1	1	4	3	14	1114	336	28	48	45.996689	thet
5	1	1	4	3	15	1154	336	24	48	0.000000	we
5	1	1	4	3	16	1182	336	48	48	0.000000	ahdote
5	1	1	4	3	17	1242	336	28	48	66.142426	tras
5	1	1	4	3	18	1282	336	52	48	0.000000	eonnst
5	1	1	4	3	19	1346	336	12	48	83.872322	be
5	1	1	4	3	20	1370	360	4	10	0.000000	@
5	1	1	4	3	21	1386	336	116	48	39.551090	contradiction
5	1	1	4	3	22	1510	336	47	48	39.373734	pros],
5	1	1	4	3	23	1570	336	32	48	36.696758	thes
5	1	1	4	3	24	1610	336	72	48	29.402145	falehing
5	1	1	4	3	25	1694	336	20	48	37.546684	ew
5	1	1	4	3	26	1730	336	40	48	57.133503	tack.
5	1	1	4	3	27	1776	335	36	48	50.171951	Ove
5	1	1	4	3	28	1824	335	44	48	0.000000	rowel
5	1	1	4	3	29	1876	335	32	48	54.925991	wil
5	1	1	4	3	30	1916	335	56	48	0.000000	sormrne
5	1	1	4	3	31	1984	335	32	48	74.947342	thet
5	1	1	4	3	32	2028	347	8	15	77.248047	L
5	1	1	4	3	33	2048	335	48	48	14.659134	oreale
5	1	1	4	3	34	2104	335	28	48	94.346085	the
5	1	1	4	3	35	2197	330	60	31	95.643227	where
4	1	1	4	4	0	306	347	1948	89	-1	
5	1	1	4	4	1	306	371	52	65	31.408974	Vey
5	1	1	4	4	2	387	371	49	65	0.000000	Rape
5	1	1	4	4	3	446	371	39	65	0.000000	ergy
5	1	1	4	4	4	613	379	10	10	79.245903	a
5	1	1	4	4	5	633	361	34	33	82.979996	and
5	1	1	4	4	6	677	361	40	33	74.473785	chew
5	1	1	4	4	7	727	361	34	33	48.777428	Het
5	1	1	4	4	8	997	369	10	10	0.000000	C
5	1	1	4	4	9	1017	365	60	37	43.632530	omaller
5	1	1	4	4	10	1085	365	44	37	52.841721	proof
5	1	1	4	4	11	1137	365	29	37	53.118343	will
5	1	1	4	4	12	1174	365	14	37	66.185211	be
5	1	1	4	4	13	1199	365	50	37	30.290810	foread
5	1	1	4	4	14	1258	365	16	37	61.997192	to
5	1	1	4	4	15	1283	365	43	37	48.480240	exiet
5	1	1	4	4	16	1335	365	47	37	57.318779	under
5	1	1	4	4	17	1393	365	29	37	53.729362	oor
5	1	1	4	4	18	1430	365	57	37	82.420479	model.
5	1	1	4	4	19	1498	357	49	35	87.388344	(This
5	1	1	4	4	20	1558	368	9	14	22.702080	e
5	1	1	4	4	21	1578	357	62	35	34.789894	bacanse
5	1	1	4	4	22	1648	357	30	35	62.570080	oor
5	1	1	4	4	23	1689	357	50	35	32.166878	Ragee
5	1	1	4	4	24	1747	357	109	35	64.868713	relationship
5	1	1	4	4	25	1897	352	51	32	9.237671	fae
5	1	1	4	4	26	2000	349	14	39	22.514580	‘a
5	1	1	4	4	27	2019	349	76	39	0.000000	fecnion
5	1	1	4	4	28	2104	349	16	39	59.111168	ie
5	1	1	4	4	29	2158	347	24	48	63.877621	tel
5	1	1	4	4	30	2194	347	60	48	0.000000	nevada
4	1	1	4	5	0	309	396	171	20	-1	
5	1	1	4	5	1	309	397	23	14	53.447575	Ve
5	1	1	4	5	2	342	396	25	19	59.881531	dy
5	1	1	4	5	3	384	398	11	14	64.260025	&
5	1	1	4	5	4	444	402	36	14	40.431740	er
2	1	2	0	0	0	499	393	1755	54	-1	
3	1	2	1	0	0	499	393	1755	54	-1	
4	1	2	1	1	0	499	393	1755	54	-1	
5	1	2	1	1	1	499	395	65	41	29.597588	PTE!
5	1	2	1	1	2	581	401	100	46	68.929077	MIDNIGHT
5	1	2	1	1	3	692	401	27	46	84.404358	TO
5	1	2	1	1	4	730	401	43	46	0.000000	Aalg
5	1	2	1	1	5	784	401	27	46	91.642845	for
5	1	2	1	1	6	822	401	20	46	29.281281	he
5	1	2	1	1	7	853	401	35	46	0.000000	emse
5	1	2	1	1	8	899	401	16	46	91.639069	of
5	1	2	1	1	9	925	414	11	16	44.114876	R
5	1	2	1	1	10	942	393	50	46	0.000000	pred,
5	1	2	1	1	11	1040	410	26	16	30.977280	hd
5	1	2	1	1	12	1076	399	72	41	50.125618	Mototed
5	1	2	1	1	13	1157	399	45	41	63.161362	Madal
5	1	2	1	1	14	1208	399	69	41	73.075287	requires
5	1	2	1	1	15	1287	399	25	41	93.278954	the
5	1	2	1	1	16	1318	399	76	41	50.297371	enietance
5	1	2	1	1	17	1403	399	17	41	93.122856	of
5	1	2	1	1	18	1427	415	8	10	0.000000	«
5	1	2	1	1	19	1444	399	49	41	15.660385	I-te-$
5	1	2	1	1	20	1502	399	73	41	53.819901	function
5	1	2	1	1	21	1584	399	39	41	56.724953	R(s)
5	1	2	1	1	22	1635	399	70	41	62.168247	mapping
5	1	2	1	1	23	1714	399	69	41	84.999825	integers
5	1	2	1	1	24	1792	403	12	16	85.290863	<
5	1	2	1	1	25	1819	401	9	15	88.980087	L
5	1	2	1	1	26	1841	395	36	39	88.878357	inte
5	1	2	1	1	27	1886	395	27	39	96.600540	the
5	1	2	1	1	28	1922	395	36	39	81.124100	came
5	1	2	1	1	29	1971	395	49	39	77.112579	where
5	1	2	1	1	30	2026	395	36	39	94.042221	this
5	1	2	1	1	31	2071	395	69	39	82.568604	mapping
5	1	2	1	1	32	2149	395	37	39	87.092102	from
5	1	2	1	1	33	2198	395	37	39	20.423569	Ete
5	1	2	1	1	34	2244	416	10	14	0.000000	&
2	1	3	0	0	0	309	417	1652	91	-1	
3	1	3	1	0	0	309	417	1652	91	-1	
4	1	3	1	1	0	309	417	1652	52	-1	
5	1	3	1	1	1	305	413	32	47	46.219452	has
5	1	3	1	1	2	348	413	20	47	47.115841	ohn
5	1	3	1	1	3	422	417	13	14	66.820351	property
5	1	3	1	1	4	455	417	35	34	71.042885	thet
5	1	3	1	1	5	515	421	73	48	11.366425	Vas)
5	1	3	1	1	6	603	436	31	10	37.861206	mo
5	1	3	1	1	7	647	421	32	48	64.627914	shen
5	1	3	1	1	8	703	425	20	37	0.000000	0
5	1	3	1	1	9	1032	432	15	12	63.293945	©
5	1	3	1	1	10	1061	417	41	44	23.438789	Atjel
5	1	3	1	1	11	1112	417	107	44	9.869041	pigson-whale
5	1	3	1	1	12	1226	417	81	44	39.368233	Joaction.
5	1	3	1	1	13	1314	417	30	44	88.339378	Por
5	1	3	1	1	14	1350	417	27	44	73.513687	tha
5	1	3	1	1	15	1387	417	34	44	67.315620	case
5	1	3	1	1	16	1431	430	15	19	92.617714	of
5	1	3	1	1	17	1457	417	85	44	0.000000	powervof-f
5	1	3	1	1	18	1556	417	125	44	12.148499	gencreisation,
5	1	3	1	1	19	1691	417	27	44	93.048248	the
5	1	3	1	1	20	1728	417	96	44	0.000000	aomporetle
5	1	3	1	1	21	1834	421	5	16	29.104500	R
5	1	3	1	1	22	1849	417	15	44	43.092888	ts
5	1	3	1	1	23	1875	417	59	44	87.211784	defined
5	1	3	1	1	24	1944	417	19	44	96.909355	by
4	1	3	1	2	0	360	440	740	53	-1	
5	1	3	1	2	1	360	440	69	50	24.066895	inte}
5	1	3	1	2	2	443	441	13	45	60.938194	=
5	1	3	1	2	3	536	445	112	48	0.000000	elaee
5	1	3	1	2	4	656	445	22	48	0.000000	ts
5	1	3	1	2	5	714	445	20	48	62.975536	or
5	1	3	1	2	6	742	445	36	48	0.000000	oft
5	1	3	1	2	7	790	453	31	19	70.391998	00d
5	1	3	1	2	8	834	451	4	21	0.000000	Y
5	1	3	1	2	9	854	445	63	48	0.000000	VOKO1)
5	1	3	1	2	10	930	457	13	10	0.000000	=
5	1	3	1	2	11	974	445	32	48	65.574287	then
5	1	3	1	2	12	1018	464	42	24	22.924225	my)
5	1	3	1	2	13	1074	470	26	19	41.084156	yy
4	1	3	1	3	0	359	477	376	31	-1	
5	1	3	1	3	1	359	477	125	31	40.984173	Perkare
5	1	3	1	3	2	437	473	28	41	79.394287	low
5	1	3	1	3	3	474	473	15	41	53.124313	ef
5	1	3	1	3	4	496	481	239	25	52.536083	cocteded
5	1	3	1	3	5	580	473	56	41	89.044022	middle
5	1	3	1	3	6	645	473	49	41	7.896767	shewid
5	1	3	1	3	7	703	473	35	41	79.229591	look
2	1	4	0	0	0	738	480	251	40	-1	
3	1	4	1	0	0	738	480	251	40	-1	
4	1	4	1	1	0	738	480	251	40	-1	
5	1	4	1	1	1	738	480	251	40	95.000000	 
2	1	5	0	0	0	305	498	1955	473	-1	
3	1	5	1	0	0	356	498	1579	40	-1	
4	1	5	1	1	0	356	498	1579	40	-1	
5	1	5	1	1	1	356	502	94	32	54.837551	Repression
5	1	5	1	1	2	458	502	24	32	89.059349	fol
5	1	5	1	1	3	541	502	32	32	75.837379	was
5	1	5	1	1	4	583	502	17	32	60.796806	in
5	1	5	1	1	5	610	502	87	32	6.793785	beginqoote
5	1	5	1	1	6	893	501	24	35	89.510162	he
5	1	5	1	1	7	992	504	43	21	44.966808	Sn)
5	1	5	1	1	8	1063	511	12	14	62.822414	ov
5	1	5	1	1	9	1105	516	13	10	66.682922	7
5	1	5	1	1	10	1134	511	46	23	0.000000	(01,
5	1	5	1	1	11	1187	498	73	40	3.271133	€900n)
5	1	5	1	1	12	1271	498	47	40	59.481781	where
5	1	5	1	1	13	1327	498	38	40	84.523857	both
5	1	5	1	1	14	1374	505	139	23	0.000000	6(21,02--80)
5	1	5	1	1	15	1524	498	41	40	25.428246	ond
5	1	5	1	1	16	1587	498	134	40	8.618103	O(€1,€2--4n)
5	1	5	1	1	17	1731	498	27	40	83.846153	ore
5	1	5	1	1	18	1767	498	58	40	16.790970	prencz
5	1	5	1	1	19	1834	498	101	40	66.955444	normalized.
3	1	5	2	0	0	309	521	1945	148	-1	
4	1	5	2	1	0	360	521	1894	33	-1	
5	1	5	2	1	1	356	521	71	34	70.390175	NOTES
5	1	5	2	1	2	441	521	66	34	95.729233	ADDED
5	1	5	2	1	3	517	521	66	34	94.280922	MARCH
5	1	5	2	1	4	594	531	28	16	75.058350	81,
5	1	5	2	1	5	630	521	58	34	45.767319	shortly
5	1	5	2	1	6	695	525	49	19	65.708298	before
5	1	5	2	1	7	962	525	7	11	29.935059	|
5	1	5	2	1	8	980	521	36	33	75.234459	week
5	1	5	2	1	9	1024	530	17	19	89.255051	of
5	1	5	2	1	10	1048	521	56	33	8.590736	dovkte,
5	1	5	2	1	11	1397	519	76	35	66.663841	foaction
5	1	5	2	1	12	1484	519	59	35	86.992157	methed
5	1	5	2	1	13	1551	519	33	35	93.088112	will
5	1	5	2	1	14	1592	519	48	35	90.704590	werk.
5	1	5	2	1	15	1647	519	33	35	95.690460	The
5	1	5	2	1	16	1688	519	33	35	82.270317	ides
5	1	5	2	1	17	1730	519	15	35	96.256371	is
5	1	5	2	1	18	1752	519	19	35	85.361893	to
5	1	5	2	1	19	1779	519	41	35	94.448837	make
5	1	5	2	1	20	1828	519	24	35	96.714401	the
5	1	5	2	1	21	1860	519	39	35	54.346443	first
5	1	5	2	1	22	1907	519	30	35	64.349503	bine
5	1	5	2	1	23	1945	526	17	20	93.233528	of
5	1	5	2	1	24	1971	519	77	35	37.983250	srmantic
5	1	5	2	1	25	2056	519	71	35	0.000000	tablevus
5	1	5	2	1	26	2134	519	80	35	49.861568	condidete
5	1	5	2	1	27	2222	519	36	35	45.246758	tree
4	1	5	2	2	0	309	529	1943	58	-1	
5	1	5	2	2	1	305	537	18	42	58.853436	te
5	1	5	2	2	2	333	537	14	42	92.803940	be
5	1	5	2	2	3	357	537	25	42	93.293053	the
5	1	5	2	2	4	390	548	74	17	19.024261	orntneee
5	1	5	2	2	5	474	551	39	14	11.492264	*Ve
5	1	5	2	2	6	530	550	34	19	23.884354	Sta
5	1	5	2	2	7	598	529	40	58	27.303345	tin
5	1	5	2	2	8	651	533	40	32	31.292686	$005
5	1	5	2	2	9	743	541	109	35	3.515381	vrere
5	1	5	2	2	10	805	530	30	50	31.160782	ne
5	1	5	2	2	11	862	536	25	19	35.533379	roel
5	1	5	2	2	12	897	530	17	50	48.547844	of
5	1	5	2	2	13	926	530	26	50	38.872322	Ua!
5	1	5	2	2	14	963	530	39	50	65.771568	from
5	1	5	2	2	15	1014	530	25	50	78.548515	ma,
5	1	5	2	2	16	1051	530	26	50	36.316547	sud
5	1	5	2	2	17	1089	545	13	24	56.532593	te
5	1	5	2	2	18	1114	530	34	50	45.549805	hove
5	1	5	2	2	19	1159	530	30	50	0.000000	galp
5	1	5	2	2	20	1201	530	22	50	81.968292	the
5	1	5	2	2	21	1234	530	55	50	0.000000	testes
5	1	5	2	2	22	1297	530	47	50	40.501019	notes
5	1	5	2	2	23	1355	530	16	50	94.902412	of
5	1	5	2	2	24	1380	530	22	50	75.239029	tis
5	1	5	2	2	25	1414	530	38	50	8.579880	provf
5	1	5	2	2	26	1464	530	30	50	51.365604	trac
5	1	5	2	2	27	1505	530	14	50	84.349564	be
5	1	5	2	2	28	1530	530	89	50	0.000000	oaatemacate
5	1	5	2	2	29	1630	547	14	18	94.347382	of
5	1	5	2	2	30	1655	530	22	50	69.597321	tht
5	1	5	2	2	31	1688	530	39	50	89.451851	form
5	1	5	2	2	32	1736	546	49	21	0.000000	Oe).
5	1	5	2	2	33	1796	547	151	19	54.780090	Such
5	1	5	2	2	34	1847	530	9	50	46.487473	a
5	1	5	2	2	35	1868	547	38	19	14.140671	proef
5	1	5	2	2	36	1918	530	30	50	68.484512	tres
5	1	5	2	2	37	1955	530	33	50	91.517921	will
5	1	5	2	2	38	1997	530	17	50	89.679153	be
5	1	5	2	2	39	2022	530	51	50	42.744530	eallad
5	1	5	2	2	40	2080	547	119	20	0.000000	“aermalead*.
5	1	5	2	2	41	2208	553	44	19	0.000000	Alses
4	1	5	2	3	0	309	562	1944	31	-1	
5	1	5	2	3	1	309	568	9	17	51.261101	@
5	1	5	2	3	2	331	558	43	39	0.000000	F(s)
5	1	5	2	3	3	383	558	13	39	1.531799	ts
5	1	5	2	3	4	407	573	9	10	76.746063	0
5	1	5	2	3	5	425	558	46	39	62.091221	reges
5	1	5	2	3	6	479	567	73	20	68.232697	function
5	1	5	2	3	7	561	558	37	39	93.124084	thet
5	1	5	2	3	8	607	558	40	39	57.657463	maps
5	1	5	2	3	9	655	563	116	23	15.793884	prover
5	1	5	2	3	10	721	558	17	39	85.622978	of
5	1	5	2	3	11	747	558	7	39	50.671684	§
5	1	5	2	3	12	766	558	33	39	57.152515	onie
5	1	5	2	3	13	807	562	117	31	0.000000	Power
5	1	5	2	3	14	877	558	20	39	34.299950	©
5	1	5	2	3	15	922	558	37	39	36.188942	NEN
5	1	5	2	3	16	966	567	30	12	52.184528	our
5	1	5	2	3	17	1063	573	19	18	78.599960	of
5	1	5	2	3	18	1091	578	14	11	55.149841	ae
5	1	5	2	3	19	1117	558	43	39	29.458313	Aljel
5	1	5	2	3	20	1167	573	68	20	47.399715	Rogue
5	1	5	2	3	21	1228	558	78	39	13.984833	dcfalticn
5	1	5	2	3	22	1315	558	34	39	93.129967	will
5	1	5	2	3	23	1354	558	43	39	46.572113	stata
5	1	5	2	3	24	1403	558	34	39	86.607529	thal
5	1	5	2	3	25	1449	558	39	39	55.385902	“ig
5	1	5	2	3	26	1497	558	14	39	83.783783	le
5	1	5	2	3	27	1520	558	46	39	64.031364	power
5	1	5	2	3	28	1579	568	17	18	92.939415	of
5	1	5	2	3	29	1605	569	7	15	27.546837	2
5	1	5	2	3	30	1621	558	36	39	57.573666	ouch
5	1	5	2	3	31	1666	558	34	39	87.747116	thet
5	1	5	2	3	32	1709	558	43	39	91.341293	there
5	1	5	2	3	33	1761	558	52	39	85.452408	exists
5	1	5	2	3	34	1822	558	17	39	68.325150	no
5	1	5	2	3	35	1848	558	47	39	70.956970	proof
5	1	5	2	3	36	1910	572	9	14	74.153679	p
5	1	5	2	3	37	1938	569	15	16	84.383080	<
5	1	5	2	3	38	1973	572	11	13	30.562042	9
5	1	5	2	3	39	1998	558	23	39	46.716560	af
5	1	5	2	3	40	2027	558	27	39	87.861397	the
5	1	5	2	3	41	2062	566	191	24	68.123444	scatence
5	1	5	2	3	42	2147	558	17	39	91.856102	of
5	1	5	2	3	43	2173	558	30	39	47.746181	O21
5	1	5	2	3	44	2212	558	43	39	40.302895	from
4	1	5	2	4	0	309	579	1945	41	-1	
5	1	5	2	4	1	309	590	24	9	86.589844	=
5	1	5	2	4	2	387	586	44	19	39.535149	R(e)
5	1	5	2	4	3	442	588	10	17	0.000000	¥
5	1	5	2	4	4	468	588	27	14	50.243908	1.°
5	1	5	2	4	5	509	579	38	41	89.878571	Then
5	1	5	2	4	6	560	579	28	41	88.407120	one
5	1	5	2	4	7	598	579	28	41	89.829369	con
5	1	5	2	4	8	635	579	25	41	58.729176	noe
5	1	5	2	4	9	673	579	21	41	86.658607	the
5	1	5	2	4	10	704	579	72	41	54.413864	orvating
5	1	5	2	4	11	789	579	45	41	11.833603	OP
5	1	5	2	4	12	885	579	35	41	21.223656	ad
5	1	5	2	4	13	931	583	295	26	0.000000	eonsirvcted
5	1	5	2	4	14	1037	579	52	34	36.225922	earlier
5	1	5	2	4	15	1099	579	32	34	70.240448	thie
5	1	5	2	4	16	1139	579	49	34	54.861221	month
5	1	5	2	4	17	1196	579	18	34	42.570992	le
5	1	5	2	4	18	1221	579	41	34	85.958076	injer
5	1	5	2	4	19	1269	579	33	34	85.608894	thal
5	1	5	2	4	20	1312	598	19	10	77.501343	ne
5	1	5	2	4	21	1339	590	89	19	70.046677	minimal
5	1	5	2	4	22	1420	579	43	34	80.377899	proof
5	1	5	2	4	23	1471	579	17	34	92.276825	of
5	1	5	2	4	24	1499	579	29	34	30.903313	Oui
5	1	5	2	4	25	1539	579	26	34	54.869759	oun
5	1	5	2	4	26	1576	588	45	19	72.263519	exist.
5	1	5	2	4	27	1635	587	29	19	91.498146	(An
5	1	5	2	4	28	1672	579	97	34	82.720787	interesting
5	1	5	2	4	29	1777	579	71	34	84.039742	sidenote
5	1	5	2	4	30	1857	588	8	14	33.238380	i
5	1	5	2	4	31	1879	579	34	34	86.455154	thet
5	1	5	2	4	32	1921	587	9	15	48.482891	f
5	1	5	2	4	33	1938	579	32	34	91.153168	was
5	1	5	2	4	34	1978	579	74	34	68.522133	confused
5	1	5	2	4	35	2063	579	35	34	82.541626	over
5	1	5	2	4	36	2105	579	27	34	94.766876	the
5	1	5	2	4	37	2139	579	32	34	55.374496	last
5	1	5	2	4	38	2179	579	26	34	76.232895	few
5	1	5	2	4	39	2216	579	40	34	25.357002	deys
4	1	5	2	5	0	309	599	1945	33	-1	
5	1	5	2	5	1	305	595	49	34	60.534367	about
5	1	5	2	5	2	364	595	66	34	66.584351	whether
5	1	5	2	5	3	438	595	23	34	94.775963	my
5	1	5	2	5	4	469	595	29	34	84.592552	old
5	1	5	2	5	5	506	595	80	34	41.121830	aryement
5	1	5	2	5	6	594	595	49	34	0.000000	woeld
5	1	5	2	5	7	653	595	46	34	48.589207	wonld
5	1	5	2	5	8	710	595	37	34	75.079681	work
5	1	5	2	5	9	762	599	67	18	9.329414	Instood,
5	1	5	2	5	10	878	621	25	11	84.473595	=
5	1	5	2	5	11	921	599	24	35	42.453865	on
5	1	5	2	5	12	953	599	65	35	55.853954	Proving
5	1	5	2	5	13	1025	599	32	35	69.630173	thal
5	1	5	2	5	14	1069	612	7	18	71.415627	Y
5	1	5	2	5	15	1087	612	47	16	23.799782	PaNP
5	1	5	2	5	16	1145	599	36	35	86.063492	then
5	1	5	2	5	17	1192	618	18	11	73.233093	on
5	1	5	2	5	18	1218	599	86	35	10.562584	ebnoviens
5	1	5	2	5	19	1311	599	106	35	41.631615	middle-level
5	1	5	2	5	20	1425	599	77	35	16.144402	exception
5	1	5	2	5	21	1510	599	18	35	77.645050	te
5	1	5	2	5	22	1536	599	27	35	93.287460	the
5	1	5	2	5	23	1571	599	59	35	21.933258	Seawnd
5	1	5	2	5	24	1641	599	135	35	55.640236	Incempletences
5	1	5	2	5	25	1787	599	71	35	71.658447	THcorem
5	1	5	2	5	26	1868	599	51	35	54.631424	would
5	1	5	2	5	27	1927	599	42	35	76.232147	exist
5	1	5	2	5	28	1976	599	19	35	96.753693	by
5	1	5	2	5	29	2006	599	82	35	88.604820	modifying
5	1	5	2	5	30	2096	599	30	35	93.155708	the
5	1	5	2	5	31	2134	599	47	35	83.956177	ISINP
5	1	5	2	5	32	2192	599	65	35	52.219540	axiams
4	1	5	2	6	0	305	614	1949	47	-1	
5	1	5	2	6	1	305	614	59	47	36.334080	mien
5	1	5	2	6	2	375	614	32	47	39.358292	Pom
5	1	5	2	6	3	422	614	21	47	20.913841	ou
5	1	5	2	6	4	457	614	48	47	83.575836	APAL
5	1	5	2	6	5	516	614	36	47	76.761581	£006
5	1	5	2	6	6	563	614	56	47	59.721390	rarer.
5	1	5	2	6	7	621	614	8	47	42.938423	1
5	1	5	2	6	8	648	614	24	47	41.746399	se
5	1	5	2	6	9	679	614	68	47	1.320969	weherry
5	1	5	2	6	10	758	614	32	47	38.928734	wth
5	1	5	2	6	11	801	614	24	47	33.137184	te
5	1	5	2	6	12	844	614	59	47	12.724648	crated
5	1	5	2	6	13	914	614	21	47	35.882500	up
5	1	5	2	6	14	953	614	52	47	0.000000	err
5	1	5	2	6	15	1024	614	56	47	0.000000	Mewnst
5	1	5	2	6	16	1087	632	7	14	91.250320	I
5	1	5	2	6	17	1106	614	74	47	10.175980	euopecied
5	1	5	2	6	18	1188	614	17	47	73.647987	mg
5	1	5	2	6	19	1216	614	60	47	28.431198	revised
5	1	5	2	6	20	1282	614	60	47	67.876022	versien
5	1	5	2	6	21	1353	630	17	19	70.343353	of
5	1	5	2	6	22	1376	614	25	47	82.590179	tha
5	1	5	2	6	23	1412	614	44	47	63.937149	Atjal
5	1	5	2	6	24	1463	614	59	47	48.829617	method
5	1	5	2	6	25	1533	614	48	47	49.271660	would
5	1	5	2	6	26	1588	614	64	47	58.787064	produce
5	1	5	2	6	27	1662	614	25	47	95.111282	the
5	1	5	2	6	28	1698	614	40	47	77.936218	same
5	1	5	2	6	29	1745	614	52	47	35.885895	rerult
5	1	5	2	6	30	1809	627	6	15	50.261192	I
5	1	5	2	6	31	1826	616	57	37	71.389389	figured
5	1	5	2	6	32	1891	616	29	37	72.838837	ovt
5	1	5	2	6	33	1928	616	29	37	23.133972	how
5	1	5	2	6	34	1965	616	19	37	87.076157	ta
5	1	5	2	6	35	1993	616	19	37	73.803528	de
5	1	5	2	6	36	2020	616	29	37	68.384933	thie
5	1	5	2	6	37	2060	616	66	37	58.379311	betocen
5	1	5	2	6	38	2134	628	38	14	38.188492	1.30
5	1	5	2	6	39	2181	616	28	37	60.959644	ond
5	1	5	2	6	40	2218	616	36	37	61.374023	9.30
4	1	5	2	7	0	305	637	1053	37	-1	
5	1	5	2	7	1	305	637	71	37	39.921398	tonight,
5	1	5	2	7	2	466	647	22	10	65.315598	>
5	1	5	2	7	3	614	647	9	13	62.898872	y
5	1	5	2	7	4	634	637	54	37	35.454262	Pether
5	1	5	2	7	5	696	637	43	37	90.331345	Place
5	1	5	2	7	6	978	647	9	10	30.468025	¢
5	1	5	2	7	7	994	647	49	17	65.196686	Notes,
5	1	5	2	7	8	1054	643	37	31	95.187271	This
5	1	5	2	7	9	1098	643	14	31	58.951065	is
5	1	5	2	7	10	1121	655	8	10	56.028210	a
5	1	5	2	7	11	1139	643	42	31	68.518890	much
5	1	5	2	7	12	1188	643	71	31	42.810249	sirenger
5	1	5	2	7	13	1265	643	48	31	50.224579	result
5	1	5	2	7	14	1322	643	40	31	92.924759	than
3	1	5	3	0	0	310	656	1946	59	-1	
4	1	5	3	1	0	360	656	1861	25	-1	
5	1	5	3	1	1	356	652	20	30	49.744514	fa
5	1	5	3	1	2	386	665	8	9	35.199654	0
5	1	5	3	1	3	403	652	53	30	21.492973	fotere
5	1	5	3	1	4	466	652	53	30	94.556763	paper,
5	1	5	3	1	5	528	661	6	15	71.754425	|
5	1	5	3	1	6	543	652	53	30	66.835968	intend
5	1	5	3	1	7	606	663	18	13	71.376030	te
5	1	5	3	1	8	633	652	28	30	58.732853	use
5	1	5	3	1	9	668	652	26	30	95.514427	the
5	1	5	3	1	10	703	652	36	30	90.252037	term
5	1	5	3	1	11	751	658	78	17	0.000000	Te.Minl
5	1	5	3	1	12	839	652	32	30	82.140602	and
5	1	5	3	1	13	879	656	133	22	44.397392	Te.Middile
5	1	5	3	1	14	993	652	23	30	62.438538	i,
5	1	5	3	1	15	1342	677	5	4	13.337181	"
5	1	5	3	1	16	1630	665	9	8	20.772285	“
5	1	5	3	1	17	1858	657	54	28	12.428246	teneee
5	1	5	3	1	18	1919	657	36	28	84.450836	thal
5	1	5	3	1	19	1963	657	43	28	30.122223	arize
5	1	5	3	1	20	2017	657	43	28	92.473053	when
5	1	5	3	1	21	2069	657	32	28	75.285156	ene
5	1	5	3	1	22	2110	669	37	9	67.183640	uses
5	1	5	3	1	23	2217	667	4	2	15.692673	‘i
4	1	5	3	2	0	310	659	1950	60	-1	
5	1	5	3	2	1	310	674	117	44	15.262604	eon
5	1	5	3	2	2	438	674	96	44	23.048843	ate
5	1	5	3	2	3	541	676	74	43	21.023315	henge
5	1	5	3	2	4	618	676	33	43	11.713593	hep
5	1	5	3	2	5	657	676	30	43	0.000000	tess
5	1	5	3	2	6	691	663	78	55	4.964485	power.
5	1	5	3	2	7	778	679	5	35	0.000000	8
5	1	5	3	2	8	796	663	60	55	85.347031	walling
5	1	5	3	2	9	869	663	116	55	16.292351	penersicaion
5	1	5	3	2	10	998	663	14	55	80.701889	of
5	1	5	3	2	11	1039	667	42	32	4.552353	7M
5	1	5	3	2	12	1098	663	20	55	19.366310	Me
5	1	5	3	2	13	1131	663	106	55	3.448364	minietrted
5	1	5	3	2	14	1244	670	32	15	93.891350	and
5	1	5	3	2	15	1283	668	105	16	0.000000	middle-level
5	1	5	3	2	16	1398	667	132	18	65.738815	“boundery-case
5	1	5	3	2	17	1537	667	92	16	43.310608	enccptions®
5	1	5	3	2	18	1646	661	18	29	83.187012	te
5	1	5	3	2	19	1672	661	30	29	94.772247	the
5	1	5	3	2	20	1711	661	59	29	92.910805	Second
5	1	5	3	2	21	1778	661	84	29	19.947441	Ineomple'
5	1	5	3	2	22	2152	659	108	28	37.681282	recpectively
3	1	5	4	0	0	310	694	1944	50	-1	
4	1	5	4	1	0	470	694	1784	34	-1	
5	1	5	4	1	1	470	700	103	14	89.006111	ENDMENT
5	1	5	4	1	2	611	700	29	15	84.345924	DONE
5	1	5	4	1	3	646	690	25	35	76.462242	ON
5	1	5	4	1	4	686	700	70	17	0.000000	11,d6pm
5	1	5	4	1	5	901	695	49	27	54.750996	above
5	1	5	4	1	6	960	691	39	36	23.218956	Note
5	1	5	4	1	7	1011	691	51	36	57.463753	Above
5	1	5	4	1	8	1071	691	30	36	88.569801	was
5	1	5	4	1	9	1332	694	78	34	7.421913	oentence
5	1	5	4	1	10	1461	692	18	35	63.407436	is
5	1	5	4	1	11	1486	705	69	17	87.130058	power
5	1	5	4	1	12	1545	692	19	35	93.236244	of
5	1	5	4	1	13	1571	704	10	15	41.365143	£
5	1	5	4	1	14	1595	692	33	35	29.330582	ech
5	1	5	4	1	15	1635	692	36	35	84.454887	thal
5	1	5	4	1	16	1676	692	45	35	95.094185	there
5	1	5	4	1	17	1729	692	53	35	83.889511	existe
5	1	5	4	1	18	1790	708	16	9	50.512993	ne
5	1	5	4	1	19	1816	692	51	35	85.063568	proof
5	1	5	4	1	20	1878	708	9	12	85.063568	p
5	1	5	4	1	21	1906	704	14	15	87.057274	<
5	1	5	4	1	22	1938	707	10	12	66.768715	9
5	1	5	4	1	23	1967	701	19	17	88.148438	of
5	1	5	4	1	24	1994	692	27	35	92.061440	the
5	1	5	4	1	25	2028	701	226	18	91.324287	sentence
5	1	5	4	1	26	2111	692	21	35	88.511429	of
5	1	5	4	1	27	2140	692	30	35	19.475784	8x1
5	1	5	4	1	28	2178	692	42	35	92.328896	from
5	1	5	4	1	29	2230	692	28	35	53.681000	mas
4	1	5	4	2	0	310	701	1254	46	-1	
5	1	5	4	2	1	306	703	38	45	45.855942	ten
5	1	5	4	2	2	354	703	42	45	31.326637	Rie)
5	1	5	4	2	3	411	717	49	17	31.566711	WL.”
5	1	5	4	2	4	471	703	57	45	0.000000	choad
5	1	5	4	2	5	534	703	39	45	27.180809	have
5	1	5	4	2	6	581	718	26	19	10.474823	*p
5	1	5	4	2	7	625	720	14	16	0.000000	Cg
5	1	5	4	2	8	677	718	8	19	12.683075	"
5	1	5	4	2	9	692	717	112	20	12.532082	replared
5	1	5	4	2	10	774	703	31	45	87.001335	with
5	1	5	4	2	11	815	717	25	18	0.000000	“p
5	1	5	4	2	12	857	717	33	16	49.677715	<<
5	1	5	4	2	13	908	719	10	13	0.000000	w
5	1	5	4	2	14	928	703	8	45	0.000000	°
5	1	5	4	2	15	951	703	45	45	82.118584	where
5	1	5	4	2	16	1003	703	50	45	45.843372	Letter
5	1	5	4	2	17	1059	703	46	45	0.000000	wcles
5	1	5	4	2	18	1116	703	30	45	44.967560	thet
5	1	5	4	2	19	1153	703	31	45	45.657482	pe,
5	1	5	4	2	20	1196	701	92	46	0.000000	Loryalery
5	1	5	4	2	21	1299	701	58	46	23.461647	Spay
5	1	5	4	2	22	1368	725	45	14	32.398598	ep
5	1	5	4	2	23	1437	705	51	36	0.000000	hdr
5	1	5	4	2	24	1514	722	28	19	7.278526	ey
5	1	5	4	2	25	1555	704	9	18	0.000000	f
3	1	5	5	0	0	309	737	1947	201	-1	
4	1	5	5	1	0	359	737	1897	27	-1	
5	1	5	5	1	1	359	738	67	16	86.423149	NOTES
5	1	5	5	1	2	433	739	76	15	95.493561	ADDED
5	1	5	5	1	3	516	739	75	17	80.356163	MARCH
5	1	5	5	1	4	598	741	19	14	78.672874	21
5	1	5	5	1	5	627	741	71	14	68.486473	Betworn
5	1	5	5	1	6	705	740	10	15	0.000000	£
5	1	5	5	1	7	722	740	32	14	94.619865	and
5	1	5	5	1	8	760	740	36	15	79.508232	Jom
5	1	5	5	1	9	804	738	51	18	91.520187	(after
5	1	5	5	1	10	861	737	67	17	76.580963	sending
5	1	5	5	1	11	936	738	48	15	34.939484	emai
5	1	5	5	1	12	991	741	17	14	76.907578	te
5	1	5	5	1	13	1014	743	29	16	80.124329	AC
5	1	5	5	1	14	1050	746	45	14	0.000000	sieves
5	1	5	5	1	15	1102	751	29	9	75.903381	sur
5	1	5	5	1	16	1138	748	81	13	60.938808	iomerrew
5	1	5	5	1	17	1225	747	81	17	52.443108	telephone
5	1	5	5	1	18	1312	745	44	19	90.282082	call):
5	1	5	5	1	19	1366	745	9	15	77.991562	I
5	1	5	5	1	20	1381	744	64	15	42.684208	decided
5	1	5	5	1	21	1451	746	17	13	66.324036	le
5	1	5	5	1	22	1475	749	37	10	71.021851	wees
5	1	5	5	1	23	1520	744	26	14	93.026573	the
5	1	5	5	1	24	1553	743	105	18	4.962631	terminslegy
5	1	5	5	1	25	1664	744	68	17	11.677673	Flegus
5	1	5	5	1	26	1745	742	98	15	56.374355	Function
5	1	5	5	1	27	1854	741	130	18	89.311752	Deseription
5	1	5	5	1	28	1994	743	17	12	78.365326	to
5	1	5	5	1	29	2019	741	72	14	65.743546	describe
5	1	5	5	1	30	2097	745	27	12	92.926247	my
5	1	5	5	1	31	2132	741	124	17	7.793381	geacrelisetion
4	1	5	5	2	0	309	757	1946	28	-1	
5	1	5	5	2	1	305	753	20	33	55.753704	af
5	1	5	5	2	2	332	753	45	33	1.002243	Atyei
5	1	5	5	2	3	382	758	124	19	65.385818	foastions
5	1	5	5	2	4	475	753	34	33	78.958015	and
5	1	5	5	2	5	513	760	124	16	54.860855	Camteriaed
5	1	5	5	2	6	650	762	68	17	38.900108	Rogue
5	1	5	5	2	7	729	759	107	16	88.016914	Functions
5	1	5	5	2	8	846	760	17	12	74.961487	te
5	1	5	5	2	9	872	757	71	15	27.387634	describe
5	1	5	5	2	10	952	759	26	14	96.537292	the
5	1	5	5	2	11	987	764	53	14	35.219635	woes!
5	1	5	5	2	12	1048	766	118	16	43.035069	gencrakiselion
5	1	5	5	2	13	1171	756	20	33	80.283134	of
5	1	5	5	2	14	1201	756	47	33	71.614418	Regus
5	1	5	5	2	15	1256	756	80	33	61.659065	functions
5	1	5	5	2	16	1344	766	50	14	94.530960	where
5	1	5	5	2	17	1402	765	26	14	96.309753	the
5	1	5	5	2	18	1437	764	36	15	93.112595	base
5	1	5	5	2	19	1482	765	52	13	75.218742	aziom
5	1	5	5	2	20	1543	764	80	17	47.905968	system
5	1	5	5	2	21	1608	756	14	33	39.089546	fi
5	1	5	5	2	22	1633	756	53	33	48.925152	ollewe
5	1	5	5	2	23	1696	756	28	33	80.535576	for
5	1	5	5	2	24	1732	767	20	10	90.465286	on
5	1	5	5	2	25	1762	762	107	18	0.000000	wasountohly
5	1	5	5	2	26	1877	762	61	17	90.390594	infinite
5	1	5	5	2	27	1948	760	252	18	83.160065	number
5	1	5	5	2	28	2023	756	20	33	86.248245	of
5	1	5	5	2	29	2051	756	75	33	95.309700	different
5	1	5	5	2	30	2133	756	67	33	25.459717	allowed
5	1	5	5	2	31	2208	766	47	13	29.447060	rogue
4	1	5	5	3	0	309	776	1947	27	-1	
5	1	5	5	3	1	309	778	77	17	29.811287	fonctions
5	1	5	5	3	2	395	780	16	12	70.055611	te
5	1	5	5	3	3	421	781	41	12	37.883472	mort
5	1	5	5	3	4	471	780	21	13	62.810268	ds
5	1	5	5	3	5	502	779	89	18	72.630676	definition.
5	1	5	5	3	6	606	781	13	14	96.210640	A
5	1	5	5	3	7	630	779	109	16	72.217369	conventional
5	1	5	5	3	8	746	779	44	15	0.000000	B0th
5	1	5	5	3	9	799	780	66	15	56.305077	century
5	1	5	5	3	10	873	776	95	18	0.000000	non-Repve
5	1	5	5	3	11	975	777	72	20	66.863594	function
5	1	5	5	3	12	1056	784	44	14	73.077728	sould
5	1	5	5	3	13	1108	785	17	14	60.254276	be
5	1	5	5	3	14	1134	785	48	14	42.404575	called
5	1	5	5	3	15	1190	790	20	9	84.384392	on
5	1	5	5	3	16	1219	786	116	17	32.258102	mar-Tlogue
5	1	5	5	3	17	1349	783	95	15	61.872971	Function
5	1	5	5	3	18	1451	772	21	36	93.304565	or
5	1	5	5	3	19	1481	783	67	18	29.174850	perhope
5	1	5	5	3	20	1556	772	53	36	89.891998	better
5	1	5	5	3	21	1619	772	27	36	72.392395	pet
5	1	5	5	3	22	1651	787	9	9	80.542770	«
5	1	5	5	3	23	1670	781	149	16	66.744606	Conventions!
5	1	5	5	3	24	1831	780	170	19	77.748383	nen-Reguelike
5	1	5	5	3	25	2016	778	121	16	88.934906	Functional
5	1	5	5	3	26	2149	779	76	18	32.843224	Objeet
5	1	5	5	3	27	2236	785	20	9	71.477913	or
4	1	5	5	4	0	310	795	1946	27	-1	
5	1	5	5	4	1	310	798	98	18	10.452377	erevairntly
5	1	5	5	4	2	414	797	148	17	75.875992	Conventional
5	1	5	5	4	3	574	799	167	20	20.414421	nen-Regue-like
5	1	5	5	4	4	753	796	116	17	46.146584	Punstional
5	1	5	5	4	5	881	795	105	16	40.445358	Definition
5	1	5	5	4	6	993	791	20	37	82.895020	or
5	1	5	5	4	7	1021	802	65	18	55.985222	perhaps
5	1	5	5	4	8	1094	807	9	10	64.247116	a
5	1	5	5	4	9	1112	805	114	17	42.507725	nem-Negue
5	1	5	5	4	10	1238	804	166	16	83.796875	Standard-Perm
5	1	5	5	4	11	1415	802	117	15	0.000000	Functional
5	1	5	5	4	12	1544	802	104	15	82.781876	Definiten
5	1	5	5	4	13	1657	801	115	14	31.057968	abrevisted
5	1	5	5	4	14	1758	791	22	37	91.609657	as
5	1	5	5	4	15	1790	801	75	14	73.091988	NASF.
5	1	5	5	4	16	1874	805	25	13	93.296051	my
5	1	5	5	4	17	1907	801	66	14	44.884338	cvarion
5	1	5	5	4	18	1982	799	17	18	95.708084	of
5	1	5	5	4	19	2008	791	28	37	93.296982	the
5	1	5	5	4	20	2041	799	65	18	32.126793	Scornd
5	1	5	5	4	21	2112	799	144	17	31.019600	Ineompletencecs
4	1	5	5	5	0	311	816	1945	29	-1	
5	1	5	5	5	1	307	812	71	37	70.215012	Theorem
5	1	5	5	5	2	390	812	69	37	4.359367	cbvicely
5	1	5	5	5	3	467	812	41	37	68.916855	resis
5	1	5	5	5	4	516	812	20	37	72.960556	on
5	1	5	5	5	5	544	812	47	37	87.864304	wring
5	1	5	5	5	6	599	826	20	9	84.748352	on
5	1	5	5	5	7	627	812	50	37	4.913513	eriem
5	1	5	5	5	8	686	812	53	37	6.357224	ryetem
5	1	5	5	5	9	751	812	19	37	74.050873	af
5	1	5	5	5	10	778	812	60	37	5.976654	infinite
5	1	5	5	5	11	846	812	26	37	71.869263	far
5	1	5	5	5	12	880	812	46	37	33.373459	reech
5	1	5	5	5	13	936	812	48	37	16.737869	whose
5	1	5	5	5	14	994	812	38	37	92.105225	only
5	1	5	5	5	15	1040	812	57	37	56.563892	Growth
5	1	5	5	5	16	1108	812	75	37	49.237015	functions
5	1	5	5	5	17	1191	812	26	37	76.256775	ors
5	1	5	5	5	18	1228	812	45	37	12.144684	Repec
5	1	5	5	5	19	1284	812	81	37	66.350693	fucniions.
5	1	5	5	5	20	1380	824	6	14	77.362869	J
5	1	5	5	5	21	1395	828	19	10	79.632202	am
5	1	5	5	5	22	1426	812	93	37	37.753342	tentotinely
5	1	5	5	5	23	1528	812	53	37	86.784447	ashing
5	1	5	5	5	24	1592	812	38	37	77.019585	Brad
5	1	5	5	5	25	1639	812	16	37	82.164169	te
5	1	5	5	5	26	1663	812	60	37	14.664581	beawme
5	1	5	5	5	27	1734	827	4	9	7.408401	«
5	1	5	5	5	28	1750	812	84	37	4.354889	av-ovther
5	1	5	5	5	29	1843	812	55	37	0.000000	(ebeet
5	1	5	5	5	30	1907	812	28	37	73.101761	enc
5	1	5	5	5	31	1947	812	38	37	30.355392	week
5	1	5	5	5	32	1993	812	38	37	94.076073	from
5	1	5	5	5	33	2042	812	45	37	84.333588	now)
5	1	5	5	5	34	2095	812	32	37	94.269577	and
5	1	5	5	5	35	2135	812	28	37	89.788742	fer
5	1	5	5	5	36	2172	812	26	37	50.480801	our
5	1	5	5	5	37	2209	812	50	37	15.309265	peper
4	1	5	5	6	0	310	837	1946	27	-1	
5	1	5	5	6	1	306	833	19	37	77.014069	te
5	1	5	5	6	2	333	833	16	37	90.660439	be
5	1	5	5	6	3	358	833	56	37	51.916389	written
5	1	5	5	6	4	426	833	16	37	46.292755	im
5	1	5	5	6	5	451	845	10	9	28.028450	@
5	1	5	5	6	6	468	841	250	20	0.000000	Secrutee-Plete
5	1	5	5	6	7	605	833	56	37	81.675613	format
5	1	5	5	6	8	672	833	48	37	96.539993	where
5	1	5	5	6	9	728	833	53	37	78.310509	Brad's
5	1	5	5	6	10	790	833	44	37	35.985954	weice
5	1	5	5	6	11	842	833	35	37	70.576210	(ihe
5	1	5	5	6	12	894	837	46	15	35.011276	“Mete*)
5	1	5	5	6	13	950	837	118	19	0.000000	eummarioce
5	1	5	5	6	14	1078	844	166	18	30.051964	Willard’s
5	1	5	5	6	15	1163	833	41	37	90.823608	ideas
5	1	5	5	6	16	1212	833	35	37	93.052322	(the
5	1	5	5	6	17	1254	845	108	19	16.539520	*Sectratss”),
5	1	5	5	6	18	1374	845	5	14	61.520805	1
5	1	5	5	6	19	1391	833	32	37	92.974129	will
5	1	5	5	6	20	1431	833	44	37	0.000000	iauist
5	1	5	5	6	21	1483	833	32	37	84.592415	that
5	1	5	5	6	22	1523	844	8	14	68.396416	f
5	1	5	5	6	23	1539	833	16	37	95.110229	be
5	1	5	5	6	24	1564	833	28	37	96.284355	the
5	1	5	5	6	25	1601	833	115	37	46.796093	chronological
5	1	5	5	6	26	1721	833	35	37	46.134331	feet
5	1	5	5	6	27	1764	833	56	37	28.214714	exther
5	1	5	5	6	28	1829	833	19	37	90.551796	of
5	1	5	5	6	29	1854	833	31	37	80.764832	this
5	1	5	5	6	30	1897	833	47	37	22.618568	peper,
5	1	5	5	6	31	1957	841	51	18	88.766975	(That
5	1	5	5	6	32	2017	833	50	37	50.355152	corms
5	1	5	5	6	33	2075	833	35	37	93.901344	fair
5	1	5	5	6	34	2119	833	62	37	80.784943	becouse
5	1	5	5	6	35	2189	833	69	37	63.122822	becouse
4	1	5	5	7	0	306	855	1952	44	-1	
5	1	5	5	7	1	306	855	42	33	73.573334	Brod
5	1	5	5	7	2	358	855	25	33	63.673813	hae
5	1	5	5	7	3	394	855	17	33	69.566147	90
5	1	5	5	7	4	421	855	42	33	29.418831	years
5	1	5	5	7	5	473	855	18	33	75.753433	af
5	1	5	5	7	6	504	855	22	33	0.000000	fe
5	1	5	5	7	7	534	855	47	33	57.144424	ahead
5	1	5	5	7	8	589	855	20	33	94.174171	of
5	1	5	5	7	9	616	855	40	33	94.761353	him,
5	1	5	5	7	10	663	855	28	33	82.141785	ond
5	1	5	5	7	11	700	864	7	14	0.000000	(
5	1	5	5	7	12	715	855	37	33	92.743362	have
5	1	5	5	7	13	762	855	34	33	92.743362	high
5	1	5	5	7	14	803	855	45	33	39.501389	blood
5	1	5	5	7	15	856	855	69	33	6.122040	presrere
5	1	5	5	7	16	935	855	31	33	75.948303	and
5	1	5	5	7	17	977	855	53	33	45.003555	Diabet
5	1	5	5	7	18	1050	862	13	33	4.945663	-)
5	1	5	5	7	19	1072	863	7	15	35.815109	I
5	1	5	5	7	20	1089	856	33	43	36.511703	howe
5	1	5	5	7	21	1135	856	30	43	58.580841	alse
5	1	5	5	7	22	1175	856	61	43	66.193504	thenght
5	1	5	5	7	23	1246	856	41	43	62.918888	aboot
5	1	5	5	7	24	1296	856	23	43	85.702545	the
5	1	5	5	7	25	1329	856	39	43	22.220993	tite
5	1	5	5	7	26	1379	856	15	43	96.846001	of
5	1	5	5	7	27	1404	871	21	11	84.210976	my
5	1	5	5	7	28	1433	856	51	43	48.870445	peper.
5	1	5	5	7	29	1501	856	40	43	87.551590	Sema
5	1	5	5	7	30	1551	856	40	43	86.084030	ideas
5	1	5	5	7	31	1605	856	26	43	93.552849	are
5	1	5	5	7	32	1640	856	34	43	76.671478	Hew
5	1	5	5	7	33	1683	856	30	43	96.693169	the
5	1	5	5	7	34	1723	856	26	43	81.913658	Use
5	1	5	5	7	35	1759	863	19	18	94.694954	of
5	1	5	5	7	36	1791	856	33	43	59.551117	Now
5	1	5	5	7	37	1830	856	120	43	50.332939	Convcational
5	1	5	5	7	38	1956	856	54	43	40.250496	Reswe
5	1	5	5	7	39	2020	856	84	43	5.959770	Ponctivns
5	1	5	5	7	40	2117	856	30	43	96.095085	Can
5	1	5	5	7	41	2160	856	19	43	80.563751	Be
5	1	5	5	7	42	2189	856	40	43	91.823616	Used
5	1	5	5	7	43	2237	856	21	43	80.287750	to
4	1	5	5	8	0	310	879	1944	25	-1	
5	1	5	5	8	1	310	881	64	18	70.273430	Develop
5	1	5	5	8	2	382	882	56	14	65.037170	Aviom
5	1	5	5	8	3	447	882	71	17	36.299572	Syetems
5	1	5	5	8	4	526	884	33	14	93.886566	that
5	1	5	5	8	5	568	883	36	16	78.784210	Can
5	1	5	5	8	6	616	883	111	19	21.453468	*Appraciets”
5	1	5	5	8	7	734	883	41	15	90.093430	their
5	1	5	5	8	8	782	882	39	16	89.382507	Own
5	1	5	5	8	9	829	880	108	16	35.477165	Consistency
5	1	5	5	8	10	944	879	36	14	61.522808	ino
5	1	5	5	8	11	1059	886	20	13	80.082581	ing
5	1	5	5	8	12	1086	883	56	19	23.815353	Strong
5	1	5	5	8	13	1149	885	47	15	87.883949	Sense
5	1	5	5	8	14	1206	885	47	15	77.547867	While
5	1	5	5	8	15	1261	885	129	18	17.692337	Simoliansevely
5	1	5	5	8	16	1397	885	65	17	50.142899	Acspect
5	1	5	5	8	17	1470	884	63	15	72.233398	Cédel's
5	1	5	5	8	18	1542	884	99	15	54.115891	Prohibition
5	1	5	5	8	19	1648	884	68	17	29.083641	Agetnst
5	1	5	5	8	20	1722	883	59	15	83.910942	Aziom
5	1	5	5	8	21	1788	883	73	16	61.659714	Syetems
5	1	5	5	8	22	1871	882	87	17	67.058388	“Proving®
5	1	5	5	8	23	1964	877	46	31	83.693977	their
5	1	5	5	8	24	2021	877	34	31	96.001335	Own
5	1	5	5	8	25	2066	881	109	17	83.104324	Consistency
5	1	5	5	8	26	2182	882	17	13	95.204010	in
5	1	5	5	8	27	2208	882	46	14	68.666992	Mere
4	1	5	5	9	0	309	894	1945	48	-1	
5	1	5	5	9	1	309	902	56	13	66.427094	thea
5	1	5	5	9	2	355	894	13	30	91.230598	A
5	1	5	5	9	3	377	894	43	30	35.642731	Woah
5	1	5	5	9	4	430	894	58	30	21.891373	Sense.
5	1	5	5	9	5	491	896	51	43	53.257175	After
5	1	5	5	9	6	551	896	69	43	68.120468	thinking
5	1	5	5	9	7	630	896	44	43	50.342945	about
5	1	5	5	9	8	684	896	26	43	90.613251	the
5	1	5	5	9	9	716	896	41	43	11.696289	toove
5	1	5	5	9	10	766	896	55	43	65.777176	during
5	1	5	5	9	11	831	901	8	34	39.664196	4
5	1	5	5	9	12	848	903	16	11	94.738159	te
5	1	5	5	9	13	873	899	41	15	67.727631	dam,
5	1	5	5	9	14	924	894	61	43	0.000000	Fence
5	1	5	5	9	15	1009	894	69	43	26.380424	eat
5	1	5	5	9	16	1088	894	65	43	38.063538	whether
5	1	5	5	9	17	1161	904	7	14	48.223801	I
5	1	5	5	9	18	1178	894	51	43	14.111710	chesld
5	1	5	5	9	19	1238	894	41	43	80.281662	write
5	1	5	5	9	20	1285	894	30	43	67.128586	thie
5	1	5	5	9	21	1324	894	55	43	51.384617	articie
5	1	5	5	9	22	1389	894	48	43	47.963711	atone,
5	1	5	5	9	23	1447	909	11	8	34.624771	a
5	1	5	5	9	24	1473	897	64	45	34.944527	opreeed
5	1	5	5	9	25	1548	897	15	45	89.184898	to
5	1	5	5	9	26	1574	897	68	45	0.000000	taanting
5	1	5	5	9	27	1653	897	34	45	58.406395	Dad
5	1	5	5	9	28	1694	897	12	45	50.602638	a
5	1	5	5	9	29	1724	907	8	10	45.418198	2
5	1	5	5	9	30	1743	897	89	45	0.000000	coco
5	1	5	5	9	31	1842	897	39	30	39.762096	Ales
5	1	5	5	9	32	1890	897	18	30	91.066231	an
5	1	5	5	9	33	1917	901	210	14	31.238556	alternate
5	1	5	5	9	34	2003	897	38	30	78.487587	title
5	1	5	5	9	35	2050	897	43	30	11.212471	evvld
5	1	5	5	9	36	2103	897	28	30	88.813004	be:
5	1	5	5	9	37	2137	901	14	14	96.653557	A
5	1	5	5	9	38	2161	901	93	18	91.039024	Reply
5	1	5	5	9	39	2218	897	18	30	70.408958	te
5	1	5	5	9	40	2245	897	13	30	70.408958	o
4	1	5	5	10	0	309	915	1571	29	-1	
5	1	5	5	10	1	309	921	74	17	54.884369	Question
5	1	5	5	10	2	392	914	17	29	96.074753	by
5	1	5	5	10	3	418	914	49	29	63.943417	Pavel
5	1	5	5	10	4	476	914	57	29	10.944214	Pudiah
5	1	5	5	10	5	544	914	47	29	20.937744	chout
5	1	5	5	10	6	672	915	63	29	31.746605	cations
5	1	5	5	10	7	744	915	15	29	92.175224	of
5	1	5	5	10	8	768	922	10	14	96.682106	A
5	1	5	5	10	9	833	913	86	31	34.522316	ipeon-hole
5	1	5	5	10	10	926	913	73	31	84.810875	functine
5	1	5	5	10	11	1011	923	11	9	73.419594	te
5	1	5	5	10	12	1048	920	217	18	38.764046	Willerd's
5	1	5	5	10	13	1117	913	47	31	81.430229	Prier
5	1	5	5	10	14	1171	913	40	31	93.926605	Work
5	1	5	5	10	15	1220	913	45	31	59.455788	about
5	1	5	5	10	16	1284	929	25	9	75.933846	Seif.
5	1	5	5	10	17	1401	923	83	15	17.397675	Atioms
5	1	5	5	10	18	1474	915	71	29	60.246693	Systems
5	1	5	5	10	19	1554	915	37	29	52.742126	seme
5	1	5	5	10	20	1600	915	39	29	96.355499	END
5	1	5	5	10	21	1735	923	7	13	58.704453	1
5	1	5	5	10	22	1833	923	47	15	25.263336	lotery
3	1	5	6	0	0	358	916	1369	38	-1	
4	1	5	6	1	0	358	916	1369	38	-1	
5	1	5	6	1	1	358	921	63	31	8.468872	nest
5	1	5	6	1	2	431	937	56	15	62.574104	GAN
5	1	5	6	1	3	500	939	32	14	43.675301	at
5	1	5	6	1	4	541	923	140	31	0.000000	TRIVIATEY
5	1	5	6	1	5	694	922	117	32	94.644440	DELETED
5	1	5	6	1	6	1271	923	124	18	29.443985	Self-Juotifying
5	1	5	6	1	7	1481	916	40	34	59.059429	pote:
5	1	5	6	1	8	1696	922	31	17	66.835449	prt
3	1	5	7	0	0	358	954	313	17	-1	
4	1	5	7	1	0	358	954	313	17	-1	
5	1	5	7	1	1	358	955	6	13	35.308807	1
5	1	5	7	1	2	372	950	41	28	77.529968	thank
5	1	5	7	1	3	419	950	29	28	96.454041	the
5	1	5	7	1	4	456	950	57	28	27.585426	article
5	1	5	7	1	5	522	950	52	28	64.358826	should
5	1	5	7	1	6	582	950	45	28	33.600685	begin
5	1	5	7	1	7	633	957	38	14	88.116043	with
2	1	6	0	0	0	1063	867	6	9	-1	
3	1	6	1	0	0	1063	867	6	9	-1	
4	1	6	1	1	0	1063	867	6	9	-1	
5	1	6	1	1	1	1063	867	6	9	95.000000	 
2	1	7	0	0	0	848	938	494	16	-1	
3	1	7	1	0	0	848	938	494	16	-1	
4	1	7	1	1	0	848	938	494	16	-1	
5	1	7	1	1	1	848	938	155	13	0.000000	ARAANSwPags
5	1	7	1	1	2	1011	938	56	11	0.000000	Anane:
5	1	7	1	1	3	1113	942	21	10	12.810455	AA
5	1	7	1	1	4	1137	932	29	31	0.000000	RAR
5	1	7	1	1	5	1169	942	173	12	0.000000	RARARAARRAR
5	1	7	1	1	6	1289	932	56	31	0.000000	AAA
2	1	8	0	0	0	1071	953	21	16	-1	
3	1	8	1	0	0	1071	953	21	16	-1	
4	1	8	1	1	0	1071	953	21	16	-1	
5	1	8	1	1	1	1071	953	21	16	95.000000	  
2	1	9	0	0	0	303	953	1953	370	-1	
3	1	9	1	0	0	672	953	1476	26	-1	
4	1	9	1	1	0	672	953	1476	26	-1	
5	1	9	1	1	1	672	953	87	26	32.815758	folleweng
5	1	9	1	1	2	2144	972	4	3	59.219780	.
3	1	9	2	0	0	309	958	1943	77	-1	
4	1	9	2	1	0	358	962	1854	33	-1	
5	1	9	2	1	1	358	971	12	14	70.434799	Aw
5	1	9	2	1	2	398	971	34	14	45.088692	wed
5	1	9	2	1	3	835	962	53	30	28.002617	toot
5	1	9	2	1	4	929	963	59	30	35.927773	reeull,
5	1	9	2	1	5	1001	963	43	30	73.763855	whose
5	1	9	2	1	6	1054	963	38	30	30.770760	first
5	1	9	2	1	7	1129	965	45	30	42.786987	badic
5	1	9	2	1	8	1612	974	96	12	91.609863	statements
5	1	9	2	1	9	1713	965	18	30	94.248413	of
5	1	9	2	1	10	1737	971	229	14	1.678345	arithmetic
5	1	9	2	1	11	1838	965	48	30	11.503456	whoee
5	1	9	2	1	12	1893	965	55	30	37.623642	occwad
5	1	9	2	1	13	1955	965	13	30	74.389404	h
5	1	9	2	1	14	2196	973	16	12	88.180939	ot
4	1	9	2	2	0	377	954	1819	58	-1	
5	1	9	2	2	1	377	975	14	9	28.546364	-
5	1	9	2	2	2	434	954	59	44	0.000000	inown
5	1	9	2	2	3	503	954	34	44	80.939552	thet
5	1	9	2	2	4	551	954	52	44	0.000000	Gadel
5	1	9	2	2	5	617	954	129	44	22.355957	fncomplotencse
5	1	9	2	2	6	760	954	74	44	60.253319	Theorem
5	1	9	2	2	7	910	963	68	43	0.000000	peace
5	1	9	2	2	8	1050	989	37	14	44.716980	Sot
5	1	9	2	2	9	1098	963	35	45	34.503288	pew
5	1	9	2	2	10	1171	963	33	49	41.886124	tee
5	1	9	2	2	11	1215	963	22	49	49.396816	ma,
5	1	9	2	2	12	1244	963	62	49	26.930000	dectoton
5	1	9	2	2	13	1318	963	74	49	17.437317	prosadore
5	1	9	2	2	14	1403	963	22	49	57.107689	cas
5	1	9	2	2	15	1440	963	40	49	8.493942	Udeat
5	1	9	2	2	16	1489	963	12	47	46.926998	fp
5	1	9	2	2	17	1512	963	21	47	46.926998	all
5	1	9	2	2	18	1539	963	25	47	59.399300	the
5	1	9	2	2	19	1571	963	32	47	0.000000	trve
5	1	9	2	2	20	1614	963	91	47	38.520569	statements
5	1	9	2	2	21	1716	963	20	47	46.695400	of
5	1	9	2	2	22	1779	963	22	43	11.385300	me
5	1	9	2	2	23	1858	963	40	42	0.000000	oots
5	1	9	2	2	24	1950	963	39	46	57.364441	hall
5	1	9	2	2	25	1999	963	87	46	29.973297	epechieites
5	1	9	2	2	26	2095	963	101	46	0.000000	ruffesentiy
4	1	9	2	3	0	305	989	1947	50	-1	
5	1	9	2	3	1	305	997	81	42	0.000000	lemndey
5	1	9	2	3	2	396	997	32	42	37.243202	mee
5	1	9	2	3	3	438	997	88	42	0.000000	exeeptarns
5	1	9	2	3	4	532	997	15	42	84.625313	to
5	1	9	2	3	5	557	997	27	42	85.582283	Jor
5	1	9	2	3	6	642	989	16	39	26.420967	re
5	1	9	2	3	7	668	989	59	39	40.934143	Seared
5	1	9	2	3	8	736	989	131	39	2.570717	Incomplsiensse
5	1	9	2	3	9	876	989	69	39	62.796837	Thaorem
5	1	9	2	3	10	957	989	27	39	78.780640	ore
5	1	9	2	3	11	993	989	75	39	26.743683	tniendad
5	1	9	2	3	12	1074	989	17	39	62.683380	to
5	1	9	2	3	13	1100	989	20	39	93.245842	be
5	1	9	2	3	14	1129	989	46	39	57.032242	menor
5	1	9	2	3	15	1184	989	56	39	7.751350	covsats
5	1	9	2	3	16	1249	989	56	39	23.451088	froma
5	1	9	2	3	17	1314	989	66	39	0.000000	theorem
5	1	9	2	3	18	1393	994	4	13	0.000000	p
5	1	9	2	3	19	1453	997	107	32	19.883049	Perrpectwwe,
5	1	9	2	3	20	1567	997	44	32	96.230148	while
5	1	9	2	3	21	1618	997	91	32	58.603207	significant
5	1	9	2	3	22	1717	997	115	32	0.000000	modvficetions
5	1	9	2	3	23	1839	997	14	32	79.644485	of
5	1	9	2	3	24	1863	997	43	32	18.267586	enc's
5	1	9	2	3	25	1914	997	43	32	13.605286	gosls
5	1	9	2	3	26	1965	997	27	32	73.988380	ore
5	1	9	2	3	27	1999	997	20	32	69.360771	to
5	1	9	2	3	28	2029	997	72	32	18.646614	caomine
5	1	9	2	3	29	2111	997	65	32	52.242188	Cédal's
5	1	9	2	3	30	2183	997	73	32	38.796497	historic
3	1	9	3	0	0	383	1007	1650	39	-1	
4	1	9	3	1	0	383	1007	1650	39	-1	
5	1	9	3	1	1	383	1018	54	28	35.043655	rerull
5	1	9	3	1	2	443	1018	36	28	93.420395	from
5	1	9	3	1	3	490	1018	26	28	93.264832	the
5	1	9	3	1	4	525	1018	96	28	9.805450	perepective
5	1	9	3	1	5	630	1018	17	28	86.929359	of
5	1	9	3	1	6	656	1018	91	28	0.000000	actometics
5	1	9	3	1	7	781	1007	25	37	17.937653	Zs
5	1	9	3	1	8	814	1007	38	37	77.891960	thal
5	1	9	3	1	9	861	1007	28	37	48.562332	vos
5	1	9	3	1	10	901	1019	16	14	75.080345	Lo
5	1	9	3	1	11	929	1007	96	37	84.604202	“appreciate
5	1	9	3	1	12	1033	1007	41	37	79.729172	their
5	1	9	3	1	13	1083	1007	31	37	91.319046	own
5	1	9	3	1	14	1123	1007	102	37	17.398239	coucisiency”
5	1	9	3	1	15	1234	1007	19	37	62.976360	ta,
5	1	9	3	1	16	1262	1028	6	10	44.778328	2
5	1	9	3	1	17	1283	1007	87	37	3.264580	en-trinial
5	1	9	3	1	18	1376	1007	96	37	0.000000	remt-robert
5	1	9	3	1	19	1480	1007	38	37	2.841728	pene
5	1	9	3	1	20	1533	1007	44	37	42.007645	while
5	1	9	3	1	21	1660	1022	8	7	30.562370	*
5	1	9	3	1	22	1676	1016	41	27	84.993347	their
5	1	9	3	1	23	1728	1016	30	27	66.391968	owe
5	1	9	3	1	24	1766	1022	267	16	86.500465	consistency
5	1	9	3	1	25	1874	1016	16	27	64.900772	im
5	1	9	3	1	26	1899	1016	7	27	0.000000	o
5	1	9	3	1	27	1917	1016	54	27	75.299080	tender
5	1	9	3	1	28	1982	1016	55	27	64.423508	sense
3	1	9	4	0	0	354	1023	1898	40	-1	
4	1	9	4	1	0	354	1023	1898	40	-1	
5	1	9	4	1	1	354	1032	39	31	56.039200	Pert
5	1	9	4	1	2	403	1032	14	31	92.938141	of
5	1	9	4	1	3	431	1032	22	31	55.181435	he
5	1	9	4	1	4	462	1032	91	31	7.401352	motwation
5	1	9	4	1	5	561	1032	18	31	95.316391	of
5	1	9	4	1	6	589	1032	32	31	75.399345	our
5	1	9	4	1	7	672	1032	32	27	49.745987	oan
5	1	9	4	1	8	712	1032	18	27	81.246590	be
5	1	9	4	1	9	833	1023	49	39	84.486633	when
5	1	9	4	1	10	891	1023	30	39	89.973122	one
5	1	9	4	1	11	927	1023	56	39	77.661987	recalls
5	1	9	4	1	12	992	1023	36	39	51.682758	thal
5	1	9	4	1	13	1037	1023	47	39	30.576538	Gadel
5	1	9	4	1	14	1093	1023	30	39	90.932907	was
5	1	9	4	1	15	1132	1023	56	39	39.673203	careful
5	1	9	4	1	16	1193	1023	14	39	86.707809	to
5	1	9	4	1	17	1216	1023	46	39	67.823898	insert
5	1	9	4	1	18	1271	1023	32	39	75.257172	inte
5	1	9	4	1	19	1314	1023	19	39	63.145252	hic
5	1	9	4	1	20	1343	1023	59	39	46.490509	ground
5	1	9	4	1	21	1408	1023	69	39	12.265945	breabong
5	1	9	4	1	22	1486	1023	43	39	30.005127	poper
5	1	9	4	1	23	1538	1023	36	39	87.483086	[10],
5	1	9	4	1	24	1583	1023	27	39	90.030487	the
5	1	9	4	1	25	1619	1023	77	39	91.821045	following
5	1	9	4	1	26	1707	1023	53	39	85.793457	caveat
5	1	9	4	1	27	1769	1023	85	39	33.578171	maiceting
5	1	9	4	1	28	1863	1023	33	39	92.244553	that
5	1	9	4	1	29	1902	1023	15	39	74.805046	in
5	1	9	4	1	30	1928	1040	37	13	72.473305	1931
5	1	9	4	1	31	1977	1023	20	39	93.008461	he
5	1	9	4	1	32	2006	1023	88	39	23.142540	arasidered
5	1	9	4	1	33	2102	1023	15	39	96.841026	it
5	1	9	4	1	34	2126	1023	66	39	71.402039	possible
5	1	9	4	1	35	2201	1023	33	39	87.967636	that
5	1	9	4	1	36	2246	1044	6	9	65.933487	«
3	1	9	5	0	0	305	1041	662	38	-1	
4	1	9	5	1	0	305	1041	662	38	-1	
5	1	9	5	1	1	305	1041	57	38	0.000000	dtvted
5	1	9	5	1	2	371	1041	36	38	86.675735	form
5	1	9	5	1	3	418	1041	17	38	65.089188	af
5	1	9	5	1	4	444	1041	72	38	3.215523	Makert’s
5	1	9	5	1	5	526	1041	106	38	0.000000	Conntotency
5	1	9	5	1	6	640	1041	68	38	42.461349	Program
5	1	9	5	1	7	716	1041	45	38	36.006531	could
5	1	9	5	1	8	770	1041	16	38	91.042427	ba
5	1	9	5	1	9	795	1041	71	38	37.522087	portiaky
5	1	9	5	1	10	875	1041	92	38	0.000000	evceesafel:
3	1	9	6	0	0	401	1072	1764	24	-1	
4	1	9	6	1	0	401	1072	1764	24	-1	
5	1	9	6	1	1	401	1080	10	8	71.448135	©
5	1	9	6	1	2	431	1080	6	10	3.891098	tf
5	1	9	6	1	3	450	1068	19	32	28.059494	OR
5	1	9	6	1	4	479	1068	44	32	47.820934	must
5	1	9	6	1	5	530	1068	17	32	93.948318	be
5	1	9	6	1	6	554	1068	81	32	54.751472	expressly
5	1	9	6	1	7	642	1068	43	32	37.644455	noted
5	1	9	6	1	8	695	1068	33	32	95.720299	thet
5	1	9	6	1	9	738	1068	94	32	21.621696	Proposition
5	1	9	6	1	10	842	1075	19	14	75.230972	X!
5	1	9	6	1	11	871	1073	36	19	59.387611	(op
5	1	9	6	1	12	918	1068	27	32	94.350525	the
5	1	9	6	1	13	957	1068	56	32	43.521690	Second
5	1	9	6	1	14	1021	1068	134	32	17.104904	Inaempiciences
5	1	9	6	1	15	1165	1068	72	32	89.838005	Theorem)
5	1	9	6	1	16	1245	1068	88	32	87.321869	represents
5	1	9	6	1	17	1341	1068	16	32	81.461021	no
5	1	9	6	1	18	1365	1068	112	32	53.857044	coniradiction
5	1	9	6	1	19	1485	1077	16	17	96.626137	of
5	1	9	6	1	20	1509	1068	24	32	93.036201	the
5	1	9	6	1	21	1541	1068	94	32	11.160721	formahistic
5	1	9	6	1	22	1642	1068	89	32	33.366997	slowdpemd
5	1	9	6	1	23	1741	1077	16	16	93.218719	of
5	1	9	6	1	24	1767	1068	65	32	43.921757	Mibert.
5	1	9	6	1	25	1842	1068	27	32	94.400894	For
5	1	9	6	1	26	1877	1068	32	32	93.072838	this
5	1	9	6	1	27	1917	1068	88	32	43.687775	stondpemt
5	1	9	6	1	28	2015	1068	104	32	31.570641	preavppeces
5	1	9	6	1	29	2127	1068	41	32	40.681320	only
3	1	9	7	0	0	389	1094	1281	23	-1	
4	1	9	7	1	0	389	1094	1281	23	-1	
5	1	9	7	1	1	385	1090	29	31	91.547035	the
5	1	9	7	1	2	423	1090	79	31	13.068550	existones
5	1	9	7	1	3	509	1090	16	31	85.438194	of
5	1	9	7	1	4	534	1103	9	9	70.768005	«
5	1	9	7	1	5	550	1090	102	31	51.424835	consistency
5	1	9	7	1	6	658	1090	45	31	12.270134	prof
5	1	9	7	1	7	710	1090	17	31	91.430191	by
5	1	9	7	1	8	736	1090	45	31	37.398582	finita
5	1	9	7	1	9	790	1090	58	31	45.175674	moans,
5	1	9	7	1	10	857	1090	32	31	61.944233	and
5	1	9	7	1	11	901	1090	45	31	18.267563	Hhere
5	1	9	7	1	12	955	1090	48	31	83.502037	mipht
5	1	9	7	1	13	1012	1090	96	31	17.046524	conesivebly
5	1	9	7	1	14	1116	1090	16	31	93.795433	be
5	1	9	7	1	15	1139	1090	42	31	44.607292	fails
5	1	9	7	1	16	1191	1090	47	31	77.037460	proofs
5	1	9	7	1	17	1250	1090	42	31	93.256821	which
5	1	9	7	1	18	1304	1090	53	31	35.454025	sannet
5	1	9	7	1	19	1365	1090	18	31	93.013977	be
5	1	9	7	1	20	1389	1090	51	31	31.138626	stoted
5	1	9	7	1	21	1446	1090	16	31	65.336311	tn
5	1	9	7	1	22	1470	1098	11	14	87.062416	P
5	1	9	7	1	23	1491	1090	26	31	77.496056	(or
5	1	9	7	1	24	1524	1090	16	31	90.880432	in
5	1	9	7	1	25	1550	1090	14	31	48.664051	iM
5	1	9	7	1	26	1573	1090	19	31	84.239624	or
5	1	9	7	1	27	1599	1090	16	31	87.768646	in
5	1	9	7	1	28	1625	1097	25	18	0.000000	A).
3	1	9	8	0	0	1008	1111	930	32	-1	
4	1	9	8	1	0	1008	1111	930	32	-1	
5	1	9	8	1	1	1008	1111	48	32	77.783745	Thus
5	1	9	8	1	2	1103	1111	10	32	34.123039	és
5	1	9	8	1	3	1379	1122	8	7	15.465851	°
5	1	9	8	1	4	1566	1124	2	2	0.000000	:
5	1	9	8	1	5	1929	1122	9	7	0.000000	°
3	1	9	9	0	0	308	1113	1948	110	-1	
4	1	9	9	1	0	311	1113	1945	65	-1	
5	1	9	9	1	1	311	1122	42	46	0.000000	Lg
5	1	9	9	1	2	383	1113	36	61	50.150574	poe
5	1	9	9	1	3	434	1113	51	61	0.000000	Fevas
5	1	9	9	1	4	500	1113	97	61	23.590485	Nee
5	1	9	9	1	5	632	1113	163	61	0.000000	Cee
5	1	9	9	1	6	850	1119	148	51	15.818222	Pate
5	1	9	9	1	7	1058	1113	41	45	37.769455	fo
5	1	9	9	1	8	1110	1115	208	62	0.000000	sastacaustsone
5	1	9	9	1	9	1333	1115	53	62	0.000000	teen
5	1	9	9	1	10	1426	1122	55	51	31.819908	watt
5	1	9	9	1	11	1498	1115	161	62	0.000000	teraaieen:
5	1	9	9	1	12	1665	1114	96	60	0.000000	ceaiue
5	1	9	9	1	13	1771	1114	51	60	3.053360	au
5	1	9	9	1	14	1841	1114	90	60	0.000000	eatees
5	1	9	9	1	15	1945	1113	311	65	29.866875	ey
4	1	9	9	2	0	377	1137	1657	44	-1	
5	1	9	9	2	1	377	1159	14	9	0.561211	«
5	1	9	9	2	2	438	1149	64	32	0.000000	hnewe
5	1	9	9	2	3	561	1149	54	32	47.895493	chert
5	1	9	9	2	4	655	1149	62	32	0.000000	cnicte
5	1	9	9	2	5	736	1137	96	44	0.000000	Devaphoet
5	1	9	9	2	6	846	1137	22	44	58.226238	ko
5	1	9	9	2	7	950	1149	54	32	12.209152	auiom
5	1	9	9	2	8	1014	1149	70	32	4.357613	syetems
5	1	9	9	2	9	1091	1149	59	32	31.334824	should
5	1	9	9	2	10	1280	1149	46	32	31.287689	alice
5	1	9	9	2	11	1662	1149	100	32	17.224442	encistcncy,
5	1	9	9	2	12	1857	1156	44	13	0.000000	ihert's
5	1	9	9	2	13	1922	1158	112	15	52.393539	epprecistion
4	1	9	9	3	0	304	1155	1950	39	-1	
5	1	9	9	3	1	304	1157	65	37	0.000000	Cédel's
5	1	9	9	3	2	378	1157	65	37	0.000000	hiatorse
5	1	9	9	3	3	549	1158	38	37	21.199562	Ther
5	1	9	9	3	4	598	1158	17	37	49.509346	ta
5	1	9	9	3	5	618	1162	32	10	38.303818	ao
5	1	9	9	3	6	911	1170	44	14	24.111877	dcvalopped
5	1	9	9	3	7	1013	1173	8	10	30.089401	a
5	1	9	9	3	8	1028	1151	37	44	30.089401	vary
5	1	9	9	3	9	1075	1151	85	44	20.401245	impertont
5	1	9	9	3	10	1167	1151	114	44	0.000000	prmculision
5	1	9	9	3	11	1292	1151	15	44	71.153366	of
5	1	9	9	3	12	1317	1151	23	44	87.113541	the
5	1	9	9	3	13	1350	1151	52	44	0.000000	Fereee
5	1	9	9	3	14	1413	1151	99	44	0.000000	Tecoapistae
5	1	9	9	3	15	1515	1151	23	44	0.000000	tee
5	1	9	9	3	16	1552	1151	59	44	7.834457	theca
5	1	9	9	3	17	1633	1151	19	44	38.833046	(om
5	1	9	9	3	18	1666	1151	22	44	72.270172	the
5	1	9	9	3	19	1699	1151	55	44	36.463280	conte
5	1	9	9	3	20	1768	1173	16	16	83.013664	of
5	1	9	9	3	21	1794	1151	37	44	60.873520	thats
5	1	9	9	3	22	1842	1151	41	44	43.553627	thoes
5	1	9	9	3	23	1893	1151	100	44	0.000000	Derwebuan
5	1	9	9	3	24	2007	1151	92	44	7.036530	Condens
5	1	9	9	3	25	2113	1156	23	34	27.211334	TB
5	1	9	9	3	26	2150	1155	31	34	42.979622	Fh,
5	1	9	9	3	27	2197	1151	60	44	0.000000	Hiker
4	1	9	9	4	0	304	1173	1951	50	-1	
5	1	9	9	4	1	304	1173	67	50	29.050301	ected
5	1	9	9	4	2	383	1173	88	50	0.000000	erveghont
5	1	9	9	4	3	479	1173	21	50	45.858429	tas
5	1	9	9	4	4	508	1173	30	50	24.584892	tle
5	1	9	9	4	5	545	1173	34	50	62.363445	thal
5	1	9	9	4	6	587	1173	42	50	42.811119	come
5	1	9	9	4	7	637	1173	34	50	48.981415	tore
5	1	9	9	4	8	679	1173	18	50	76.335785	of
5	1	9	9	4	9	760	1182	58	30	25.258133	qecece
5	1	9	9	4	10	827	1182	46	30	58.205318	would
5	1	9	9	4	11	882	1182	18	30	87.794838	be
5	1	9	9	4	12	910	1182	85	30	14.632401	vhimately
5	1	9	9	4	13	1005	1182	70	30	43.179016	ebtoined
5	1	9	9	4	14	1085	1187	17	17	95.865067	by
5	1	9	9	4	15	1112	1182	21	30	79.494637	Ms
5	1	9	9	4	16	1142	1182	93	30	71.291985	consistency
5	1	9	9	4	17	1242	1182	78	30	92.920525	program.
5	1	9	9	4	18	1330	1182	42	30	96.533394	Thus,
5	1	9	9	4	19	1382	1182	26	30	96.904037	the
5	1	9	9	4	20	1417	1182	46	30	76.371437	motte
5	1	9	9	4	21	1470	1190	16	17	93.225189	of
5	1	9	9	4	22	1497	1182	66	30	55.869324	Nubert's
5	1	9	9	4	23	1577	1182	98	30	71.798309	Consistency
5	1	9	9	4	24	1685	1182	68	30	13.645668	Progrum
5	1	9	9	4	25	1765	1182	53	30	94.365921	during
5	1	9	9	4	26	1827	1182	28	30	92.696663	the
5	1	9	9	4	27	1865	1182	85	30	26.956833	1938-19{9
5	1	9	9	4	28	1957	1182	56	30	13.439056	perwed
5	1	9	9	4	29	2022	1182	31	30	83.781593	was
5	1	9	9	4	30	2062	1182	76	30	56.057072	Hilbert’s
5	1	9	9	4	31	2147	1182	63	30	77.865715	fameus
5	1	9	9	4	32	2220	1182	35	30	96.682983	Wir
4	1	9	9	5	0	304	1199	778	32	-1	
5	1	9	9	5	1	304	1199	62	32	12.549217	were
5	1	9	9	5	2	376	1199	56	32	0.617386	wien
5	1	9	9	5	3	448	1199	30	32	20.693130	wer
5	1	9	9	5	4	545	1199	70	32	0.000000	wiorn”
5	1	9	9	5	5	716	1196	56	32	36.413139	whooe
5	1	9	9	5	6	782	1196	60	32	44.671478	English
5	1	9	9	5	7	849	1203	233	20	44.051010	trenslation
5	1	9	9	5	8	953	1196	17	32	92.412064	is
5	1	9	9	5	9	980	1196	40	32	51.986485	piers
5	1	9	9	5	10	1030	1196	54	32	86.228317	below
3	1	9	10	0	0	307	1219	1947	102	-1	
4	1	9	10	1	0	400	1219	1854	46	-1	
5	1	9	10	1	1	400	1231	28	7	27.190735	2°
5	1	9	10	1	2	446	1230	7	10	0.000000	t
5	1	9	10	1	3	470	1226	30	15	26.399696	We
5	1	9	10	1	4	513	1219	38	32	52.594757	west
5	1	9	10	1	5	561	1219	41	32	7.538101	bao
5	1	9	10	1	6	622	1228	25	14	94.687561	We
5	1	9	10	1	7	657	1219	29	32	0.000000	wl
5	1	9	10	1	8	700	1219	45	32	62.887032	now”
5	1	9	10	1	9	914	1219	51	45	43.985710	tas
5	1	9	10	1	10	1038	1245	51	17	24.609512	as
5	1	9	10	1	11	2151	1219	24	46	37.752373	‘a
5	1	9	10	1	12	2227	1247	27	14	37.881638	ar
4	1	9	10	2	0	303	1242	1922	29	-1	
5	1	9	10	2	1	303	1242	38	28	72.068703	One
5	1	9	10	2	2	349	1242	64	28	66.326286	notable
5	1	9	10	2	3	501	1253	10	7	33.365479	.
5	1	9	10	2	4	585	1244	70	26	19.131638	towns,
5	1	9	10	2	5	697	1242	17	28	50.314236	it
5	1	9	10	2	6	722	1247	109	15	55.540005	docs
5	1	9	10	2	7	767	1242	26	28	76.386848	not
5	1	9	10	2	8	802	1242	28	28	66.488426	tel
5	1	9	10	2	9	839	1242	19	28	78.961639	ws
5	1	9	10	2	10	866	1246	41	14	91.944122	what
5	1	9	10	2	11	968	1243	66	27	14.137131	neture
5	1	9	10	2	12	1141	1249	6	11	68.481369	t
5	1	9	10	2	13	1159	1247	32	14	49.137665	XYZ
5	1	9	10	2	14	1200	1243	36	27	93.959877	that
5	1	9	10	2	15	1245	1243	32	27	87.212311	“we
5	1	9	10	2	16	1313	1243	10	28	12.422638	it
5	1	9	10	2	17	1334	1243	28	28	73.096458	and
5	1	9	10	2	18	1371	1243	31	28	92.315216	will
5	1	9	10	2	19	1406	1247	44	15	86.874138	knew
5	1	9	10	2	20	1457	1243	33	28	64.723557	of”.
5	1	9	10	2	21	1504	1243	40	28	95.310654	This
5	1	9	10	2	22	1582	1244	61	27	69.262741	cleorty
5	1	9	10	2	23	1651	1244	66	27	65.004150	becouse
5	1	9	10	2	24	1728	1244	59	27	43.241081	Hulbert
5	1	9	10	2	25	1831	1249	83	13	63.419079	waceriom
5	1	9	10	2	26	1923	1244	44	27	92.126694	what
5	1	9	10	2	27	1977	1248	38	15	73.594055	XYZ
5	1	9	10	2	28	2071	1247	76	18	24.758324	although
5	1	9	10	2	29	2154	1243	20	29	77.668915	he
5	1	9	10	2	30	2184	1247	41	14	20.830627	incis'
4	1	9	10	3	0	308	1246	1946	36	-1	
5	1	9	10	3	1	308	1264	118	17	22.498940	eS
5	1	9	10	3	2	433	1242	24	47	28.216148	Toe
5	1	9	10	3	3	480	1247	46	31	23.532860	ee
5	1	9	10	3	4	558	1248	91	31	13.671761	IT
5	1	9	10	3	5	695	1249	119	32	22.026604	AS
5	1	9	10	3	6	840	1242	44	47	21.739517	reap
5	1	9	10	3	7	895	1242	67	47	52.799522	programe
5	1	9	10	3	8	973	1242	48	47	0.000000	weovld
5	1	9	10	3	9	1032	1242	48	47	7.884712	entese
5	1	9	10	3	10	1087	1251	16	25	76.641373	ot
5	1	9	10	3	11	1114	1242	36	47	18.478485	Lect
5	1	9	10	3	12	1161	1268	4	9	24.212639	2
5	1	9	10	3	13	1173	1242	55	47	0.000000	Giatad
5	1	9	10	3	14	1236	1242	59	47	52.778114	mention
5	1	9	10	3	15	1302	1242	17	47	68.605194	of
5	1	9	10	3	16	1326	1242	62	47	0.000000	soasene:
5	1	9	10	3	17	1400	1242	60	47	0.000000	(Sadeed
5	1	9	10	3	18	1475	1242	55	47	38.467297	histone
5	1	9	10	3	19	1541	1242	32	47	57.630722	thee
5	1	9	10	3	20	1584	1242	48	47	23.579552	MUNG
5	1	9	10	3	21	1655	1242	28	47	21.307632	Oke
5	1	9	10	3	22	1694	1242	28	47	39.925545	Reed
5	1	9	10	3	23	1733	1270	5	9	0.000000	U
5	1	9	10	3	24	1749	1242	36	47	31.740112	Rens
5	1	9	10	3	25	1792	1242	24	47	81.193764	Jor
5	1	9	10	3	26	1827	1242	60	47	0.000000	cOmecp
5	1	9	10	3	27	1898	1242	12	47	50.654240	op
5	1	9	10	3	28	1925	1242	28	47	37.675991	Cath
5	1	9	10	3	29	1964	1242	99	47	0.000000	Tcerehts
5	1	9	10	3	30	2074	1242	87	47	0.000000	aphettion
5	1	9	10	3	31	2176	1242	83	47	0.000000	arvonged
4	1	9	10	4	0	307	1283	1947	21	-1	
5	1	9	10	4	1	303	1276	20	33	69.196548	te
5	1	9	10	4	2	330	1276	37	33	61.796257	hase
5	1	9	10	4	3	374	1276	86	33	5.641823	stntrmrat
5	1	9	10	4	4	470	1289	18	8	55.576687	ce
5	1	9	10	4	5	498	1276	78	33	35.668144	engraved
5	1	9	10	4	6	586	1276	17	33	89.469185	on
5	1	9	10	4	7	613	1276	26	33	67.243385	bis
5	1	9	10	4	8	646	1276	101	33	53.077759	tembsions.)
5	1	9	10	4	9	762	1276	28	33	78.276794	Our
5	1	9	10	4	10	800	1276	48	33	60.629749	theme
5	1	9	10	4	11	858	1276	17	33	79.521751	in
5	1	9	10	4	12	883	1276	28	33	88.062950	tha
5	1	9	10	4	13	921	1276	62	33	55.499794	corrvat
5	1	9	10	4	14	993	1276	56	33	60.676548	article
5	1	9	10	4	15	1056	1276	31	33	95.938736	will
5	1	9	10	4	16	1095	1276	17	33	93.845795	be
5	1	9	10	4	17	1119	1276	31	33	79.097336	thet
5	1	9	10	4	18	1161	1276	25	33	95.912415	the
5	1	9	10	4	19	1194	1276	99	33	81.987343	combination
5	1	9	10	4	20	1304	1285	17	17	93.215492	of
5	1	9	10	4	21	1328	1276	128	33	8.765785	oc¥-referencing
5	1	9	10	4	22	1464	1286	16	14	84.529678	“I
5	1	9	10	4	23	1488	1276	20	33	90.594849	om
5	1	9	10	4	24	1518	1276	97	33	0.000000	conswient®
5	1	9	10	4	25	1623	1276	47	33	48.774933	axiom
5	1	9	10	4	26	1680	1276	82	33	20.258835	sentence,
5	1	9	10	4	27	1774	1276	47	33	60.295441	whose
5	1	9	10	4	28	1832	1276	84	33	58.576488	propertics
5	1	9	10	4	29	1925	1276	39	33	92.656158	were
5	1	9	10	4	30	1972	1276	80	33	48.900475	deveribed
5	1	9	10	4	31	2063	1276	20	33	96.284378	by
5	1	9	10	4	32	2089	1284	165	16	31.611420	Willard
5	1	9	10	4	33	2164	1276	18	33	83.513573	in
5	1	9	10	4	34	2189	1284	65	16	70.892220	several
4	1	9	10	5	0	303	1296	1950	27	-1	
5	1	9	10	5	1	303	1296	66	27	38.755878	premew
5	1	9	10	5	2	384	1296	63	27	42.782726	article,
5	1	9	10	5	3	458	1296	32	27	76.789925	wth
5	1	9	10	5	4	501	1296	41	27	91.167038	what
5	1	9	10	5	5	550	1296	64	27	44.824379	Sestion
5	1	9	10	5	6	624	1296	30	27	0.000000	F7T
5	1	9	10	5	7	665	1296	32	27	82.762611	wil
5	1	9	10	5	8	705	1296	26	27	56.589054	eal
5	1	9	10	5	9	739	1296	13	27	12.112282	*!
5	1	9	10	5	10	807	1296	83	29	44.401989	Peaction
5	1	9	10	5	11	901	1296	111	29	65.606537	Definitions”,
5	1	9	10	5	12	1024	1296	28	29	81.602074	can
5	1	9	10	5	13	1060	1296	83	29	74.299911	formalise
5	1	9	10	5	14	1152	1305	7	10	66.215820	6
5	1	9	10	5	15	1167	1296	92	29	76.983864	sufficiently
5	1	9	10	5	16	1268	1296	54	29	91.436821	strong
5	1	9	10	5	17	1333	1296	33	29	93.461876	XYZ
5	1	9	10	5	18	1374	1296	18	29	64.354172	te
5	1	9	10	5	19	1401	1296	37	29	74.273834	chew
5	1	9	10	5	20	1447	1296	37	29	92.807770	that
5	1	9	10	5	21	1493	1296	69	29	10.441429	Nebert's
5	1	9	10	5	22	1573	1296	83	29	70.829788	statement
5	1	9	10	5	23	1664	1308	21	8	80.839638	co
5	1	9	10	5	24	1696	1296	27	29	75.566238	oun
5	1	9	10	5	25	1732	1296	20	29	92.761360	be
5	1	9	10	5	26	1761	1296	88	29	41.270912	vindienled
5	1	9	10	5	27	1858	1296	51	29	81.440826	strong
5	1	9	10	5	28	1918	1296	62	29	93.286758	partial
5	1	9	10	5	29	1988	1296	28	29	80.745102	and
5	1	9	10	5	30	2025	1296	39	29	72.115471	net.
5	1	9	10	5	31	2101	1302	152	17	4.072884	eanse
5	1	9	10	5	32	2157	1296	30	27	93.262650	for
5	1	9	10	5	33	2198	1296	28	27	72.633133	one
5	1	9	10	5	34	2234	1296	23	27	76.028595	to
2	1	10	0	0	0	1463	1324	791	29	-1	
3	1	10	1	0	0	1463	1324	791	29	-1	
4	1	10	1	1	0	1463	1324	791	29	-1	
5	1	10	1	1	1	1459	1320	70	40	0.000000	wnullally
5	1	10	1	1	2	1539	1320	59	40	36.359577	mouder
5	1	10	1	1	3	1605	1320	67	40	84.394730	whether
5	1	10	1	1	4	1679	1320	27	40	89.265495	the
5	1	10	1	1	5	1715	1320	58	40	44.205376	corrvat
5	1	10	1	1	6	1785	1320	61	40	33.113815	article,
5	1	10	1	1	7	1859	1320	44	40	16.710892	hese
5	1	10	1	1	8	1912	1320	51	40	65.045639	thesis
5	1	10	1	1	9	1972	1320	27	40	91.628395	mas
5	1	10	1	1	10	2009	1320	70	40	80.976639	initially
5	1	10	1	1	11	2089	1320	94	40	80.107246	developped
5	1	10	1	1	12	2192	1320	17	40	95.279076	by
5	1	10	1	1	13	2225	1335	29	14	96.776756	DW
2	1	11	0	0	0	915	1335	558	56	-1	
3	1	11	1	0	0	915	1335	558	56	-1	
4	1	11	1	1	0	915	1335	558	56	-1	
5	1	11	1	1	1	915	1335	558	56	95.000000	 
2	1	12	0	0	0	302	1331	1952	76	-1	
3	1	12	1	0	0	306	1331	1948	53	-1	
4	1	12	1	1	0	351	1331	526	26	-1	
5	1	12	1	1	1	351	1331	20	26	55.685463	dn
5	1	12	1	1	2	380	1339	8	9	43.691387	0
5	1	12	1	1	3	396	1331	64	26	0.000000	evntent
5	1	12	1	1	4	467	1331	51	26	88.044662	where
5	1	12	1	1	5	526	1331	42	26	78.232048	mony
5	1	12	1	1	6	578	1331	64	26	52.601601	articles
5	1	12	1	1	7	649	1331	19	26	80.537010	in
5	1	12	1	1	8	675	1331	30	26	92.630257	the
5	1	12	1	1	9	787	1331	52	26	37.719154	world
5	1	12	1	1	10	849	1331	32	26	58.396721	oon
4	1	12	1	2	0	303	1336	1951	38	-1	
5	1	12	1	2	1	303	1347	33	26	87.058960	wil
5	1	12	1	2	2	344	1347	16	26	72.610260	de
5	1	12	1	2	3	367	1347	30	26	95.735771	the
5	1	12	1	2	4	404	1347	49	26	65.680435	cama.
5	1	12	1	2	5	463	1347	40	26	91.088005	Sack
5	1	12	1	2	6	513	1347	89	26	0.000000	chephciom
5	1	12	1	2	7	610	1347	17	26	59.016453	io
5	1	12	1	2	8	744	1336	29	38	23.679810	‘2
5	1	12	1	2	9	785	1336	71	38	60.811775	intially
5	1	12	1	2	10	864	1336	39	38	78.710358	alee
5	1	12	1	2	11	1477	1348	68	26	0.000000	acwrets
5	1	12	1	2	12	1552	1348	64	26	57.055870	results,
5	1	12	1	2	13	1624	1348	90	26	25.659393	developped
5	1	12	1	2	14	1719	1348	19	26	93.203186	in
5	1	12	1	2	15	1749	1348	51	26	95.525352	March
5	1	12	1	2	16	1808	1353	19	17	94.614120	of
5	1	12	1	2	17	1838	1348	41	26	47.466644	3014.
5	1	12	1	2	18	1895	1348	72	26	33.842575	However
5	1	12	1	2	19	1975	1348	16	26	34.553215	im
5	1	12	1	2	20	2001	1358	9	9	75.701111	«
5	1	12	1	2	21	2018	1348	66	26	55.579220	context
5	1	12	1	2	22	2094	1348	46	26	94.590256	where
5	1	12	1	2	23	2150	1348	29	26	94.590256	the
5	1	12	1	2	24	2187	1348	70	26	80.003250	current
4	1	12	1	3	0	302	1364	1294	29	-1	
5	1	12	1	3	1	302	1364	59	28	0.930237	etiche
5	1	12	1	3	2	367	1364	31	28	70.426521	will
5	1	12	1	3	3	404	1364	41	28	0.000000	cenre
5	1	12	1	3	4	453	1364	31	28	95.475471	the
5	1	12	1	3	5	535	1366	36	27	89.467392	hat
5	1	12	1	3	6	580	1366	45	27	89.377441	there
5	1	12	1	3	7	634	1366	14	27	60.300961	tc
5	1	12	1	3	8	656	1374	9	9	19.837250	«
5	1	12	1	3	9	674	1366	95	27	52.804131	distraction
5	1	12	1	3	10	1346	1364	28	28	93.142738	the
5	1	12	1	3	11	1381	1364	47	28	54.379997	letier
5	1	12	1	3	12	1437	1364	28	28	88.701805	will
5	1	12	1	3	13	1474	1364	24	28	64.793663	met
5	1	12	1	3	14	1507	1364	40	28	67.696869	eccer
5	1	12	1	3	15	1556	1364	45	28	88.545639	here.
3	1	12	2	0	0	353	1367	1901	40	-1	
4	1	12	2	1	0	353	1367	1901	40	-1	
5	1	12	2	1	1	353	1367	42	39	65.526878	‘wah
5	1	12	2	1	2	405	1367	23	39	67.324608	cha
5	1	12	2	1	3	437	1367	95	39	16.790588	formakomne
5	1	12	2	1	4	541	1367	20	39	87.685158	of
5	1	12	2	1	5	682	1377	35	30	64.570816	now
5	1	12	2	1	6	727	1377	15	30	58.446663	im
5	1	12	2	1	7	749	1377	53	30	0.000000	places,
5	1	12	2	1	8	812	1377	25	30	60.717930	our
5	1	12	2	1	9	847	1377	58	30	4.794815	seerch
5	1	12	2	1	10	1498	1387	2	2	67.911240	ion
5	1	12	2	1	11	1527	1377	48	31	10.873535	ecrice
5	1	12	2	1	12	1581	1377	14	31	70.426064	is
5	1	12	2	1	13	1605	1377	45	31	63.000099	ready
5	1	12	2	1	14	1659	1377	16	31	74.365036	to
5	1	12	2	1	15	1685	1377	92	31	54.235645	commense.
5	1	12	2	1	16	1791	1377	47	31	84.374893	These
5	1	12	2	1	17	1847	1377	94	31	58.144054	formaheme
5	1	12	2	1	18	1951	1377	34	31	94.979248	will
5	1	12	2	1	19	1992	1377	35	31	89.246895	thas
5	1	12	2	1	20	2036	1377	45	31	27.737350	scrva
5	1	12	2	1	21	2090	1377	17	31	92.101204	as
5	1	12	2	1	22	2116	1377	30	31	91.328392	the
5	1	12	2	1	23	2155	1377	37	31	73.570824	Bina
5	1	12	2	1	24	2204	1377	50	31	40.642239	Angel
2	1	13	0	0	0	302	1396	1878	28	-1	
3	1	13	1	0	0	302	1396	1878	28	-1	
4	1	13	1	1	0	302	1396	1878	28	-1	
5	1	13	1	1	1	302	1396	40	28	33.782150	style
5	1	13	1	1	2	351	1396	28	28	42.057640	foal
5	1	13	1	1	3	388	1396	15	28	38.445099	ta
5	1	13	1	1	4	411	1396	29	28	69.446007	our
5	1	13	1	1	5	449	1396	45	28	37.975216	coach
5	1	13	1	1	6	502	1396	27	28	71.490463	for
5	1	13	1	1	7	537	1407	8	9	55.938702	a
5	1	13	1	1	8	679	1397	42	28	29.140320	otyle
5	1	13	1	1	9	730	1397	61	28	60.230881	pleact.
5	1	13	1	1	10	800	1397	29	28	96.528038	The
5	1	13	1	1	11	840	1397	47	28	82.839279	above
5	1	13	1	1	12	896	1397	96	28	1.896622	gopgtp-gook
5	1	13	1	1	13	1001	1397	52	28	59.786308	poctry
5	1	13	1	1	14	1061	1397	16	28	91.839073	is
5	1	13	1	1	15	1087	1397	64	28	45.706600	encther
5	1	13	1	1	16	1159	1397	29	28	96.368126	way
5	1	13	1	1	17	1197	1397	17	28	93.166084	of
5	1	13	1	1	18	1222	1397	52	28	29.979149	suying
5	1	13	1	1	19	1283	1397	33	28	66.576218	thet
5	1	13	1	1	20	1325	1397	29	28	68.911392	Uns
5	1	13	1	1	21	1362	1397	43	28	80.282135	paper
5	1	13	1	1	22	1414	1397	31	28	95.738823	will
5	1	13	1	1	23	1451	1397	38	28	76.684189	bring
5	1	13	1	1	24	1498	1397	17	28	39.286240	Ce
5	1	13	1	1	25	1523	1397	90	28	35.520309	completion
5	1	13	1	1	26	1621	1408	8	10	23.086334	«
5	1	13	1	1	27	1637	1397	78	28	0.000000	ecrentxfic
5	1	13	1	1	28	1724	1397	57	28	80.127403	project
5	1	13	1	1	29	1789	1397	36	28	90.692505	thet
5	1	13	1	1	30	1834	1403	8	15	29.165817	f
5	1	13	1	1	31	1890	1398	63	28	89.925873	worked
5	1	13	1	1	32	1962	1398	19	28	93.518356	on
5	1	13	1	1	33	1990	1398	26	28	82.336922	for
5	1	13	1	1	34	2025	1398	26	28	96.332840	the
5	1	13	1	1	35	2058	1398	35	28	89.938499	last
5	1	13	1	1	36	2104	1403	17	15	50.058994	$2
5	1	13	1	1	37	2130	1398	54	28	68.920898	years.
2	1	14	0	0	0	305	1419	1952	87	-1	
3	1	14	1	0	0	354	1420	305	15	-1	
4	1	14	1	1	0	354	1420	305	15	-1	
5	1	14	1	1	1	354	1423	66	12	35.494049	—
5	1	14	1	1	2	611	1420	48	14	69.151085	below
3	1	14	2	0	0	305	1419	1952	87	-1	
4	1	14	2	1	0	354	1419	1903	40	-1	
5	1	14	2	1	1	354	1436	30	17	35.920021	Te
5	1	14	2	1	2	396	1419	38	40	12.430801	rnd
5	1	14	2	1	3	443	1419	31	40	57.035732	tree
5	1	14	2	1	4	483	1419	27	40	74.997757	has
5	1	14	2	1	5	520	1436	7	15	88.412750	J
5	1	14	2	1	6	536	1419	51	40	0.000000	tare
5	1	14	2	1	7	596	1419	28	40	66.342194	ond
5	1	14	2	1	8	633	1419	21	40	86.103531	we
5	1	14	2	1	9	663	1419	34	40	75.401596	wish
5	1	14	2	1	10	706	1419	18	40	79.626114	bo
5	1	14	2	1	11	733	1419	71	40	30.779480	acasider
5	1	14	2	1	12	810	1419	27	40	96.718582	the
5	1	14	2	1	13	846	1419	41	40	74.922653	blind
5	1	14	2	1	14	896	1419	38	40	47.768803	ease
5	1	14	2	1	15	943	1419	44	40	86.120232	where
5	1	14	2	1	16	996	1419	25	40	50.909351	all
5	1	14	2	1	17	1026	1419	25	40	78.797745	its
5	1	14	2	1	18	1056	1419	68	40	82.213440	integers
5	1	14	2	1	19	1133	1419	24	40	75.567429	are
5	1	14	2	1	20	1166	1419	30	40	64.649811	Less
5	1	14	2	1	21	1203	1419	38	40	91.876114	than
5	1	14	2	1	22	1250	1435	11	14	87.310600	M
5	1	14	2	1	23	1273	1419	31	40	76.289124	ond
5	1	14	2	1	24	1313	1419	21	40	89.736610	we
5	1	14	2	1	25	1340	1419	37	40	49.455143	hove
5	1	14	2	1	26	1386	1419	18	40	78.871353	on
5	1	14	2	1	27	1413	1419	41	40	22.180374	atyei
5	1	14	2	1	28	1460	1419	57	40	3.130325	probung
5	1	14	2	1	29	1526	1419	68	40	0.000000	faction
5	1	14	2	1	30	1603	1437	17	17	45.273804	F,
5	1	14	2	1	31	1630	1419	34	40	90.555183	then
5	1	14	2	1	32	1673	1419	21	40	90.555183	we
5	1	14	2	1	33	1703	1419	31	40	62.092949	will
5	1	14	2	1	34	1743	1419	38	40	49.079430	thnk
5	1	14	2	1	35	1793	1437	17	18	76.379311	of
5	1	14	2	1	36	1816	1442	9	9	0.000000	«
5	1	14	2	1	37	1832	1429	53	30	26.589500	“bhad
5	1	14	2	1	38	1894	1429	76	30	68.217033	specimen
5	1	14	2	1	39	1979	1429	18	30	64.101257	as
5	1	14	2	1	40	2007	1429	70	30	87.943336	starting
5	1	14	2	1	41	2087	1429	35	30	96.416756	with
5	1	14	2	1	42	2132	1441	8	8	69.633728	a
5	1	14	2	1	43	2149	1429	108	30	28.178162	permutsion
4	1	14	2	2	0	305	1456	1947	24	-1	
5	1	14	2	2	1	305	1460	31	18	50.486710	ed
5	1	14	2	2	2	345	1461	10	14	77.690468	L
5	1	14	2	2	3	362	1460	225	18	17.330276	entagars,
5	1	14	2	2	4	447	1452	49	32	33.315742	whers
5	1	14	2	2	5	503	1460	84	18	0.000000	Pii)ep(i)
5	1	14	2	2	6	599	1452	30	32	91.198616	ond
5	1	14	2	2	7	637	1452	35	32	70.132446	sack
5	1	14	2	2	8	682	1452	38	32	0.000000	tare
5	1	14	2	2	9	730	1452	17	32	63.020248	is
5	1	14	2	2	10	757	1452	59	32	55.272144	mapped
5	1	14	2	2	11	826	1452	38	32	46.859253	ents
5	1	14	2	2	12	874	1452	27	32	88.767609	one
5	1	14	2	2	13	909	1452	68	32	14.441971	taleger,
5	1	14	2	2	14	991	1461	20	16	96.430016	Dy
5	1	14	2	2	15	1021	1452	67	32	76.587730	straight
5	1	14	2	2	16	1095	1452	68	32	17.543953	forwerd
5	1	14	2	2	17	1170	1452	123	32	64.689552	combinatorics,
5	1	14	2	2	18	1303	1452	28	32	87.767075	tha
5	1	14	2	2	19	1338	1452	59	32	61.824196	number
5	1	14	2	2	20	1405	1452	16	32	96.746170	of
5	1	14	2	2	21	1429	1452	38	32	32.466843	blind
5	1	14	2	2	22	1477	1452	80	32	57.440018	specimens
5	1	14	2	2	23	1567	1466	12	9	80.134613	m
5	1	14	2	2	24	1589	1452	38	32	42.915668	euch
5	1	14	2	2	25	1637	1467	8	9	18.250000	o
5	1	14	2	2	26	1653	1452	40	32	47.163498	bend
5	1	14	2	2	27	1701	1452	24	32	35.145576	set
5	1	14	2	2	28	1733	1452	15	32	67.108582	ic
5	1	14	2	2	29	1759	1452	44	32	83.881912	equal
5	1	14	2	2	30	1810	1452	19	32	80.588470	to
5	1	14	2	2	31	1839	1456	28	20	37.916775	M7
5	1	14	2	2	32	1880	1469	5	4	65.414215	-
5	1	14	2	2	33	1898	1462	24	14	71.961197	Mi
5	1	14	2	2	34	1933	1452	40	32	65.462814	Thies
5	1	14	2	2	35	1981	1452	14	32	81.915695	te
5	1	14	2	2	36	2005	1467	8	9	40.286629	«
5	1	14	2	2	37	2023	1452	62	32	93.031532	number
5	1	14	2	2	38	2096	1461	19	18	89.279121	of
5	1	14	2	2	39	2125	1452	72	32	58.120075	stunning
5	1	14	2	2	40	2207	1452	49	32	74.943787	Large
4	1	14	2	3	0	305	1480	842	26	-1	
5	1	14	2	3	1	301	1476	42	36	43.961456	mee,
5	1	14	2	3	2	352	1476	78	36	0.000000	experially
5	1	14	2	3	3	439	1476	39	36	77.318153	whan
5	1	14	2	3	4	490	1476	27	36	69.726471	one
5	1	14	2	3	5	526	1476	64	36	20.864632	reckacs
5	1	14	2	3	6	601	1476	33	36	88.379066	that
5	1	14	2	3	7	643	1493	6	9	42.011944	«
5	1	14	2	3	8	661	1476	42	36	38.814205	preef
5	1	14	2	3	9	712	1476	15	36	77.937775	of
5	1	14	2	3	10	736	1476	51	36	75.241920	length
5	1	14	2	3	11	796	1488	9	14	90.861008	L
5	1	14	2	3	12	817	1476	33	36	93.384422	will
5	1	14	2	3	13	859	1476	35	36	45.394630	have
5	1	14	2	3	14	904	1476	45	36	54.792439	godcl
5	1	14	2	3	15	953	1488	67	17	19.367538	number
5	1	14	2	3	16	1072	1488	14	16	52.431332	>
5	1	14	2	3	17	1103	1480	44	21	60.612263	2.
2	1	15	0	0	0	301	1508	1952	61	-1	
3	1	15	1	0	0	305	1508	1948	57	-1	
4	1	15	1	1	0	355	1508	1897	24	-1	
5	1	15	1	1	1	351	1504	32	32	92.768929	The
5	1	15	1	1	2	396	1504	57	32	0.000000	oymbel
5	1	15	1	1	3	463	1512	8	16	37.497486	5
5	1	15	1	1	4	481	1504	30	32	81.386543	will
5	1	15	1	1	5	521	1504	54	32	7.419121	denete
5	1	15	1	1	6	583	1504	27	32	95.327805	the
5	1	15	1	1	7	620	1504	25	32	68.574112	oot
5	1	15	1	1	8	652	1504	19	32	87.982109	of
5	1	15	1	1	9	679	1504	22	32	64.482590	ol
5	1	15	1	1	10	708	1504	38	32	38.420238	rock
5	1	15	1	1	11	755	1513	162	17	0.000000	bhndopecemens®.
5	1	15	1	1	12	929	1514	14	14	64.151855	ft
5	1	15	1	1	13	953	1504	31	32	90.552620	will
5	1	15	1	1	14	993	1504	17	32	90.649666	be
5	1	15	1	1	15	1017	1504	52	32	94.372116	called
5	1	15	1	1	16	1076	1504	73	32	66.679535	Starting
5	1	15	1	1	17	1159	1504	43	32	91.120117	Blind
5	1	15	1	1	18	1209	1504	26	32	75.645996	Set
5	1	15	1	1	19	1247	1504	27	32	90.833801	ond
5	1	15	1	1	20	1284	1504	35	32	84.763351	thus
5	1	15	1	1	21	1327	1504	38	32	92.699509	hove
5	1	15	1	1	22	1372	1504	6	32	35.190117	«
5	1	15	1	1	23	1388	1504	73	32	56.900871	stunning
5	1	15	1	1	24	1471	1504	86	32	30.798996	cordmakty
5	1	15	1	1	25	1564	1504	19	32	96.519737	of
5	1	15	1	1	26	1588	1508	87	20	49.688522	MM!
5	1	15	1	1	27	1631	1504	11	32	74.302643	-
5	1	15	1	1	28	1649	1508	26	20	31.226601	B41
5	1	15	1	1	29	1694	1525	4	4	71.356659	.
5	1	15	1	1	30	1713	1504	38	32	57.967903	Thus
5	1	15	1	1	31	1759	1504	48	32	79.205391	object
5	1	15	1	1	32	1815	1504	16	32	73.925377	is
5	1	15	1	1	33	1839	1515	50	13	92.412346	called
5	1	15	1	1	34	1897	1504	6	32	51.292877	«
5	1	15	1	1	35	1913	1504	68	32	54.641972	stertmy
5	1	15	1	1	36	1991	1504	48	32	64.269806	blind
5	1	15	1	1	37	2076	1514	57	14	2.479843	becouse
5	1	15	1	1	38	2151	1518	44	9	56.517429	none
5	1	15	1	1	39	2238	1516	14	11	48.908924	ke
4	1	15	1	2	0	301	1509	1936	42	-1	
5	1	15	1	2	1	301	1510	41	41	0.000000	ppm
5	1	15	1	2	2	365	1510	22	41	42.600403	ns
5	1	15	1	2	3	400	1510	21	41	35.385750	oe
5	1	15	1	2	4	430	1510	59	41	21.352730	canes
5	1	15	1	2	5	495	1510	18	41	88.263275	of
5	1	15	1	2	6	523	1510	17	41	25.089439	on
5	1	15	1	2	7	550	1510	42	41	0.000000	Atjat
5	1	15	1	2	8	601	1510	28	41	24.100021	tthe
5	1	15	1	2	9	642	1510	49	41	21.535629	aloes
5	1	15	1	2	10	704	1510	18	41	0.000000	eh
5	1	15	1	2	11	728	1510	31	41	0.000000	eene
5	1	15	1	2	12	772	1510	62	41	24.461533	brain
5	1	15	1	2	13	844	1510	31	41	2.351593	seek
5	1	15	1	2	14	888	1510	76	41	0.000000	epncinen
5	1	15	1	2	15	974	1510	31	41	50.419750	wilt
5	1	15	1	2	16	1015	1510	35	41	37.632301	hoon
5	1	15	1	2	17	1059	1510	39	41	29.427299	ae
5	1	15	1	2	18	1123	1513	32	37	14.555016	vin
5	1	15	1	2	19	1163	1517	93	26	86.702347	where
5	1	15	1	2	20	1224	1513	44	37	39.892956	F(a)
5	1	15	1	2	21	1275	1530	40	14	50.205322	m0.
5	1	15	1	2	22	1371	1518	10	9	47.963058	°
5	1	15	1	2	23	1522	1542	5	4	0.197891	okey
5	1	15	1	2	24	1563	1514	18	16	95.385330	of
5	1	15	1	2	25	1816	1520	15	8	69.226448	“
5	1	15	1	2	26	1896	1519	10	9	63.688320	.
5	1	15	1	2	27	2042	1518	26	10	10.798042	_
5	1	15	1	2	28	2134	1518	10	10	44.816364	7
5	1	15	1	2	29	2203	1509	34	41	46.433559	lia
4	1	15	1	3	0	355	1542	1898	27	-1	
5	1	15	1	3	1	355	1548	23	12	91.248642	We
5	1	15	1	3	2	387	1542	27	27	70.534744	ans
5	1	15	1	3	3	423	1542	34	27	37.355698	alive
5	1	15	1	3	4	465	1542	48	27	27.810654	define
5	1	15	1	3	5	522	1551	9	9	75.539543	«
5	1	15	1	3	6	540	1542	70	27	7.297516	gigeatic
5	1	15	1	3	7	618	1542	48	27	24.500305	object
5	1	15	1	3	8	675	1542	32	27	77.106171	inte
5	1	15	1	3	9	715	1551	8	10	41.068439	@
5	1	15	1	3	10	731	1542	64	27	45.524693	alightly
5	1	15	1	3	11	803	1542	64	27	37.092972	emalled
5	1	15	1	3	12	877	1542	48	27	41.576122	obcjet
5	1	15	1	3	13	933	1542	48	27	35.584274	anlled
5	1	15	1	3	14	990	1551	7	9	0.000000	«
5	1	15	1	3	15	1008	1542	77	27	46.038853	“Redvacd
5	1	15	1	3	16	1093	1542	12	27	66.304047	Bi
5	1	15	1	3	17	1147	1546	41	14	16.095444	See*.
5	1	15	1	3	18	1200	1546	13	14	33.301262	te
5	1	15	1	3	19	1278	1542	28	28	92.885971	the
5	1	15	1	3	20	1317	1542	36	28	70.305176	come
5	1	15	1	3	21	1362	1542	17	28	79.849243	as
5	1	15	1	3	22	1387	1542	24	28	93.228714	the
5	1	15	1	3	23	1420	1542	68	28	36.707302	Storting
5	1	15	1	3	24	1497	1542	38	28	57.864262	Bad
5	1	15	1	3	25	1544	1542	26	28	87.285431	Set
5	1	15	1	3	26	1579	1542	49	28	0.000000	execpt
5	1	15	1	3	27	1635	1542	14	28	59.285664	if
5	1	15	1	3	28	1658	1542	29	28	59.994331	well
5	1	15	1	3	29	1693	1542	57	28	46.003094	require
5	1	15	1	3	30	1758	1542	34	28	69.876251	cack
5	1	15	1	3	31	1800	1542	20	28	95.633675	of
5	1	15	1	3	32	1826	1542	24	28	76.067451	its
5	1	15	1	3	33	1856	1542	83	28	8.851082	sparimens
5	1	15	1	3	34	1947	1542	17	28	79.339096	to
5	1	15	1	3	35	1973	1542	57	28	56.835449	satufy
5	1	15	1	3	36	2038	1542	24	28	86.307625	the
5	1	15	1	3	37	2071	1542	82	28	46.108932	following
5	1	15	1	3	38	2164	1542	92	28	71.973595	additional
2	1	16	0	0	0	353	1579	1564	52	-1	
3	1	16	1	0	0	353	1579	1564	48	-1	
4	1	16	1	1	0	354	1579	1232	18	-1	
5	1	16	1	1	1	354	1580	16	17	41.848076	1)
5	1	16	1	1	2	379	1574	30	27	94.801086	The
5	1	16	1	1	3	417	1574	48	27	62.208836	terme
5	1	16	1	1	4	474	1582	7	11	44.966553	6
5	1	16	1	1	5	491	1574	28	27	73.556129	wall
5	1	16	1	1	6	527	1574	17	27	94.072639	be
5	1	16	1	1	7	552	1574	68	27	56.427273	enquired
5	1	16	1	1	8	629	1574	16	27	84.391380	to
5	1	16	1	1	9	653	1574	18	27	88.803192	be
5	1	16	1	1	10	683	1574	59	27	81.819199	mapped
5	1	16	1	1	11	752	1574	35	27	47.382923	onto
5	1	16	1	1	12	795	1574	71	27	0.000000	integers
5	1	16	1	1	13	872	1574	32	27	18.071785	lace
5	1	16	1	1	14	912	1574	39	27	80.522972	then
5	1	16	1	1	15	962	1580	12	13	83.460297	M
5	1	16	1	1	16	984	1574	35	27	48.799484	ino
5	1	16	1	1	17	1031	1574	62	27	29.915062	monucr
5	1	16	1	1	18	1101	1574	35	27	28.196709	thet
5	1	16	1	1	19	1144	1574	68	27	0.000000	setishcs
5	1	16	1	1	20	1220	1574	26	27	96.843590	the
5	1	16	1	1	21	1254	1574	66	27	67.621956	defining
5	1	16	1	1	22	1328	1574	42	27	90.989182	rules
5	1	16	1	1	23	1378	1579	16	18	95.478317	of
5	1	16	1	1	24	1403	1574	25	27	77.227097	our
5	1	16	1	1	25	1436	1574	75	27	59.069389	functions
5	1	16	1	1	26	1522	1574	68	27	35.232964	cymbels,
4	1	16	1	2	0	353	1594	1564	37	-1	
5	1	16	1	2	1	353	1594	31	32	14.517273	9)
5	1	16	1	2	2	399	1594	34	32	6.433479	F4(
5	1	16	1	2	3	437	1604	19	18	25.421532	2)
5	1	16	1	2	4	466	1594	65	32	6.164314	dewctes
5	1	16	1	2	5	541	1594	88	32	2.956833	fememonal
5	1	16	1	2	6	637	1594	48	32	46.387230	object
5	1	16	1	2	7	693	1594	18	32	90.626266	of
5	1	16	1	2	8	722	1604	47	18	72.282875	F(F(
5	1	16	1	2	9	786	1604	66	19	43.613113	F(2)))
5	1	16	1	2	10	863	1600	43	27	35.969475	(auth
5	1	16	1	2	11	915	1606	6	12	86.543457	§
5	1	16	1	2	12	935	1600	86	27	17.073471	Merations)
5	1	16	1	2	13	1029	1600	37	27	78.951904	then
5	1	16	1	2	14	1076	1600	39	27	81.504425	none
5	1	16	1	2	15	1124	1600	18	27	96.111008	of
5	1	16	1	2	16	1151	1600	25	27	56.023911	our
5	1	16	1	2	17	1184	1600	48	27	74.389160	terms
5	1	16	1	2	18	1241	1608	7	12	24.631569	t
5	1	16	1	2	19	1256	1600	30	27	94.436089	will
5	1	16	1	2	20	1295	1600	18	27	95.424721	be
5	1	16	1	2	21	1322	1600	59	27	66.611069	mapped
5	1	16	1	2	22	1391	1600	35	27	30.923546	ents
5	1	16	1	2	23	1434	1600	19	27	87.374474	on
5	1	16	1	2	24	1463	1600	55	27	40.921864	mieger
5	1	16	1	2	25	1530	1611	9	9	34.962105	2
5	1	16	1	2	26	1552	1603	52	28	94.025452	where
5	1	16	1	2	27	1612	1603	27	28	33.743393	for
5	1	16	1	2	28	1643	1607	31	20	33.743393	ic
5	1	16	1	2	29	1684	1608	18	17	84.489365	J,
5	1	16	1	2	30	1719	1597	30	32	96.047684	the
5	1	16	1	2	31	1759	1597	51	32	62.340172	object
5	1	16	1	2	32	1820	1601	54	24	0.000000	F#(n)
5	1	16	1	2	33	1897	1607	20	15	41.563744	0
2	1	17	0	0	0	303	1627	1951	79	-1	
3	1	17	1	0	0	303	1627	1951	75	-1	
4	1	17	1	1	0	353	1627	1900	21	-1	
5	1	17	1	1	1	353	1631	11	12	81.597855	A
5	1	17	1	1	2	373	1623	63	29	5.586914	vaduend
5	1	17	1	1	3	445	1623	42	29	34.690750	bad
5	1	17	1	1	4	494	1623	27	29	38.288124	cot
5	1	17	1	1	5	530	1630	8	13	73.899582	M
5	1	17	1	1	6	547	1623	34	29	53.458328	well
5	1	17	1	1	7	588	1623	27	29	60.348923	aot
5	1	17	1	1	8	624	1623	18	29	71.352043	be
5	1	17	1	1	9	651	1623	42	29	3.413376	quste
5	1	17	1	1	10	699	1623	18	29	75.342133	os
5	1	17	1	1	11	723	1623	45	29	35.871475	lorys
5	1	17	1	1	12	776	1623	18	29	50.688408	S,
5	1	17	1	1	13	803	1623	25	29	52.150642	but
5	1	17	1	1	14	839	1633	11	11	27.692680	1
5	1	17	1	1	15	858	1623	33	29	94.845375	will
5	1	17	1	1	16	897	1623	18	29	89.607971	of
5	1	17	1	1	17	924	1635	8	9	25.291168	«
5	1	17	1	1	18	941	1623	73	29	40.757744	stwaning
5	1	17	1	1	19	1023	1623	42	29	52.415604	lorge
5	1	17	1	1	20	1074	1623	32	29	54.510437	cise
5	1	17	1	1	21	1115	1623	59	29	73.220551	greeter
5	1	17	1	1	22	1182	1623	35	29	95.846573	than
5	1	17	1	1	23	1245	1635	31	11	30.686096	certainly
5	1	17	1	1	24	1310	1627	174	21	19.801743	M4»
5	1	17	1	1	25	1371	1623	42	29	26.509735	21
5	1	17	1	1	26	1424	1623	11	29	31.285889	.
5	1	17	1	1	27	1443	1623	40	29	69.298019	Back
5	1	17	1	1	28	1516	1637	49	10	73.426804	epecimen
5	1	17	1	1	29	1569	1623	18	29	89.746582	of
5	1	17	1	1	30	1596	1623	27	29	83.345444	the
5	1	17	1	1	31	1632	1623	66	29	0.000000	Redwced
5	1	17	1	1	32	1707	1623	44	29	28.338135	Disnd
5	1	17	1	1	33	1760	1623	27	29	94.191666	Sct
5	1	17	1	1	34	1794	1623	32	29	93.038681	will
5	1	17	1	1	35	1835	1623	59	29	70.978569	vielete
5	1	17	1	1	36	1902	1623	28	29	66.205338	eur
5	1	17	1	1	37	1939	1623	63	29	66.247993	amems
5	1	17	1	1	38	2069	1634	6	6	37.260971	"
5	1	17	1	1	39	2214	1637	39	9	92.447922	me
4	1	17	1	2	0	304	1629	1950	61	-1	
5	1	17	1	2	1	300	1642	51	43	20.016739	Son
5	1	17	1	2	2	357	1642	69	43	0.000000	acbecone
5	1	17	1	2	3	439	1642	33	43	38.429253	tras
5	1	17	1	2	4	482	1642	41	43	0.000000	Chee
5	1	17	1	2	5	532	1642	22	43	45.481281	tee
5	1	17	1	2	6	565	1642	47	43	8.940750	feline
5	1	17	1	2	7	626	1642	22	43	80.078064	tha
5	1	17	1	2	8	657	1648	34	28	43.975262	tute
5	1	17	1	2	9	701	1642	33	43	75.811798	thes
5	1	17	1	2	10	744	1642	37	43	0.000000	soch
5	1	17	1	2	11	790	1642	34	43	52.731613	Mme
5	1	17	1	2	12	837	1642	19	43	41.246765	toa
5	1	17	1	2	13	869	1642	44	43	8.151093	Poach
5	1	17	1	2	14	923	1667	8	9	8.541122	a
5	1	17	1	2	15	941	1642	55	43	0.000000	beeeh
5	1	17	1	2	16	1005	1642	55	43	5.623566	print,
5	1	17	1	2	17	1070	1642	49	43	11.967613	eeu
5	1	17	1	2	18	1134	1642	27	43	39.518948	ine
5	1	17	1	2	19	1178	1633	68	57	31.081024	pep
5	1	17	1	2	20	1250	1633	34	57	44.587677	ion
5	1	17	1	2	21	1307	1633	55	57	0.000000	oor
5	1	17	1	2	22	1387	1629	31	61	61.171318	wi
5	1	17	1	2	23	1442	1629	17	61	61.204006	i
5	1	17	1	2	24	1478	1637	37	46	43.396870	Sa
5	1	17	1	2	25	1544	1629	37	61	23.195938	ade
5	1	17	1	2	26	1595	1633	68	48	45.875061	oe
5	1	17	1	2	27	1740	1651	45	34	24.874886	ing
5	1	17	1	2	28	1796	1647	12	43	33.772995	a
5	1	17	1	2	29	1820	1651	132	30	29.555733	then
5	1	17	1	2	30	1868	1647	33	43	23.975975	tack
5	1	17	1	2	31	1915	1651	37	30	17.350739	bode
5	1	17	1	2	32	1973	1655	11	9	25.452515	of
5	1	17	1	2	33	2006	1632	64	58	16.312065	teen
5	1	17	1	2	34	2084	1632	34	58	13.819489	talk
5	1	17	1	2	35	2132	1632	64	58	0.000000	walans
5	1	17	1	2	36	2205	1632	49	58	30.135300	toe
4	1	17	1	3	0	556	1654	1207	41	-1	
5	1	17	1	3	1	556	1654	62	41	0.000000	[epey
5	1	17	1	3	2	1155	1657	50	31	16.480240	weree
5	1	17	1	3	3	1687	1669	7	12	21.312263	4
5	1	17	1	3	4	1700	1668	63	13	0.000000	oatisfas
4	1	17	1	4	0	303	1663	1713	43	-1	
5	1	17	1	4	1	303	1678	250	16	0.000000	demonts
5	1	17	1	4	2	382	1673	37	27	87.187393	from
5	1	17	1	4	3	431	1673	10	27	0.000000	R
5	1	17	1	4	4	452	1678	79	16	0.000000	catufying
5	1	17	1	4	5	539	1673	15	27	60.024208	ot
5	1	17	1	4	6	560	1673	18	27	92.232399	be
5	1	17	1	4	7	587	1673	16	27	83.262939	of
5	1	17	1	4	8	611	1673	39	27	17.820847	Lonct
5	1	17	1	4	9	659	1673	34	27	73.349388	half
5	1	17	1	4	10	699	1673	28	27	90.953728	the
5	1	17	1	4	11	735	1673	62	27	45.091850	member
5	1	17	1	4	12	805	1673	16	27	95.322052	of
5	1	17	1	4	13	832	1673	46	27	64.374916	modes
5	1	17	1	4	14	884	1673	79	27	1.847977	catiafyin;
5	1	17	1	4	15	1003	1663	22	43	34.235497	(aa
5	1	17	1	4	16	1038	1663	80	43	0.000000	anacotory
5	1	17	1	4	17	1128	1663	125	43	10.468887	cimuhansensly
5	1	17	1	4	18	1261	1663	59	43	0.000000	Lencrt
5	1	17	1	4	19	1325	1663	30	43	60.644993	the
5	1	17	1	4	20	1364	1663	41	43	8.035065	@VE
5	1	17	1	4	21	1422	1663	43	43	63.761063	Pla)
5	1	17	1	4	22	1476	1663	11	43	0.217270	pf
5	1	17	1	4	23	1497	1684	21	15	63.570404	Oe
5	1	17	1	4	24	1529	1663	37	43	67.959831	made
5	1	17	1	4	25	1576	1663	37	43	33.227188	Dua
5	1	17	1	4	26	1626	1663	18	43	35.303513	ee
5	1	17	1	4	27	1655	1663	22	43	53.950977	are
5	1	17	1	4	28	1687	1663	80	43	23.805244	permuted
5	1	17	1	4	29	1777	1663	15	43	59.647182	fe
5	1	17	1	4	30	1802	1663	54	43	41.000614	ignore
5	1	17	1	4	31	1863	1683	6	18	56.818565	j
5	1	17	1	4	32	1884	1683	38	16	95.936829	OLD
5	1	17	1	4	33	1959	1671	57	10	44.922329	Locum
2	1	18	0	0	0	300	1699	1738	92	-1	
3	1	18	1	0	0	300	1699	1738	92	-1	
4	1	18	1	1	0	300	1699	1738	92	-1	
5	1	18	1	1	1	300	1733	253	58	96.445000	References
5	1	18	1	1	2	592	1704	119	60	93.868591	ALL
5	1	18	1	1	3	764	1699	172	54	82.455917	PALE
5	1	18	1	1	4	967	1703	88	51	48.933643	$\s
5	1	18	1	1	5	1101	1700	96	62	74.499397	bib
5	1	18	1	1	6	1225	1706	231	54	32.195724	reCew-
5	1	18	1	1	7	1486	1713	52	58	64.152512	De
5	1	18	1	1	8	1642	1699	215	73	12.007759	VWilaed's
5	1	18	1	1	9	1896	1728	142	52	35.178436	yk
2	1	19	0	0	0	319	1781	1638	83	-1	
3	1	19	1	0	0	319	1781	1638	83	-1	
4	1	19	1	1	0	319	1781	897	26	-1	
5	1	19	1	1	1	319	1782	8	12	0.000000	Hi]
5	1	19	1	1	2	349	1781	16	14	37.292294	£.
5	1	19	1	1	3	373	1782	103	15	26.326912	Adamowsas,
5	1	19	1	1	4	487	1783	91	13	18.626617	“Mertownd
5	1	19	1	1	5	698	1784	33	13	52.062248	ond
5	1	19	1	1	6	738	1784	77	14	41.393856	Bowaded
5	1	19	1	1	7	821	1785	106	14	0.558434	Aruthmenic’,
5	1	19	1	1	8	941	1787	45	13	48.515907	Pund
5	1	19	1	1	9	993	1787	123	14	44.103447	Methemeticas
5	1	19	1	1	10	1124	1788	28	14	85.240433	171
5	1	19	1	1	11	1161	1788	55	19	73.775558	(2003)
4	1	19	1	2	0	349	1786	1437	49	-1	
5	1	19	1	2	1	349	1799	11	12	60.734558	Z
5	1	19	1	2	2	373	1786	100	34	23.540192	Ademowias
5	1	19	1	2	3	481	1786	29	34	75.727715	ond
5	1	19	1	2	4	517	1799	18	13	73.948036	P.
5	1	19	1	2	5	632	1800	35	15	63.760937	"Ou
5	1	19	1	2	6	677	1791	80	35	39.394894	Hertrend
5	1	19	1	2	7	763	1796	262	23	72.463837	consistency
5	1	19	1	2	8	872	1791	19	35	64.826324	ia
5	1	19	1	2	9	899	1791	39	35	65.843445	weak
5	1	19	1	2	10	945	1791	89	35	43.729767	theories”,
5	1	19	1	2	11	1039	1804	157	17	27.008919	Archiws
5	1	19	1	2	12	1115	1791	24	35	93.076752	for
5	1	19	1	2	13	1150	1795	181	26	0.000000	Mathemarretin
5	1	19	1	2	14	1660	1796	16	35	65.347122	%
5	1	19	1	2	15	1691	1788	36	47	90.120918	Ce
5	1	19	1	2	16	1753	1794	33	41	61.128204	Oo
4	1	19	1	3	0	348	1800	1468	35	-1	
5	1	19	1	3	1	348	1815	18	12	45.083763	4.
5	1	19	1	3	2	376	1815	150	14	0.000000	Rastorwah
5	1	19	1	3	3	476	1796	30	44	60.732323	ond
5	1	19	1	3	4	512	1796	19	44	84.987747	J,
5	1	19	1	3	5	534	1800	118	31	0.000000	Shoptordoon,
5	1	19	1	3	6	662	1816	67	14	0.000000	“Chasis
5	1	19	1	3	7	747	1796	59	44	55.331200	Second
5	1	19	1	3	8	817	1796	44	44	7.916420	Mock
5	1	19	1	3	9	910	1820	75	14	0.000000	ptenns
5	1	19	1	3	10	1025	1813	6	7	10.917137	eee,
5	1	19	1	3	11	1088	1821	7	6	26.270744	Mone
5	1	19	1	3	12	1198	1811	90	15	0.000000	wmetical
5	1	19	1	3	13	1273	1802	39	38	54.384937	Logie
5	1	19	1	3	14	1331	1815	10	14	61.866108	40
5	1	19	1	3	15	1356	1816	39	14	75.766014	(2001)
5	1	19	1	3	16	1412	1802	29	38	92.878014	pp.
5	1	19	1	3	17	1446	1816	71	15	74.792404	998-419.
5	1	19	1	3	18	1789	1803	27	28	60.034912	+
4	1	19	1	4	0	348	1813	1609	51	-1	
5	1	19	1	4	1	348	1829	16	30	14.728394	5
5	1	19	1	4	2	402	1825	38	44	44.695457	bese
5	1	19	1	4	3	454	1825	26	44	38.398964	aD
5	1	19	1	4	4	490	1835	10	25	47.078075	a
5	1	19	1	4	5	488	1831	121	33	0.000000	topene
5	1	19	1	4	6	620	1848	9	7	10.889694	ey
5	1	19	1	4	7	647	1832	55	16	17.310493	oe
5	1	19	1	4	8	711	1821	55	26	39.563019	These)
5	1	19	1	4	9	782	1834	50	16	57.361107	Proof
5	1	19	1	4	10	843	1811	56	51	0.000000	Theety
5	1	19	1	4	11	911	1811	47	51	50.697235	Wetec
5	1	19	1	4	12	966	1837	30	16	15.875626	Bo,
5	1	19	1	4	13	1006	1825	70	29	8.585701	Dake
5	1	19	1	4	14	1072	1811	22	51	8.585701	she
5	1	19	1	4	15	1095	1822	80	30	0.000000	ipagrn
5	1	19	1	4	16	1182	1824	17	17	45.713734	1
5	1	19	1	4	17	1204	1825	78	18	0.000000	Srmbeke
5	1	19	1	4	18	1289	1816	44	31	0.000000	Loge
5	1	19	1	4	19	1341	1815	19	32	27.362152	ft
5	1	19	1	4	20	1368	1816	53	33	0.000000	HH}
5	1	19	1	4	21	1432	1817	71	31	41.141212	483-644
5	1	19	1	4	22	1866	1813	56	34	0.000000	45
5	1	19	1	4	23	1932	1815	25	28	0.000000	@
2	1	20	0	0	0	344	1849	1495	104	-1	
3	1	20	1	0	0	470	1849	747	23	-1	
4	1	20	1	1	0	470	1849	747	23	-1	
5	1	20	1	1	1	470	1856	35	13	21.524269	4A.
5	1	20	1	1	2	735	1845	13	26	13.538475	1p
5	1	20	1	1	3	756	1845	18	26	68.954346	of
5	1	20	1	1	4	778	1849	76	15	0.840111	Consiete
5	1	20	1	1	5	892	1851	99	15	0.000000	Steterments
5	1	20	1	1	6	997	1854	18	13	92.851631	in
5	1	20	1	1	7	1024	1854	90	17	64.801987	Progments
5	1	20	1	1	8	1122	1847	17	29	93.201935	of
5	1	20	1	1	9	1144	1855	73	17	42.904911	Bovaded
3	1	20	2	0	0	344	1851	1289	37	-1	
4	1	20	2	1	0	344	1851	1289	37	-1	
5	1	20	2	1	1	344	1858	19	25	24.477020	Zz
5	1	20	2	1	2	472	1859	15	25	60.846268	"A
5	1	20	2	1	3	499	1859	53	25	0.000000	ethene
5	1	20	2	1	4	567	1859	28	25	0.000000	ete
5	1	20	2	1	5	599	1859	23	25	0.000000	oe
5	1	20	2	1	6	669	1865	118	15	25.183136	ethamatice
5	1	20	2	1	7	769	1861	17	25	69.959900	ta
5	1	20	2	1	8	796	1861	9	25	71.720558	@
5	1	20	2	1	9	813	1866	15	15	33.618828	Ci
5	1	20	2	1	10	835	1851	41	37	0.000000	aor
5	1	20	2	1	11	887	1851	4	37	77.726334	|
5	1	20	2	1	12	972	1862	49	26	45.201641	Pead
5	1	20	2	1	13	1056	1871	13	14	0.000000	is
5	1	20	2	1	14	1224	1860	109	21	47.198902	Arithmetic",
5	1	20	2	1	15	1341	1866	60	14	29.863014	Annale
5	1	20	2	1	16	1428	1861	46	25	77.116714	Pere
5	1	20	2	1	17	1542	1869	40	17	54.276867	pled
5	1	20	2	1	18	1589	1869	44	18	70.248421	Logic
3	1	20	3	0	0	348	1863	1491	66	-1	
4	1	20	3	1	0	349	1863	1490	47	-1	
5	1	20	3	1	1	349	1878	20	13	0.043526	M.
5	1	20	3	1	2	390	1881	52	16	30.168129	Sonny,
5	1	20	3	1	3	451	1879	42	14	42.938099	Port
5	1	20	3	1	4	500	1879	72	31	31.068642	Orter
5	1	20	3	1	5	614	1864	34	30	30.156677	“sols
5	1	20	3	1	6	654	1881	96	15	28.889160	Automated
5	1	20	3	1	7	758	1870	80	27	0.000000	Thecmes
5	1	20	3	1	8	838	1863	77	46	0.000000	Prowtngs
5	1	20	3	1	9	930	1863	126	46	0.000000	Srnec
5	1	20	3	1	10	1064	1889	44	14	0.000000	Tene
5	1	20	3	1	11	1155	1873	20	16	3.184929	SP
5	1	20	3	1	12	1182	1873	55	20	12.493423	80)
5	1	20	3	1	13	1245	1881	25	14	38.611000	pp.
5	1	20	3	1	14	1280	1880	48	15	7.217300	38-08
5	1	20	3	1	15	1407	1867	134	19	0.000000	_—-*
5	1	20	3	1	16	1640	1869	83	20	27.018959	id
5	1	20	3	1	17	1730	1876	25	14	18.679131	iil
5	1	20	3	1	18	1765	1873	74	18	0.000000	eae
4	1	20	3	2	0	348	1894	993	39	-1	
5	1	20	3	2	1	348	1904	46	20	55.430641	ae
5	1	20	3	2	2	731	1894	28	39	52.905136	nei
5	1	20	3	2	3	876	1905	97	20	0.000000	Soames
5	1	20	3	2	4	981	1904	96	18	28.195862	Preblems®,
5	1	20	3	2	5	1085	1904	40	16	42.406879	Ohio
5	1	20	3	2	6	1133	1904	42	16	92.730934	State
5	1	20	3	2	7	1185	1908	38	15	62.934307	Teak
5	1	20	3	2	8	1230	1910	62	19	63.142715	Report,
5	1	20	3	2	9	1302	1915	39	14	75.941879	1979.
3	1	20	4	0	0	401	1907	945	46	-1	
4	1	20	4	1	0	401	1907	945	46	-1	
5	1	20	4	1	1	401	1907	95	30	2.096375	Prieénen,
5	1	20	4	1	2	501	1909	59	44	0.000000	Patneer
5	1	20	4	1	3	566	1909	77	44	0.000000	pacts
5	1	20	4	1	4	688	1914	46	15	12.834137	Rdatwwe
5	1	20	4	1	5	766	1915	124	20	79.344978	Consistency",
5	1	20	4	1	6	897	1918	43	15	30.705803	Ohio
5	1	20	4	1	7	947	1920	45	15	64.852814	Siete
5	1	20	4	1	8	1000	1921	42	15	74.642296	Tach
5	1	20	4	1	9	1048	1922	64	18	21.602890	Maport,
5	1	20	4	1	10	1119	1923	43	15	86.388725	1979.
5	1	20	4	1	11	1342	1925	4	3	13.575096	7
2	1	21	0	0	0	307	1928	1632	85	-1	
3	1	21	1	0	0	309	1928	1038	37	-1	
4	1	21	1	1	0	309	1928	1038	37	-1	
5	1	21	1	1	1	309	1931	6	12	44.373909	1h
5	1	21	1	1	2	348	1929	19	15	28.180313	K.
5	1	21	1	1	3	440	1931	9	8	52.062626	5
5	1	21	1	1	4	457	1928	41	18	30.181358	Cher
5	1	21	1	1	5	510	1933	52	13	63.741337	formal
5	1	21	1	1	6	568	1933	143	15	0.000000	wnsntochaithere
5	1	21	1	1	7	718	1934	46	15	31.683594	$live
5	1	21	1	1	8	772	1935	29	14	89.046570	dar
5	1	21	1	1	9	808	1936	83	18	68.037132	Principia
5	1	21	1	1	10	899	1939	114	17	13.466949	Methzmatice
5	1	21	1	1	11	1020	1942	32	14	51.270164	ead
5	1	21	1	1	12	1063	1943	86	14	26.466896	Vorwondte
5	1	21	1	1	13	1169	1947	58	14	0.000000	Spslome
5	1	21	1	1	14	1294	1952	53	13	12.902802	matehe
3	1	21	2	0	0	308	1943	1182	27	-1	
4	1	21	2	1	0	308	1943	1182	27	-1	
5	1	21	2	1	1	308	1947	6	12	42.574940	1]
5	1	21	2	1	2	347	1947	39	13	55.823441	P.
5	1	21	2	1	3	377	1938	52	34	0.000000	Miyeh,
5	1	21	2	1	4	437	1948	280	19	3.005829	*Methemetionl
5	1	21	2	1	5	576	1938	46	34	48.904831	Pussy
5	1	21	2	1	6	632	1938	46	34	57.660461	Logic
5	1	21	2	1	7	689	1938	29	34	65.520081	ond
5	1	21	2	1	8	738	1952	52	14	38.627319	Mature!
5	1	21	2	1	9	813	1954	62	14	28.022774	Numbers
5	1	21	2	1	10	1157	1943	11	15	86.106010	5
5	1	21	2	1	11	1234	1947	18	14	31.342369	a,
5	1	21	2	1	12	1348	1945	23	35	73.120155	Re
5	1	21	2	1	13	1379	1945	27	35	73.337181	Kir
5	1	21	2	1	14	1414	1945	41	35	81.317780	Moth
5	1	21	2	1	15	1466	1945	27	35	46.993996	Ph,
3	1	21	3	0	0	308	1945	1412	61	-1	
4	1	21	3	1	0	308	1945	1412	61	-1	
5	1	21	3	1	1	308	1964	6	11	15.250557	1
5	1	21	3	1	2	347	1962	18	15	0.000000	8:
5	1	21	3	1	3	372	1948	54	29	16.493439	Raye,
5	1	21	3	1	4	437	1964	23	14	27.840561	oe
5	1	21	3	1	5	724	1952	14	13	0.000000	Meterel
5	1	21	3	1	6	797	1952	15	14	26.215019	W
5	1	21	3	1	7	878	1955	12	17	78.152863	*,
5	1	21	3	1	8	896	1955	47	19	61.361053	fussy
5	1	21	3	1	9	992	1958	14	17	23.058708	logia®,
5	1	21	3	1	10	1069	1962	53	30	36.667751	sae
5	1	21	3	1	11	1134	1946	57	52	17.153664	Mother
5	1	21	3	1	12	1199	1946	53	52	17.153664	cticae
5	1	21	3	1	13	1252	1958	13	22	15.891533	1
5	1	21	3	1	14	1283	1945	56	61	0.000000	fiaeh
5	1	21	3	1	15	1347	1973	25	13	32.269012	Pe
5	1	21	3	1	16	1384	1951	16	45	51.812820	pp
5	1	21	3	1	17	1410	1951	31	45	0.000000	tbe
5	1	21	3	1	18	1448	1951	27	45	0.000000	t0s
5	1	21	3	1	19	1485	1951	47	45	7.148438	(ae
5	1	21	3	1	20	1553	1951	52	45	18.542496	Seat)
5	1	21	3	1	21	1611	1967	27	27	44.657368	or,
5	1	21	3	1	22	1646	1964	74	16	59.581230	348-300.
3	1	21	4	0	0	307	1969	1632	44	-1	
4	1	21	4	1	0	307	1969	1632	44	-1	
5	1	21	4	1	1	307	1997	7	12	14.582336	a)
5	1	21	4	1	2	347	1980	39	30	34.715019	Bick
5	1	21	4	1	3	428	1982	53	14	74.270668	ond
5	1	21	4	1	4	471	1969	12	45	60.029247	P
5	1	21	4	1	5	699	1969	5	15	46.648766	;
5	1	21	4	1	6	759	1986	44	14	41.729530	Piret
5	1	21	4	1	7	815	1969	48	38	51.203430	Order
5	1	21	4	1	8	872	1973	87	19	0.000000	arent
5	1	21	4	1	9	1017	1976	60	18	12.941727	«Logis
5	1	21	4	1	10	1094	1977	56	14	27.800766	Journal
5	1	21	4	1	11	1159	1971	14	40	86.485779	of
5	1	21	4	1	12	1180	1978	25	15	84.098915	tha
5	1	21	4	1	13	1213	1980	32	15	71.416855	JPL
5	1	21	4	1	14	1255	1983	19	13	58.782654	19
5	1	21	4	1	15	1290	1984	38	15	64.590225	(2051)
5	1	21	4	1	16	1346	1990	24	13	83.943008	pp.
5	1	21	4	1	17	1379	1975	72	30	25.622772	87-476.
5	1	21	4	1	18	1660	1982	34	14	43.651428	cise
5	1	21	4	1	19	1702	1988	108	17	32.821953	eppeanag
5	1	21	4	1	20	1792	1978	17	39	55.591946	om
5	1	21	4	1	21	1818	1978	79	39	90.355164	reference
5	1	21	4	1	22	1903	1992	36	21	32.395538	[1].
2	1	22	0	0	0	307	1981	1106	103	-1	
3	1	22	1	0	0	307	1983	1106	97	-1	
4	1	22	1	1	0	482	1983	488	26	-1	
5	1	22	1	1	1	482	1992	4	4	29.151207	|.
5	1	22	1	1	2	495	1983	66	16	41.708878	Pudith,
5	1	22	1	1	3	572	1978	13	29	55.496742	MM
5	1	22	1	1	4	589	1984	156	15	37.042332	ctemathemstiae
5	1	22	1	1	5	736	1978	13	29	21.178864	9}
5	1	22	1	1	6	805	1983	58	30	69.661911	Order
5	1	22	1	1	7	872	1983	101	30	7.363846	Arithenstia,
4	1	22	1	2	0	363	1983	806	43	-1	
5	1	22	1	2	1	363	1997	24	13	0.000000	w?
5	1	22	1	2	2	443	1983	50	37	5.788948	Uler
5	1	22	1	2	3	568	1983	43	37	29.368126	adie
5	1	22	1	2	4	1064	1994	53	32	35.400146	Verdes
5	1	22	1	2	5	1126	1995	43	15	81.282547	1991.
4	1	22	1	3	0	347	1981	1066	67	-1	
5	1	22	1	3	1	347	2013	63	31	23.465584	Af
5	1	22	1	3	2	432	1981	73	67	0.000000	Beyhg
5	1	22	1	3	3	527	1981	68	67	34.477287	Licey
5	1	22	1	3	4	611	1981	34	67	0.000000	<¥
5	1	22	1	3	5	666	1981	108	67	0.000000	mmed
5	1	22	1	3	6	785	2003	73	36	3.686638	Derick
5	1	22	1	3	7	866	2006	100	34	0.000000	grremiation
5	1	22	1	3	8	993	2011	31	14	7.932739	(1907)
5	1	22	1	3	9	1043	2010	16	18	83.791763	by
5	1	22	1	3	10	1066	2011	34	17	42.942318	JV
5	1	22	1	3	11	1122	2013	291	23	31.617706	Metencort
5	1	22	1	3	12	1203	1999	17	47	86.325577	in
5	1	22	1	3	13	1231	1999	40	47	93.058266	Prom
5	1	22	1	3	14	1282	1999	44	47	56.554699	Prege
5	1	22	1	3	15	1337	1999	16	47	74.509796	ts
5	1	22	1	3	16	1364	1999	52	47	31.999672	Gédat:
4	1	22	1	4	0	307	2031	972	36	-1	
5	1	22	1	4	1	307	2046	7	13	68.251129	19
5	1	22	1	4	2	345	2045	43	17	55.253090	$C.
5	1	22	1	4	3	395	2048	67	17	49.472614	Kleene,
5	1	22	1	4	4	471	2031	74	33	17.787918	Gar
5	1	22	1	4	5	551	2027	25	42	28.982643	nz
5	1	22	1	4	6	546	2033	139	31	0.000000	Eectomrnls
5	1	22	1	4	7	694	2027	15	42	40.566475	bn
5	1	22	1	4	8	717	2036	63	14	19.843590	Formal
5	1	22	1	4	9	789	2037	7	14	32.728188	i
5	1	22	1	4	10	812	2054	8	7	63.323669	ot
5	1	22	1	4	11	876	2042	40	16	0.000000	ee®,
5	1	22	1	4	12	1006	2047	28	12	55.590969	ale
5	1	22	1	4	13	1041	2045	120	16	14.356277	Mathematlees
5	1	22	1	4	14	1170	2047	75	20	0.000000	78/1971)
5	1	22	1	4	15	1254	2050	25	14	52.132107	17.
4	1	22	1	5	0	644	2046	663	38	-1	
5	1	22	1	5	1	644	2050	6	18	10.464165	4
5	1	22	1	5	2	662	2046	67	38	47.124184	Ordinal
5	1	22	1	5	3	741	2046	85	38	48.189308	Wumbers*,
5	1	22	1	5	4	839	2046	64	38	60.062630	Jowrnal
5	1	22	1	5	5	912	2046	15	38	93.292297	of
5	1	22	1	5	6	937	2046	77	38	0.000000	Symbohe
5	1	22	1	5	7	1023	2046	45	38	46.553818	Logie
5	1	22	1	5	8	1076	2064	5	14	22.871933	B
5	1	22	1	5	9	1090	2046	38	38	52.984840	(193
5	1	22	1	5	10	1282	2052	25	16	51.466476	40.
2	1	23	0	0	0	307	2058	935	71	-1	
3	1	23	1	0	0	307	2058	935	64	-1	
4	1	23	1	1	0	315	2058	917	44	-1	
5	1	23	1	1	1	315	2066	10	13	0.000000	|
5	1	23	1	1	2	345	2066	16	14	29.766258	4.
5	1	23	1	1	3	370	2058	81	44	0.000000	Kreplenk,
5	1	23	1	1	4	462	2058	70	44	20.056084	Rowaded
5	1	23	1	1	5	542	2058	118	44	35.243103	Propositional
5	1	23	1	1	6	713	2059	36	36	45.109436	oad
5	1	23	1	1	7	758	2059	42	36	91.350342	Com,
5	1	23	1	1	8	1129	2063	22	18	37.837032	4),
5	1	23	1	1	9	1161	2064	71	16	44.295113	166186,
4	1	23	1	2	0	307	2066	935	40	-1	
5	1	23	1	2	1	307	2083	6	12	51.465370	1
5	1	23	1	2	2	346	2083	43	14	66.250252	LA.
5	1	23	1	2	3	629	2066	30	40	78.817368	mal
5	1	23	1	2	4	668	2066	44	40	71.928909	Logie
5	1	23	1	2	5	727	2091	4	11	21.500832	7
5	1	23	1	2	6	836	2073	21	35	65.527153	ty
5	1	23	1	2	7	868	2073	68	35	74.783859	Theory,
5	1	23	1	2	8	946	2073	89	35	0.000000	Cambridge
5	1	23	1	2	9	1044	2083	78	15	75.861603	University
5	1	23	1	2	10	1140	2084	49	17	78.549858	Press,
5	1	23	1	2	11	1239	2097	3	4	70.277962	1996,
4	1	23	1	3	0	344	2070	894	59	-1	
5	1	23	1	3	1	344	2099	20	15	23.677353	G,
5	1	23	1	3	2	375	2082	59	47	0.000000	Koained
5	1	23	1	3	3	445	2082	29	47	60.958523	and
5	1	23	1	3	4	479	2102	21	15	40.060543	Cr
5	1	23	1	3	5	516	2082	71	47	39.001698	Tesco,
5	1	23	1	3	6	594	2082	87	47	23.992813	*Pormale
5	1	23	1	3	7	701	2089	25	28	31.427681	Seif
5	1	23	1	3	8	767	2090	18	17	43.617851	hor,
5	1	23	1	3	9	788	2070	104	59	0.000000	orale
5	1	23	1	3	10	1036	2085	103	44	29.329750	tomatcatle
5	1	23	1	3	11	1199	2085	39	16	42.648567	sae
2	1	24	0	0	0	345	2083	909	98	-1	
3	1	24	1	0	0	759	2083	475	48	-1	
4	1	24	1	1	0	890	2083	344	40	-1	
5	1	24	1	1	1	890	2099	6	13	26.660835	w
5	1	24	1	1	2	904	2095	27	17	79.297256	for
5	1	24	1	1	3	939	2097	68	19	7.669899	Finitaly
5	1	24	1	1	4	1010	2083	28	40	51.089626	‘ae
5	1	24	1	1	5	1145	2101	89	17	40.343811	Prepments
4	1	24	1	2	0	759	2107	220	28	-1	
5	1	24	1	2	1	755	2104	73	28	29.981819	jerontiol
5	1	24	1	2	2	836	2114	107	14	18.625038	Propeciions
5	1	24	1	2	3	946	2107	33	28	76.548889	fer
3	1	24	2	0	0	346	2104	885	47	-1	
4	1	24	2	1	0	346	2104	885	47	-1	
5	1	24	2	1	1	346	2117	65	15	0.000000	Hisheord
5	1	24	2	1	2	417	2118	71	17	10.323875	Liptoe's
5	1	24	2	1	3	496	2120	39	17	34.296150	Mey
5	1	24	2	1	4	541	2121	27	16	68.921371	81,
5	1	24	2	1	5	576	2121	45	14	73.686371	2067
5	1	24	2	1	6	630	2100	72	48	0.000000	Bloginng
5	1	24	2	1	7	714	2100	68	48	0.000000	Eolcoce
5	1	24	2	1	8	786	2111	93	40	15.139503	REMAIN
5	1	24	2	1	9	888	2111	15	40	18.901680	E,
5	1	24	2	1	10	982	2111	33	44	34.627975	Cie
5	1	24	2	1	11	1022	2111	37	44	17.306747	ears
5	1	24	2	1	12	1066	2117	76	32	0.000000	Cicseical
5	1	24	2	1	13	1149	2118	82	31	0.000000	Aealoies
3	1	24	3	0	0	346	2130	897	22	-1	
4	1	24	3	1	0	346	2130	897	22	-1	
5	1	24	3	1	1	346	2133	20	14	76.908440	M.
5	1	24	3	1	2	374	2134	19	13	73.675087	M.
5	1	24	3	1	3	402	2134	22	15	41.266594	Lbb,
5	1	24	3	1	4	448	2136	13	13	89.700813	A
5	1	24	3	1	5	469	2135	74	16	0.757294	Solstion
5	1	24	3	1	6	551	2124	18	34	75.635941	bo
5	1	24	3	1	7	595	2138	74	14	43.944698	Problem
5	1	24	3	1	8	900	2130	45	15	45.805786	RIN
5	1	24	3	1	9	982	2133	79	16	90.231979	COMMENT
5	1	24	3	1	10	1089	2135	28	14	79.173935	LINE
5	1	24	3	1	11	1126	2124	24	35	96.440208	TO
5	1	24	3	1	12	1159	2135	52	16	83.102882	SAVE
5	1	24	3	1	13	1230	2130	13	21	73.174477	SP,
3	1	24	4	0	0	345	2135	909	46	-1	
4	1	24	4	1	0	345	2135	909	46	-1	
5	1	24	4	1	1	341	2117	22	78	25.117989	Pa
5	1	24	4	1	2	386	2117	46	78	20.112617	Bir
5	1	24	4	1	3	550	2139	37	13	0.000000	Someta
5	1	24	4	1	4	588	2117	72	78	16.881317	erry
5	1	24	4	1	5	660	2138	237	35	25.559212	lent
5	1	24	4	1	6	763	2117	46	78	36.854355	ry
5	1	24	4	1	7	822	2117	52	78	41.373081	ioe
5	1	24	4	1	8	1013	2150	122	19	10.787819	ore
2	1	25	0	0	0	343	2148	662	61	-1	
3	1	25	1	0	0	343	2148	662	57	-1	
4	1	25	1	1	0	439	2148	450	33	-1	
5	1	25	1	1	1	439	2148	105	33	8.664963	Predisatovs
5	1	25	1	1	2	753	2158	44	14	70.770538	Moth
5	1	25	1	1	3	820	2162	40	15	24.017677	Notes,
5	1	25	1	1	4	871	2162	18	15	82.254044	19
4	1	25	1	2	0	445	2165	470	28	-1	
5	1	25	1	2	1	445	2165	94	28	0.000000	“"Eeicteus
5	1	25	1	2	2	911	2173	4	4	1.856926	"
4	1	25	1	3	0	343	2152	662	57	-1	
5	1	25	1	3	1	343	2182	16	15	0.000000	}
5	1	25	1	3	2	367	2163	70	40	45.646252	pk,
5	1	25	1	3	3	488	2164	21	42	37.668285	as
5	1	25	1	3	4	539	2166	42	28	67.994202	ond
5	1	25	1	3	5	585	2152	44	57	30.805344	Toso
5	1	25	1	3	6	647	2152	29	57	0.000000	hay
5	1	25	1	3	7	707	2169	111	38	0.000000	frahmetis®,
5	1	25	1	3	8	826	2159	71	45	49.513439	Journal
5	1	25	1	3	9	904	2159	16	45	41.691414	9]
5	1	25	1	3	10	926	2181	79	18	35.077110	SBymbotic
2	1	26	0	0	0	344	2184	1166	155	-1	
3	1	26	1	0	0	344	2184	1166	154	-1	
4	1	26	1	1	0	1012	2184	212	34	-1	
5	1	26	1	1	1	1012	2184	46	19	44.805126	Logie
5	1	26	1	1	2	1065	2186	20	15	90.022415	36
5	1	26	1	1	3	1093	2185	57	33	62.622398	ary
5	1	26	1	1	4	1157	2186	67	17	61.835396	494-408
4	1	26	1	2	0	344	2187	1126	43	-1	
5	1	26	1	2	1	344	2200	39	16	31.210175	a
5	1	26	1	2	2	454	2203	27	15	32.086594	vad
5	1	26	1	2	3	488	2208	30	10	18.197258	CI
5	1	26	1	2	4	817	2193	111	35	0.000000	Usfpchoebiity
5	1	26	1	2	5	951	2204	10	10	73.546379	of
5	1	26	1	2	6	975	2200	57	19	0.000000	Cuis®,
5	1	26	1	2	7	1040	2202	68	15	28.596024	Journal
5	1	26	1	2	8	1115	2202	18	18	91.182587	of
5	1	26	1	2	9	1150	2187	65	33	9.850197	raboks
5	1	26	1	2	10	1222	2205	46	19	49.536266	Logie
5	1	26	1	2	11	1275	2208	20	16	49.508671	ge
5	1	26	1	2	12	1303	2207	57	21	87.946243	(1943)
5	1	26	1	2	13	1368	2216	25	13	90.259468	pp.
5	1	26	1	2	14	1402	2212	68	18	12.730148	s04-609
4	1	26	1	3	0	344	2216	1139	71	-1	
5	1	26	1	3	1	344	2217	17	31	54.323631	z
5	1	26	1	3	2	364	2224	70	34	3.939224	Pedisn,
5	1	26	1	3	3	445	2216	73	44	31.543076	oad
5	1	26	1	3	4	517	2219	72	57	35.747292	Locate
5	1	26	1	3	5	602	2219	15	57	13.816818	a}
5	1	26	1	3	6	631	2219	48	57	62.662853	Prete
5	1	26	1	3	7	688	2219	19	57	77.652504	of
5	1	26	1	3	8	820	2245	7	7	66.037415	*,
5	1	26	1	3	9	840	2247	19	14	33.214630	ba
5	1	26	1	3	10	870	2227	12	45	0.000000	oT
5	1	26	1	3	11	903	2227	54	45	29.098824	tote
5	1	26	1	3	12	958	2223	50	51	42.983116	BE
5	1	26	1	3	13	992	2218	66	50	42.790104	Bro
5	1	26	1	3	14	1066	2230	40	25	35.363091	sa
5	1	26	1	3	15	1126	2221	18	14	71.255035	i
5	1	26	1	3	16	1187	2235	12	46	76.755783	H
5	1	26	1	3	17	1213	2239	13	31	26.162292	a
5	1	26	1	3	18	1240	2241	37	17	25.519180	eo
5	1	26	1	3	19	1426	2253	57	34	10.205124	foluma
4	1	26	1	4	0	344	2244	1166	62	-1	
5	1	26	1	4	1	344	2244	18	38	73.221550	£
5	1	26	1	4	2	366	2264	25	26	48.814941	Mt.
5	1	26	1	4	3	430	2250	30	42	37.855652	maa
5	1	26	1	4	4	467	2265	7	22	0.000000	:
5	1	26	1	4	5	483	2273	88	13	0.000000	*Prowebihty
5	1	26	1	4	6	596	2273	8	14	35.040955	J
5	1	26	1	4	7	710	2259	14	13	0.000000	-
5	1	26	1	4	8	737	2278	18	12	45.553707	he
5	1	26	1	4	9	763	2277	17	14	30.361778	hi
5	1	26	1	4	10	827	2255	6	8	50.461700	:
5	1	26	1	4	11	927	2268	25	15	56.788120	iy
5	1	26	1	4	12	1002	2267	33	39	13.860657	“ry
5	1	26	1	4	13	1042	2255	143	48	21.033974	aa
5	1	26	1	4	14	1225	2257	101	18	26.242493	meet
5	1	26	1	4	15	1331	2262	63	20	0.000000	—
5	1	26	1	4	16	1487	2268	23	18	19.382317	”
4	1	26	1	5	0	344	2275	1035	63	-1	
5	1	26	1	5	1	344	2284	128	31	7.900208	Ser
5	1	26	1	5	2	481	2275	232	48	28.035446	ra
5	1	26	1	5	3	576	2271	43	71	39.333443	dec
5	1	26	1	5	4	659	2271	42	71	35.410530	ae
5	1	26	1	5	5	720	2293	35	14	32.035568	a
5	1	26	1	5	6	763	2294	77	16	30.180550	Ma
5	1	26	1	5	7	855	2292	39	21	5.498138	TF
5	1	26	1	5	8	957	2286	11	15	27.756058	anal
5	1	26	1	5	9	1034	2288	18	17	34.121368	Rela
5	1	26	1	5	10	1059	2289	26	14	24.656479	ern
5	1	26	1	5	11	1223	2292	71	33	0.994301	TA,
5	1	26	1	5	12	1304	2296	75	18	26.577843	rh
3	1	26	2	0	0	1230	2326	14	13	-1	
4	1	26	2	1	0	1230	2326	14	13	-1	
5	1	26	2	1	1	1230	2326	14	13	3.966232	te
2	1	27	0	0	0	1422	2020	490	49	-1	
3	1	27	1	0	0	1422	2020	490	49	-1	
4	1	27	1	1	0	1422	2020	490	49	-1	
5	1	27	1	1	1	1422	2024	12	13	71.967796	4
5	1	27	1	1	2	1446	2020	54	49	43.343483	Sevres
5	1	27	1	1	3	1511	2020	38	49	60.797962	Beak
5	1	27	1	1	4	1556	2020	14	49	76.398270	im
5	1	27	1	1	5	1581	2020	42	49	69.838730	Math
5	1	27	1	1	6	1634	2020	54	49	60.003227	Logic,
5	1	27	1	1	7	1695	2020	66	49	0.000000	Marvard
5	1	27	1	1	8	1773	2020	50	49	53.895855	Prose,
5	1	27	1	1	9	1834	2020	34	49	79.939804	page
5	1	27	1	1	10	1879	2020	33	49	86.120544	$14)
2	1	28	0	0	0	1256	2105	620	51	-1	
3	1	28	1	0	0	1256	2105	620	51	-1	
4	1	28	1	1	0	1266	2105	245	24	-1	
5	1	28	1	1	1	1266	2105	57	16	0.000000	Beond
5	1	28	1	1	2	1329	2108	109	21	36.477818	Arithmetic®,
5	1	28	1	1	3	1445	2112	66	17	26.083191	Jownal
4	1	28	1	2	0	1256	2117	620	39	-1	
5	1	28	1	2	1	1256	2127	115	29	0.000000	rgertationes
5	1	28	1	2	2	1381	2128	9	13	10.145172	A
5	1	28	1	2	3	1396	2128	101	18	0.000000	atheimalicas
5	1	28	1	2	4	1505	2121	21	26	44.526413	111
5	1	28	1	2	5	1539	2117	12	34	24.793625	i
5	1	28	1	2	6	1560	2136	37	18	0.000000	T7)
5	1	28	1	2	7	1608	2118	16	42	45.603119	ve
5	1	28	1	2	8	1623	2122	71	34	16.113602	Tag
5	1	28	1	2	9	1689	2118	4	42	0.000000	|
5	1	28	1	2	10	1704	2127	56	19	73.982796	(2008)
5	1	28	1	2	11	1767	2135	25	12	56.135754	pp.
5	1	28	1	2	12	1802	2131	74	17	47.244865	624-438.
2	1	29	0	0	0	1146	2222	21	31	-1	
3	1	29	1	0	0	1146	2222	21	31	-1	
4	1	29	1	1	0	1146	2222	21	31	-1	
5	1	29	1	1	1	1146	2222	21	31	95.000000	  
2	1	30	0	0	0	1518	2264	304	31	-1	
3	1	30	1	0	0	1518	2264	304	31	-1	
4	1	30	1	1	0	1518	2264	304	31	-1	
5	1	30	1	1	1	1518	2264	83	29	49.867722	Sprrager.
5	1	30	1	1	2	1600	2268	87	31	36.170006	Wien-New
5	1	30	1	1	3	1694	2268	42	31	89.534302	York,
5	1	30	1	1	4	1742	2283	21	12	94.494095	pp
5	1	30	1	1	5	1770	2280	52	15	68.723091	66-46.
2	1	31	0	0	0	314	2301	1293	90	-1	
3	1	31	1	0	0	314	2301	1293	90	-1	
4	1	31	1	1	0	892	2301	300	19	-1	
5	1	31	1	1	1	892	2309	5	7	40.121216	i,
5	1	31	1	1	2	906	2301	62	15	9.056587	Anmale
5	1	31	1	1	3	976	2303	41	15	69.953812	Pare
5	1	31	1	1	4	1025	2305	32	14	77.808014	and
5	1	31	1	1	5	1063	2306	67	14	25.355392	Apphed
5	1	31	1	1	6	1184	2306	8	8	63.978630	Logie®
4	1	31	1	2	0	464	2303	325	26	-1	
5	1	31	1	2	1	464	2303	8	26	30.006302	le
5	1	31	1	2	2	646	2310	143	15	0.000000	communications
4	1	31	1	3	0	314	2302	1157	47	-1	
5	1	31	1	3	1	314	2318	8	14	35.168983	3)
5	1	31	1	3	2	346	2319	15	15	28.795586	V.
5	1	31	1	3	3	370	2319	69	21	0.000000	Sonslnen
5	1	31	1	3	4	450	2324	35	15	5.219498	ha
5	1	31	1	3	5	491	2325	73	17	30.254753	rere
5	1	31	1	3	6	651	2326	80	16	0.000000	armamvnke
5	1	31	1	3	7	792	2303	59	47	22.147964	dering
5	1	31	1	3	8	862	2316	40	17	37.826443	Ape
5	1	31	1	3	9	914	2318	19	17	91.673805	of
5	1	31	1	3	10	940	2319	38	18	45.576050	1954
5	1	31	1	3	11	988	2302	125	44	0.000000	RAMAINOSR
5	1	31	1	3	12	1123	2302	19	44	18.372406	IM
5	1	31	1	3	13	1156	2302	42	44	34.067802	COM
5	1	31	1	3	14	1287	2312	30	32	47.483650	WE
5	1	31	1	3	15	1324	2308	27	45	47.483650	TO
5	1	31	1	3	16	1361	2308	50	45	34.468506	SAVE
5	1	31	1	3	17	1421	2333	50	16	39.355446	Srac
4	1	31	1	4	0	437	2325	1128	49	-1	
5	1	31	1	4	1	437	2331	49	34	80.794075	“The
5	1	31	1	4	2	623	2325	71	49	36.404804	sr
5	1	31	1	4	3	701	2325	113	40	0.000000	[orlevtrrpeye
5	1	31	1	4	4	824	2336	35	30	0.939545	fA
5	1	31	1	4	5	896	2335	117	21	0.000000	Crsceereaih’s
5	1	31	1	4	6	1022	2342	66	14	56.661156	Weaker
5	1	31	1	4	7	1096	2342	74	15	34.524849	Veriont®
5	1	31	1	4	8	1178	2343	122	20	29.656433	Pundamenta
5	1	31	1	4	9	1294	2331	11	39	47.103096	|
5	1	31	1	4	10	1414	2353	35	18	33.559410	rn
5	1	31	1	4	11	1472	2335	35	37	44.966248	mi
5	1	31	1	4	12	1535	2356	30	14	41.526772	uy.
4	1	31	1	5	0	658	2349	949	42	-1	
5	1	31	1	5	1	658	2361	26	13	45.191414	ia
5	1	31	1	5	2	691	2360	67	16	37.150650	Shree
5	1	31	1	5	3	767	2340	16	62	64.635254	of
5	1	31	1	5	4	789	2351	122	35	4.307816	Padi
5	1	31	1	5	5	881	2340	27	62	26.205032	fac
5	1	31	1	5	6	917	2354	28	31	26.896011	hg
5	1	31	1	5	7	958	2340	27	62	26.701538	in
5	1	31	1	5	8	970	2357	154	34	18.303665	oat
5	1	31	1	5	9	1134	2340	17	62	14.972725	a8
5	1	31	1	5	10	1142	2359	74	32	0.000000	(PFA
5	1	31	1	5	11	1223	2366	26	13	44.581520	on.
5	1	31	1	5	12	1263	2340	27	62	51.993736	Big
5	1	31	1	5	13	1289	2349	117	32	22.765900	haste
5	1	31	1	5	14	1418	2340	12	62	59.234524	H
5	1	31	1	5	15	1449	2354	39	14	26.003334	(901)
5	1	31	1	5	16	1503	2360	24	12	19.744949	vy.
5	1	31	1	5	17	1546	2356	61	17	61.215710	347-364
2	1	32	0	0	0	344	2361	1757	127	-1	
3	1	32	1	0	0	344	2361	1757	125	-1	
4	1	32	1	1	0	377	2361	1040	44	-1	
5	1	32	1	1	1	377	2361	80	38	9.694077	‘owpron,
5	1	32	1	1	2	465	2375	9	13	85.429672	A
5	1	32	1	1	3	487	2361	55	38	55.779881	World
5	1	32	1	1	4	551	2361	70	38	74.211235	Without
5	1	32	1	1	5	630	2361	55	38	78.755310	Timer
5	1	32	1	1	6	693	2361	30	38	94.075699	The
5	1	32	1	1	7	731	2361	14	38	66.579590	Py
5	1	32	1	1	8	1116	2377	13	14	41.823662	7
5	1	32	1	1	9	1257	2381	52	16	31.222343	int
5	1	32	1	1	10	1333	2384	11	13	0.000000	Arrked
5	1	32	1	1	11	1370	2386	47	19	42.698841	Lope
4	1	32	1	2	0	344	2364	1242	43	-1	
5	1	32	1	2	1	344	2387	17	13	0.000000	-
5	1	32	1	2	2	796	2364	23	35	41.795555	ey
5	1	32	1	2	3	1205	2374	47	33	88.682846	Pore
5	1	32	1	2	4	1311	2384	52	17	0.000000	ipphed
5	1	32	1	2	5	1549	2390	37	14	30.469894	aad
4	1	32	1	3	0	368	2362	1355	79	-1	
5	1	32	1	3	1	368	2362	21	44	62.193649	Ve
5	1	32	1	3	2	451	2392	19	31	40.636196	4
5	1	32	1	3	3	493	2366	28	62	31.123474	"fe
5	1	32	1	3	4	589	2394	13	13	25.567177	a
5	1	32	1	3	5	655	2394	32	31	35.751579	3
5	1	32	1	3	6	699	2373	28	60	21.111206	ms
5	1	32	1	3	7	852	2407	17	18	0.000000	_
5	1	32	1	3	8	915	2378	54	33	22.603600	Obed
5	1	32	1	3	9	968	2379	36	48	59.054852	oad
5	1	32	1	3	10	1009	2381	84	48	0.000000	Binctate,
5	1	32	1	3	11	1100	2382	50	34	55.095749	base
5	1	32	1	3	12	1189	2411	15	18	5.676956	rr
5	1	32	1	3	13	1204	2386	57	49	11.598740	‘foe
5	1	32	1	3	14	1272	2408	3	4	13.169174	.
5	1	32	1	3	15	1333	2383	92	58	0.000000	Cyetatond
5	1	32	1	3	16	1434	2383	35	58	49.878510	from
5	1	32	1	3	17	1482	2388	31	49	30.355186	ta)
5	1	32	1	3	18	1515	2385	48	44	51.935265	oan
5	1	32	1	3	19	1567	2406	41	17	92.452049	from
5	1	32	1	3	20	1616	2410	20	12	83.563560	ils
5	1	32	1	3	21	1643	2413	38	13	95.260193	page
5	1	32	1	3	22	1688	2411	35	17	82.363953	58.)
4	1	32	1	4	0	344	2389	1309	69	-1	
5	1	32	1	4	1	344	2426	22	11	34.813881	D
5	1	32	1	4	2	425	2418	14	21	14.805984	Walang
5	1	32	1	4	3	467	2389	29	49	54.158539	of
5	1	32	1	4	4	520	2409	68	32	53.011627	faction
5	1	32	1	4	5	595	2410	68	31	13.075729	Prineiy
5	1	32	1	4	6	664	2399	13	26	48.754002	3
5	1	32	1	4	7	674	2409	20	48	19.078606	of
5	1	32	1	4	8	706	2409	20	48	66.787643	the
5	1	32	1	4	9	735	2429	12	16	50.227020	Second
5	1	32	1	4	10	784	2416	173	37	0.000000	aaeessLIMACE
5	1	32	1	4	11	963	2424	54	16	32.682831	Serves
5	1	32	1	4	12	1025	2430	17	10	52.123760	ve
5	1	32	1	4	13	1050	2428	72	14	3.754639	Dissrote
5	1	32	1	4	14	1129	2416	111	37	0.000000	Wethemetics
5	1	32	1	4	15	1245	2425	34	22	37.550083	wat
5	1	32	1	4	16	1288	2420	98	31	8.239525	Teste
5	1	32	1	4	17	1407	2422	67	17	0.000000	ENCSB
5	1	32	1	4	18	1485	2423	168	35	10.386368	Seats
5	1	32	1	4	19	1558	2419	38	49	38.965790	$39
5	1	32	1	4	20	1603	2423	50	35	25.295395	Cites
4	1	32	1	5	0	377	2423	1724	65	-1	
5	1	32	1	5	1	377	2423	40	14	70.103065	“Tha
5	1	32	1	5	2	437	2428	70	12	29.204247	Somantse
5	1	32	1	5	3	528	2427	66	14	25.227463	Toltaous
5	1	32	1	5	4	624	2429	45	12	81.742821	Vervion
5	1	32	1	5	5	677	2415	16	38	96.237503	of
5	1	32	1	5	6	702	2430	26	13	94.780701	the
5	1	32	1	5	7	748	2432	49	14	44.254475	Second
5	1	32	1	5	8	946	2440	76	17	49.916595	Theorem
5	1	32	1	5	9	1030	2444	68	14	54.396400	Estands
5	1	32	1	5	10	1106	2447	17	12	91.330513	to
5	1	32	1	5	11	1130	2446	93	14	59.094589	Robinson's
5	1	32	1	5	12	1230	2448	96	19	7.834122	Arthnatee
5	1	32	1	5	13	1333	2453	30	19	23.517120	Q,
5	1	32	1	5	14	1374	2455	100	19	0.000000	Procenvers
5	1	32	1	5	15	1480	2456	17	18	73.359482	of
5	1	32	1	5	16	1503	2456	24	15	47.071766	tus
5	1	32	1	5	17	1536	2457	12	13	59.241638	Tal
5	1	32	1	5	18	1566	2457	43	15	46.146385	ee!
5	1	32	1	5	19	1617	2439	37	49	0.000000	40d
5	1	32	1	5	20	1666	2439	94	49	0.000000	Consecae
5	1	32	1	5	21	1776	2439	127	49	0.000000	SpringerVertag
5	1	32	1	5	22	1908	2467	112	18	7.392609	LNAT#IAGT,
5	1	32	1	5	23	2029	2470	72	16	87.612564	416-430
2	1	33	0	0	0	233	2472	1401	431	-1	
3	1	33	1	0	0	734	2472	900	169	-1	
4	1	33	1	1	0	734	2472	900	169	-1	
5	1	33	1	1	1	734	2472	228	155	53.986050	Dn
5	1	33	1	1	2	1040	2468	70	207	18.477676	¢
5	1	33	1	1	3	1169	2495	465	146	0.000000	Axle’
3	1	33	2	0	0	655	2700	1089	105	-1	
4	1	33	2	1	0	655	2700	849	105	-1	
5	1	33	2	1	1	655	2700	125	88	86.737007	‘Dan
5	1	33	2	1	2	816	2702	66	83	38.655365	Wy
5	1	33	2	1	3	908	2702	135	83	35.499641	Ward
5	1	33	2	1	4	1108	2712	173	93	0.000000	The
5	1	33	2	1	5	1310	2711	194	74	57.710495	before
5	1	33	2	1	6	1650	2746	94	15	3.461952	wise.
3	1	33	3	0	0	602	2799	216	32	-1	
4	1	33	3	1	0	602	2799	216	32	-1	
5	1	33	3	1	1	602	2799	109	32	88.467377	Me,
5	1	33	3	1	2	759	2802	59	29	38.996559	1M
3	1	33	4	0	0	233	2825	585	78	-1	
4	1	33	4	1	0	233	2825	585	78	-1	
5	1	33	4	1	1	233	2829	160	45	96.735565	BERTON
5	1	33	4	1	2	536	2859	8	5	0.000000	-
5	1	33	4	1	3	603	2825	215	78	42.738159	sol,
2	1	34	0	0	0	232	2876	279	83	-1	
3	1	34	1	0	0	232	2876	279	83	-1	
4	1	34	1	1	0	232	2876	279	43	-1	
5	1	34	1	1	1	232	2880	12	27	93.977989	2
5	1	34	1	1	2	260	2876	37	35	78.501762	Of
5	1	34	1	1	3	312	2878	84	38	95.257233	New
5	1	34	1	1	4	412	2883	99	36	96.243187	York
4	1	34	1	2	0	232	2915	176	44	-1	
5	1	34	1	2	1	232	2915	176	44	96.500587	6172156
2	1	35	0	0	0	232	2953	1090	179	-1	
3	1	35	1	0	0	232	2953	1090	179	-1	
4	1	35	1	1	0	232	2953	1090	179	-1	
5	1	35	1	1	1	232	2967	153	90	31.639931	Nese
5	1	35	1	1	2	418	2948	128	127	27.898186	Lots
5	1	35	1	1	3	660	2953	148	179	31.882805	Cy
5	1	35	1	1	4	834	2980	78	72	33.781967	A
5	1	35	1	1	5	934	2959	388	111	48.351437	Kemberte
