level	page_num	block_num	par_num	line_num	word_num	left	top	width	height	conf	text
1	1	0	0	0	0	0	0	2550	3300	-1	
2	1	1	0	0	0	1747	175	97	8	-1	
3	1	1	1	0	0	1747	175	97	8	-1	
4	1	1	1	1	0	1747	175	97	8	-1	
5	1	1	1	1	1	1747	175	97	8	0.000000	mms
2	1	2	0	0	0	665	279	241	27	-1	
3	1	2	1	0	0	665	279	241	27	-1	
4	1	2	1	1	0	665	279	241	27	-1	
5	1	2	1	1	1	665	292	4	5	0.000000	.
5	1	2	1	1	2	721	288	7	12	0.000000	y
5	1	2	1	1	3	734	279	76	18	17.199165	veriante
5	1	2	1	1	4	819	281	21	14	95.718193	of
5	1	2	1	1	5	845	283	61	23	59.301186	Ty,
2	1	3	0	0	0	362	290	1842	56	-1	
3	1	3	1	0	0	362	290	1842	52	-1	
4	1	3	1	1	0	599	290	545	25	-1	
5	1	3	1	1	1	599	300	49	15	92.274567	many
5	1	3	1	1	2	655	290	65	18	20.264053	differes’
5	1	3	1	1	3	736	286	6	36	56.887184	©
5	1	3	1	1	4	761	300	45	12	0.000000	ityin,
5	1	3	1	1	5	907	295	28	18	83.011581	NS
5	1	3	1	1	6	1140	311	4	4	57.333988	.
4	1	3	1	2	0	362	294	1842	52	-1	
5	1	3	1	2	1	362	317	66	15	20.292999	vere
5	1	3	1	2	2	434	314	30	13	51.769482	ous
5	1	3	1	2	3	472	310	35	15	90.532303	that
5	1	3	1	2	4	514	307	45	23	79.140747	there
5	1	3	1	2	5	566	307	27	10	62.111553	are
5	1	3	1	2	6	607	295	39	46	36.061813	MONT
5	1	3	1	2	7	657	295	34	46	29.692848	"Ng
5	1	3	1	2	8	699	306	30	19	11.313797	1
5	1	3	1	2	9	790	294	27	52	11.313797	ee
5	1	3	1	2	10	829	294	113	52	0.000000	nrithmetieg
5	1	3	1	2	11	954	294	102	52	0.000000	sithmetica
5	1	3	1	2	12	1064	318	41	16	96.453423	that
5	1	3	1	2	13	1114	324	34	10	55.148411	can
5	1	3	1	2	14	1156	324	34	9	95.501404	can
5	1	3	1	2	15	1200	317	59	18	96.737633	verify
5	1	3	1	2	16	1266	316	87	16	88.005692	different
5	1	3	1	2	17	1360	316	58	14	78.794205	forme
5	1	3	1	2	18	1425	315	21	14	96.209953	of
5	1	3	1	2	19	1452	314	48	15	88.931160	their
5	1	3	1	2	20	1508	318	39	11	96.890060	own
5	1	3	1	2	21	1555	313	72	15	94.573059	Hilbert
5	1	3	1	2	22	1635	312	120	18	0.000000	consistency.
5	1	3	1	2	23	1766	313	16	15	96.686951	It
5	1	3	1	2	24	1789	318	36	10	96.507301	was
5	1	3	1	2	25	1831	317	32	13	93.291039	not
5	1	3	1	2	26	1870	316	44	16	90.190254	watil
5	1	3	1	2	27	1922	317	30	16	96.871895	the
5	1	3	1	2	28	1960	324	39	13	84.619736	year
5	1	3	1	2	29	2005	322	42	17	72.434433	2906
5	1	3	1	2	30	2091	322	8	13	39.726479	Wyat
5	1	3	1	2	31	2107	322	27	11	94.777206	we
5	1	3	1	2	32	2142	312	62	18	94.495041	would
2	1	4	0	0	0	317	328	1888	73	-1	
3	1	4	1	0	0	317	328	1888	73	-1	
4	1	4	1	1	0	317	328	1888	26	-1	
5	1	4	1	1	1	317	337	83	17	37.613483	fatrodves
5	1	4	1	1	2	409	335	15	14	63.526360	in
5	1	4	1	1	3	432	331	33	21	47.897217	[47]
5	1	4	1	1	4	473	334	31	12	96.208672	two
5	1	4	1	1	5	512	329	70	20	62.612225	versions
5	1	4	1	1	6	646	334	31	18	89.808609	‘and
5	1	4	1	1	7	685	328	39	20	82.868210	1096
5	1	4	1	1	8	891	330	18	18	48.784966	in
5	1	4	1	1	9	926	338	10	15	39.554787	I37
5	1	4	1	1	10	979	333	32	13	0.000000	WO*e
5	1	4	1	1	11	1019	333	112	21	36.395077	hybridisatt:
5	1	4	1	1	12	1207	337	18	16	73.420174	Id
5	1	4	1	1	13	1248	336	94	18	96.348640	ultimately
5	1	4	1	1	14	1351	335	41	16	96.445992	lead
5	1	4	1	1	15	1402	337	20	13	96.445992	to
5	1	4	1	1	16	1431	335	31	15	96.709396	the
5	1	4	1	1	17	1471	334	55	19	96.866722	proof
5	1	4	1	1	18	1533	333	21	15	93.258423	of
5	1	4	1	1	19	1569	334	7	14	91.405159	P
5	1	4	1	1	20	1587	333	15	18	91.405159	#
5	1	4	1	1	21	1611	333	43	14	96.753288	NP.
5	1	4	1	1	22	1665	332	39	15	96.350487	The
5	1	4	1	1	23	1713	332	100	16	80.715515	remainder
5	1	4	1	1	24	1815	327	21	31	96.881821	of
5	1	4	1	1	25	1847	334	36	17	93.305405	this
5	1	4	1	1	26	1909	337	24	15	2.603958	secti,
5	1	4	1	1	27	1982	340	4	4	77.836685	‘
5	1	4	1	1	28	2115	334	90	19	82.534462	mmarise
4	1	4	1	2	0	318	331	1817	53	-1	
5	1	4	1	2	1	318	342	47	35	41.108345	ire
5	1	4	1	2	2	372	360	35	10	37.665905	core
5	1	4	1	2	3	415	352	66	17	42.198444	reve)is,
5	1	4	1	2	4	491	349	33	17	75.751228	Our
5	1	4	1	2	5	532	345	57	17	67.553009	earlier
5	1	4	1	2	6	597	335	51	47	17.060181	base
5	1	4	1	2	7	655	341	12	30	43.078747	pa
5	1	4	1	2	8	735	338	65	35	76.903305	ective
5	1	4	1	2	9	808	331	146	45	16.560730	Seman.
5	1	4	1	2	10	960	344	31	38	66.080322	4
5	1	4	1	2	11	1001	356	30	12	87.661308	are
5	1	4	1	2	12	1040	356	20	15	95.028015	of
5	1	4	1	2	13	1067	338	95	44	76.065430	historical
5	1	4	1	2	14	1173	338	83	44	35.763031	Interest,
5	1	4	1	2	15	1266	338	37	41	83.454895	but
5	1	4	1	2	16	1310	355	44	19	92.718170	only
5	1	4	1	2	17	1364	353	52	21	81.812332	[47]'s
5	1	4	1	2	18	1425	359	50	10	95.889587	more
5	1	4	1	2	19	1484	355	72	14	93.224197	mature
5	1	4	1	2	20	1564	352	96	19	93.010292	year-2006
5	1	4	1	2	21	1670	351	99	17	96.008896	formalism
5	1	4	1	2	22	1777	352	36	16	96.579735	will
5	1	4	1	2	23	1822	353	22	16	96.979965	be
5	1	4	1	2	24	1848	338	74	42	94.662659	central
5	1	4	1	2	25	1926	343	28	29	94.615402	for
5	1	4	1	2	26	1966	336	90	48	1.716217	proving
5	1	4	1	2	27	2077	346	6	8	25.548691	"
5	1	4	1	2	28	2091	344	44	31	31.784103	NP.
4	1	4	1	3	0	434	368	1771	33	-1	
5	1	4	1	3	1	434	378	30	10	74.966087	our
5	1	4	1	3	2	475	371	79	16	15.160629	discoure,
5	1	4	1	3	3	585	370	68	31	35.413673	Somatic
5	1	4	1	3	4	660	379	56	16	79.324890	sented
5	1	4	1	3	5	990	368	5	15	25.235252	l
5	1	4	1	3	6	1007	374	45	16	92.283730	refer
5	1	4	1	3	7	1066	380	19	13	92.283730	to
5	1	4	1	3	8	1097	379	32	15	96.352791	the
5	1	4	1	3	9	1141	378	67	18	94.958946	analog
5	1	4	1	3	10	1219	377	21	15	96.856308	of
5	1	4	1	3	11	1251	382	33	9	93.252647	our
5	1	4	1	3	12	1297	375	140	19	53.510403	eelf-juatifying
5	1	4	1	3	13	1448	374	62	14	95.898773	axiom
5	1	4	1	3	14	1522	375	78	16	70.387779	systems
5	1	4	1	3	15	1611	372	45	15	96.419426	from
5	1	4	1	3	16	1669	372	99	15	96.349976	Definition
5	1	4	1	3	17	1780	373	29	15	96.079880	0.3
5	1	4	1	3	18	1820	374	36	14	95.726852	and
5	1	4	1	3	19	1868	375	83	20	95.452026	Example
5	1	4	1	3	20	1961	379	26	15	95.452026	0.4
5	1	4	1	3	21	2000	380	36	16	91.002708	thet
5	1	4	1	3	22	2049	386	33	10	91.002708	uce
5	1	4	1	3	23	2137	380	34	15	81.835220	logs
5	1	4	1	3	24	2183	374	22	16	96.426682	of
2	1	5	0	0	0	318	379	1885	48	-1	
3	1	5	1	0	0	318	379	1885	48	-1	
4	1	5	1	1	0	906	379	29	14	-1	
5	1	5	1	1	1	906	379	29	14	45.701908	‘Or
4	1	5	1	2	0	318	382	1885	45	-1	
5	1	5	1	2	1	318	395	90	19	0.000000	Seimmaf(a,
5	1	5	1	2	2	434	393	14	15	32.257950	d's
5	1	5	1	2	3	459	385	43	50	29.036713	fixed
5	1	5	1	2	4	509	385	43	50	0.000000	Polry
5	1	5	1	2	5	564	391	32	36	41.874424	opin
5	1	5	1	2	6	605	402	40	18	77.362076	with
5	1	5	1	2	7	653	400	28	17	90.917770	the
5	1	5	1	2	8	689	394	72	19	5.260727	SETORT™
5	1	5	1	2	9	768	382	45	19	49.887436	“IS,
5	1	5	1	2	10	824	387	21	11	0.000000	S8
5	1	5	1	2	11	855	390	11	10	70.271187	&
5	1	5	1	2	12	875	392	59	21	27.285645	useful
5	1	5	1	2	13	943	386	68	19	0.000000	YBEM
5	1	5	1	2	14	1022	394	19	14	94.809700	to
5	1	5	1	2	15	1050	395	42	18	89.972328	look
5	1	5	1	2	16	1102	401	20	12	68.110413	ct
5	1	5	1	2	17	1133	397	51	16	43.315765	Meclf
5	1	5	1	2	18	1192	396	36	16	71.202866	end
5	1	5	1	2	19	1240	395	73	16	94.948761	declare
5	1	5	1	2	20	1323	395	41	14	95.170273	that
5	1	5	1	2	21	1379	395	50	14	65.606224	“lam
5	1	5	1	2	22	1438	393	105	15	54.800842	consistant”.
5	1	5	1	2	23	1555	392	16	14	96.535202	It
5	1	5	1	2	24	1582	391	22	18	45.108711	ba,
5	1	5	1	2	25	1614	391	107	15	80.094978	convenient
5	1	5	1	2	26	1731	393	20	13	96.792122	to
5	1	5	1	2	27	1760	391	44	16	96.789581	have
5	1	5	1	2	28	1813	393	42	15	82.665833	auch
5	1	5	1	2	29	1867	394	132	20	60.372547	“Introepective
5	1	5	1	2	30	2009	398	101	17	0.000000	Senentin,
5	1	5	1	2	31	2117	398	86	16	17.095688	eyeteme
2	1	6	0	0	0	318	400	1884	99	-1	
3	1	6	1	0	0	318	400	1884	99	-1	
4	1	6	1	1	0	915	400	72	20	-1	
5	1	6	1	1	1	915	400	11	11	64.558525	‘al
5	1	6	1	1	2	943	405	44	15	65.101334	remi;
4	1	6	1	2	0	318	403	1269	32	-1	
5	1	6	1	2	1	318	417	40	14	54.022194	have
5	1	6	1	2	2	366	414	41	14	48.127075	their
5	1	6	1	2	3	416	418	57	9	70.231049	names
5	1	6	1	2	4	480	411	59	18	96.122498	always
5	1	6	1	2	5	546	408	21	15	79.237869	be!
5	1	6	1	2	6	693	418	42	17	0.000000	sion
5	1	6	1	2	7	743	411	63	21	36.015072	systems
5	1	6	1	2	8	816	403	44	18	43.871399	"HAL
5	1	6	1	2	9	871	414	61	18	0.000000	contys
5	1	6	1	2	10	987	409	51	18	8.266068	"minder,
5	1	6	1	2	11	1583	427	4	4	43.239914	.
4	1	6	1	3	0	364	422	1838	37	-1	
5	1	6	1	3	1	364	435	35	14	71.328239	Ina
5	1	6	1	3	2	408	435	67	13	32.879875	context
5	1	6	1	3	3	484	431	52	15	91.149551	where
5	1	6	1	3	4	544	430	12	17	39.105515	A
5	1	6	1	3	5	565	429	15	15	83.658218	is
5	1	6	1	3	6	589	432	21	10	72.370438	on
5	1	6	1	3	7	619	422	98	37	26.088142	initial
5	1	6	1	3	8	686	418	61	45	3.653442	SOS
5	1	6	1	3	9	769	425	85	27	84.644508	Type-NS
5	1	6	1	3	10	863	424	91	28	0.000000	sclfjusti,
5	1	6	1	3	11	964	427	18	13	22.484863	tt
5	1	6	1	3	12	992	427	47	20	77.167770	least
5	1	6	1	3	13	1048	435	31	16	96.489288	the
5	1	6	1	3	14	1088	437	66	19	95.757065	logical
5	1	6	1	3	15	1164	441	61	15	94.282669	power
5	1	6	1	3	16	1234	436	21	14	94.282669	of
5	1	6	1	3	17	1263	436	61	13	95.977318	Peano
5	1	6	1	3	18	1335	433	111	16	96.438927	Arithmetic
5	1	6	1	3	19	1456	431	54	20	96.633469	(PA),
5	1	6	1	3	20	1521	431	30	15	94.151062	the
5	1	6	1	3	21	1562	433	35	12	96.939735	two
5	1	6	1	3	22	1606	430	49	15	96.947418	main
5	1	6	1	3	23	1665	431	80	14	94.699478	variants
5	1	6	1	3	24	1753	431	20	15	93.300400	of
5	1	6	1	3	25	1780	431	117	18	78.335625	intospective
5	1	6	1	3	26	1905	437	75	16	63.378651	aystems
5	1	6	1	3	27	1989	437	42	17	96.332878	from
5	1	6	1	3	28	2041	437	35	21	91.272949	[47]
5	1	6	1	3	29	2145	435	12	14	30.732635	4
5	1	6	1	3	30	2169	434	33	14	93.460831	the
4	1	6	1	4	0	319	445	1883	54	-1	
5	1	6	1	4	1	319	453	79	16	45.732075	nares
5	1	6	1	4	2	381	441	17	33	92.121925	of
5	1	6	1	4	3	406	451	94	19	13.468407	“ISCE(S)”
5	1	6	1	4	4	510	449	32	16	93.256302	and
5	1	6	1	4	5	552	445	113	20	53.656616	“ISINF(S)"-
5	1	6	1	4	6	708	462	4	16	0.000000	F
5	1	6	1	4	7	722	457	64	42	0.000000	aaa
5	1	6	1	4	8	791	448	15	22	71.455124	3)
5	1	6	1	4	9	815	447	37	16	73.231384	and
5	1	6	1	4	10	862	449	50	19	79.236176	Muli
5	1	6	1	4	11	972	450	28	29	32.537735	nt
5	1	6	1	4	12	1009	449	110	22	52.261497	formaliams
5	1	6	1	4	13	1127	456	41	15	96.916107	that
5	1	6	1	4	14	1178	455	53	16	96.971451	could
5	1	6	1	4	15	1242	453	94	19	81.817474	recognise
5	1	6	1	4	16	1346	453	47	15	95.072639	their
5	1	6	1	4	17	1402	457	40	10	95.072639	own
5	1	6	1	4	18	1452	451	72	16	95.164787	Hilbert
5	1	6	1	4	19	1532	453	114	15	96.439056	consistency
5	1	6	1	4	20	1655	450	37	15	96.745529	and
5	1	6	1	4	21	1700	450	40	15	92.950317	also
5	1	6	1	4	22	1748	455	52	14	96.520187	prove
5	1	6	1	4	23	1809	451	16	15	94.859711	all
5	1	6	1	4	24	1842	452	29	15	94.859711	the
5	1	6	1	4	25	1880	453	24	20	4.504463	I,
5	1	6	1	4	26	1916	453	85	18	81.926254	theorems
5	1	6	1	4	27	2009	457	40	15	93.187981	that
5	1	6	1	4	28	2081	455	54	16	96.852730	could
5	1	6	1	4	29	2144	457	58	15	96.874046	prove
2	1	7	0	0	0	770	455	1431	43	-1	
3	1	7	1	0	0	770	455	1431	43	-1	
4	1	7	1	1	0	884	455	12	11	-1	
5	1	7	1	1	1	884	455	12	11	61.890198	ul
4	1	7	1	2	0	770	455	1431	43	-1	
5	1	7	1	2	1	770	475	20	21	62.142937	y's
5	1	7	1	2	2	796	469	102	22	41.459866	propertion
5	1	7	1	2	3	909	455	61	43	30.273514	Say
5	1	7	1	2	4	983	465	7	20	84.505066	)
5	1	7	1	2	5	999	473	91	17	59.263802	represent
5	1	7	1	2	6	1099	477	59	17	85.421837	S-way
5	1	7	1	2	7	1166	475	104	19	91.159882	predicates
5	1	7	1	2	8	1278	472	83	20	92.632553	aymbols
5	1	7	1	2	9	1367	472	43	16	96.747353	that
5	1	7	1	2	10	1419	471	94	16	96.523781	formalise
5	1	7	1	2	11	1521	471	82	15	96.691910	addition
5	1	7	1	2	12	1612	470	35	15	96.691910	and
5	1	7	1	2	13	1656	470	147	19	93.972878	multiplication.
5	1	7	1	2	14	1813	471	38	16	96.614304	The
5	1	7	1	2	15	1858	473	98	16	93.180962	remainder
5	1	7	1	2	16	1960	459	20	39	96.889290	of
5	1	7	1	2	17	1989	459	34	39	84.526108	thie
5	1	7	1	2	18	2029	476	71	16	88.235313	section
5	1	7	1	2	19	2109	473	36	16	96.507690	will
5	1	7	1	2	20	2154	472	47	15	96.684311	offer
2	1	8	0	0	0	319	458	1884	55	-1	
3	1	8	1	0	0	319	458	1884	55	-1	
4	1	8	1	1	0	319	458	377	51	-1	
5	1	8	1	1	1	319	474	49	15	90.917381	ander
5	1	8	1	1	2	375	477	10	10	47.189812	a
5	1	8	1	1	3	392	472	68	18	94.725288	slightly
5	1	8	1	1	4	466	470	78	16	96.848587	modified
5	1	8	1	1	5	552	458	83	51	0.000000	langoare
5	1	8	1	1	6	643	465	53	16	96.041306	where
4	1	8	1	2	0	971	489	1232	24	-1	
5	1	8	1	2	1	971	489	51	14	0.000000	scan
5	1	8	1	2	2	1031	489	51	23	52.906395	[47]'s
5	1	8	1	2	3	1091	495	68	15	96.609116	related
5	1	8	1	2	4	1170	493	143	20	77.846512	generalisation
5	1	8	1	2	5	1323	492	20	15	96.813782	of
5	1	8	1	2	6	1351	492	31	15	96.565704	the
5	1	8	1	2	7	1392	491	69	16	93.279152	Second
5	1	8	1	2	8	1471	490	154	19	76.422768	Incompletenese
5	1	8	1	2	9	1633	490	96	18	96.824051	Theorem,
5	1	8	1	2	10	1737	490	55	15	96.913185	which
5	1	8	1	2	11	1801	490	128	17	60.292427	demonstrates
5	1	8	1	2	12	1939	493	40	15	96.910324	that
5	1	8	1	2	13	1988	494	47	17	61.431957	these
5	1	8	1	2	14	2044	498	37	12	92.396027	two
5	1	8	1	2	15	2090	492	113	18	45.183846	formaliems
2	1	9	0	0	0	314	484	1886	144	-1	
3	1	9	1	0	0	314	484	1886	144	-1	
4	1	9	1	1	0	318	484	369	26	-1	
5	1	9	1	1	1	318	499	9	8	0.000000	«
5	1	9	1	1	2	334	491	91	19	73.550751	capsulieed
5	1	9	1	1	3	434	494	84	13	96.751732	summary
5	1	9	1	1	4	524	489	19	15	93.224541	of
5	1	9	1	1	5	550	486	95	20	40.809799	ISCE(S)'s
5	1	9	1	1	6	654	484	33	17	96.875069	and
4	1	9	1	2	0	318	510	642	27	-1	
5	1	9	1	2	1	318	517	25	9	88.622391	are
5	1	9	1	2	2	352	510	129	15	0.000000	eear-maximal.
5	1	9	1	2	3	795	512	46	18	72.165039	ation
5	1	9	1	2	4	854	510	48	20	59.458660	(1)"s
5	1	9	1	2	5	912	515	48	22	61.919933	Typ,
4	1	9	1	3	0	361	520	1839	29	-1	
5	1	9	1	3	1	361	529	34	15	89.673195	The
5	1	9	1	3	2	404	529	90	14	92.628311	formalism
5	1	9	1	3	3	504	526	76	20	39.280704	ISCE(S)
5	1	9	1	3	4	591	526	45	16	84.988564	sball
5	1	9	1	3	5	646	526	50	15	94.802299	avoid
5	1	9	1	3	6	707	524	49	19	70.523918	using
5	1	9	1	3	7	764	520	30	17	0.000000	Ba*
5	1	9	1	3	8	836	532	47	15	77.819519	itive
5	1	9	1	3	9	892	532	6	16	13.610138	{
5	1	9	1	3	10	971	524	10	15	58.477722	S
5	1	9	1	3	11	992	528	60	18	87.466423	axiom
5	1	9	1	3	12	1094	536	7	11	80.964851	sent.
5	1	9	1	3	13	1164	533	68	15	69.147934	doclari:
5	1	9	1	3	14	1302	536	50	10	85.695831	cessor
5	1	9	1	3	15	1372	531	16	15	61.406269	{a
5	1	9	1	3	16	1398	536	11	9	39.542519	=
5	1	9	1	3	17	1420	530	47	15	96.406464	total
5	1	9	1	3	18	1478	529	82	16	96.631721	function,
5	1	9	1	3	19	1579	529	24	18	96.356705	by
5	1	9	1	3	20	1613	529	70	14	96.030525	instead
5	1	9	1	3	21	1695	525	101	23	96.469238	employing
5	1	9	1	3	22	1805	535	23	10	96.564285	an
5	1	9	1	3	23	1838	530	69	16	90.395691	infinite
5	1	9	1	3	24	1917	532	53	14	96.528084	number
5	1	9	1	3	25	1999	534	19	14	96.701477	of
5	1	9	1	3	26	2026	533	63	16	83.002594	built-in
5	1	9	1	3	27	2112	532	88	14	89.951889	constant
4	1	9	1	4	0	316	536	1884	47	-1	
5	1	9	1	4	1	316	548	70	19	32.893257	eymbola
5	1	9	1	4	2	399	547	32	20	84.649948	Co,
5	1	9	1	4	3	441	547	33	19	31.631729	C1,
5	1	9	1	4	4	483	547	33	19	86.683746	C2,
5	1	9	1	4	5	525	546	25	20	72.950775	Cy
5	1	9	1	4	6	561	556	20	5	16.395035	«+
5	1	9	1	4	7	597	546	26	15	96.162712	for
5	1	9	1	4	8	630	546	79	18	96.821014	defining
5	1	9	1	4	9	717	545	30	15	96.821014	the
5	1	9	1	4	10	754	536	45	22	71.285767	ect
5	1	9	1	4	11	804	538	31	45	57.008224	=
5	1	9	1	4	12	900	537	76	45	27.796814	rie
5	1	9	1	4	13	986	545	39	16	95.635750	The
5	1	9	1	4	14	1034	533	83	45	75.188934	constant
5	1	9	1	4	15	1128	533	79	45	42.173660	symbole
5	1	9	1	4	16	1221	537	36	35	8.799423	Cg
5	1	9	1	4	17	1262	537	38	28	65.587082	and
5	1	9	1	4	18	1314	550	24	20	67.577339	Cy
5	1	9	1	4	19	1354	537	37	28	71.034309	will
5	1	9	1	4	20	1400	551	91	17	89.916603	represent
5	1	9	1	4	21	1501	548	31	15	96.775024	the
5	1	9	1	4	22	1541	539	78	28	30.317436	Integers
5	1	9	1	4	23	1627	548	20	15	96.641090	of
5	1	9	1	4	24	1657	548	11	15	57.520119	0
5	1	9	1	4	25	1681	548	36	15	81.635406	and
5	1	9	1	4	26	1730	549	20	15	80.708672	1,
5	1	9	1	4	27	1761	549	45	15	95.608421	Each
5	1	9	1	4	28	1815	549	52	15	92.575752	other
5	1	9	1	4	29	1882	550	25	24	85.719521	Cj
5	1	9	1	4	30	1925	537	35	28	92.250954	will
5	1	9	1	4	31	1968	537	23	28	92.250954	be
5	1	9	1	4	32	1997	552	70	15	95.293556	defined
5	1	9	1	4	33	2077	538	25	27	96.630890	to
5	1	9	1	4	34	2106	551	94	17	95.987846	represent
4	1	9	1	5	0	446	553	469	34	-1	
5	1	9	1	5	1	446	553	24	34	27.366905	Fach
5	1	9	1	5	2	908	569	7	12	0.000000	n
4	1	9	1	6	0	315	569	1885	42	-1	
5	1	9	1	6	1	315	580	27	14	95.555222	the
5	1	9	1	6	2	350	578	75	18	55.101810	quantity
5	1	9	1	6	3	434	572	47	20	53.986351	23-1
5	1	9	1	6	4	497	588	2	5	56.903893	|
5	1	9	1	6	5	517	578	56	15	39.609436	These
5	1	9	1	6	6	582	578	76	19	89.060593	integers
5	1	9	1	6	7	667	578	35	16	95.158012	will
5	1	9	1	6	8	712	578	23	14	92.558319	be
5	1	9	1	6	9	745	570	59	22	51.777084	defired
5	1	9	1	6	10	820	572	22	39	0.000000	"
5	1	9	1	6	11	852	571	53	37	9.622208	=
5	1	9	1	6	12	924	569	36	20	0.000000	lly
5	1	9	1	6	13	969	579	22	12	93.714363	an
5	1	9	1	6	14	1004	578	105	20	95.912186	“Additive
5	1	9	1	6	15	1123	583	86	18	96.059158	Naming
5	1	9	1	6	16	1221	582	138	16	50.926701	Convention”
5	1	9	1	6	17	1372	581	102	19	95.876472	indicating
5	1	9	1	6	18	1494	581	54	24	13.334564	Cy41
5	1	9	1	6	19	1571	586	16	8	86.090439	=
5	1	9	1	6	20	1608	580	26	24	51.986065	Cy
5	1	9	1	6	21	1649	581	62	23	25.554596	+Cy.
5	1	9	1	6	22	1727	581	50	15	89.586563	Sinca
5	1	9	1	6	23	1787	581	82	20	6.538544	ISCE(A)
5	1	9	1	6	24	1880	582	104	19	93.707397	technically
5	1	9	1	6	25	1993	583	42	16	33.888977	docs
5	1	9	1	6	26	2045	586	34	13	96.088837	not
5	1	9	1	6	27	2090	581	74	15	96.680725	contain
5	1	9	1	6	28	2176	585	24	9	96.940514	an
4	1	9	1	7	0	314	597	1260	31	-1	
5	1	9	1	7	1	314	604	70	16	62.760784	additive
5	1	9	1	7	2	392	604	76	15	91.268661	fanction
5	1	9	1	7	3	476	605	73	18	71.209244	syrabol,
5	1	9	1	7	4	556	605	24	15	84.834763	ita
5	1	9	1	7	5	588	605	92	15	95.558380	definition
5	1	9	1	7	6	689	605	20	15	93.222672	of
5	1	9	1	7	7	721	605	52	23	60.078754	Cj41
5	1	9	1	7	8	787	597	26	18	14.714569	#1
5	1	9	1	7	9	827	599	81	13	2.945358	foTMAUY
5	1	9	1	7	10	917	599	36	13	81.452942	Feat
5	1	9	1	7	11	961	604	47	15	94.801628	upon
5	1	9	1	7	12	1018	607	52	19	92.885094	using
5	1	9	1	7	13	1079	610	90	17	93.304092	Equation
5	1	9	1	7	14	1180	609	44	19	37.461109	(4)'s
5	1	9	1	7	15	1234	610	58	17	88.716507	S-way
5	1	9	1	7	16	1301	609	83	14	96.919388	addition
5	1	9	1	7	17	1395	608	91	18	95.921417	predicate
5	1	9	1	7	18	1496	608	78	18	94.993004	symbol:
2	1	10	0	0	0	1126	663	1074	27	-1	
3	1	10	1	0	0	1126	663	1074	27	-1	
4	1	10	1	1	0	1126	663	1074	27	-1	
5	1	10	1	1	1	1126	667	39	15	61.804626	Add
5	1	10	1	1	2	1172	666	48	24	61.804626	(Cj.
5	1	10	1	1	3	1231	667	39	23	63.992111	Cy.
5	1	10	1	1	4	1282	666	70	24	20.332756	Cy41)
5	1	10	1	1	5	2171	663	29	20	96.089043	(4)
2	1	11	0	0	0	313	712	1889	128	-1	
3	1	11	1	0	0	313	712	1889	128	-1	
4	1	11	1	1	0	362	714	579	9	-1	
5	1	11	1	1	1	362	720	4	3	4.168365	.
5	1	11	1	1	2	881	714	60	7	10.781792	“c;°
4	1	11	1	2	0	314	712	1887	32	-1	
5	1	11	1	2	1	314	720	26	14	96.963631	We
5	1	11	1	2	2	346	720	34	14	96.478737	will
5	1	11	1	2	3	389	726	68	10	49.879578	assume
5	1	11	1	2	4	464	722	31	15	96.544891	the
5	1	11	1	2	5	505	724	66	13	69.955925	“name”
5	1	11	1	2	6	580	724	19	14	96.889725	of
5	1	11	1	2	7	607	723	30	14	74.181175	tha
5	1	11	1	2	8	644	723	73	15	75.008163	built-in
5	1	11	1	2	9	724	723	77	14	63.377502	constant
5	1	11	1	2	10	806	714	65	22	0.000000	gmbol
5	1	11	1	2	11	896	712	27	24	56.638596	“Cj
5	1	11	1	2	12	930	708	10	40	44.888195	*
5	1	11	1	2	13	951	715	16	15	33.292114	ts
5	1	11	1	2	14	974	721	77	16	96.108910	encoded
5	1	11	1	2	15	1061	724	52	19	89.237991	using
5	1	11	1	2	16	1121	724	23	20	25.109253	Of
5	1	11	1	2	17	1153	724	54	19	46.834541	Log(j
5	1	11	1	2	18	1215	724	39	19	94.988945	+2)
5	1	11	1	2	19	1264	724	5	19	94.669334	|
5	1	11	1	2	20	1278	724	45	15	88.298836	bite,
5	1	11	1	2	21	1333	724	39	14	96.819366	The
5	1	11	1	2	22	1381	724	99	18	96.887985	advantage
5	1	11	1	2	23	1488	724	21	14	96.997177	of
5	1	11	1	2	24	1515	724	52	18	96.080078	using
5	1	11	1	2	25	1574	729	23	8	96.355721	an
5	1	11	1	2	26	1607	723	91	14	95.742195	“additive
5	1	11	1	2	27	1705	724	72	17	94.296883	naming
5	1	11	1	2	28	1784	723	123	17	62.109039	convention",
5	1	11	1	2	29	1915	724	56	14	96.942513	which
5	1	11	1	2	30	1979	725	69	17	87.132690	assigns
5	1	11	1	2	31	2056	728	64	9	42.146729	names
5	1	11	1	2	32	2128	725	21	11	95.170250	to
5	1	11	1	2	33	2156	721	45	18	92.398781	only
4	1	11	1	3	0	313	734	1718	42	-1	
5	1	11	1	3	1	313	745	71	22	48.040192	integers
5	1	11	1	3	2	393	745	54	15	96.177872	which
5	1	11	1	3	3	457	752	29	9	95.610336	are
5	1	11	1	3	4	495	752	65	12	57.092239	powers
5	1	11	1	3	5	566	748	20	14	95.533844	of
5	1	11	1	3	6	593	749	17	16	95.533844	2,
5	1	11	1	3	7	618	748	15	14	78.074051	is
5	1	11	1	3	8	642	748	39	14	96.877510	that
5	1	11	1	3	9	690	748	23	14	95.912605	its
5	1	11	1	3	10	721	744	110	18	17.778152	methodology
5	1	11	1	3	11	837	734	40	42	78.415405	will
5	1	11	1	3	12	889	734	58	42	78.787407	nicely
5	1	11	1	3	13	957	746	59	13	3.602631	sseure
5	1	11	1	3	14	1025	746	40	15	96.708069	that
5	1	11	1	3	15	1075	749	30	14	96.754066	the
5	1	11	1	3	16	1115	754	67	13	87.163536	powers
5	1	11	1	3	17	1191	749	20	14	96.925049	of
5	1	11	1	3	18	1218	750	11	13	96.474663	2
5	1	11	1	3	19	1238	749	45	14	96.276001	have
5	1	11	1	3	20	1291	749	68	17	87.308907	integer
5	1	11	1	3	21	1368	753	62	10	95.601570	names
5	1	11	1	3	22	1440	748	39	15	96.881470	that
5	1	11	1	3	23	1488	753	31	9	96.754173	are
5	1	11	1	3	24	1528	748	70	14	96.754173	shorter
5	1	11	1	3	25	1607	748	43	14	96.910545	than
5	1	11	1	3	26	1660	747	30	15	96.248337	the
5	1	11	1	3	27	1699	747	70	18	96.248337	lengths
5	1	11	1	3	28	1778	747	19	14	95.505119	of
5	1	11	1	3	29	1805	747	46	14	95.505119	their
5	1	11	1	3	30	1860	747	61	18	96.810272	binary
5	1	11	1	3	31	1929	749	102	18	96.723923	encodings.
4	1	11	1	4	0	360	759	1842	26	-1	
5	1	11	1	4	1	360	763	48	14	96.478691	Since
5	1	11	1	4	2	419	764	29	14	93.256638	the
5	1	11	1	4	3	460	765	79	19	43.378471	ISCE(B)
5	1	11	1	4	4	550	769	66	15	93.378716	system
5	1	11	1	4	5	626	766	34	15	93.301849	will
5	1	11	1	4	6	669	766	68	15	47.669392	comtain
5	1	11	1	4	7	747	770	10	10	52.401474	a
5	1	11	1	4	8	767	762	62	17	54.405563	builtis
5	1	11	1	4	9	837	759	84	15	96.319351	function
5	1	11	1	4	10	933	760	69	17	82.505836	symbol
5	1	11	1	4	11	1013	764	26	15	96.989113	for
5	1	11	1	4	12	1050	767	121	18	93.243851	representing
5	1	11	1	4	13	1182	767	190	18	60.495701	Integer-subtraction
5	1	11	1	4	14	1384	772	19	9	76.530800	as
5	1	11	1	4	15	1414	772	11	8	41.034946	=
5	1	11	1	4	16	1435	766	46	14	80.836792	total
5	1	11	1	4	17	1492	766	80	14	96.640320	function
5	1	11	1	4	18	1585	765	65	18	96.479591	(where
5	1	11	1	4	19	1664	770	11	9	91.134125	=
5	1	11	1	4	20	1685	772	14	4	68.914528	—
5	1	11	1	4	21	1710	771	10	11	68.914528	y
5	1	11	1	4	22	1735	766	15	14	85.868683	is
5	1	11	1	4	23	1759	765	70	15	95.168945	defined
5	1	11	1	4	24	1840	768	19	11	95.125648	to
5	1	11	1	4	25	1870	765	21	15	95.125648	be
5	1	11	1	4	26	1900	766	52	17	96.359589	equal
5	1	11	1	4	27	1962	769	20	12	96.718307	to
5	1	11	1	4	28	1991	772	40	9	81.186989	sero
5	1	11	1	4	29	2042	765	52	15	0.000000	when
5	1	11	1	4	30	2135	765	15	15	0.000000	 <
5	1	11	1	4	31	2163	769	11	11	51.710167	y
5	1	11	1	4	32	2186	763	16	18	77.177841	),
4	1	11	1	5	0	315	775	1886	47	-1	
5	1	11	1	5	1	315	782	83	17	93.278015	Equation
5	1	11	1	5	2	406	782	43	18	85.578094	(4)'s
5	1	11	1	5	3	457	784	79	15	92.993172	additive
5	1	11	1	5	4	544	785	60	15	83.325798	maming
5	1	11	1	5	5	622	786	101	14	64.438904	coaveation
5	1	11	1	5	6	731	790	32	9	80.399261	cam
5	1	11	1	5	7	767	775	59	47	0.000000	cient
5	1	11	1	5	8	832	778	58	15	95.518234	define
5	1	11	1	5	9	901	782	36	13	60.305416	any
5	1	11	1	5	10	946	778	65	21	87.640381	integer
5	1	11	1	5	11	1021	784	41	15	96.526077	that
5	1	11	1	5	12	1071	786	14	14	90.679512	is
5	1	11	1	5	13	1094	789	31	11	94.262688	not
5	1	11	1	5	14	1135	791	11	9	66.422821	a
5	1	11	1	5	15	1154	791	57	12	95.659912	power
5	1	11	1	5	16	1220	786	19	14	96.320938	of
5	1	11	1	5	17	1247	774	19	37	88.511078	2.
5	1	11	1	5	18	1275	786	32	14	96.008202	For
5	1	11	1	5	19	1317	786	80	14	43.608395	instance
5	1	11	1	5	20	1406	786	49	14	93.885788	since
5	1	11	1	5	21	1468	786	21	13	93.885788	10
5	1	11	1	5	22	1502	790	15	7	89.206741	=
5	1	11	1	5	23	1530	785	97	14	70.025589	16—4—2,
5	1	11	1	5	24	1651	785	30	13	96.231354	the
5	1	11	1	5	25	1690	785	67	17	81.577232	integer
5	1	11	1	5	26	1766	785	21	14	96.683670	10
5	1	11	1	5	27	1794	789	34	9	95.711891	can
5	1	11	1	5	28	1837	784	22	14	95.711891	be
5	1	11	1	5	29	1867	786	110	15	94.692070	represented
5	1	11	1	5	30	1986	791	19	9	95.216835	as
5	1	11	1	5	31	2015	786	31	14	74.387192	“C4
5	1	11	1	5	32	2066	791	16	4	91.112251	—
5	1	11	1	5	33	2106	789	10	16	60.685726	Co
5	1	11	1	5	34	2125	790	18	15	85.861023	—
5	1	11	1	5	35	2165	789	8	13	61.115540	Ci
5	1	11	1	5	36	2183	783	18	14	24.790184	~-
4	1	11	1	6	0	361	791	1839	31	-1	
5	1	11	1	6	1	361	801	14	13	94.222168	A
5	1	11	1	6	2	382	801	77	15	73.950195	detailed
5	1	11	1	6	3	468	803	92	15	94.002602	definition
5	1	11	1	6	4	570	804	33	14	93.179993	of
5	1	11	1	6	5	617	803	58	19	49.037209	ISCE(p)
5	1	11	1	6	6	684	804	14	14	76.371422	te
5	1	11	1	6	7	707	803	80	19	94.760857	provided
5	1	11	1	6	8	795	802	15	14	93.265648	in
5	1	11	1	6	9	823	797	29	19	49.736958	((7].
5	1	11	1	6	10	862	797	18	14	75.807579	18
5	1	11	1	6	11	889	801	44	9	62.362045	uses
5	1	11	1	6	12	942	801	22	11	94.908508	an
5	1	11	1	6	13	973	801	63	20	92.633698	analog
5	1	11	1	6	14	1044	804	20	14	96.587234	of
5	1	11	1	6	15	1071	804	86	18	89.807007	Example
5	1	11	1	6	16	1165	805	45	14	34.190033	O.4'«
5	1	11	1	6	17	1220	804	89	15	33.946915	“SelfRef™
5	1	11	1	6	18	1321	804	96	14	32.050728	axiomatic
5	1	11	1	6	19	1426	806	83	12	47.415085	sentence
5	1	11	1	6	20	1518	806	20	11	96.934830	to
5	1	11	1	6	21	1545	803	113	14	94.958214	corroborate
5	1	11	1	6	22	1668	803	24	14	72.353767	ite
5	1	11	1	6	23	1700	808	38	9	96.881256	own
5	1	11	1	6	24	1747	802	116	18	48.882275	consistency.
5	1	11	1	6	25	1874	803	38	13	96.955017	The
5	1	11	1	6	26	1920	803	84	16	85.337463	Theorem
5	1	11	1	6	27	2012	805	11	14	91.165703	3
5	1	11	1	6	28	2030	787	21	42	91.203156	of
5	1	11	1	6	29	2061	791	35	30	82.887367	[47]
5	1	11	1	6	30	2106	801	94	15	92.763397	indicated
4	1	11	1	7	0	316	815	1885	25	-1	
5	1	11	1	7	1	316	819	75	19	13.496056	ISCE(A)
5	1	11	1	7	2	401	820	14	14	81.281059	in
5	1	11	1	7	3	425	826	9	8	53.806973	=
5	1	11	1	7	4	443	821	135	19	22.524826	self-justifying
5	1	11	1	7	5	586	823	95	15	88.048256	formaliam
5	1	11	1	7	6	689	823	38	14	96.404762	that
5	1	11	1	7	7	737	822	64	15	95.510162	verifies
5	1	11	1	7	8	809	821	19	13	77.576538	te
5	1	11	1	7	9	835	821	35	12	75.630074	own
5	1	11	1	7	10	881	815	74	15	93.396690	Hilbert
5	1	11	1	7	11	964	821	116	19	74.812477	consistency.
5	1	11	1	7	12	1093	824	19	14	95.778870	In
5	1	11	1	7	13	1123	828	77	12	67.237320	essence,
5	1	11	1	7	14	1209	822	83	18	0.000000	ISCE(A)
5	1	11	1	7	15	1302	823	64	14	96.704720	evades
5	1	11	1	7	16	1375	823	31	14	93.244370	the
5	1	11	1	7	17	1416	822	152	17	72.602676	Pudl&k-Solovay
5	1	11	1	7	18	1577	822	69	13	96.616539	variant
5	1	11	1	7	19	1654	822	20	13	96.616539	of
5	1	11	1	7	20	1682	822	30	13	96.791519	the
5	1	11	1	7	21	1722	822	65	15	92.581261	Second
5	1	11	1	7	22	1798	821	149	18	61.536209	Incompletenese
5	1	11	1	7	23	1956	822	84	16	94.741806	Theorem
5	1	11	1	7	24	2050	822	79	14	83.152145	because
5	1	11	1	7	25	2139	820	16	14	96.192947	it
5	1	11	1	7	26	2164	820	17	14	91.211105	is
5	1	11	1	7	27	2190	825	11	8	86.211945	=
2	1	12	0	0	0	315	840	1888	39	-1	
3	1	12	1	0	0	315	840	1888	39	-1	
4	1	12	1	1	0	1839	841	27	13	-1	
5	1	12	1	1	1	1839	841	27	13	57.633743	—2
4	1	12	1	2	0	315	840	1888	39	-1	
5	1	12	1	2	1	315	853	81	17	86.835747	Type-NS
5	1	12	1	2	2	405	857	74	13	43.111099	system.
5	1	12	1	2	3	493	856	23	13	92.776802	At
5	1	12	1	2	4	524	856	31	14	92.776802	the
5	1	12	1	2	5	565	861	49	9	96.470184	same
5	1	12	1	2	6	622	857	50	16	91.482040	time,
5	1	12	1	2	7	680	857	29	13	96.951576	the
5	1	12	1	2	8	718	856	81	14	94.343979	Theorem
5	1	12	1	2	9	807	856	8	12	91.120285	4
5	1	12	1	2	10	823	853	39	15	91.120285	from
5	1	12	1	2	11	872	849	35	19	95.647179	[47]
5	1	12	1	2	12	918	849	135	20	93.397430	demonstrated
5	1	12	1	2	13	1065	856	40	14	96.264664	that
5	1	12	1	2	14	1115	856	16	15	93.455063	if
5	1	12	1	2	15	1138	861	34	9	93.455063	one
5	1	12	1	2	16	1181	856	44	14	65.868637	used
5	1	12	1	2	17	1235	861	22	8	91.237000	an
5	1	12	1	2	18	1268	856	87	14	92.558769	alternate
5	1	12	1	2	19	1366	856	73	18	95.957809	naming
5	1	12	1	2	20	1447	855	113	17	93.249458	convention,
5	1	12	1	2	21	1570	855	57	14	82.578842	whero
5	1	12	1	2	22	1636	860	32	12	71.811920	say
5	1	12	1	2	23	1686	853	27	26	64.654739	CJ
5	1	12	1	2	24	1725	854	61	19	29.569435	equale
5	1	12	1	2	25	1804	840	32	28	70.849213	2
5	1	12	1	2	26	1888	854	49	14	93.199554	when
5	1	12	1	2	27	1951	855	9	16	91.923782	j
5	1	12	1	2	28	1971	855	15	19	94.922829	>
5	1	12	1	2	29	1995	857	21	16	94.922829	2,
5	1	12	1	2	30	2025	856	44	13	96.443748	then
5	1	12	1	2	31	2081	854	32	14	96.980530	the
5	1	12	1	2	32	2122	853	50	14	96.877998	force
5	1	12	1	2	33	2182	853	21	13	96.856728	of
2	1	13	0	0	0	315	878	1886	42	-1	
3	1	13	1	0	0	315	878	1886	42	-1	
4	1	13	1	1	0	315	878	1886	24	-1	
5	1	13	1	1	1	315	880	29	13	93.275490	the
5	1	13	1	1	2	350	880	67	22	38.035450	Second
5	1	13	1	1	3	428	882	150	18	53.024403	lncompletences
5	1	13	1	1	4	586	884	85	14	65.461655	Theorem
5	1	13	1	1	5	680	884	54	14	93.273750	would
5	1	13	1	1	6	744	886	62	13	79.307541	retura,
5	1	13	1	1	7	815	885	32	10	45.112343	corm
5	1	13	1	1	8	854	878	56	17	57.377014	though
5	1	13	1	1	9	919	878	27	13	95.552338	the
5	1	13	1	1	10	954	880	34	13	48.041054	seid
5	1	13	1	1	11	994	881	88	16	47.446381	formalism
5	1	13	1	1	12	1090	884	14	13	83.191559	is
5	1	13	1	1	13	1112	888	9	9	21.164528	«
5	1	13	1	1	14	1132	883	72	17	83.845886	Type-NS
5	1	13	1	1	15	1211	883	94	14	13.761864	arithmetic.
5	1	13	1	1	16	1318	883	19	14	95.371284	In
5	1	13	1	1	17	1359	883	90	17	93.291870	particular,
5	1	13	1	1	18	1461	882	51	19	47.076729	(47]’s
5	1	13	1	1	19	1521	882	135	18	69.822350	generalisation
5	1	13	1	1	20	1668	882	19	14	96.618576	of
5	1	13	1	1	21	1696	882	30	14	96.501221	the
5	1	13	1	1	22	1735	882	67	14	84.544724	Second
5	1	13	1	1	23	1813	882	149	17	90.207199	Incompleteness
5	1	13	1	1	24	1970	883	86	14	95.474403	Theorem
5	1	13	1	1	25	2067	881	37	14	95.474403	will
5	1	13	1	1	26	2114	880	56	17	96.900566	apply
5	1	13	1	1	27	2181	883	20	10	96.984741	to
4	1	13	1	2	0	316	897	1220	23	-1	
5	1	13	1	2	1	316	900	71	15	1.448441	settings
5	1	13	1	2	2	396	899	56	15	96.141151	where
5	1	13	1	2	3	460	905	34	9	87.425018	one
5	1	13	1	2	4	503	901	77	17	91.358612	replaces
5	1	13	1	2	5	591	902	86	17	87.034401	Equation
5	1	13	1	2	6	687	902	40	18	32.200005	(4)'s
5	1	13	1	2	7	736	901	73	14	93.291496	additive
5	1	13	1	2	8	816	899	64	15	61.786007	aaming
5	1	13	1	2	9	888	897	109	15	90.847397	conveation
5	1	13	1	2	10	1007	900	43	14	93.257858	with
5	1	13	1	2	11	1059	900	34	19	17.052292	(8)'s
5	1	13	1	2	12	1115	901	166	17	56.731621	“Multiplicative
5	1	13	1	2	13	1292	901	84	17	96.157875	Naming
5	1	13	1	2	14	1386	901	134	14	82.633194	Convention”
5	1	13	1	2	15	1532	905	4	9	62.904915	t
2	1	14	0	0	0	1259	795	4	5	-1	
3	1	14	1	0	0	1259	795	4	5	-1	
4	1	14	1	1	0	1259	795	4	5	-1	
5	1	14	1	1	1	1259	795	4	5	95.000000	 
2	1	15	0	0	0	1183	804	35	14	-1	
3	1	15	1	0	0	1183	804	35	14	-1	
4	1	15	1	1	0	1183	804	35	14	-1	
5	1	15	1	1	1	1183	804	35	14	95.000000	  
2	1	16	0	0	0	1174	828	19	9	-1	
3	1	16	1	0	0	1174	828	19	9	-1	
4	1	16	1	1	0	1174	828	19	9	-1	
5	1	16	1	1	1	1174	828	19	9	95.000000	 
2	1	17	0	0	0	1584	882	25	14	-1	
3	1	17	1	0	0	1584	882	25	14	-1	
4	1	17	1	1	0	1584	882	25	14	-1	
5	1	17	1	1	1	1584	882	25	14	95.000000	 
2	1	18	0	0	0	1130	952	1070	28	-1	
3	1	18	1	0	0	1130	952	1070	28	-1	
4	1	18	1	1	0	1130	952	1070	28	-1	
5	1	18	1	1	1	1130	956	46	14	88.473824	Mult
5	1	18	1	1	2	1183	953	34	26	77.580528	(Cj
5	1	18	1	1	3	1228	966	5	6	58.662510	,
5	1	18	1	1	4	1243	952	41	28	23.030823	CF.
5	1	18	1	1	5	1295	952	67	28	6.683922	Cj41)
5	1	18	1	1	6	2171	953	29	18	0.000000	°
2	1	19	0	0	0	318	1009	1882	95	-1	
3	1	19	1	0	0	318	1009	1882	59	-1	
4	1	19	1	1	0	366	1009	1834	23	-1	
5	1	19	1	1	1	366	1011	16	14	20.747139	Tt
5	1	19	1	1	2	390	1014	52	12	72.244202	turme
5	1	19	1	1	3	450	1016	33	11	94.607803	owt
5	1	19	1	1	4	493	1014	40	14	89.734512	that
5	1	19	1	1	5	543	1015	13	13	73.027626	if
5	1	19	1	1	6	564	1020	10	8	70.542816	a
5	1	19	1	1	7	584	1015	59	13	95.685379	reader
5	1	19	1	1	8	653	1015	60	14	59.396595	wishes
5	1	19	1	1	9	721	1018	18	11	96.179657	to
5	1	19	1	1	10	747	1015	56	17	91.958427	glance
5	1	19	1	1	11	811	1017	17	10	95.013550	at
5	1	19	1	1	12	835	1017	28	9	55.790905	our
5	1	19	1	1	13	872	1010	61	15	90.742683	article
5	1	19	1	1	14	943	1009	44	19	83.074066	[47),
5	1	19	1	1	15	996	1011	43	14	96.973915	then
5	1	19	1	1	16	1049	1012	22	14	96.664452	he
5	1	19	1	1	17	1079	1017	32	9	96.664452	can
5	1	19	1	1	18	1121	1013	57	13	96.877434	afford
5	1	19	1	1	19	1189	1015	18	11	96.386108	to
5	1	19	1	1	20	1218	1013	64	16	24.722046	entirely
5	1	19	1	1	21	1289	1013	38	13	91.021164	emit
5	1	19	1	1	22	1335	1012	23	14	83.578873	its
5	1	19	1	1	23	1367	1013	68	14	96.748604	Section
5	1	19	1	1	24	1445	1014	10	14	93.301422	5
5	1	19	1	1	25	1464	1013	34	14	95.847366	and
5	1	19	1	1	26	1508	1013	95	14	95.987099	Theorems
5	1	19	1	1	27	1612	1015	9	12	87.590179	4
5	1	19	1	1	28	1630	1013	16	15	87.590179	&
5	1	19	1	1	29	1655	1014	17	14	95.826614	5.
5	1	19	1	1	30	1683	1013	45	13	95.739357	This
5	1	19	1	1	31	1737	1013	14	13	78.134735	is
5	1	19	1	1	32	1760	1012	76	14	96.334946	because
5	1	19	1	1	33	1845	1012	30	13	96.747681	the
5	1	19	1	1	34	1884	1011	60	17	95.406502	latter,
5	1	19	1	1	35	1955	1012	57	14	92.782799	unlike
5	1	19	1	1	36	2020	1012	53	18	67.559586	[47]’s
5	1	19	1	1	37	2081	1012	90	13	96.140823	Theorem
5	1	19	1	1	38	2182	1012	18	16	96.140823	3,
4	1	19	1	2	0	318	1028	1882	21	-1	
5	1	19	1	2	1	318	1033	28	9	82.880005	are
5	1	19	1	2	2	355	1030	91	15	91.582916	unrelated
5	1	19	1	2	3	456	1034	21	11	95.860352	to
5	1	19	1	2	4	486	1032	30	14	92.168777	the
5	1	19	1	2	5	526	1033	50	16	89.388145	preof
5	1	19	1	2	6	583	1033	20	13	93.176422	of
5	1	19	1	2	7	611	1033	15	13	92.550995	P
5	1	19	1	2	8	635	1034	13	15	27.635147	yt
5	1	19	1	2	9	658	1034	41	13	91.306686	NP.
5	1	19	1	2	10	709	1033	67	16	94.670593	Indeed,
5	1	19	1	2	11	784	1033	7	13	73.028931	1
5	1	19	1	2	12	798	1031	50	15	96.762680	would
5	1	19	1	2	13	856	1028	111	16	92.970169	recommend
5	1	19	1	2	14	977	1028	39	14	95.507637	that
5	1	19	1	2	15	1027	1030	77	17	95.549644	readers,
5	1	19	1	2	16	1114	1030	94	15	96.425789	interested
5	1	19	1	2	17	1218	1030	18	14	96.350883	in
5	1	19	1	2	18	1246	1030	67	17	93.282867	mainly
5	1	19	1	2	19	1321	1031	45	13	84.156601	NP's
5	1	19	1	2	20	1374	1031	162	17	84.143333	characterisation,
5	1	19	1	2	21	1546	1031	69	17	96.425674	intially
5	1	19	1	2	22	1623	1031	45	14	93.291206	omit
5	1	19	1	2	23	1678	1030	50	18	70.265198	[47]'s
5	1	19	1	2	24	1736	1030	70	15	95.995407	Section
5	1	19	1	2	25	1816	1030	11	14	65.605820	5
5	1	19	1	2	26	1836	1030	34	13	96.793358	and
5	1	19	1	2	27	1879	1029	24	14	79.841370	its
5	1	19	1	2	28	1911	1030	95	13	96.571167	Theorems
5	1	19	1	2	29	2014	1032	9	13	89.274513	4
5	1	19	1	2	30	2032	1031	17	14	89.274513	&
5	1	19	1	2	31	2058	1031	11	13	96.868210	5
5	1	19	1	2	32	2079	1030	78	13	96.713196	because
5	1	19	1	2	33	2168	1029	32	14	96.737541	the
4	1	19	1	3	0	319	1047	932	21	-1	
5	1	19	1	3	1	319	1047	52	14	88.755165	latter
5	1	19	1	3	2	382	1048	68	15	77.847435	involve
5	1	19	1	3	3	458	1055	11	8	52.901115	a
5	1	19	1	3	4	477	1051	118	16	94.971626	complicated
5	1	19	1	3	5	604	1052	51	16	96.508537	proof
5	1	19	1	3	6	663	1052	38	13	96.876038	that
5	1	19	1	3	7	710	1052	15	13	60.000664	fe
5	1	19	1	3	8	732	1051	92	17	90.403275	ultimately
5	1	19	1	3	9	832	1048	85	16	58.749889	usrelated
5	1	19	1	3	10	928	1051	21	10	93.290039	to
5	1	19	1	3	11	958	1048	47	13	76.474190	NP‘s
5	1	19	1	3	12	1013	1048	124	15	93.282982	fundamental
5	1	19	1	3	13	1148	1049	103	17	86.966270	propertice.
3	1	19	2	0	0	322	1065	1877	39	-1	
4	1	19	2	1	0	371	1065	1828	22	-1	
5	1	19	2	1	1	371	1067	14	12	94.687759	A
5	1	19	2	1	2	394	1067	78	16	90.057251	peculiar
5	1	19	2	1	3	482	1071	61	14	88.031044	aspect
5	1	19	2	1	4	553	1069	19	14	96.696602	of
5	1	19	2	1	5	580	1069	35	18	91.189545	[47]
5	1	19	2	1	6	624	1069	15	14	72.810883	ie
5	1	19	2	1	7	649	1070	38	13	94.972084	that
5	1	19	2	1	8	697	1070	14	13	77.153809	it
5	1	19	2	1	9	720	1070	40	13	84.474289	docs
5	1	19	2	1	10	768	1069	64	14	50.417881	coatais
5	1	19	2	1	11	841	1073	29	9	95.523621	one
5	1	19	2	1	12	879	1067	50	14	96.639977	other
5	1	19	2	1	13	940	1065	64	17	48.215141	result,
5	1	19	2	1	14	1015	1066	40	14	96.128761	that
5	1	19	2	1	15	1066	1071	25	9	96.128761	we
5	1	19	2	1	16	1101	1067	77	16	59.205826	recently
5	1	19	2	1	17	1189	1066	99	15	92.455505	discovered
5	1	19	2	1	18	1299	1069	19	11	96.938126	to
5	1	19	2	1	19	1327	1067	21	14	95.356018	be
5	1	19	2	1	20	1358	1068	63	13	95.356018	crucial
5	1	19	2	1	21	1432	1068	24	13	96.715813	for
5	1	19	2	1	22	1468	1068	72	17	93.272453	proving
5	1	19	2	1	23	1557	1069	6	13	90.399635	P
5	1	19	2	1	24	1573	1069	15	16	88.814697	#
5	1	19	2	1	25	1600	1069	34	13	82.435516	NP
5	1	19	2	1	26	1639	1061	8	30	82.435516	,
5	1	19	2	1	27	1659	1068	86	17	95.888603	although
5	1	19	2	1	28	1756	1071	23	10	95.888603	we
5	1	19	2	1	29	1789	1066	102	17	96.550079	previously
5	1	19	2	1	30	1900	1066	92	16	96.213707	presumed
5	1	19	2	1	31	2000	1067	89	14	95.101166	Theorem
5	1	19	2	1	32	2099	1066	11	14	95.101166	6
5	1	19	2	1	33	2120	1070	36	9	96.035904	was
5	1	19	2	1	34	2166	1068	33	11	96.826797	too
4	1	19	2	2	0	322	1083	1090	21	-1	
5	1	19	2	2	1	322	1084	103	15	59.981880	specialised
5	1	19	2	2	2	435	1086	26	13	96.779327	for
5	1	19	2	2	3	471	1086	15	14	95.922745	it
5	1	19	2	2	4	495	1089	20	11	96.280243	te
5	1	19	2	2	5	522	1087	43	13	68.554665	have
5	1	19	2	2	6	575	1087	50	14	95.798187	much
5	1	19	2	2	7	633	1087	115	17	68.274231	significance.
5	1	19	2	2	8	758	1088	24	13	93.053696	Ite
5	1	19	2	2	9	790	1083	184	17	62.893364	awkward-bet-useful
5	1	19	2	2	10	983	1084	100	14	91.265076	formaliam
5	1	19	2	2	11	1091	1084	78	15	94.630257	involves
5	1	19	2	2	12	1178	1084	30	14	95.881851	the
5	1	19	2	2	13	1217	1084	88	17	96.853424	following
5	1	19	2	2	14	1313	1084	99	15	96.978462	definition:
2	1	20	0	0	0	325	1133	1874	47	-1	
3	1	20	1	0	0	325	1133	1874	47	-1	
4	1	20	1	1	0	360	1133	1839	20	-1	
5	1	20	1	1	1	360	1134	108	15	66.054626	Definition
5	1	20	1	1	2	476	1136	31	13	93.914482	0.5
5	1	20	1	1	3	526	1136	31	13	95.388199	Let
5	1	20	1	1	4	567	1141	20	8	96.743088	us
5	1	20	1	1	5	597	1141	68	9	81.827271	assume
5	1	20	1	1	6	675	1136	37	14	92.267593	that
5	1	20	1	1	7	722	1141	12	9	72.060951	o
5	1	20	1	1	8	745	1136	15	14	66.248901	is
5	1	20	1	1	9	767	1141	22	9	71.621002	am
5	1	20	1	1	10	797	1137	53	12	40.692429	aziom
5	1	20	1	1	11	859	1138	63	14	54.896484	system
5	1	20	1	1	12	932	1134	41	14	95.837608	that
5	1	20	1	1	13	985	1134	83	13	78.886055	contains
5	1	20	1	1	14	1078	1139	10	8	13.448792	@
5	1	20	1	1	15	1099	1134	113	14	95.885399	Predecessor
5	1	20	1	1	16	1223	1133	79	14	96.485451	function
5	1	20	1	1	17	1313	1134	73	16	91.551323	symbol,
5	1	20	1	1	18	1396	1135	55	13	93.247765	where
5	1	20	1	1	19	1461	1134	74	18	50.053619	Pred(=)
5	1	20	1	1	20	1550	1135	78	18	87.183319	=Min(2
5	1	20	1	1	21	1638	1143	14	2	91.925476	—
5	1	20	1	1	22	1661	1135	48	17	95.948616	1,0),
5	1	20	1	1	23	1720	1140	20	8	80.299606	as
5	1	20	1	1	24	1750	1134	38	14	96.420654	well
5	1	20	1	1	25	1798	1138	20	9	93.207619	as
5	1	20	1	1	26	1827	1133	81	14	85.231895	conteins
5	1	20	1	1	27	1918	1138	10	9	53.671410	@
5	1	20	1	1	28	1938	1135	80	13	94.940788	constant
5	1	20	1	1	29	2028	1133	73	17	94.290192	symbol
5	1	20	1	1	30	2121	1133	25	19	63.828018	Cj
5	1	20	1	1	31	2170	1133	29	14	91.544991	for
4	1	20	1	2	0	325	1156	1872	24	-1	
5	1	20	1	2	1	325	1162	121	17	86.581955	representing
5	1	20	1	2	2	453	1162	31	13	71.682709	the
5	1	20	1	2	3	494	1162	49	14	46.025486	value
5	1	20	1	2	4	552	1163	38	13	60.787140	"1".
5	1	20	1	2	5	601	1163	48	16	96.113937	Also,
5	1	20	1	2	6	657	1163	24	13	93.114540	let
5	1	20	1	2	7	689	1156	51	20	10.568230	Predd
5	1	20	1	2	8	745	1162	26	18	61.285019	(=)
5	1	20	1	2	9	779	1163	59	13	42.874874	demote
5	1	20	1	2	10	846	1168	9	7	59.350510	«
5	1	20	1	2	11	862	1161	95	14	49.188049	functional
5	1	20	1	2	12	966	1160	95	17	96.056702	operation
5	1	20	1	2	13	1073	1161	39	13	96.656860	that
5	1	20	1	2	14	1121	1161	77	13	80.453110	consists
5	1	20	1	2	15	1206	1161	19	12	93.305267	of
5	1	20	1	2	16	1232	1160	8	16	91.784599	j
5	1	20	1	2	17	1250	1160	91	14	96.776039	iterations
5	1	20	1	2	18	1349	1161	18	13	96.802490	of
5	1	20	1	2	19	1373	1161	41	13	96.771011	such
5	1	20	1	2	20	1423	1166	10	8	74.995293	a
5	1	20	1	2	21	1442	1162	108	16	96.440460	predecessor
5	1	20	1	2	22	1558	1162	79	13	90.321236	function
5	1	20	1	2	23	1647	1161	7	18	34.067513	(:
5	1	20	1	2	24	1700	1161	36	14	96.772430	this
5	1	20	1	2	25	1745	1161	82	14	96.052399	notation
5	1	20	1	2	26	1836	1159	70	17	96.272072	implies
5	1	20	1	2	27	1913	1159	40	15	93.123177	that
5	1	20	1	2	28	1966	1160	11	13	45.841564	&
5	1	20	1	2	29	1990	1160	13	14	93.674133	is
5	1	20	1	2	30	2011	1161	30	13	96.583221	the
5	1	20	1	2	31	2084	1165	35	12	77.178909	que
5	1	20	1	2	32	2127	1160	70	18	94.371681	integer
2	1	21	0	0	0	325	1181	1873	42	-1	
3	1	21	1	0	0	325	1181	1873	42	-1	
4	1	21	1	1	0	325	1181	1873	26	-1	
5	1	21	1	1	1	325	1185	41	14	92.582420	that
5	1	21	1	1	2	375	1187	78	13	47.190407	satiefics
5	1	21	1	1	3	462	1188	32	13	96.870682	the
5	1	21	1	1	4	503	1188	74	16	65.734619	identity
5	1	21	1	1	5	594	1181	116	25	0.000000	Pred*—1(4)
5	1	21	1	1	6	723	1193	13	7	93.724838	=
5	1	21	1	1	7	748	1189	24	18	23.820389	C1
5	1	21	1	1	8	791	1188	13	17	85.821121	).
5	1	21	1	1	9	813	1189	46	13	85.398438	Thes
5	1	21	1	1	10	875	1193	12	8	71.338463	a
5	1	21	1	1	11	905	1187	33	14	82.935692	will
5	1	21	1	1	12	947	1187	22	14	96.683830	be
5	1	21	1	1	13	979	1186	39	14	88.306068	anid
5	1	21	1	1	14	1029	1188	21	11	96.715523	to
5	1	21	1	1	15	1059	1190	70	12	91.670242	possess
5	1	21	1	1	16	1140	1186	69	13	90.921471	Infinte
5	1	21	1	1	17	1220	1186	36	12	88.701393	Far
5	1	21	1	1	18	1265	1186	63	20	95.527718	Reach
5	1	21	1	1	19	1337	1186	21	13	96.581337	iff
5	1	21	1	1	20	1364	1186	37	14	94.785721	there
5	1	21	1	1	21	1420	1186	54	14	70.558304	exists
5	1	21	1	1	22	1482	1192	48	9	96.585823	some
5	1	21	1	1	23	1536	1188	45	15	93.245293	finite
5	1	21	1	1	24	1588	1188	51	13	14.630951	subset
5	1	21	1	1	25	1646	1188	20	13	95.620338	of
5	1	21	1	1	26	1673	1188	30	13	89.248474	a's
5	1	21	1	1	27	1712	1189	27	11	77.445419	eet
5	1	21	1	1	28	1748	1186	20	14	96.268707	of
5	1	21	1	1	29	1775	1190	64	12	96.679214	proper
5	1	21	1	1	30	1849	1185	75	17	93.472237	axioms,
5	1	21	1	1	31	1931	1185	56	15	94.121826	called
5	1	21	1	1	32	1996	1191	29	11	93.282166	say
5	1	21	1	1	33	2034	1191	20	12	93.573143	7,
5	1	21	1	1	34	2086	1186	21	14	40.256721	Mich
5	1	21	1	1	35	2117	1185	42	15	95.127411	that
5	1	21	1	1	36	2170	1186	28	14	96.788635	for
4	1	21	1	2	0	325	1203	1273	20	-1	
5	1	21	1	2	1	325	1207	53	13	92.726219	every
5	1	21	1	2	2	387	1205	67	17	84.440567	imteger
5	1	21	1	2	3	464	1205	10	13	56.458359	k
5	1	21	1	2	4	484	1205	31	14	95.946159	the
5	1	21	1	2	5	525	1206	49	13	32.773010	finite
5	1	21	1	2	6	582	1208	66	14	22.804619	system
5	1	21	1	2	7	656	1211	11	11	90.027931	7
5	1	21	1	2	8	677	1206	15	13	71.617088	is
5	1	21	1	2	9	699	1206	69	17	92.920509	capable
5	1	21	1	2	10	776	1206	19	13	96.007278	of
5	1	21	1	2	11	801	1206	68	17	93.285576	proving
5	1	21	1	2	12	876	1205	41	18	27.639130	(6)'s
5	1	21	1	2	13	926	1205	88	14	83.897301	invariant
5	1	21	1	2	14	1025	1203	50	17	95.316528	(that
5	1	21	1	2	15	1085	1203	102	17	72.501312	intuitively
5	1	21	1	2	16	1196	1206	56	10	46.130959	atatce
5	1	21	1	2	17	1261	1203	30	13	96.643860	the
5	1	21	1	2	18	1300	1205	63	15	96.826553	integer
5	1	21	1	2	19	1372	1204	80	16	92.070068	quantity
5	1	21	1	2	20	1487	1204	42	14	67.598297	docs
5	1	21	1	2	21	1538	1205	60	18	77.046890	exist).
2	1	22	0	0	0	1655	1166	34	13	-1	
3	1	22	1	0	0	1655	1166	34	13	-1	
4	1	22	1	1	0	1655	1166	34	13	-1	
5	1	22	1	1	1	1655	1166	34	13	95.000000	 
2	1	23	0	0	0	326	1243	1870	104	-1	
3	1	23	1	0	0	326	1243	1870	104	-1	
4	1	23	1	1	0	1134	1243	1062	60	-1	
5	1	23	1	1	1	1134	1261	31	13	34.594536	Be
5	1	23	1	1	2	1191	1252	117	25	5.745888	Prea*—1(2)
5	1	23	1	1	3	1325	1265	14	8	81.681549	=
5	1	23	1	1	4	1355	1261	23	18	0.000000	C,
5	1	23	1	1	5	2087	1243	29	60	89.106285	\
5	1	23	1	1	6	2168	1261	28	18	81.602325	(6)
4	1	23	1	2	0	378	1309	1818	21	-1	
5	1	23	1	2	1	378	1311	39	13	95.755150	The
5	1	23	1	2	2	424	1310	89	14	79.542984	Theorem
5	1	23	1	2	3	521	1312	11	12	96.840668	6
5	1	23	1	2	4	538	1312	19	12	96.840668	of
5	1	23	1	2	5	563	1310	16	17	91.702431	[47]
5	1	23	1	2	6	604	1311	56	13	84.846016	chows
5	1	23	1	2	7	667	1312	14	12	93.004692	it
5	1	23	1	2	8	687	1311	15	13	96.054008	is
5	1	23	1	2	9	709	1312	71	15	18.173988	possible
5	1	23	1	2	10	786	1314	18	11	82.275200	te
5	1	23	1	2	11	810	1314	85	11	68.008858	coastrect
5	1	23	1	2	12	902	1310	199	15	88.144196	awkward-but-viable
5	1	23	1	2	13	1108	1309	135	17	43.861481	sclf-justifying
5	1	23	1	2	14	1250	1309	107	13	91.735794	arithmetics
5	1	23	1	2	15	1364	1309	40	13	96.863792	with
5	1	23	1	2	16	1411	1309	67	14	96.863792	infinite
5	1	23	1	2	17	1485	1310	26	13	96.320511	far
5	1	23	1	2	18	1518	1310	49	14	96.518677	reach
5	1	23	1	2	19	1575	1311	39	13	96.299232	that
5	1	23	1	2	20	1622	1316	28	8	96.299232	are
5	1	23	1	2	21	1657	1310	75	17	96.285042	capable
5	1	23	1	2	22	1738	1310	20	14	96.389420	of
5	1	23	1	2	23	1763	1309	134	17	96.389557	corroborating
5	1	23	1	2	24	1906	1309	45	21	96.201050	their
5	1	23	1	2	25	1958	1314	38	10	96.201050	own
5	1	23	1	2	26	2002	1310	70	14	96.907860	Hilbert
5	1	23	1	2	27	2080	1310	116	17	94.872803	consistency
4	1	23	1	3	0	326	1326	1869	21	-1	
5	1	23	1	3	1	326	1327	37	13	55.780491	aad
5	1	23	1	3	2	373	1328	76	16	91.052757	preving
5	1	23	1	3	3	456	1328	32	13	96.887672	the
5	1	23	1	3	4	498	1328	73	16	95.911224	validity
5	1	23	1	3	5	576	1323	19	28	96.790916	of
5	1	23	1	3	6	605	1328	23	13	95.894867	all
5	1	23	1	3	7	635	1328	20	13	96.742355	of
5	1	23	1	3	8	661	1328	55	14	89.587006	Pease
5	1	23	1	3	9	724	1328	106	14	71.233963	Arithmetics
5	1	23	1	3	10	837	1329	24	18	57.718605	1)
5	1	23	1	3	11	871	1329	93	15	83.502785	theorems,
5	1	23	1	3	12	972	1329	51	17	96.083679	using
5	1	23	1	3	13	1032	1328	42	17	38.058258	agai
5	1	23	1	3	14	1138	1327	49	17	63.376503	ghtly
5	1	23	1	3	15	1196	1327	83	13	96.429443	modified
5	1	23	1	3	16	1288	1326	83	17	96.319572	language
5	1	23	1	3	17	1379	1326	37	13	96.062714	that
5	1	23	1	3	18	1425	1329	52	11	38.165085	treats
5	1	23	1	3	19	1485	1327	78	14	96.682571	addition
5	1	23	1	3	20	1571	1328	35	13	96.646980	and
5	1	23	1	3	21	1615	1328	147	16	96.544716	multiplications
5	1	23	1	3	22	1769	1332	20	8	82.747711	as
5	1	23	1	3	23	1797	1327	58	16	91.112122	3-way
5	1	23	1	3	24	1863	1327	83	13	96.501190	relations
5	1	23	1	3	25	1955	1326	64	18	96.560173	(rather
5	1	23	1	3	26	2028	1327	45	14	95.998009	than
5	1	23	1	3	27	2083	1332	20	8	95.449265	as
5	1	23	1	3	28	2112	1328	83	14	95.449265	function
2	1	24	0	0	0	1075	1342	52	18	-1	
3	1	24	1	0	0	1075	1342	52	18	-1	
4	1	24	1	1	0	1075	1342	52	18	-1	
5	1	24	1	1	1	1075	1342	52	18	95.000000	 
2	1	25	0	0	0	323	1344	1874	154	-1	
3	1	25	1	0	0	327	1344	1869	71	-1	
4	1	25	1	1	0	327	1344	1869	32	-1	
5	1	25	1	1	1	327	1345	119	17	75.435112	primitives).
5	1	25	1	1	2	462	1347	21	12	96.522850	Im
5	1	25	1	1	3	494	1346	103	16	12.430359	particular,
5	1	25	1	1	4	601	1345	58	31	50.979912	ils
5	1	25	1	1	5	669	1346	55	14	39.804230	ISINF
5	1	25	1	1	6	732	1347	89	13	64.180969	formaKem
5	1	25	1	1	7	830	1352	30	8	52.767048	can
5	1	25	1	1	8	872	1347	68	13	90.566254	achieve
5	1	25	1	1	9	951	1347	36	14	76.190292	this
5	1	25	1	1	10	997	1349	86	15	96.583191	property
5	1	25	1	1	11	1128	1346	44	13	96.735443	without
5	1	25	1	1	12	1183	1345	86	17	85.727974	violating
5	1	25	1	1	13	1279	1345	30	13	93.291611	the
5	1	25	1	1	14	1320	1344	142	17	69.440689	Pudlék-Solovay
5	1	25	1	1	15	1472	1345	65	13	96.277786	version
5	1	25	1	1	16	1547	1346	20	13	96.967049	of
5	1	25	1	1	17	1575	1346	30	14	96.967049	the
5	1	25	1	1	18	1616	1346	66	14	93.292694	Second
5	1	25	1	1	19	1693	1345	149	17	81.612427	Incompletences
5	1	25	1	1	20	1852	1345	86	13	95.957809	Theorem
5	1	25	1	1	21	1949	1345	71	13	88.464180	because
5	1	25	1	1	22	2032	1345	15	14	96.359863	it
5	1	25	1	1	23	2058	1345	16	14	95.646515	is
5	1	25	1	1	24	2084	1350	11	8	93.149467	a
5	1	25	1	1	25	2106	1346	90	16	91.099670	Type-NS
4	1	25	1	2	0	327	1362	1869	18	-1	
5	1	25	1	2	1	327	1362	109	17	80.074150	formaliem,
5	1	25	1	2	2	444	1363	84	16	88.641106	fermally
5	1	25	1	2	3	538	1364	38	12	53.249847	ince,
5	1	25	1	2	4	619	1368	9	8	72.047424	je
5	1	25	1	2	5	636	1363	20	13	86.360779	of
5	1	25	1	2	6	664	1364	80	16	93.499664	verifying
5	1	25	1	2	7	750	1369	31	11	88.367561	any
5	1	25	1	2	8	788	1365	19	13	96.034592	of
5	1	25	1	2	9	814	1365	28	13	96.374962	the
5	1	25	1	2	10	850	1365	100	15	62.316132	operations
5	1	25	1	2	11	958	1365	20	13	96.816605	of
5	1	25	1	2	12	985	1365	102	15	95.423836	Successor,
5	1	25	1	2	13	1097	1363	87	14	96.534607	Addition
5	1	25	1	2	14	1192	1367	20	9	96.617668	or
5	1	25	1	2	15	1220	1362	138	16	96.846764	Multiplication
5	1	25	1	2	16	1367	1366	27	9	96.912682	are
5	1	25	1	2	17	1403	1362	43	13	96.364815	total
5	1	25	1	2	18	1455	1362	91	14	93.599503	functions.
5	1	25	1	2	19	1557	1364	94	16	41.841412	Moreover,
5	1	25	1	2	20	1661	1363	37	14	93.261566	this
5	1	25	1	2	21	1708	1363	78	14	89.132637	“ISINF™
5	1	25	1	2	22	1796	1362	46	13	96.891373	clase
5	1	25	1	2	23	1851	1362	20	14	93.306244	of
5	1	25	1	2	24	1878	1362	105	14	85.619827	formaliams
5	1	25	1	2	25	1990	1363	30	13	95.230492	bas
5	1	25	1	2	26	2029	1368	11	8	66.956207	a
5	1	25	1	2	27	2048	1363	148	17	95.792053	fundamentally
4	1	25	1	3	0	323	1375	1873	39	-1	
5	1	25	1	3	1	323	1375	90	39	0.000000	giterent
5	1	25	1	3	2	424	1383	88	13	55.426792	amatomy
5	1	25	1	3	3	521	1380	46	13	61.950737	from
5	1	25	1	3	4	595	1379	32	18	34.238274	[47]‘e
5	1	25	1	3	5	637	1380	82	14	69.844933	altermate
5	1	25	1	3	6	730	1381	64	15	64.310303	“ISCE™
5	1	25	1	3	7	805	1383	64	12	59.990841	variant
5	1	25	1	3	8	878	1383	20	12	93.293053	of
5	1	25	1	3	9	905	1382	134	17	83.515511	self-justifying
5	1	25	1	3	10	1049	1382	57	16	91.320320	logice
5	1	25	1	3	11	1116	1381	75	14	96.440727	because
5	1	25	1	3	12	1203	1380	29	13	96.004295	the
5	1	25	1	3	13	1243	1380	53	13	91.827782	latter
5	1	25	1	3	14	1306	1384	39	8	31.858505	uses
5	1	25	1	3	15	1354	1384	21	8	96.791412	an
5	1	25	1	3	16	1386	1379	57	16	95.592575	infinite
5	1	25	1	3	17	1451	1380	61	12	93.717789	number
5	1	25	1	3	18	1517	1380	19	13	95.827606	of
5	1	25	1	3	19	1544	1380	80	13	95.354225	different
5	1	25	1	3	20	1634	1381	90	13	89.066002	instances
5	1	25	1	3	21	1733	1380	20	13	96.717583	of
5	1	25	1	3	22	1762	1380	29	13	96.822998	the
5	1	25	1	3	23	1802	1380	59	13	93.284630	axiom
5	1	25	1	3	24	1872	1380	69	13	84.878601	echema
5	1	25	1	3	25	1951	1380	26	17	95.867569	(4)
5	1	25	1	3	26	1988	1383	18	10	96.622574	to
5	1	25	1	3	27	2015	1383	93	11	96.577415	construct
5	1	25	1	3	28	2120	1381	31	12	95.509460	the
5	1	25	1	3	29	2163	1381	33	14	93.645538	full
4	1	25	1	4	0	327	1396	258	19	-1	
5	1	25	1	4	1	327	1396	74	15	91.516800	infimite
5	1	25	1	4	2	410	1402	55	13	89.856888	range
5	1	25	1	4	3	474	1398	21	13	95.065742	of
5	1	25	1	4	4	503	1398	82	16	78.075714	integers.
3	1	25	2	0	0	329	1414	1867	39	-1	
4	1	25	2	1	0	379	1414	1817	19	-1	
5	1	25	2	1	1	379	1415	51	13	24.008957	Thus
5	1	25	2	1	2	441	1415	53	13	96.738930	while
5	1	25	2	1	3	504	1419	54	12	89.794739	many
5	1	25	2	1	4	566	1417	61	14	91.042374	aspect
5	1	25	2	1	5	637	1415	20	13	95.402405	of
5	1	25	2	1	6	664	1414	33	18	91.389893	[47]
5	1	25	2	1	7	707	1416	70	14	27.376534	“ISINF™
5	1	25	2	1	8	788	1418	43	15	53.307728	style
5	1	25	2	1	9	840	1418	94	13	33.964302	fermaliam
5	1	25	2	1	10	943	1423	28	8	95.083542	are
5	1	25	2	1	11	981	1418	86	14	96.218040	awkward
5	1	25	2	1	12	1077	1417	36	14	93.179588	and
5	1	25	2	1	13	1124	1415	171	18	91.578239	super-impractical
5	1	25	2	1	14	1306	1414	41	18	93.384010	(due
5	1	25	2	1	15	1357	1417	18	10	96.688240	to
5	1	25	2	1	16	1384	1414	28	14	96.950218	the
5	1	25	2	1	17	1422	1415	80	16	96.836517	unwieldy
5	1	25	2	1	18	1512	1415	39	17	96.828018	long
5	1	25	2	1	19	1559	1416	58	16	90.972443	proofs
5	1	25	2	1	20	1627	1416	14	13	96.261131	it
5	1	25	2	1	21	1651	1415	101	18	96.231247	produces),
5	1	25	2	1	22	1763	1415	37	14	96.630661	this
5	1	25	2	1	23	1810	1415	101	14	96.630661	framework
5	1	25	2	1	24	1921	1415	60	14	96.174255	differs
5	1	25	2	1	25	1990	1416	43	13	96.591423	from
5	1	25	2	1	26	2044	1416	31	13	96.035103	the
5	1	25	2	1	27	2086	1416	110	14	0.748665	alternative
4	1	25	2	2	0	329	1432	1630	21	-1	
5	1	25	2	2	1	329	1432	52	14	92.255798	ISCE
5	1	25	2	2	2	389	1433	114	13	76.429016	mechasiam
5	1	25	2	2	3	510	1433	30	16	96.594879	by,
5	1	25	2	2	4	548	1436	19	10	90.112175	at
5	1	25	2	2	5	575	1433	53	16	0.000000	lewst,
5	1	25	2	2	6	636	1433	75	17	62.722355	showing
5	1	25	2	2	7	717	1434	37	14	90.955124	that
5	1	25	2	2	8	761	1436	129	17	26.803757	colf-justifying
5	1	25	2	2	9	898	1436	57	14	93.985962	axiom
5	1	25	2	2	10	963	1440	75	13	87.817673	systems
5	1	25	2	2	11	1047	1436	44	14	96.425247	with
5	1	25	2	2	12	1101	1437	20	13	85.986702	In:
5	1	25	2	2	13	1183	1435	31	13	95.415405	Far
5	1	25	2	2	14	1223	1433	58	14	95.415405	Reach
5	1	25	2	2	15	1290	1438	29	8	92.800606	arc
5	1	25	2	2	16	1328	1432	115	17	95.414841	theoretically
5	1	25	2	2	17	1451	1433	69	16	96.766205	capable
5	1	25	2	2	18	1528	1434	19	12	96.967712	of
5	1	25	2	2	19	1553	1434	90	14	96.774818	confirming
5	1	25	2	2	20	1664	1434	46	14	96.312737	their
5	1	25	2	2	21	1718	1439	39	9	96.191345	own
5	1	25	2	2	22	1765	1434	71	13	96.726196	Hilbert
5	1	25	2	2	23	1844	1434	115	16	95.721016	consistency.
3	1	25	3	0	0	328	1439	1869	59	-1	
4	1	25	3	1	0	380	1439	1817	31	-1	
5	1	25	3	1	1	380	1450	39	13	85.435371	‘The
5	1	25	3	1	2	428	1450	88	13	55.440262	intuition
5	1	25	3	1	3	524	1450	66	13	73.889847	babind
5	1	25	3	1	4	598	1454	33	9	90.888214	our
5	1	25	3	1	5	639	1450	73	16	59.191109	proo€
5	1	25	3	1	6	697	1435	17	39	83.971100	of
5	1	25	3	1	7	719	1452	13	12	35.683685	P
5	1	25	3	1	8	740	1453	13	15	18.367996	¥
5	1	25	3	1	9	762	1453	32	13	91.975662	NP
5	1	25	3	1	10	802	1453	61	13	56.305756	inthel
5	1	25	3	1	11	870	1458	24	9	18.281509	of
5	1	25	3	1	12	902	1454	67	13	13.900299	wotiond
5	1	25	3	1	13	979	1455	38	13	87.495834	that
5	1	25	3	1	14	1025	1455	15	13	95.999817	if
5	1	25	3	1	15	1046	1454	38	14	67.429153	this
5	1	25	3	1	16	1093	1454	89	13	80.103737	invariant
5	1	25	3	1	17	1190	1456	34	8	88.424133	was
5	1	25	3	1	18	1232	1451	43	13	88.965790	falec
5	1	25	3	1	19	1283	1450	40	13	96.245209	then
5	1	25	3	1	20	1332	1455	10	8	79.031036	a
5	1	25	3	1	21	1350	1450	122	16	96.883720	hybridisation
5	1	25	3	1	22	1478	1451	18	12	96.996864	of
5	1	25	3	1	23	1503	1450	29	13	93.230087	the
5	1	25	3	1	24	1539	1451	49	13	91.454437	ISCE
5	1	25	3	1	25	1594	1451	34	13	93.126045	and
5	1	25	3	1	26	1637	1439	58	27	90.197632	ISINF
5	1	25	3	1	27	1702	1451	113	14	95.804459	frameworks
5	1	25	3	1	28	1822	1451	36	14	91.223610	will
5	1	25	3	1	29	1865	1451	76	17	89.017715	produce
5	1	25	3	1	30	1949	1456	12	8	70.494980	«
5	1	25	3	1	31	1967	1451	130	14	95.390610	contradiction
5	1	25	3	1	32	2107	1451	90	19	90.248787	(showing
4	1	25	3	2	0	328	1474	1845	24	-1	
5	1	25	3	2	1	328	1474	43	13	91.206123	that
5	1	25	3	2	2	382	1475	31	13	96.943336	the
5	1	25	3	2	3	424	1475	92	13	0.000000	invariant
5	1	25	3	2	4	527	1476	15	12	90.729431	P
5	1	25	3	2	5	553	1479	14	8	90.925438	=
5	1	25	3	2	6	580	1476	34	13	93.499031	NP
5	1	25	3	2	7	624	1478	65	11	31.892845	cannot
5	1	25	3	2	8	699	1477	71	16	14.601334	pemibly
5	1	25	3	2	9	779	1478	55	16	48.397427	held).
5	1	25	3	2	10	849	1479	18	12	48.537235	Im
5	1	25	3	2	11	877	1480	92	15	5.574112	particular
5	1	25	3	2	12	980	1481	90	17	90.966400	assuming
5	1	25	3	2	13	1079	1480	41	13	93.152863	that
5	1	25	3	2	14	1131	1479	50	14	64.830704	tberc
5	1	25	3	2	15	1192	1478	15	13	96.138016	is
5	1	25	3	2	16	1249	1476	52	14	93.740341	available
5	1	25	3	2	17	1310	1481	22	8	93.740341	an
5	1	25	3	2	18	1342	1475	89	17	87.661819	algorithm
5	1	25	3	2	19	1444	1480	11	8	90.803673	o
5	1	25	3	2	20	1468	1476	37	13	96.585777	that
5	1	25	3	2	21	1515	1480	30	9	96.594498	can
5	1	25	3	2	22	1554	1476	48	13	37.050354	solve
5	1	25	3	2	23	1610	1476	92	18	63.511909	length—n
5	1	25	3	2	24	1713	1477	43	14	96.179779	SAT
5	1	25	3	2	25	1765	1477	89	16	84.378555	problems
5	1	25	3	2	26	1863	1481	23	9	96.542038	on
5	1	25	3	2	27	1895	1482	11	8	45.349258	a
5	1	25	3	2	28	1915	1477	64	17	95.625961	Turing
5	1	25	3	2	29	1989	1477	81	13	95.034874	machine
5	1	25	3	2	30	2079	1477	19	13	95.648048	in
5	1	25	3	2	31	2108	1482	32	11	92.715393	say
5	1	25	3	2	32	2159	1482	14	9	4.922096	7
2	1	26	0	0	0	329	1491	1869	44	-1	
3	1	26	1	0	0	329	1491	1869	40	-1	
4	1	26	1	1	0	329	1491	1869	26	-1	
5	1	26	1	1	1	329	1493	52	15	95.719521	time,
5	1	26	1	1	2	390	1498	36	8	96.808876	ome
5	1	26	1	1	3	436	1498	34	8	93.737900	cam
5	1	26	1	1	4	481	1493	56	17	94.496063	apply
5	1	26	1	1	5	548	1493	30	13	95.809082	the
5	1	26	1	1	6	588	1493	72	13	94.844154	ordered
5	1	26	1	1	7	672	1494	36	15	76.302872	pair
5	1	26	1	1	8	718	1494	39	16	53.975227	(a,b)
5	1	26	1	1	9	775	1498	19	11	84.774597	te
5	1	26	1	1	10	1038	1491	16	26	16.921616	ro!
5	1	26	1	1	11	1117	1499	4	3	39.329674	i
5	1	26	1	1	12	1180	1497	5	3	59.257721	i
5	1	26	1	1	13	1256	1498	50	12	87.923958	tema,
5	1	26	1	1	14	1316	1494	53	13	92.990784	called
5	1	26	1	1	15	1381	1493	94	17	63.308128	“Is.Bulky”
5	1	26	1	1	16	1485	1494	33	13	93.213837	and
5	1	26	1	1	17	1530	1494	124	14	10.255974	“Is.Super.Bul!
5	1	26	1	1	18	1692	1505	5	6	77.874054	»
5	1	26	1	1	19	1707	1495	40	13	96.257408	that
5	1	26	1	1	20	1821	1495	47	13	94.424843	tural
5	1	26	1	1	21	1879	1495	71	13	59.624290	hybrids
5	1	26	1	1	22	1971	1495	8	13	95.970070	of
5	1	26	1	1	23	1986	1495	18	13	93.245026	the
5	1	26	1	1	24	2024	1495	54	14	92.009094	ISCE
5	1	26	1	1	25	2113	1496	11	13	92.624443	and
5	1	26	1	1	26	2135	1496	63	14	90.161324	ISINF
4	1	26	1	2	0	329	1492	1783	43	-1	
5	1	26	1	2	1	329	1509	124	16	89.081993	frameworks,
5	1	26	1	2	2	462	1511	44	12	96.536339	with
5	1	26	1	2	3	516	1510	31	13	96.904381	the
5	1	26	1	2	4	556	1511	90	16	96.848534	following
5	1	26	1	2	5	654	1511	76	17	94.548042	pleasing
5	1	26	1	2	6	733	1492	115	43	0.000000	eenbtsatinn
5	1	26	1	2	7	862	1492	18	43	63.463596	Of
5	1	26	1	2	8	897	1499	104	32	31.781326	ee
5	1	26	1	2	9	1009	1499	138	17	73.414230	eclf-justifying
5	1	26	1	2	10	1157	1501	58	9	96.360413	axiom
5	1	26	1	2	11	1225	1500	29	12	70.746346	sys
5	1	26	1	2	12	1584	1495	104	16	26.100601	per.Bulky™
5	1	26	1	2	13	1758	1500	29	8	92.642479	are
5	1	26	1	2	14	1797	1500	53	8	94.301659	natural
5	1	26	1	2	15	1890	1500	11	11	63.115696	by’
5	1	26	1	2	16	1959	1500	11	8	96.766487	of
5	1	26	1	2	17	2005	1500	10	8	96.766487	the
5	1	26	1	2	18	2089	1500	23	9	67.241562	ani
2	1	27	0	0	0	1294	1366	16	9	-1	
3	1	27	1	0	0	1294	1366	16	9	-1	
4	1	27	1	1	0	1294	1366	16	9	-1	
5	1	27	1	1	1	1294	1366	16	9	95.000000	 
2	1	28	0	0	0	1149	1448	25	9	-1	
3	1	28	1	0	0	1149	1448	25	9	-1	
4	1	28	1	1	0	1149	1448	25	9	-1	
5	1	28	1	1	1	1149	1448	25	9	95.000000	 
2	1	29	0	0	0	1150	1458	23	8	-1	
3	1	29	1	0	0	1150	1458	23	8	-1	
4	1	29	1	1	0	1150	1458	23	8	-1	
5	1	29	1	1	1	1150	1458	23	8	95.000000	 
2	1	30	0	0	0	1216	1482	31	8	-1	
3	1	30	1	0	0	1216	1482	31	8	-1	
4	1	30	1	1	0	1216	1482	31	8	-1	
5	1	30	1	1	1	1216	1482	31	8	95.000000	 
2	1	31	0	0	0	338	1551	1859	46	-1	
3	1	31	1	0	0	338	1551	1859	42	-1	
4	1	31	1	1	0	338	1551	1859	21	-1	
5	1	31	1	1	1	338	1551	16	13	63.409981	I.
5	1	31	1	1	2	382	1552	15	12	79.919472	A
5	1	31	1	1	3	407	1552	73	13	0.000000	msteural
5	1	31	1	1	4	545	1552	84	13	92.071724	alization
5	1	31	1	1	5	637	1542	21	34	96.920601	of
5	1	31	1	1	6	665	1542	29	34	93.211761	the
5	1	31	1	1	7	705	1553	103	17	45.134506	tecksiques,
5	1	31	1	1	8	817	1556	39	12	43.609344	weed
5	1	31	1	1	9	865	1559	18	10	81.741257	te
5	1	31	1	1	10	892	1561	39	11	78.741631	prove
5	1	31	1	1	11	957	1559	32	12	46.609688	[47]'s
5	1	31	1	1	12	1005	1560	26	12	71.946045	Th.
5	1	31	1	1	13	1154	1558	12	13	71.097595	4
5	1	31	1	1	14	1174	1558	17	14	85.070206	6,
5	1	31	1	1	15	1201	1556	34	13	96.036240	will
5	1	31	1	1	16	1244	1554	54	17	78.217667	Imply
5	1	31	1	1	17	1306	1553	39	13	95.987198	that
5	1	31	1	1	18	1354	1552	40	13	93.301865	both
5	1	31	1	1	19	1405	1552	74	17	71.451675	Is.Bulky
5	1	31	1	1	20	1487	1552	32	13	92.964249	and
5	1	31	1	1	21	1529	1553	138	17	70.577499	Is.Super.Bulky
5	1	31	1	1	22	1675	1559	29	9	96.857346	are
5	1	31	1	1	23	1714	1555	70	13	95.283134	efficent
5	1	31	1	1	24	1793	1555	36	13	96.766785	and
5	1	31	1	1	25	1837	1555	104	16	96.916412	consistent,
5	1	31	1	1	26	1951	1555	41	13	91.709320	when
5	1	31	1	1	27	1999	1559	28	9	73.599854	ene
5	1	31	1	1	28	2035	1560	36	8	72.630470	uses
5	1	31	1	1	29	2080	1555	31	13	96.726578	the
5	1	31	1	1	30	2120	1555	77	14	95.455620	ordered
4	1	31	1	2	0	412	1552	933	45	-1	
5	1	31	1	2	1	412	1564	44	26	87.142502	peir
5	1	31	1	2	2	465	1552	50	38	66.570740	(ab)
5	1	31	1	2	3	524	1552	23	38	93.300514	to
5	1	31	1	2	4	553	1572	92	10	32.626450	cosstruct
5	1	31	1	2	5	655	1569	31	13	94.730782	the
5	1	31	1	2	6	693	1570	92	14	88.773354	axiomatic
5	1	31	1	2	7	793	1572	49	15	20.394981	iaput
5	1	31	1	2	8	851	1573	11	14	44.435814	9
5	1	31	1	2	9	871	1574	24	13	89.777229	for
5	1	31	1	2	10	903	1562	44	26	31.560738	pat
5	1	31	1	2	11	1025	1556	35	41	29.870461	wea
5	1	31	1	2	12	1072	1564	22	26	33.861725	te
5	1	31	1	2	13	1100	1556	120	41	33.861725	Seper-Bulky
5	1	31	1	2	14	1229	1570	116	16	92.483017	frameworks.
2	1	32	0	0	0	338	1611	1859	42	-1	
3	1	32	1	0	0	338	1611	1859	42	-1	
4	1	32	1	1	0	338	1611	1836	20	-1	
5	1	32	1	1	1	338	1611	26	13	75.898956	Il.
5	1	32	1	1	2	392	1611	20	14	65.997543	Is
5	1	32	1	1	3	421	1614	83	11	27.444069	costrast
5	1	32	1	1	4	515	1614	20	11	94.996094	to
5	1	32	1	1	5	544	1613	45	12	94.616287	Item
5	1	32	1	1	6	598	1613	27	13	86.975601	1's
5	1	32	1	1	7	633	1613	76	15	82.932358	pesitive
5	1	32	1	1	8	718	1613	59	16	24.427582	result,
5	1	32	1	1	9	785	1619	10	7	4.913620	«
5	1	32	1	1	10	804	1617	126	14	55.787811	gesevalication
5	1	32	1	1	11	1020	1627	6	3	0.000000	@
5	1	32	1	1	12	1094	1620	4	4	61.142231	i
5	1	32	1	1	13	1166	1619	3	3	42.783646	5
5	1	32	1	1	14	1246	1617	78	12	14.053375	rgument
5	1	32	1	1	15	1334	1613	32	13	96.857613	will
5	1	32	1	1	16	1375	1613	52	16	96.542351	imply
5	1	32	1	1	17	1433	1613	41	13	96.605331	both
5	1	32	1	1	18	1483	1613	18	13	91.781799	of
5	1	32	1	1	19	1507	1613	77	17	86.642342	Is.Bulky
5	1	32	1	1	20	1591	1614	34	13	93.233017	and
5	1	32	1	1	21	1633	1614	144	17	53.102791	Ie.Super.Bulky
5	1	32	1	1	22	1785	1620	29	8	95.900986	arc
5	1	32	1	1	23	1824	1615	115	13	96.386658	inconsistent
5	1	32	1	1	24	1956	1614	100	17	86.605927	(essentially
5	1	32	1	1	25	2065	1615	78	14	96.661423	because
5	1	32	1	1	26	2153	1616	21	14	61.910728	thi
4	1	32	1	2	0	415	1615	1782	38	-1	
5	1	32	1	2	1	415	1633	31	8	26.921303	aru
5	1	32	1	2	2	456	1632	33	9	41.006638	tee
5	1	32	1	2	3	498	1629	80	13	36.607113	efficleat
5	1	32	1	2	4	588	1632	20	11	91.631004	to
5	1	32	1	2	5	616	1634	64	11	0.000000	mucape
5	1	32	1	2	6	689	1630	30	13	81.539902	the
5	1	32	1	2	7	729	1630	47	14	0.000000	ench
5	1	32	1	2	8	786	1632	18	12	53.227592	of
5	1	32	1	2	9	811	1632	29	13	53.227592	the
5	1	32	1	2	10	847	1621	63	27	0.000000	Saccad
5	1	32	1	2	11	923	1619	35	30	12.519867	Tass
5	1	32	1	2	12	985	1609	76	53	0.000000	eters
5	1	32	1	2	13	1063	1619	161	34	2.318542	aceon
5	1	32	1	2	14	1948	1615	7	17	92.999840	‘
5	1	32	1	2	15	2175	1622	22	10	27.141090	”
2	1	33	0	0	0	329	1667	1869	44	-1	
3	1	33	1	0	0	329	1667	1869	44	-1	
4	1	33	1	1	0	329	1667	1869	24	-1	
5	1	33	1	1	1	329	1670	39	13	92.290955	Our
5	1	33	1	1	2	391	1670	41	13	96.760475	proof
5	1	33	1	1	3	439	1670	21	13	93.209373	of
5	1	33	1	1	4	469	1671	16	12	89.307167	P
5	1	33	1	1	5	495	1671	15	15	63.881138	¥
5	1	33	1	1	6	520	1671	36	13	93.086433	NP
5	1	33	1	1	7	565	1671	35	13	96.651215	will
5	1	33	1	1	8	610	1671	103	16	83.239548	essentially
5	1	33	1	1	9	722	1675	34	10	84.992775	rest
5	1	33	1	1	10	764	1676	23	9	65.330055	on
5	1	33	1	1	11	796	1673	29	13	89.591209	the
5	1	33	1	1	12	834	1674	33	13	96.422813	fact
5	1	33	1	1	13	877	1675	37	14	85.552490	that
5	1	33	1	1	14	924	1677	5	12	47.648232	|
5	1	33	1	1	15	1121	1677	97	14	79.877686	compatible
5	1	33	1	1	16	1254	1674	25	14	96.838707	with
5	1	33	1	1	17	1288	1672	40	14	89.679932	each
5	1	33	1	1	18	1337	1672	48	13	96.975029	other
5	1	33	1	1	19	1394	1671	85	14	70.299469	whenever
5	1	33	1	1	20	1487	1667	23	18	90.739029	af
5	1	33	1	1	21	1515	1671	68	14	95.889603	ordered
5	1	33	1	1	22	1592	1672	37	16	96.493599	pair
5	1	33	1	1	23	1638	1672	50	17	81.448486	(a,b)
5	1	33	1	1	24	1697	1673	81	17	95.292404	formally
5	1	33	1	1	25	1786	1677	99	13	46.780975	represents
5	1	33	1	1	26	1897	1658	7	37	58.510517	=
5	1	33	1	1	27	1912	1673	106	17	96.519012	polynomial
5	1	33	1	1	28	2026	1673	81	15	96.627846	solution
5	1	33	1	1	29	2117	1675	26	13	96.430321	for
5	1	33	1	1	30	2153	1675	45	14	82.424202	SAT
4	1	33	1	2	0	329	1679	1635	32	-1	
5	1	33	1	2	1	329	1686	100	16	83.550201	problems.
5	1	33	1	2	2	440	1686	40	18	96.725861	(We
5	1	33	1	2	3	490	1687	44	17	96.643028	will,
5	1	33	1	2	4	543	1688	49	15	70.730347	thus,
5	1	33	1	2	5	601	1688	60	13	70.537079	derive
5	1	33	1	2	6	671	1688	29	13	92.889977	the
5	1	33	1	2	7	710	1689	54	13	32.175362	reralt
5	1	33	1	2	8	774	1690	13	12	86.391823	P
5	1	33	1	2	9	798	1690	63	16	52.729111	WMP,
5	1	33	1	2	10	870	1692	25	13	76.627823	vie
5	1	33	1	2	11	903	1698	10	7	53.325085	«
5	1	33	1	2	12	922	1680	52	29	5.759438	proc
5	1	33	1	2	13	979	1679	20	32	94.300377	by
5	1	33	1	2	14	997	1679	145	32	0.000000	contradiction,
5	1	33	1	2	15	1152	1681	40	27	71.225616	thet
5	1	33	1	2	16	1202	1680	55	28	59.555290	shows
5	1	33	1	2	17	1266	1696	21	9	79.626617	an
5	1	33	1	2	18	1296	1689	70	15	96.551773	ordered
5	1	33	1	2	19	1376	1689	35	16	93.291351	pair
5	1	33	1	2	20	1420	1688	48	17	18.770821	(e,
5	1	33	1	2	21	1455	1675	15	42	81.025482	6)
5	1	33	1	2	22	1477	1688	53	14	96.307419	would
5	1	33	1	2	23	1537	1689	87	13	81.095085	otherwise
5	1	33	1	2	24	1633	1690	76	16	96.838570	produce
5	1	33	1	2	25	1718	1693	35	10	75.445023	two
5	1	33	1	2	26	1761	1690	125	17	96.009483	incompatible
5	1	33	1	2	27	1893	1680	71	25	58.597569	resulta.
2	1	34	0	0	0	329	1723	1871	305	-1	
3	1	34	1	0	0	329	1723	1010	59	-1	
4	1	34	1	1	0	382	1723	950	22	-1	
5	1	34	1	1	1	382	1723	97	14	95.391418	Cheerful
5	1	34	1	1	2	489	1724	59	12	93.889923	News
5	1	34	1	1	3	556	1724	65	13	96.341431	about
5	1	34	1	1	4	629	1724	119	17	93.284920	Misleading
5	1	34	1	1	5	757	1725	90	17	77.284416	Mirages:
5	1	34	1	1	6	863	1728	26	12	81.117142	As
5	1	34	1	1	7	895	1729	58	13	31.502457	cariicr
5	1	34	1	1	8	961	1732	64	11	54.162415	section
5	1	34	1	1	9	1031	1732	19	12	96.689880	of
5	1	34	1	1	10	1057	1731	36	13	69.677322	thie
5	1	34	1	1	11	1101	1730	60	14	93.369652	article
5	1	34	1	1	12	1169	1729	90	16	74.887009	Indicated
5	1	34	1	1	13	1267	1728	38	13	96.876625	that
5	1	34	1	1	14	1314	1726	18	13	68.331978	th:
4	1	34	1	2	0	329	1741	1010	22	-1	
5	1	34	1	2	1	329	1741	36	13	79.809807	and
5	1	34	1	2	2	375	1741	90	16	32.801346	logicians
5	1	34	1	2	3	474	1742	86	13	96.062088	overlook
5	1	34	1	2	4	570	1742	31	13	96.062088	the
5	1	34	1	2	5	611	1747	73	8	76.346329	essence
5	1	34	1	2	6	692	1743	20	13	96.855415	of
5	1	34	1	2	7	720	1743	31	12	96.810455	the
5	1	34	1	2	8	760	1744	51	15	92.452095	proof
5	1	34	1	2	9	819	1744	19	13	92.452095	of
5	1	34	1	2	10	847	1745	14	12	64.549774	F
5	1	34	1	2	11	872	1746	12	14	30.089638	yi
5	1	34	1	2	12	895	1746	40	13	79.331848	NP.
5	1	34	1	2	13	947	1747	49	13	48.259869	Some
5	1	34	1	2	14	1004	1749	73	13	88.245346	chearful
5	1	34	1	2	15	1089	1753	53	10	71.793442	news,
5	1	34	1	2	16	1151	1749	39	14	96.762245	that
5	1	34	1	2	17	1201	1748	35	14	96.827065	will
5	1	34	1	2	18	1245	1748	22	13	95.754036	be
5	1	34	1	2	19	1277	1750	36	9	95.611206	now
5	1	34	1	2	20	1323	1749	16	8	94.407097	re
4	1	34	1	3	0	330	1758	718	29	-1	
5	1	34	1	3	1	330	1758	50	13	84.209930	whes
5	1	34	1	3	2	389	1763	36	8	95.531975	one
5	1	34	1	3	3	435	1758	15	14	87.550621	is
5	1	34	1	3	4	458	1764	60	8	87.745811	aware
5	1	34	1	3	5	526	1754	20	28	95.007736	of
5	1	34	1	3	6	556	1754	34	28	93.219688	two
5	1	34	1	3	7	598	1759	77	17	89.933441	mirages
5	1	34	1	3	8	684	1759	40	14	96.747910	that
5	1	34	1	3	9	733	1764	32	9	83.297241	can
5	1	34	1	3	10	775	1760	21	13	83.438583	be
5	1	34	1	3	11	806	1761	74	17	90.537453	initially
5	1	34	1	3	12	888	1763	47	14	96.064056	quite
5	1	34	1	3	13	941	1760	107	27	46.771362	misleading.
3	1	34	2	0	0	329	1775	895	85	-1	
4	1	34	2	1	0	380	1775	825	23	-1	
5	1	34	2	1	1	380	1775	41	14	84.251656	The
5	1	34	2	1	2	432	1776	41	13	40.722588	first
5	1	34	2	1	3	485	1776	69	17	91.798279	mirage
5	1	34	2	1	4	564	1781	86	9	20.580902	coacerne
5	1	34	2	1	5	661	1777	31	13	96.208679	the
5	1	34	2	1	6	703	1777	81	16	55.528976	question
5	1	34	2	1	7	795	1778	54	13	82.749222	about
5	1	34	2	1	8	860	1779	75	14	43.804230	whether
5	1	34	2	1	9	946	1781	67	14	19.247253	Gddel’s
5	1	34	2	1	10	1023	1782	65	14	50.880848	Sacend
5	1	34	2	1	11	1102	1783	103	15	47.474388	Incomplete:
4	1	34	2	2	0	329	1794	885	23	-1	
5	1	34	2	2	1	329	1796	21	10	88.826683	te
5	1	34	2	2	2	361	1794	94	16	45.066620	recognise
5	1	34	2	2	3	466	1794	49	13	94.074020	their
5	1	34	2	2	4	526	1799	39	9	96.054901	own
5	1	34	2	2	5	576	1795	119	16	94.832596	consistency.
5	1	34	2	2	6	713	1795	14	13	91.880020	A
5	1	34	2	2	7	738	1795	59	13	74.422104	thame
5	1	34	2	2	8	806	1796	20	13	92.549355	of
5	1	34	2	2	9	834	1800	31	9	80.522499	eur
5	1	34	2	2	10	876	1798	67	12	35.446686	reecach
5	1	34	2	2	11	954	1798	17	13	68.331375	in
5	1	34	2	2	12	982	1798	76	19	2.353828	[37)-{40}
5	1	34	2	2	13	1069	1800	15	13	73.179779	is
5	1	34	2	2	14	1095	1800	38	12	74.161835	thet
5	1	34	2	2	15	1145	1801	27	13	95.853325	the
5	1	34	2	2	16	1183	1804	31	11	95.849609	the
4	1	34	2	3	0	329	1811	895	21	-1	
5	1	34	2	3	1	329	1813	21	11	89.557114	to
5	1	34	2	3	2	359	1811	130	13	13.206520	conventional
5	1	34	2	3	3	500	1812	137	13	61.894382	mathematical
5	1	34	2	3	4	649	1812	108	17	20.657005	paradigma.
5	1	34	2	3	5	771	1813	88	15	95.918106	However,
5	1	34	2	3	6	867	1818	32	8	75.622925	eur
5	1	34	2	3	7	909	1815	76	13	37.726860	reesarch
5	1	34	2	3	8	996	1819	105	12	27.940834	pevepestive
5	1	34	2	3	9	1112	1816	30	13	83.695206	has
5	1	34	2	3	10	1151	1817	41	15	90.095184	been
5	1	34	2	3	11	1205	1819	19	13	81.898354	tb
4	1	34	2	4	0	329	1822	309	42	-1	
5	1	34	2	4	1	329	1822	101	42	25.952065	auentions:
5	1	34	2	4	2	444	1822	92	42	68.959244	including
5	1	34	2	4	3	546	1830	92	15	45.714218	PyNP.
3	1	34	3	0	0	330	1841	1867	44	-1	
4	1	34	3	1	0	378	1841	1789	25	-1	
5	1	34	3	1	1	378	1841	59	25	87.785301	REM
5	1	34	3	1	2	469	1847	16	12	22.719627	E
5	1	34	3	1	3	493	1847	92	19	96.293083	However,
5	1	34	3	1	4	594	1851	26	8	92.090179	we
5	1	34	3	1	5	629	1847	44	12	96.395447	view
5	1	34	3	1	6	683	1847	30	13	94.952881	the
5	1	34	3	1	7	722	1847	39	15	89.450699	tiny
5	1	34	3	1	8	770	1848	7	12	77.241653	1
5	1	34	3	1	9	789	1847	17	13	77.241653	%
5	1	34	3	1	10	815	1850	80	14	0.000000	category
5	1	34	3	1	11	905	1848	19	13	93.257278	of
5	1	34	3	1	12	930	1848	135	16	34.661285	buwndery-cace
5	1	34	3	1	13	1074	1851	98	14	55.261593	exceptions
5	1	34	3	1	14	1275	1851	72	14	49.203217	vealing,
5	1	34	3	1	15	1359	1849	18	13	90.088791	Im
5	1	34	3	1	16	1386	1853	9	8	30.686012	=
5	1	34	3	1	17	1403	1852	47	9	82.309868	sense
5	1	34	3	1	18	1459	1848	27	13	96.531921	the
5	1	34	3	1	19	1494	1852	46	9	30.771408	came
5	1	34	3	1	20	1548	1847	66	16	58.671440	passion
5	1	34	3	1	21	1623	1850	18	11	96.307007	to
5	1	34	3	1	22	1648	1848	79	14	94.540993	examine
5	1	34	3	1	23	1735	1849	39	13	96.075386	that
5	1	34	3	1	24	1782	1849	39	16	31.705925	final
5	1	34	3	1	25	1827	1849	82	16	83.759575	ecamingly
5	1	34	3	1	26	1914	1849	80	13	64.367722	miniscule
5	1	34	3	1	27	2001	1848	38	17	62.314728	tiny
5	1	34	3	1	28	2049	1850	88	14	95.272842	remaining
5	1	34	3	1	29	2159	1853	8	12	96.780663	1
4	1	34	3	2	0	330	1850	1867	40	-1	
5	1	34	3	2	1	330	1865	85	14	79.400009	category
5	1	34	3	2	2	424	1863	22	13	96.305695	of
5	1	34	3	2	3	454	1863	128	16	73.897552	possibilities,
5	1	34	3	2	4	589	1863	43	13	95.472198	that
5	1	34	3	2	5	641	1863	28	13	92.137749	led
5	1	34	3	2	6	678	1866	21	10	91.501930	te
5	1	34	3	2	7	708	1864	30	12	91.435768	the
5	1	34	3	2	8	747	1864	165	14	62.613510	Predmas-Willard
5	1	34	3	2	9	922	1865	60	13	72.607193	Fusion
5	1	34	3	2	10	991	1866	49	12	81.561859	Trees
5	1	34	3	2	11	1049	1868	18	10	95.505760	at
5	1	34	3	2	12	1077	1866	29	13	94.514427	the
5	1	34	3	2	13	1116	1867	39	14	91.836388	1990
5	1	34	3	2	14	1161	1850	61	40	53.622189	STOO
5	1	34	3	2	15	1234	1858	39	26	50.958885	ced
5	1	34	3	2	16	1278	1868	52	15	83.325943	FOCS
5	1	34	3	2	17	1342	1854	30	26	92.367149	con
5	1	34	3	2	18	1455	1864	22	18	81.516586	[?,
5	1	34	3	2	19	1485	1865	22	15	78.110458	7],
5	1	34	3	2	20	1516	1865	32	13	96.185928	will
5	1	34	3	2	21	1557	1870	33	8	95.557106	now
5	1	34	3	2	22	1599	1865	38	13	95.976746	lead
5	1	34	3	2	23	1646	1868	18	11	92.879227	to
5	1	34	3	2	24	1672	1871	10	7	33.907120	=
5	1	34	3	2	25	1691	1866	51	16	95.709831	proof
5	1	34	3	2	26	1749	1866	18	13	90.878799	of
5	1	34	3	2	27	1784	1867	5	12	85.481041	P
5	1	34	3	2	28	1798	1866	15	16	67.889557	¥
5	1	34	3	2	29	1822	1866	41	13	93.974716	NP.
5	1	34	3	2	30	2139	1852	58	15	20.628952	=i
3	1	34	4	0	0	330	1876	1870	57	-1	
4	1	34	4	1	0	376	1876	1820	28	-1	
5	1	34	4	1	1	376	1876	49	28	93.204437	The
5	1	34	4	1	2	511	1881	100	16	25.534607	eurprising
5	1	34	4	1	3	622	1881	67	17	94.247765	mirage
5	1	34	4	1	4	699	1881	38	21	21.609657	aloo
5	1	34	4	1	5	746	1881	65	16	73.382065	caught
5	1	34	4	1	6	822	1882	35	13	90.644699	this
5	1	34	4	1	7	868	1882	62	13	86.081886	auther
5	1	34	4	1	8	940	1883	26	13	66.008545	off
5	1	34	4	1	9	975	1883	58	16	94.101463	guard.
5	1	34	4	1	10	1050	1883	13	13	89.589165	It
5	1	34	4	1	11	1073	1888	81	10	55.466343	comcerms
5	1	34	4	1	12	1164	1886	39	17	51.631794	(47)'s
5	1	34	4	1	13	1235	1888	67	15	1.106026	*JSINF*
5	1	34	4	1	14	1315	1885	55	15	94.002907	axiom
5	1	34	4	1	15	1421	1888	94	10	3.048973	framework,
5	1	34	4	1	16	1525	1883	51	13	96.729149	which
5	1	34	4	1	17	1585	1888	31	8	93.298897	our
5	1	34	4	1	18	1627	1884	106	13	89.610031	APAL-2006
5	1	34	4	1	19	1743	1888	53	12	95.057938	paper
5	1	34	4	1	20	1806	1884	34	13	93.052277	had
5	1	34	4	1	21	1850	1884	54	13	96.658218	called
5	1	34	4	1	22	1917	1884	103	13	68.047012	“awkward”
5	1	34	4	1	23	2032	1885	36	13	95.819366	and
5	1	34	4	1	24	2082	1886	114	15	15.944138	“artificial”.
4	1	34	4	2	0	330	1883	1870	40	-1	
5	1	34	4	2	1	330	1898	59	14	91.243126	These
5	1	34	4	2	2	397	1898	102	17	96.289635	adjectives
5	1	34	4	2	3	509	1898	103	17	65.527954	accurately
5	1	34	4	2	4	622	1898	118	14	60.079483	characterise
5	1	34	4	2	5	752	1899	86	14	13.569862	“ISINF*.
5	1	34	4	2	6	847	1899	38	14	90.906067	One
5	1	34	4	2	7	894	1899	54	17	96.496971	might
5	1	34	4	2	8	956	1904	49	11	20.320564	aves,
5	1	34	4	2	9	1013	1900	80	16	75.180710	actusily,
5	1	34	4	2	10	1102	1900	67	19	39.039265	harchly
5	1	34	4	2	11	1173	1883	38	40	5.982513	‘7s
5	1	34	4	2	12	1221	1906	40	13	88.088333	that
5	1	34	4	2	13	1272	1904	57	15	88.850693	ISINF
5	1	34	4	2	14	1338	1903	13	13	93.191841	is
5	1	34	4	2	15	1357	1896	14	28	55.318069	ce
5	1	34	4	2	16	1380	1901	35	17	92.312698	fully
5	1	34	4	2	17	1423	1900	79	16	89.592056	inefficient
5	1	34	4	2	18	1508	1900	30	13	96.294975	and
5	1	34	4	2	19	1544	1900	47	16	93.077209	purely
5	1	34	4	2	20	1598	1900	69	16	53.608063	artificial
5	1	34	4	2	21	1673	1901	17	13	86.991974	in
5	1	34	4	2	22	1699	1901	24	13	94.206726	ite
5	1	34	4	2	23	1731	1901	76	16	96.235718	defining
5	1	34	4	2	24	1815	1903	87	11	79.446602	structure
5	1	34	4	2	25	1911	1902	40	12	96.652550	that
5	1	34	4	2	26	1960	1906	32	8	96.876434	one
5	1	34	4	2	27	2001	1906	29	8	81.438400	cen
5	1	34	4	2	28	2037	1902	95	17	77.591858	cenjidently
5	1	34	4	2	29	2138	1905	62	15	95.598854	predict
4	1	34	4	3	0	331	1916	740	17	-1	
5	1	34	4	3	1	331	1917	71	13	96.801857	THAT
5	1	34	4	3	2	414	1918	25	12	92.354851	IT
5	1	34	4	3	3	450	1917	22	14	93.644333	1S
5	1	34	4	3	4	483	1917	151	14	96.823875	INCAPABLE
5	1	34	4	3	5	642	1916	19	16	93.296082	of
5	1	34	4	3	6	667	1908	35	31	87.624100	cver
5	1	34	4	3	7	709	1908	83	31	85.930466	producing
5	1	34	4	3	8	799	1921	31	11	92.895477	any
5	1	34	4	3	9	837	1917	111	16	16.712120	wnaquivecally
5	1	34	4	3	10	954	1920	61	13	0.000000	pordive
5	1	34	4	3	11	1022	1918	49	13	14.357849	revel.
3	1	34	5	0	0	330	1933	1869	59	-1	
4	1	34	5	1	0	382	1933	1817	25	-1	
5	1	34	5	1	1	382	1934	47	14	96.601372	Such
5	1	34	5	1	2	440	1934	94	14	87.281754	italicised
5	1	34	5	1	3	545	1934	34	13	72.481125	and
5	1	34	5	1	4	590	1933	103	14	77.414795	beld-faced
5	1	34	5	1	5	705	1933	63	16	96.136520	words,
5	1	34	5	1	6	779	1933	55	14	93.041565	which
5	1	34	5	1	7	844	1934	6	13	62.778961	I
5	1	34	5	1	8	860	1934	84	16	68.582764	certainly
5	1	34	5	1	9	954	1934	29	13	94.903160	did
5	1	34	5	1	10	994	1937	29	10	82.595490	net
5	1	34	5	1	11	1033	1935	40	13	92.669312	dare
5	1	34	5	1	12	1084	1936	53	12	79.764534	insert
5	1	34	5	1	13	1146	1936	36	16	89.293350	Inte
5	1	34	5	1	14	1191	1939	50	19	29.428040	(47}'s
5	1	34	5	1	15	1251	1939	93	19	94.813286	published
5	1	34	5	1	16	1354	1940	41	12	95.771202	text,
5	1	34	5	1	17	1405	1941	34	10	93.562424	are,
5	1	34	5	1	18	1448	1934	104	17	76.699326	technically,
5	1	34	5	1	19	1560	1937	82	10	89.197037	accurate.
5	1	34	5	1	20	1658	1936	31	11	95.075706	Yet
5	1	34	5	1	21	1698	1935	17	12	95.075706	in
5	1	34	5	1	22	1726	1935	47	16	95.933533	April
5	1	34	5	1	23	1782	1936	19	12	95.772179	of
5	1	34	5	1	24	1809	1936	49	15	95.772179	2014,
5	1	34	5	1	25	1869	1936	7	13	96.306053	I
5	1	34	5	1	26	1885	1936	106	15	79.456413	discovered,
5	1	34	5	1	27	2001	1936	40	13	90.270248	that
5	1	34	5	1	28	2053	1937	37	17	90.270248	they
5	1	34	5	1	29	2098	1942	38	10	23.430511	were
5	1	34	5	1	30	2144	1939	35	14	70.312416	alse
5	1	34	5	1	31	2189	1945	10	8	14.545593	«
4	1	34	5	2	0	331	1951	1866	24	-1	
5	1	34	5	2	1	331	1952	68	17	51.256981	mirage!
5	1	34	5	2	2	415	1952	46	14	90.643921	This
5	1	34	5	2	3	470	1952	17	14	61.338322	ie
5	1	34	5	2	4	496	1952	77	13	53.426872	because
5	1	34	5	2	5	582	1951	32	14	96.476456	the
5	1	34	5	2	6	633	1953	88	18	85.263046	statement
5	1	34	5	2	7	731	1951	30	13	74.852097	“P
5	1	34	5	2	8	771	1951	14	16	0.000000	#
5	1	34	5	2	9	795	1951	34	13	74.786423	NP™
5	1	34	5	2	10	854	1951	14	13	61.813110	is
5	1	34	5	2	11	877	1956	10	8	54.683949	a
5	1	34	5	2	12	897	1954	67	13	22.570633	negative
5	1	34	5	2	13	970	1955	78	12	13.956978	assortion,
5	1	34	5	2	14	1056	1953	97	17	63.946861	dlocussing
5	1	34	5	2	15	1160	1955	27	14	96.861412	the
5	1	34	5	2	16	1197	1959	59	13	4.138329	inability
5	1	34	5	2	17	1274	1959	19	13	84.455498	of
5	1	34	5	2	18	1301	1954	102	21	0.000000	polynomial
5	1	34	5	2	19	1412	1954	40	13	96.438950	time
5	1	34	5	2	20	1459	1952	96	17	35.304276	algorithms
5	1	34	5	2	21	1563	1954	18	11	96.906563	to
5	1	34	5	2	22	1589	1952	78	13	95.244377	simulate
5	1	34	5	2	23	1675	1957	11	8	68.810745	=
5	1	34	5	2	24	1693	1952	168	14	74.736908	mon-deterministic
5	1	34	5	2	25	1868	1953	64	16	3.660049	Turing
5	1	34	5	2	26	1940	1953	86	13	90.773041	machine.
5	1	34	5	2	27	2036	1954	40	14	96.773254	The
5	1	34	5	2	28	2085	1955	54	14	96.471916	latter
5	1	34	5	2	29	2148	1958	49	13	87.344795	clase
4	1	34	5	3	0	330	1961	1036	35	-1	
5	1	34	5	3	1	330	1969	21	13	90.342644	of
5	1	34	5	3	2	358	1970	86	16	27.138145	acgativist
5	1	34	5	3	3	450	1972	112	11	0.000000	atatemants
5	1	34	5	3	4	570	1968	24	14	62.876545	ha
5	1	34	5	3	5	637	1968	37	13	79.158394	ulte
5	1	34	5	3	6	682	1968	84	13	46.220612	different
5	1	34	5	3	7	775	1968	100	13	5.992317	anstomies
5	1	34	5	3	8	882	1968	34	13	65.943619	asd
5	1	34	5	3	9	926	1968	61	17	56.892654	logice)
5	1	34	5	3	10	997	1970	92	15	60.320328	propartion
5	1	34	5	3	11	1100	1969	42	13	86.140121	than
5	1	34	5	3	12	1148	1961	84	35	30.639687	Peritiva-ot
5	1	34	5	3	13	1238	1961	29	35	70.645493	pled
5	1	34	5	3	14	1274	1973	92	17	74.201843	theorems!
3	1	34	6	0	0	331	1984	1866	44	-1	
4	1	34	6	1	0	382	1984	1815	23	-1	
5	1	34	6	1	1	382	1987	51	13	92.614380	Thus
5	1	34	6	1	2	442	1986	91	17	93.281876	although
5	1	34	6	1	3	543	1986	77	13	70.076836	ISINF‘s
5	1	34	6	1	4	628	1987	86	13	0.000000	azatomy
5	1	34	6	1	5	723	1984	15	13	83.005112	is
5	1	34	6	1	6	747	1984	79	16	92.088951	unlikely
5	1	34	6	1	7	834	1987	19	10	96.305885	to
5	1	34	6	1	8	863	1985	75	15	94.634987	produce
5	1	34	6	1	9	947	1989	33	11	49.358330	any
5	1	34	6	1	10	991	1986	52	12	32.023094	useful
5	1	34	6	1	11	1054	1986	58	16	42.659073	strictly
5	1	34	6	1	12	1119	1988	60	14	66.450836	positive
5	1	34	6	1	13	1186	1995	36	11	24.835976	reeulte,
5	1	34	6	1	14	1266	1994	14	13	91.551315	it
5	1	34	6	1	15	1290	1993	15	14	88.943909	is
5	1	34	6	1	16	1314	1998	10	8	81.804199	a
5	1	34	6	1	17	1334	1990	53	15	56.871666	useful
5	1	34	6	1	18	1396	1987	61	15	88.070374	vebicle
5	1	34	6	1	19	1466	1987	16	13	72.770920	im
5	1	34	6	1	20	1490	1992	10	7	54.506145	a
5	1	34	6	1	21	1509	1986	48	16	93.884491	proof
5	1	34	6	1	22	1564	1986	21	15	95.197464	by
5	1	34	6	1	23	1594	1985	130	16	95.197464	contradiction,
5	1	34	6	1	24	1734	1985	53	13	93.297562	which
5	1	34	6	1	25	1796	1986	55	12	49.831448	showa
5	1	34	6	1	26	1860	1986	39	13	95.275688	that
5	1	34	6	1	27	1908	1991	10	8	82.931267	a
5	1	34	6	1	28	1926	1986	130	16	93.611221	hybridisation
5	1	34	6	1	29	2066	1990	21	12	96.498947	of
5	1	34	6	1	30	2096	1990	30	13	93.302902	the
5	1	34	6	1	31	2136	1991	61	15	91.531937	ISINP
4	1	34	6	2	0	331	2001	1040	27	-1	
5	1	34	6	2	1	331	2005	35	13	92.479836	and
5	1	34	6	2	2	377	2004	53	15	90.986153	ISCE
5	1	34	6	2	3	438	2004	118	14	96.208992	frameworks
5	1	34	6	2	4	565	2003	61	14	92.160034	makes
5	1	34	6	2	5	635	2003	14	12	56.037544	{t
5	1	34	6	2	6	658	2001	104	16	90.820732	impossible
5	1	34	6	2	7	770	2001	27	13	92.128967	for
5	1	34	6	2	8	808	2002	14	12	91.919647	P
5	1	34	6	2	9	831	2006	14	7	89.665817	=
5	1	34	6	2	10	856	2002	34	12	94.365387	NP
5	1	34	6	2	11	899	2004	19	10	95.202133	to
5	1	34	6	2	12	927	2002	40	13	91.129265	hold
5	1	34	6	2	13	976	2002	40	16	49.144939	(eg.
5	1	34	6	2	14	1027	2008	27	8	40.870232	see
5	1	34	6	2	15	1063	2004	54	12	31.959480	tame
5	1	34	6	2	16	1126	2004	28	13	54.474136	lL
5	1	34	6	2	17	1164	2006	43	16	50.070526	Mon
5	1	34	6	2	18	1217	2012	6	11	83.620804	the
5	1	34	6	2	19	1256	2011	47	17	0.000000	priors
5	1	34	6	2	20	1313	2009	58	18	52.851410	page):
2	1	35	0	0	0	1369	1724	827	18	-1	
3	1	35	1	0	0	1369	1724	827	18	-1	
4	1	35	1	1	0	1369	1724	827	18	-1	
5	1	35	1	1	1	1369	1725	64	13	85.929604	exieted
5	1	35	1	1	2	1440	1724	61	14	86.566696	several
5	1	35	1	1	3	1509	1727	47	14	96.838760	types
5	1	35	1	1	4	1563	1725	18	13	93.267609	of
5	1	35	1	1	5	1587	1725	77	17	91.431641	mirages,
5	1	35	1	1	6	1672	1726	56	13	96.284065	which
5	1	35	1	1	7	1735	1727	57	13	96.878639	would
5	1	35	1	1	8	1799	1728	42	12	96.486824	tend
5	1	35	1	1	9	1850	1730	19	11	96.674118	to
5	1	35	1	1	10	1876	1728	49	13	95.763397	make
5	1	35	1	1	11	1931	1729	47	12	94.403397	most
5	1	35	1	1	12	1985	1729	91	13	93.224731	computer
5	1	35	1	1	13	2086	1728	110	14	90.745377	rescarchers
2	1	36	0	0	0	1421	1743	777	20	-1	
3	1	36	1	0	0	1421	1743	777	20	-1	
4	1	36	1	1	0	1421	1743	777	20	-1	
5	1	36	1	1	1	1421	1747	7	9	94.195618	ja
5	1	36	1	1	2	1438	1743	37	13	92.488968	that
5	1	36	1	1	3	1483	1747	30	9	92.488968	our
5	1	36	1	1	4	1522	1743	47	16	96.831100	proof
5	1	36	1	1	5	1577	1743	19	13	93.292221	of
5	1	36	1	1	6	1605	1744	14	12	87.032761	P
5	1	36	1	1	7	1628	1744	14	16	65.878326	#
5	1	36	1	1	8	1653	1744	33	13	94.470047	NP
5	1	36	1	1	9	1697	1744	80	14	95.352188	becomes
5	1	36	1	1	10	1786	1745	51	13	96.252914	much
5	1	36	1	1	11	1846	1746	54	13	96.556847	easier
5	1	36	1	1	12	1910	1748	19	11	96.331261	to
5	1	36	1	1	13	1938	1744	137	16	94.375565	conceptualize,
5	1	36	1	1	14	2087	1745	111	18	91.694443	intuitively,
2	1	37	0	0	0	1339	1730	80	28	-1	
3	1	37	1	0	0	1339	1730	80	28	-1	
4	1	37	1	1	0	1339	1730	65	12	-1	
5	1	37	1	1	1	1339	1730	65	12	95.000000	  
4	1	37	1	2	0	1342	1742	77	16	-1	
5	1	37	1	2	1	1342	1742	77	16	95.000000	  
2	1	38	0	0	0	1256	1777	943	55	-1	
3	1	38	1	0	0	1256	1777	943	55	-1	
4	1	38	1	1	0	1256	1777	943	18	-1	
5	1	38	1	1	1	1256	1781	84	14	81.491478	Theorem
5	1	38	1	1	2	1351	1778	13	13	11.897949	|e
5	1	38	1	1	3	1376	1778	29	13	90.302788	100
5	1	38	1	1	4	1416	1777	16	14	90.302788	%
5	1	38	1	1	5	1442	1777	54	13	96.385010	rather
5	1	38	1	1	6	1508	1777	39	13	96.452431	than
5	1	38	1	1	7	1557	1778	19	12	92.540680	99
5	1	38	1	1	8	1587	1777	16	14	92.540680	%
5	1	38	1	1	9	1613	1777	120	18	88.462082	ubiquituous,
5	1	38	1	1	10	1744	1779	48	13	96.289452	when
5	1	38	1	1	11	1803	1779	14	13	90.854904	it
5	1	38	1	1	12	1827	1779	86	13	96.411369	describes
5	1	38	1	1	13	1925	1779	30	13	96.574059	the
5	1	38	1	1	14	1965	1778	82	17	96.851372	inability
5	1	38	1	1	15	2057	1779	20	13	96.590767	of
5	1	38	1	1	16	2087	1780	112	14	20.106125	formalisms
4	1	38	1	2	0	1269	1795	905	20	-1	
5	1	38	1	2	1	1269	1799	22	14	44.976768	od
5	1	38	1	2	2	1304	1795	140	17	51.958679	Incompleteness
5	1	38	1	2	3	1453	1795	80	13	96.749527	Theorem
5	1	38	1	2	4	1543	1795	14	13	89.140205	is
5	1	38	1	2	5	1566	1795	88	17	96.237457	obviously
5	1	38	1	2	6	1663	1797	32	13	92.228142	100
5	1	38	1	2	7	1707	1796	17	14	92.228142	%
5	1	38	1	2	8	1734	1797	103	16	80.839218	technically
5	1	38	1	2	9	1847	1799	72	14	95.691109	correct,
5	1	38	1	2	10	1930	1801	20	9	75.197540	a
5	1	38	1	2	11	1962	1796	35	13	94.472565	well
5	1	38	1	2	12	2008	1801	19	8	73.867950	aa
5	1	38	1	2	13	2038	1797	34	14	87.561310	100
5	1	38	1	2	14	2084	1797	17	14	90.666702	%
5	1	38	1	2	15	2112	1803	62	12	32.200386	germa:
4	1	38	1	3	0	1265	1812	918	20	-1	
5	1	38	1	3	1	1265	1814	84	17	40.820423	veamlogly
5	1	38	1	3	2	1358	1813	35	16	85.786850	tiny
5	1	38	1	3	3	1404	1814	7	12	85.781715	1
5	1	38	1	3	4	1422	1812	16	14	85.781715	%
5	1	38	1	3	5	1448	1815	56	14	80.407959	categorica
5	1	38	1	3	6	1546	1812	18	13	93.305595	of
5	1	38	1	3	7	1572	1812	135	17	89.486931	boundary-case
5	1	38	1	3	8	1717	1814	100	16	96.775360	exceptions
5	1	38	1	3	9	1827	1819	32	8	96.464516	can
5	1	38	1	3	10	1869	1814	22	13	96.957954	be
5	1	38	1	3	11	1900	1814	66	16	86.132362	helpful
5	1	38	1	3	12	1977	1814	18	13	96.783257	in
5	1	38	1	3	13	2004	1814	70	17	96.431976	solving
5	1	38	1	3	14	2085	1819	54	12	96.812737	many
5	1	38	1	3	15	2148	1821	35	11	96.177673	ope
2	1	39	0	0	0	1207	1788	39	10	-1	
3	1	39	1	0	0	1207	1788	39	10	-1	
4	1	39	1	1	0	1207	1788	39	10	-1	
5	1	39	1	1	1	1207	1788	39	10	95.000000	 
2	1	40	0	0	0	1192	1802	1005	16	-1	
3	1	40	1	0	0	1192	1802	1005	16	-1	
4	1	40	1	1	0	1192	1802	1005	16	-1	
5	1	40	1	1	1	1192	1802	73	16	95.000000	   
5	1	40	1	1	2	2183	1804	14	9	95.000000	  
2	1	41	0	0	0	1226	1822	970	10	-1	
3	1	41	1	0	0	1226	1822	970	10	-1	
4	1	41	1	1	0	1226	1822	970	10	-1	
5	1	41	1	1	1	1226	1823	37	9	95.000000	 
5	1	41	1	1	2	1506	1822	31	8	95.000000	 
5	1	41	1	1	3	2185	1822	11	8	95.000000	 
2	1	42	0	0	0	1224	1876	284	21	-1	
3	1	42	1	0	0	1224	1876	284	21	-1	
4	1	42	1	1	0	1224	1876	284	21	-1	
5	1	42	1	1	1	1224	1876	19	20	95.000000	  
5	1	42	1	1	2	1372	1877	49	20	95.000000	  
5	1	42	1	1	3	1499	1890	9	6	95.000000	 
2	1	43	0	0	0	1343	1961	10	9	-1	
3	1	43	1	0	0	1343	1961	10	9	-1	
4	1	43	1	1	0	1343	1961	10	9	-1	
5	1	43	1	1	1	1343	1961	10	9	95.000000	 
2	1	44	0	0	0	594	1973	41	8	-1	
3	1	44	1	0	0	594	1973	41	8	-1	
4	1	44	1	1	0	594	1973	41	8	-1	
5	1	44	1	1	1	594	1973	41	8	95.000000	  
2	1	45	0	0	0	1224	1993	32	31	-1	
3	1	45	1	0	0	1224	1993	32	31	-1	
4	1	45	1	1	0	1224	1993	32	31	-1	
5	1	45	1	1	1	1224	1993	32	31	95.000000	  
2	1	46	0	0	0	332	2052	1864	252	-1	
3	1	46	1	0	0	332	2052	1864	252	-1	
4	1	46	1	1	0	383	2052	1006	39	-1	
5	1	46	1	1	1	379	2047	42	50	0.000000	(ig
5	1	46	1	1	2	433	2047	30	50	64.474487	the
5	1	46	1	1	3	468	2058	68	33	0.000000	Zonet
5	1	46	1	1	4	549	2060	59	28	15.178772	eee
5	1	46	1	1	5	658	2047	67	50	0.000000	otating
5	1	46	1	1	6	737	2047	26	50	46.181545	aed
5	1	46	1	1	7	774	2047	60	50	12.543213	Rurther
5	1	46	1	1	8	867	2052	75	30	12.465752	Tataitione
5	1	46	1	1	9	951	2052	22	16	32.225967	7
5	1	46	1	1	10	982	2053	29	13	35.291679	‘ne
5	1	46	1	1	11	1020	2054	66	14	58.028301	Tame}
5	1	46	1	1	12	1096	2055	34	13	59.481052	end
5	1	46	1	1	13	1140	2056	21	16	23.237106	M.
5	1	46	1	1	14	1168	2061	58	15	23.237106	carller
5	1	46	1	1	15	1235	2064	18	14	70.866722	to
5	1	46	1	1	16	1263	2065	36	14	66.982330	this
5	1	46	1	1	17	1308	2062	81	17	42.760307	section).
4	1	46	1	2	0	719	2085	1215	16	-1	
5	1	46	1	2	1	719	2087	5	6	0.000000	te
5	1	46	1	2	2	741	2086	40	13	56.873665	effic
5	1	46	1	2	3	883	2085	31	15	66.949539	Ite,
5	1	46	1	2	4	922	2086	79	15	95.676819	together
5	1	46	1	2	5	1011	2088	39	12	93.156830	with
5	1	46	1	2	6	1080	2088	63	13	48.500618	probibitl
5	1	46	1	2	7	1541	2093	25	8	77.224739	em
5	1	46	1	2	8	1575	2087	32	13	95.754669	will
5	1	46	1	2	9	1615	2086	53	15	90.022720	imply
5	1	46	1	2	10	1676	2086	38	13	96.448723	that
5	1	46	1	2	11	1723	2086	54	13	84.624634	either
5	1	46	1	2	12	1784	2087	35	12	80.245575	amd
5	1	46	1	2	13	1828	2087	43	12	96.101540	both
5	1	46	1	2	14	1879	2088	19	12	96.101540	of
5	1	46	1	2	15	1906	2088	28	12	97.009094	the
4	1	46	1	3	0	384	2080	1156	38	-1	
5	1	46	1	3	1	384	2094	57	16	96.705566	imply
5	1	46	1	3	2	450	2093	32	14	96.331169	the
5	1	46	1	3	3	491	2090	125	16	96.222061	combination
5	1	46	1	3	4	624	2089	21	13	96.979080	of
5	1	46	1	3	5	653	2089	44	12	93.865517	Item
5	1	46	1	3	6	707	2088	26	12	36.679134	1's
5	1	46	1	3	7	776	2081	57	37	0.000000	hamey
5	1	46	1	3	8	842	2080	38	28	19.549828	faeu
5	1	46	1	3	9	1060	2092	19	11	69.169785	pr
5	1	46	1	3	10	1145	2094	28	10	18.843231	eas
5	1	46	1	3	11	1183	2093	76	19	92.303635	Imposed
5	1	46	1	3	12	1269	2100	11	13	96.759430	by
5	1	46	1	3	13	1302	2100	20	13	93.285492	the
5	1	46	1	3	14	1342	2096	137	16	86.752251	Incompletences
5	1	46	1	3	15	1487	2091	53	13	96.644798	Theor
4	1	46	1	4	0	383	2097	949	30	-1	
5	1	46	1	4	1	383	2098	59	26	15.181137	athe
5	1	46	1	4	2	453	2111	15	12	72.400948	P
5	1	46	1	4	3	478	2110	15	17	55.095261	¥
5	1	46	1	4	4	504	2110	36	13	92.838509	NP
5	1	46	1	4	5	549	2113	21	8	91.783455	or
5	1	46	1	4	6	578	2110	35	13	83.887009	any
5	1	46	1	4	7	621	2105	52	14	95.036293	other
5	1	46	1	4	8	679	2099	99	26	73.882851	fuadames
5	1	46	1	4	9	818	2097	40	26	82.695732	fact.
5	1	46	1	4	10	1281	2105	11	11	83.762787	y
5	1	46	1	4	11	1323	2105	9	8	95.990723	the
4	1	46	1	5	0	384	2129	1706	39	-1	
5	1	46	1	5	1	384	2129	77	36	1.495476	pray
5	1	46	1	5	2	473	2147	32	17	94.958450	(a,
5	1	46	1	5	3	512	2146	32	17	62.846668	4),
5	1	46	1	5	4	552	2146	15	13	93.913734	it
5	1	46	1	5	5	575	2145	15	13	72.111046	be
5	1	46	1	5	6	597	2146	43	12	45.369648	easy
5	1	46	1	5	7	649	2144	19	10	94.555412	to
5	1	46	1	5	8	675	2140	91	13	92.335831	construct
5	1	46	1	5	9	775	2142	11	7	0.000000	@
5	1	46	1	5	10	793	2139	68	13	95.096970	system
5	1	46	1	5	11	872	2130	27	19	78.565697	of
5	1	46	1	5	12	914	2136	14	17	85.268440	2
5	1	46	1	5	13	941	2141	11	8	50.272301	©
5	1	46	1	5	14	968	2137	37	12	92.454689	that
5	1	46	1	5	15	1014	2139	75	13	40.400421	satlefice
5	1	46	1	5	16	1098	2140	28	13	96.582016	the
5	1	46	1	5	17	1135	2137	53	26	45.262947	Peny
5	1	46	1	5	18	1195	2153	88	15	54.068298	condition.
5	1	46	1	5	19	1303	2156	32	12	96.835892	For
5	1	46	1	5	20	1343	2155	82	13	68.366875	instance,
5	1	46	1	5	21	1437	2141	23	21	67.608444	a®
5	1	46	1	5	22	1472	2144	47	15	93.059212	could
5	1	46	1	5	23	1527	2141	61	14	66.704590	comsist
5	1	46	1	5	24	1594	2140	19	12	96.543983	of
5	1	46	1	5	25	1619	2138	23	13	84.663895	all
5	1	46	1	5	26	1648	2138	19	12	84.663895	of
5	1	46	1	5	27	1679	2142	12	8	63.782200	a
5	1	46	1	5	28	1698	2138	14	12	62.714943	‘s
5	1	46	1	5	29	1719	2138	66	12	86.281982	axiome
5	1	46	1	5	30	1791	2138	38	15	94.101471	plus
5	1	46	1	5	31	1837	2143	22	9	94.101471	an
5	1	46	1	5	32	1866	2139	55	14	92.671143	added
5	1	46	1	5	33	1935	2141	118	19	25.465736	“SelfRaf(a,
5	1	46	1	5	34	2059	2146	31	17	35.738976	an
4	1	46	1	6	0	332	2164	1670	34	-1	
5	1	46	1	6	1	332	2164	203	31	0.000000	Aafined
5	1	46	1	6	2	414	2160	12	47	24.009094	a
5	1	46	1	6	3	445	2160	17	47	0.505074	it
5	1	46	1	6	4	465	2164	70	31	0.000000	tksutet
5	1	46	1	6	5	560	2178	37	14	51.795097	This
5	1	46	1	6	6	610	2160	51	47	69.586121	article
5	1	46	1	6	7	672	2160	29	47	94.145454	will
5	1	46	1	6	8	711	2160	60	47	0.000000	confine
5	1	46	1	6	9	782	2160	20	47	72.021225	the
5	1	46	1	6	10	813	2160	62	47	0.000000	solidity
5	1	46	1	6	11	884	2168	16	14	17.433060	of
5	1	46	1	6	12	911	2160	52	47	37.909760	Cookie
5	1	46	1	6	13	974	2160	63	47	67.135635	seminal
5	1	46	1	6	14	1048	2171	32	15	14.437607	Hk
5	1	46	1	6	15	1095	2172	30	13	50.263367	NP
5	1	46	1	6	16	1185	2182	10	11	0.000000	.
5	1	46	1	6	17	1286	2164	4	4	0.000000	:
5	1	46	1	6	18	1463	2182	3	3	0.000000	«
5	1	46	1	6	19	1496	2177	32	5	17.500824	kentions
5	1	46	1	6	20	1564	2157	33	36	54.904903	have
5	1	46	1	6	21	1606	2157	30	36	76.628151	been
5	1	46	1	6	22	1648	2157	69	36	93.070221	discussed
5	1	46	1	6	23	1729	2157	28	36	67.304382	alse
5	1	46	1	6	24	1768	2157	15	36	96.295609	by
5	1	46	1	6	25	1795	2157	36	36	90.587700	Karp
5	1	46	1	6	26	1840	2157	27	36	95.640541	and
5	1	46	1	6	27	1879	2157	54	36	76.086258	Levin.
5	1	46	1	6	28	1939	2174	18	12	83.480629	We
5	1	46	1	6	29	1973	2174	29	13	90.883163	had
4	1	46	1	7	0	422	2174	1774	55	-1	
5	1	46	1	7	1	422	2179	38	50	38.790199	ort
5	1	46	1	7	2	569	2195	43	21	0.000000	a
5	1	46	1	7	3	631	2191	26	14	34.763039	So
5	1	46	1	7	4	687	2180	27	45	13.335419	te
5	1	46	1	7	5	724	2180	27	45	23.981995	ont
5	1	46	1	7	6	758	2180	12	45	0.000000	i
5	1	46	1	7	7	773	2180	53	45	0.000000	temase
5	1	46	1	7	8	830	2184	79	29	0.000000	Theorem,
5	1	46	1	7	9	917	2187	32	24	73.332901	thal
5	1	46	1	7	10	959	2180	21	41	26.390060	os
5	1	46	1	7	11	982	2184	40	30	51.944729	Kane
5	1	46	1	7	12	1028	2186	55	29	17.018036	MNP
5	1	46	1	7	13	1099	2174	38	50	63.265198	ould
5	1	46	1	7	14	1157	2174	57	50	0.000000	esis
5	1	46	1	7	15	1228	2191	5	23	42.250275	3
5	1	46	1	7	16	1244	2174	43	50	33.604599	forte
5	1	46	1	7	17	1292	2175	50	50	30.509911	shone
5	1	46	1	7	18	1354	2175	101	50	0.000000	Jovndesions,
5	1	46	1	7	19	1467	2175	92	50	0.000000	Milechanies
5	1	46	1	7	20	1561	2174	13	35	53.642525	of
5	1	46	1	7	21	1579	2187	46	18	73.818581	Gadal
5	1	46	1	7	22	1631	2186	127	15	32.361443	Dingenahization
5	1	46	1	7	23	1764	2187	88	14	93.425690	Arguments
5	1	46	1	7	24	1858	2188	34	12	96.549263	with
5	1	46	1	7	25	1899	2188	42	14	46.151016	these
5	1	46	1	7	26	1948	2174	19	35	80.908699	of
5	1	46	1	7	27	1972	2174	27	35	90.580399	the
5	1	46	1	7	28	2002	2181	105	22	0.000000	uaMspred
5	1	46	1	7	29	2113	2185	16	10	73.404747	at
5	1	46	1	7	30	2137	2188	9	8	21.466583	=
5	1	46	1	7	31	2156	2186	40	14	76.440689	1996
4	1	46	1	8	0	924	2211	347	16	-1	
5	1	46	1	8	1	924	2220	23	7	31.561409	ia
5	1	46	1	8	2	1124	2212	5	3	0.000000	.
5	1	46	1	8	3	1263	2211	8	7	0.563446	4
4	1	46	1	9	0	625	2195	1396	52	-1	
5	1	46	1	9	1	625	2195	43	33	56.751663	Saco:
5	1	46	1	9	2	763	2205	72	45	40.338345	counter
5	1	46	1	9	3	838	2205	72	45	4.557541	intestine
5	1	46	1	9	4	929	2231	48	11	39.239059	beceuen
5	1	46	1	9	5	988	2205	55	45	37.374893	CBdel’s
5	1	46	1	9	6	1050	2220	40	12	0.877075	First
5	1	46	1	9	7	1097	2206	68	41	0.000000	Tacompl
5	1	46	1	9	8	1175	2206	35	41	0.000000	int
5	1	46	1	9	9	1211	2200	46	39	19.766838	Lenz
5	1	46	1	9	10	1266	2212	75	8	35.197098	somehow
5	1	46	1	9	11	1459	2233	55	8	0.000000	_pareat
5	1	46	1	9	12	1525	2221	103	18	47.946320	undecidablity
5	1	46	1	9	13	1634	2220	16	14	90.368881	of
5	1	46	1	9	14	1655	2218	103	14	68.481926	conventional
5	1	46	1	9	15	1762	2219	91	19	0.000000	arihmetic)
5	1	46	1	9	16	1860	2221	30	19	95.862892	and
5	1	46	1	9	17	1894	2221	24	20	92.323738	his
5	1	46	1	9	18	1923	2222	60	14	95.544205	Second
5	1	46	1	9	19	1986	2224	35	13	19.413925	Ineo
4	1	46	1	10	0	369	2221	1752	53	-1	
5	1	46	1	10	1	369	2253	3	3	80.387291	‘
5	1	46	1	10	2	638	2243	58	24	1.733772	concent
5	1	46	1	10	3	714	2227	24	46	1.733772	en
5	1	46	1	10	4	760	2251	22	14	20.225494	TA
5	1	46	1	10	5	806	2227	24	46	29.224716	wal
5	1	46	1	10	6	836	2248	17	15	82.426254	of
5	1	46	1	10	7	860	2247	75	15	0.000000	Spmbelia
5	1	46	1	10	8	943	2248	30	12	82.474487	and
5	1	46	1	10	9	980	2237	65	25	0.000000	Anal
5	1	46	1	10	10	1046	2236	119	32	0.000000	feet
5	1	46	1	10	11	1136	2227	27	46	0.000000	tTtk
5	1	46	1	10	12	1170	2237	51	25	0.000000	hmren,
5	1	46	1	10	13	1226	2236	72	33	0.000000	eaerems
5	1	46	1	10	14	1305	2241	55	17	55.863312	(which
5	1	46	1	10	15	1367	2239	55	30	30.081276	saserts
5	1	46	1	10	16	1431	2227	20	46	38.350029	Ung
5	1	46	1	10	17	1493	2233	29	25	15.984375	AA,
5	1	46	1	10	18	1528	2242	33	13	31.229309	tain
5	1	46	1	10	19	1568	2238	56	28	0.000000	renelie,
5	1	46	1	10	20	1631	2236	71	29	0.000000	Heeever
5	1	46	1	10	21	1708	2234	40	15	72.930099	after
5	1	46	1	10	22	1753	2235	92	30	0.000000	mrearching
5	1	46	1	10	23	1851	2236	29	33	84.464493	this
5	1	46	1	10	24	1888	2239	39	14	65.018661	topic
5	1	46	1	10	25	1930	2221	58	53	26.677948	Serine
5	1	46	1	10	26	1991	2219	23	46	15.913277	Oe
5	1	46	1	10	27	2063	2233	58	28	10.754181	tenes
4	1	46	1	11	0	477	2243	1451	34	-1	
5	1	46	1	11	1	477	2268	2	3	55.193600	so
5	1	46	1	11	2	502	2267	4	3	67.353004	the
5	1	46	1	11	3	547	2265	3	3	74.612534	©
5	1	46	1	11	4	655	2247	20	30	45.531639	ut
5	1	46	1	11	5	783	2266	4	3	0.000000	r
5	1	46	1	11	6	1082	2269	3	3	0.000000	‘
5	1	46	1	11	7	1155	2259	41	11	47.708466	Ann
5	1	46	1	11	8	1323	2258	30	12	0.000000	ing;
5	1	46	1	11	9	1455	2243	41	31	6.337311	resi
5	1	46	1	11	10	1564	2243	55	31	0.000000	mache:
5	1	46	1	11	11	1668	2243	88	31	48.122543	menstrate
5	1	46	1	11	12	1878	2259	50	8	59.040695	meses
4	1	46	1	12	0	334	2252	1862	51	-1	
5	1	46	1	12	1	334	2275	45	12	5.638260	fen
5	1	46	1	12	2	388	2269	41	18	28.546646	aed
5	1	46	1	12	3	469	2267	58	15	0.000000	rabcing
5	1	46	1	12	4	561	2244	63	63	0.000000	Poy
5	1	46	1	12	5	645	2244	69	63	31.152733	argent
5	1	46	1	12	6	718	2268	86	17	0.000000	povrian
5	1	46	1	12	7	811	2264	33	13	36.205448	ted
5	1	46	1	12	8	851	2265	69	13	36.722832	tans
5	1	46	1	12	9	928	2263	24	13	48.519131	te
5	1	46	1	12	10	960	2267	80	14	31.371750	omg
5	1	46	1	12	11	1047	2262	354	34	22.115463	ince
5	1	46	1	12	12	1222	2244	53	63	14.163986	Lage)
5	1	46	1	12	13	1285	2244	22	63	14.163986	ce
5	1	46	1	12	14	1322	2244	32	63	44.344334	hae
5	1	46	1	12	15	1369	2244	32	63	20.323097	ary
5	1	46	1	12	16	1408	2268	55	35	0.000000	elle
5	1	46	1	12	17	1472	2259	102	32	38.312759	eed
5	1	46	1	12	18	1580	2269	120	16	0.000000	eemanons
5	1	46	1	12	19	1707	2267	70	13	31.977249	Pacem
5	1	46	1	12	20	1782	2252	40	31	50.444263	fom
5	1	46	1	12	21	1846	2270	92	15	18.141922	sophia
5	1	46	1	12	22	1944	2258	252	38	0.000000	tenement
4	1	46	1	13	0	2115	2284	81	20	-1	
5	1	46	1	13	1	2115	2284	81	20	17.273163	Fdel-atyte
2	1	47	0	0	0	334	2272	1864	143	-1	
3	1	47	1	0	0	446	2272	1054	26	-1	
4	1	47	1	1	0	446	2272	1054	26	-1	
5	1	47	1	1	1	446	2286	2	3	81.845795	A
5	1	47	1	1	2	542	2272	51	26	50.220436	asion
5	1	47	1	1	3	1488	2279	12	14	52.842106	jel!
3	1	47	2	0	0	334	2280	1154	29	-1	
4	1	47	2	1	0	334	2280	1154	29	-1	
5	1	47	2	1	1	334	2288	67	16	7.545204	aaploita
5	1	47	2	1	2	408	2287	27	13	96.177879	the
5	1	47	2	1	3	443	2286	75	22	17.427048	inherent
5	1	47	2	1	4	526	2285	14	10	0.000000	f
5	1	47	2	1	5	595	2283	10	8	85.388039	°
5	1	47	2	1	6	862	2298	25	10	61.210255	jent
5	1	47	2	1	7	893	2296	67	12	61.903988	knowledge
5	1	47	2	1	8	984	2298	17	11	87.161842	ab
5	1	47	2	1	9	1227	2290	100	17	0.000000	wAdary.case
5	1	47	2	1	10	1336	2291	84	16	69.901550	caceptions
5	1	47	2	1	11	1433	2290	17	9	69.971527	for
5	1	47	2	1	12	1457	2280	31	17	59.081364	Gade
3	1	47	3	0	0	335	2288	1863	55	-1	
4	1	47	3	1	0	335	2288	1863	55	-1	
5	1	47	3	1	1	335	2288	139	38	0.000000	Gepenalisetion
5	1	47	3	1	2	474	2289	102	47	0.000000	orremente
5	1	47	3	1	3	631	2310	33	12	72.888458	that
5	1	47	3	1	4	670	2306	25	14	77.273880	che
5	1	47	3	1	5	704	2286	52	44	15.635284	reader
5	1	47	3	1	6	762	2286	27	44	15.635284	has
5	1	47	3	1	7	793	2303	10	8	55.070595	a
5	1	47	3	1	8	809	2297	51	16	12.813683	svffichent
5	1	47	3	1	9	903	2300	75	11	71.116341	knowledge
5	1	47	3	1	10	1002	2301	25	9	67.137833	about
5	1	47	3	1	11	1033	2300	113	17	62.768372	Mathematical
5	1	47	3	1	12	1152	2307	61	19	0.000000	Logic,
5	1	47	3	1	13	1249	2327	63	12	0.000000	estane
5	1	47	3	1	14	1378	2327	14	11	51.899025	sm
5	1	47	3	1	15	1422	2325	30	9	81.747757	thames
5	1	47	3	1	16	1458	2319	15	12	68.595299	in
5	1	47	3	1	17	1478	2317	15	12	68.595299	ot
5	1	47	3	1	18	1498	2313	34	13	28.185051	cast
5	1	47	3	1	19	1538	2313	27	9	63.433693	om
5	1	47	3	1	20	1570	2306	16	16	75.769409	of
5	1	47	3	1	21	1590	2305	23	17	74.893082	ta
5	1	47	3	1	22	1621	2292	108	39	38.687698	gradante-level
5	1	47	3	1	23	1735	2292	69	39	0.000000	textbooks
5	1	47	3	1	24	1812	2301	17	16	94.466019	by
5	1	47	3	1	25	1835	2307	27	11	88.019058	say
5	1	47	3	1	26	1868	2304	80	16	43.736862	Enderion,
5	1	47	3	1	27	1955	2307	87	16	69.638214	Mendeleon
5	1	47	3	1	28	2048	2316	19	9	58.965641	or
5	1	47	3	1	29	2073	2314	12	13	78.856644	p,
5	1	47	3	1	30	2127	2298	71	45	0.000000	Emtirtins
4	1	47	3	2	0	387	2317	1033	23	-1	
5	1	47	3	2	1	383	2313	38	35	91.678307	Our
5	1	47	3	2	2	429	2313	77	35	28.308113	discourse
5	1	47	3	2	3	517	2313	33	35	95.499367	will
5	1	47	3	2	4	557	2318	40	14	53.331833	pres
5	1	47	3	2	5	1219	2322	82	16	21.607674	“derstand
5	1	47	3	2	6	1318	2317	27	31	94.179337	the
5	1	47	3	2	7	1354	2317	35	31	94.179337	main
5	1	47	3	2	8	1397	2324	23	13	50.863361	the!
3	1	47	4	0	0	334	2339	934	76	-1	
4	1	47	4	1	0	334	2339	813	24	-1	
5	1	47	4	1	1	334	2341	24	17	8.350922	a,
5	1	47	4	1	2	366	2340	18	16	67.891212	7,
5	1	47	4	1	3	394	2339	23	18	0.000000	Tt).
5	1	47	4	1	4	498	2355	3	3	11.116219	A
5	1	47	4	1	5	559	2349	25	14	60.554989	tle
5	1	47	4	1	6	592	2345	57	16	93.700111	NEED
5	1	47	4	1	7	772	2349	51	14	61.502045	axiom
5	1	47	4	1	8	830	2348	63	14	95.598885	system,
5	1	47	4	1	9	902	2345	30	12	78.876656	and
5	1	47	4	1	10	945	2346	11	12	68.068512	d
5	1	47	4	1	11	970	2335	33	32	94.485069	will
5	1	47	4	1	12	1013	2351	49	10	87.386780	denote
5	1	47	4	1	13	1072	2335	8	32	66.177132	«
5	1	47	4	1	14	1088	2351	59	12	0.000000	deducts
4	1	47	4	2	0	387	2348	881	46	-1	
5	1	47	4	2	1	387	2357	50	33	96.393158	NEW
5	1	47	4	2	2	452	2348	73	46	14.435242	Sette
5	1	47	4	2	3	544	2352	19	31	45.095631	or
5	1	47	4	2	4	564	2366	34	14	52.323799	ica,
5	1	47	4	2	5	613	2368	13	8	25.006126	a
5	1	47	4	2	6	644	2358	30	16	94.258629	will
5	1	47	4	2	7	682	2356	55	14	87.400795	denote
5	1	47	4	2	8	744	2356	21	9	55.375790	on
5	1	47	4	2	9	1039	2353	8	7	65.960777	ete
5	1	47	4	2	10	1071	2354	9	8	7.304520	@
5	1	47	4	2	11	1098	2352	69	17	68.078888	deduction
5	1	47	4	2	12	1174	2363	60	17	15.937767	mtthed.
5	1	47	4	2	13	1244	2372	24	13	50.688549	Ay
4	1	47	4	3	0	669	2393	178	22	-1	
5	1	47	4	3	1	669	2403	25	12	58.073761	pat
5	1	47	4	3	2	702	2399	25	13	91.588997	the
5	1	47	4	3	3	735	2393	80	16	10.682869	deduction
5	1	47	4	3	4	823	2394	24	9	68.210121	me
2	1	48	0	0	0	2104	2153	90	15	-1	
3	1	48	1	0	0	2104	2153	90	15	-1	
4	1	48	1	1	0	2104	2153	90	15	-1	
5	1	48	1	1	1	2104	2153	90	15	36.298546	sentence,
2	1	49	0	0	0	956	2173	26	8	-1	
3	1	49	1	0	0	956	2173	26	8	-1	
4	1	49	1	1	0	956	2173	26	8	-1	
5	1	49	1	1	1	956	2173	26	8	95.000000	 
2	1	50	0	0	0	333	2193	1232	67	-1	
3	1	50	1	0	0	333	2193	1232	67	-1	
4	1	50	1	1	0	333	2193	1232	67	-1	
5	1	50	1	1	1	333	2193	297	67	95.000000	 
5	1	50	1	1	2	1554	2193	11	11	95.000000	 
2	1	51	0	0	0	1825	2253	300	29	-1	
3	1	51	1	0	0	1825	2253	300	29	-1	
4	1	51	1	1	0	1825	2253	300	29	-1	
5	1	51	1	1	1	1825	2253	20	29	95.000000	 
5	1	51	1	1	2	2096	2263	29	10	95.000000	 
2	1	52	0	0	0	848	2350	910	59	-1	
3	1	52	1	0	0	848	2350	910	59	-1	
4	1	52	1	1	0	1673	2350	85	13	-1	
5	1	52	1	1	1	1673	2350	5	13	77.393051	ing
5	1	52	1	1	2	1712	2350	46	12	74.582123	when:
4	1	52	1	2	0	1467	2352	236	29	-1	
5	1	52	1	2	1	1467	2367	14	14	60.559994	iit
5	1	52	1	2	2	1490	2348	14	37	96.246719	be
5	1	52	1	2	3	1532	2359	22	15	83.555321	called
5	1	52	1	2	4	1559	2356	38	16	79.733093	Self
5	1	52	1	2	5	1603	2352	100	16	84.667961	Justifying
4	1	52	1	3	0	964	2358	567	39	-1	
5	1	52	1	3	1	964	2388	2	2	12.888840	;
5	1	52	1	3	2	1275	2377	64	13	13.662842	ordered
5	1	52	1	3	3	1345	2378	35	16	58.219090	pair
5	1	52	1	3	4	1393	2372	52	20	45.989105	(a,
5	1	52	1	3	5	1428	2368	22	31	64.803963	4)
5	1	52	1	3	6	1484	2358	19	39	55.573792	be
5	1	52	1	3	7	1509	2358	22	39	55.573792	cal
4	1	52	1	4	0	848	2387	286	22	-1	
5	1	52	1	4	1	848	2388	35	13	91.119339	thed
5	1	52	1	4	2	894	2387	17	16	89.619972	d,
5	1	52	1	4	3	926	2387	59	16	27.488129	applied
5	1	52	1	4	4	991	2391	16	10	86.990364	te
5	1	52	1	4	5	1014	2389	24	13	96.562561	the
5	1	52	1	4	6	1045	2394	57	12	63.190987	system
5	1	52	1	4	7	1114	2398	20	11	60.782593	a,
2	1	53	0	0	0	343	2398	1178	57	-1	
3	1	53	1	0	0	343	2398	1178	57	-1	
4	1	53	1	1	0	1147	2398	28	13	-1	
5	1	53	1	1	1	1147	2398	28	13	38.201637	wy
4	1	53	1	2	0	590	2399	931	26	-1	
5	1	53	1	2	1	590	2409	15	13	52.672390	it
5	1	53	1	2	2	1178	2399	47	26	0.000000	Prods.
5	1	53	1	2	3	1513	2406	8	13	68.499580	4
4	1	53	1	3	0	343	2412	1168	28	-1	
5	1	53	1	3	1	343	2422	6	14	51.819603	1
5	1	53	1	3	2	377	2426	32	9	66.602493	ane
5	1	53	1	3	3	417	2420	18	17	84.634415	of
5	1	53	1	3	4	445	2424	12	9	67.317856	a
5	1	53	1	3	5	468	2419	11	12	35.006416	‘s
5	1	53	1	3	6	489	2417	79	13	29.635262	thasrems
5	1	53	1	3	7	612	2412	8	9	33.517349	.
5	1	53	1	3	8	707	2429	44	11	0.000000	setent.
5	1	53	1	3	9	1266	2420	86	13	75.479889	Consistent
5	1	53	1	3	10	1358	2423	23	9	79.754395	sat
5	1	53	1	3	11	1389	2419	16	15	93.768379	of
5	1	53	1	3	12	1411	2415	75	15	42.078423	theorems
5	1	53	1	3	13	1493	2412	18	9	0.000000	*™
4	1	53	1	4	0	580	2435	177	20	-1	
5	1	53	1	4	1	580	2443	14	12	46.664719	ia
5	1	53	1	4	2	603	2440	16	14	84.358505	in
5	1	53	1	4	3	625	2438	34	17	81.596786	fact
5	1	53	1	4	4	667	2435	90	12	0.000000	comemben”™
2	1	54	0	0	0	343	2449	222	19	-1	
3	1	54	1	0	0	343	2449	222	19	-1	
4	1	54	1	1	0	343	2449	222	19	-1	
5	1	54	1	1	1	343	2455	14	13	64.893013	ik
5	1	54	1	1	2	385	2454	26	13	65.939674	the
5	1	54	1	1	3	420	2452	53	14	71.152740	axiom
5	1	54	1	1	4	481	2450	61	15	81.683083	system
5	1	54	1	1	5	553	2449	12	9	0.000000	&
2	1	55	0	0	0	519	2463	780	48	-1	
3	1	55	1	0	0	519	2463	780	48	-1	
4	1	55	1	1	0	794	2463	367	23	-1	
5	1	55	1	1	1	794	2463	41	23	33.917992	1D
5	1	55	1	1	2	848	2472	12	8	41.123703	@
5	1	55	1	1	3	875	2466	32	12	89.072594	thet
5	1	55	1	1	4	915	2464	66	16	59.027298	satisfies
5	1	55	1	1	5	989	2465	24	13	96.005173	the
5	1	55	1	1	6	1021	2466	50	13	92.333138	Parti
5	1	55	1	1	7	1077	2468	84	16	82.007248	condition.
4	1	55	1	2	0	654	2475	589	23	-1	
5	1	55	1	2	1	654	2484	34	13	11.598427	uct
5	1	55	1	2	2	695	2485	9	8	18.545723	o
5	1	55	1	2	3	711	2478	57	16	48.655872	systems
5	1	55	1	2	4	779	2477	12	8	31.513206	&
5	1	55	1	2	5	1171	2475	27	13	68.947037	Fer
5	1	55	1	2	6	1204	2480	39	18	35.668625	inete,
4	1	55	1	3	0	519	2488	780	23	-1	
5	1	55	1	3	1	519	2498	12	13	75.139328	is
5	1	55	1	3	2	541	2498	35	11	10.342606	cary
5	1	55	1	3	3	585	2494	15	10	82.246719	to
5	1	55	1	3	4	608	2488	45	15	65.973763	comet
5	1	55	1	3	5	1245	2492	54	14	49.690269	==
2	1	56	0	0	0	1537	2468	596	43	-1	
3	1	56	1	0	0	1537	2468	596	43	-1	
4	1	56	1	1	0	1537	2468	557	35	-1	
5	1	56	1	1	1	1537	2481	10	12	35.066216	sp
5	1	56	1	1	2	1555	2479	53	12	23.989494	exiams
5	1	56	1	1	3	1614	2473	31	16	63.039440	pa
5	1	56	1	1	4	1652	2474	19	9	73.433098	on
5	1	56	1	1	5	1678	2468	45	14	18.261398	edded
5	1	56	1	1	6	1736	2468	148	20	0.000000	*SelMef(a,d)"
5	1	56	1	1	7	1898	2476	74	14	83.727852	sentence,
5	1	56	1	1	8	1979	2476	57	18	58.448303	defines
5	1	56	1	1	9	2044	2488	17	10	0.000000	o,
5	1	56	1	1	10	2078	2491	16	12	48.865959	te
4	1	56	1	2	0	2070	2492	63	19	-1	
5	1	56	1	2	1	2070	2492	63	19	71.055206	stating:
2	1	57	0	0	0	1302	2486	227	23	-1	
3	1	57	1	0	0	1302	2486	227	23	-1	
4	1	57	1	1	0	1302	2486	227	23	-1	
5	1	57	1	1	1	1302	2488	11	13	0.000000	 coutd
5	1	57	1	1	2	1329	2486	176	23	64.545471	consist
5	1	57	1	1	3	1444	2482	14	32	74.912605	af
5	1	57	1	1	4	1468	2482	41	32	40.881950	allel
5	1	57	1	1	5	1517	2488	12	8	27.738342	©
2	1	58	0	0	0	335	2500	175	20	-1	
3	1	58	1	0	0	335	2500	175	20	-1	
4	1	58	1	1	0	335	2500	175	20	-1	
5	1	58	1	1	1	335	2496	30	34	65.266922	Vor
5	1	58	1	1	2	376	2496	29	34	90.768661	any
5	1	58	1	1	3	417	2502	31	17	74.436005	(a,
5	1	58	1	1	4	458	2500	29	17	38.217232	4).
2	1	59	0	0	0	988	2844	1049	294	-1	
3	1	59	1	0	0	988	2844	1049	294	-1	
4	1	59	1	1	0	988	2844	1049	294	-1	
5	1	59	1	1	1	988	2844	1049	294	95.000000	  
