level	page_num	block_num	par_num	line_num	word_num	left	top	width	height	conf	text
1	1	0	0	0	0	0	0	2550	3300	-1	
2	1	1	0	0	0	750	226	1349	98	-1	
3	1	1	1	0	0	750	226	1349	98	-1	
4	1	1	1	1	0	750	226	1349	98	-1	
5	1	1	1	1	1	750	279	103	45	96.320717	Recor
5	1	1	1	1	2	877	226	52	90	38.133846	le
5	1	1	1	1	3	943	226	35	82	71.118523	ol
5	1	1	1	1	4	991	226	94	80	0.000000	Ulen
5	1	1	1	1	5	1103	226	9	79	83.325539	|
5	1	1	1	1	6	1138	287	16	19	66.147057	c
5	1	1	1	1	7	1168	279	102	32	96.987297	Notes
5	1	1	1	1	8	1283	284	169	39	96.242355	Notarized
5	1	1	1	1	9	1467	292	42	31	96.371170	by
5	1	1	1	1	10	1523	287	73	27	93.233994	Dan
5	1	1	1	1	11	1611	282	36	27	93.110802	E.
5	1	1	1	1	12	1663	276	134	31	95.619278	Willard
5	1	1	1	1	13	1812	285	42	20	93.294403	on
5	1	1	1	1	14	1869	276	129	36	80.571289	May10,
5	1	1	1	1	15	2016	273	83	30	96.943375	2014
2	1	2	0	0	0	753	314	1676	73	-1	
3	1	2	1	0	0	753	314	1676	73	-1	
4	1	2	1	1	0	793	314	1513	34	-1	
5	1	2	1	1	1	793	330	47	18	21.355965	prosl
5	1	2	1	1	2	847	311	21	41	89.803864	of
5	1	2	1	1	3	871	329	14	12	45.045170	PW
5	1	2	1	1	4	916	327	32	13	77.502007	NP
5	1	2	1	1	5	953	311	37	41	95.472290	will
5	1	2	1	1	6	997	311	81	41	92.411537	certainly
5	1	2	1	1	7	1088	324	20	14	89.537453	be
5	1	2	1	1	8	1118	325	101	17	68.294075	non-trivial,
5	1	2	1	1	9	1632	327	35	14	93.268890	how
5	1	2	1	1	10	1682	326	32	13	41.625130	[37]"s
5	1	2	1	1	11	1731	324	53	14	66.298950	{aitlal
5	1	2	1	1	12	1793	324	55	14	93.273888	1993
5	1	2	1	1	13	1883	324	21	14	76.007355	formaliam
5	1	2	1	1	14	1938	324	8	14	96.953339	for
5	1	2	1	1	15	1992	323	63	15	92.459564	generating
5	1	2	1	1	16	2077	320	47	18	93.187355	quite
5	1	2	1	1	17	2135	310	66	36	20.119720	inncornt
5	1	2	1	1	18	2210	310	48	36	69.838478	looking
5	1	2	1	1	19	2267	310	42	36	0.000000	bougy,
4	1	2	1	2	0	753	323	1676	49	-1	
5	1	2	1	2	1	753	335	35	29	69.548134	Ont
5	1	2	1	2	2	793	324	41	44	15.999184	Tree
5	1	2	1	2	3	845	329	22	29	0.000000	oe
5	1	2	1	2	4	875	324	25	44	29.175049	the
5	1	2	1	2	5	910	328	61	29	70.694237	Second
5	1	2	1	2	6	981	340	139	16	34.756241	Inempletoncas
5	1	2	1	2	7	1139	330	69	27	14.658295	Thoerem
5	1	2	1	2	8	1216	329	29	31	79.321815	cos
5	1	2	1	2	9	1249	323	37	49	27.828568	beta
5	1	2	1	2	10	1293	323	46	49	37.082985	thee,
5	1	2	1	2	11	1346	341	46	14	54.663471	Laken
5	1	2	1	2	12	1401	345	19	9	70.989883	wo
5	1	2	1	2	13	1428	338	34	15	53.065773	214
5	1	2	1	2	14	1470	338	47	13	59.054180	rears
5	1	2	1	2	15	1525	326	18	40	63.573883	to
5	1	2	1	2	16	1537	330	69	32	0.000000	dlseeye
5	1	2	1	2	17	1656	344	14	13	29.487320	OOK
5	1	2	1	2	18	1672	318	48	44	0.000000	[s71"e
5	1	2	1	2	19	1730	318	56	44	32.425606	taittal
5	1	2	1	2	20	1787	341	18	13	62.007385	1093
5	1	2	1	2	21	1811	329	89	28	56.222023	formalism
5	1	2	1	2	22	1936	318	26	44	51.479527	for
5	1	2	1	2	23	1971	326	97	29	16.519699	Generelt
5	1	2	1	2	24	2075	338	53	15	12.169868	Suter
5	1	2	1	2	25	2137	338	18	12	84.163002	to
5	1	2	1	2	26	2163	332	92	33	0.000000	oprceclate
5	1	2	1	2	27	2262	337	29	16	52.928833	wi
5	1	2	1	2	28	2297	345	33	14	13.755562	gucy
5	1	2	1	2	29	2339	321	24	48	50.532745	ct
5	1	2	1	2	30	2370	335	38	18	50.402138	forms
5	1	2	1	2	31	2414	344	15	13	31.524742	6
4	1	2	1	3	0	753	351	1673	36	-1	
5	1	2	1	3	1	753	363	78	17	0.000000	Rindsight
5	1	2	1	3	2	839	362	38	12	84.764603	than
5	1	2	1	3	3	885	360	16	13	69.041702	In
5	1	2	1	3	4	909	359	77	16	65.031487	foresight
5	1	2	1	3	5	994	357	62	18	72.873077	(where
5	1	2	1	3	6	1064	352	30	39	90.403625	one
5	1	2	1	3	7	1101	357	58	30	37.891243	begin
5	1	2	1	3	8	1167	360	38	15	96.112831	with
5	1	2	1	3	9	1213	366	8	10	58.830307	a
5	1	2	1	3	10	1230	352	26	39	67.208588	full
5	1	2	1	3	11	1265	352	30	39	83.118065	bind
5	1	2	1	3	12	1313	357	15	10	14.512009	siors
5	1	2	1	3	13	1348	358	17	12	21.332024	iin
5	1	2	1	3	14	1386	352	33	39	27.291550	ett
5	1	2	1	3	15	1428	356	47	9	28.915375	inert
5	1	2	1	3	16	1576	365	47	13	93.021423	many
5	1	2	1	3	17	1630	360	40	15	46.797821	falee
5	1	2	1	3	18	1678	361	46	11	83.011848	turns
5	1	2	1	3	19	1732	360	18	12	94.518257	to
5	1	2	1	3	20	1757	359	20	13	96.235016	be
5	1	2	1	3	21	1784	358	61	17	90.706467	made).
5	1	2	1	3	22	1854	359	41	13	96.334366	This
5	1	2	1	3	23	1902	359	13	13	90.782234	la
5	1	2	1	3	24	1923	359	69	13	39.993015	because
5	1	2	1	3	25	1999	360	47	12	93.880684	there
5	1	2	1	3	26	2053	360	29	10	94.406128	are
5	1	2	1	3	27	2090	353	77	17	95.399200	multiple
5	1	2	1	3	28	2257	357	5	13	19.453705	8
5	1	2	1	3	29	2270	356	52	21	12.795906	linen,
5	1	2	1	3	30	2336	351	90	23	0.000000	(reece
2	1	3	0	0	0	1529	367	39	10	-1	
3	1	3	1	0	0	1529	367	39	10	-1	
4	1	3	1	1	0	1529	367	39	10	-1	
5	1	3	1	1	1	1529	367	39	10	95.000000	 
2	1	4	0	0	0	1120	378	85	70	-1	
3	1	4	1	0	0	1120	378	85	70	-1	
4	1	4	1	1	0	1120	378	85	70	-1	
5	1	4	1	1	1	1120	378	85	70	95.000000	  
2	1	5	0	0	0	1552	380	13	14	-1	
3	1	5	1	0	0	1552	380	13	14	-1	
4	1	5	1	1	0	1552	380	13	14	-1	
5	1	5	1	1	1	1552	380	13	14	95.000000	 
2	1	6	0	0	0	1348	404	201	33	-1	
3	1	6	1	0	0	1348	404	201	33	-1	
4	1	6	1	1	0	1348	404	201	33	-1	
5	1	6	1	1	1	1348	404	38	33	95.000000	   
5	1	6	1	1	2	1543	421	6	4	95.000000	 
2	1	7	0	0	0	752	364	1674	76	-1	
3	1	7	1	0	0	752	364	1674	76	-1	
4	1	7	1	1	0	1461	364	923	19	-1	
5	1	7	1	1	1	1461	367	21	13	15.960571	ati
5	1	7	1	1	2	1495	366	18	16	15.960571	bly
5	1	7	1	1	3	1519	369	8	9	0.000000	e'
5	1	7	1	1	4	2319	360	7	28	11.657883	1»
5	1	7	1	1	5	2332	364	30	16	75.828430	that
5	1	7	1	1	6	2367	368	17	15	43.318638	tig
4	1	7	1	2	0	752	371	1674	27	-1	
5	1	7	1	2	1	748	368	30	32	92.036377	the
5	1	7	1	2	2	785	380	72	16	92.287956	readway
5	1	7	1	2	3	865	376	68	14	79.925797	towards
5	1	7	1	2	4	942	375	68	17	88.315300	proving
5	1	7	1	2	5	1020	375	13	12	91.937859	P
5	1	7	1	2	6	1042	374	13	15	69.512283	wt
5	1	7	1	2	7	1064	373	16	14	0.000000	NP,
5	1	7	1	2	8	1223	382	64	16	58.208775	avolded,
5	1	7	1	2	9	1298	367	39	33	43.524788	tert
5	1	7	1	2	10	1344	367	34	33	95.049133	that
5	1	7	1	2	11	1386	372	32	14	93.296570	will
5	1	7	1	2	12	1425	371	35	13	0.000000	inevet
5	1	7	1	2	13	1486	385	7	11	0.000000	e
5	1	7	1	2	14	1572	384	13	9	95.938210	ve
5	1	7	1	2	15	1593	378	62	14	88.904510	advice.
5	1	7	1	2	16	2388	372	38	22	18.578796	along
4	1	7	1	3	0	795	383	1453	37	-1	
5	1	7	1	3	1	795	396	33	14	72.180412	Oar
5	1	7	1	3	2	836	393	57	15	71.291130	formal
5	1	7	1	3	3	902	393	45	16	45.166416	preef
5	1	7	1	3	4	957	392	19	13	96.416740	of
5	1	7	1	3	5	985	391	39	15	45.729137	Pw
5	1	7	1	3	6	1036	390	33	14	71.016968	NP
5	1	7	1	3	7	1078	383	33	22	86.953270	wilt
5	1	7	1	3	8	1213	380	73	44	70.578018	Sections
5	1	7	1	3	9	1297	387	41	16	0.000000	7Tith
5	1	7	1	3	10	1348	380	38	44	31.616982	fred
5	1	7	1	3	11	1395	387	63	16	0.000000	Benlhy
5	1	7	1	3	12	1469	387	47	26	30.551407	(hice
5	1	7	1	3	13	1522	386	65	25	24.290131	sections
5	1	7	1	3	14	1607	395	31	14	90.464127	will
5	1	7	1	3	15	1647	393	65	15	49.511982	explain
5	1	7	1	3	16	1722	393	35	14	61.856480	how
5	1	7	1	3	17	1766	397	28	10	65.434326	our
5	1	7	1	3	18	1803	398	36	9	94.907898	core
5	1	7	1	3	19	1849	393	109	18	35.686981	methodologies
5	1	7	1	3	20	1986	398	28	9	94.994881	are
5	1	7	1	3	21	2024	391	62	15	94.994881	related
5	1	7	1	3	22	2099	393	18	11	91.798843	to
5	1	7	1	3	23	2125	392	47	11	90.964973	some
5	1	7	1	3	24	2180	385	68	15	44.516403	seminal
4	1	7	1	4	0	752	399	1674	41	-1	
5	1	7	1	4	1	752	415	69	16	33.417313	Solevay,
5	1	7	1	4	2	826	411	58	14	39.200035	Neleoe
5	1	7	1	4	3	893	409	31	13	85.323990	and
5	1	7	1	4	4	938	400	56	44	0.000000	Wilkie
5	1	7	1	4	5	1001	400	44	44	0.000000	Paris
5	1	7	1	4	6	1056	400	33	44	65.219086	(27,
5	1	7	1	4	7	1096	409	26	30	86.013435	32,
5	1	7	1	4	8	1199	400	9	10	0.000000	along
5	1	7	1	4	9	1296	403	27	15	26.386948	onthe
5	1	7	1	4	10	1386	421	26	15	90.471138	The
5	1	7	1	4	11	1421	403	42	29	15.678413	went
5	1	7	1	4	12	1470	400	21	33	42.860703	ty
5	1	7	1	4	13	1500	402	33	27	0.000000	Duce
5	1	7	1	4	14	1550	399	128	31	0.000000	Igajatovis
5	1	7	1	4	15	1648	395	31	45	93.190933	and
5	1	7	1	4	16	1687	409	67	18	57.710838	Svejdar
5	1	7	1	4	17	1761	410	23	19	71.208878	(6,
5	1	7	1	4	18	1791	410	32	19	73.711487	33).
5	1	7	1	4	19	1960	399	16	8	34.349701	a
5	1	7	1	4	20	2333	403	7	10	0.000000	#
5	1	7	1	4	21	2347	400	17	18	69.921974	by
5	1	7	1	4	22	2372	404	54	24	0.000000	Peay,
2	1	8	0	0	0	1525	419	6	9	-1	
3	1	8	1	0	0	1525	419	6	9	-1	
4	1	8	1	1	0	1525	419	6	9	-1	
5	1	8	1	1	1	1525	419	6	9	95.000000	 
2	1	9	0	0	0	1203	407	327	44	-1	
3	1	9	1	0	0	1203	407	327	44	-1	
4	1	9	1	1	0	1203	407	327	44	-1	
5	1	9	1	1	1	1203	407	141	44	95.000000	 
5	1	9	1	1	2	1519	431	11	13	95.000000	 
2	1	10	0	0	0	752	417	766	69	-1	
3	1	10	1	0	0	752	417	766	65	-1	
4	1	10	1	1	0	794	417	595	40	-1	
5	1	10	1	1	1	794	427	47	15	65.631226	‘Their
5	1	10	1	1	2	851	426	58	14	15.480118	results
5	1	10	1	1	3	919	424	80	14	47.415077	eotablish
5	1	10	1	1	4	1011	423	37	14	95.281853	that
5	1	10	1	1	5	1371	417	18	40	10.497810	Fe
4	1	10	1	2	0	1302	438	64	18	-1	
5	1	10	1	2	1	1302	438	64	18	51.526230	ploying
4	1	10	1	3	0	752	447	766	39	-1	
5	1	10	1	3	1	752	464	55	15	30.943359	Nalven
5	1	10	1	3	2	814	459	32	14	84.716705	and
5	1	10	1	3	3	854	459	116	15	80.037727	Wilkle-Paris,
5	1	10	1	3	4	978	462	33	8	94.596588	was
5	1	10	1	3	5	1018	461	32	9	83.663895	one
5	1	10	1	3	6	1057	457	20	14	94.267296	of
5	1	10	1	3	7	1083	459	28	15	94.267296	tha
5	1	10	1	3	8	1120	462	39	15	94.618858	vital
5	1	10	1	3	9	1167	458	44	24	94.246391	steps
5	1	10	1	3	10	1219	447	97	39	0.000000	ikrtlgnped
5	1	10	1	3	11	1321	456	21	17	91.729309	by
5	1	10	1	3	12	1349	453	141	17	37.710564	Hilbert-Deraays
5	1	10	1	3	13	1498	453	20	9	86.463211	am
2	1	11	0	0	0	793	463	1479	44	-1	
3	1	11	1	0	0	793	463	1479	44	-1	
4	1	11	1	1	0	901	463	1157	34	-1	
5	1	11	1	1	1	901	463	49	34	90.519081	were
5	1	11	1	1	2	1262	469	9	14	77.553459	has
5	1	11	1	1	3	1297	472	5	13	30.142471	1
5	1	11	1	1	4	1386	471	37	14	86.043877	ving
5	1	11	1	1	5	1475	466	39	14	93.691116	NP.
5	1	11	1	1	6	2056	479	2	2	27.343040	:
4	1	11	1	2	0	793	473	1479	34	-1	
5	1	11	1	2	1	793	477	51	14	48.615631	‘These
5	1	11	1	2	2	851	478	45	11	46.352406	moten
5	1	11	1	2	3	907	468	37	43	83.541504	ware
5	1	11	1	2	4	953	474	149	33	33.111916	finlehod
5	1	11	1	2	5	1032	468	19	43	92.051025	om
5	1	11	1	2	6	1061	474	40	33	48.849789	May
5	1	11	1	2	7	1109	477	16	17	62.670433	1,
5	1	11	1	2	8	1132	480	46	18	62.670433	2014,
5	1	11	1	2	9	1186	482	28	14	83.549164	bat
5	1	11	1	2	10	1223	487	27	12	75.461899	mot
5	1	11	1	2	11	1262	468	76	43	40.507832	netariond
5	1	11	1	2	12	1348	468	43	43	23.677750	wnill
5	1	11	1	2	13	1396	474	58	26	11.299934	Blaz10
5	1	11	1	2	14	1462	482	70	14	61.509457	because
5	1	11	1	2	15	1540	486	27	12	93.185745	my
5	1	11	1	2	16	1575	481	55	14	87.857407	Wollle
5	1	11	1	2	17	1638	484	50	13	92.613525	paper
5	1	11	1	2	18	1696	484	32	9	93.649147	was
5	1	11	1	2	19	1735	480	75	17	60.481697	accepted
5	1	11	1	2	20	1818	485	21	9	96.804268	on
5	1	11	1	2	21	1848	481	38	17	94.086769	May
5	1	11	1	2	22	1892	482	10	13	94.086769	2
5	1	11	1	2	23	1911	481	39	17	77.871605	(and
5	1	11	1	2	24	1958	480	78	17	87.672897	rewrting
5	1	11	1	2	25	2044	480	14	13	90.287384	if
5	1	11	1	2	26	2066	477	75	19	94.471512	required
5	1	11	1	2	27	2151	480	28	13	93.280502	my
5	1	11	1	2	28	2185	475	87	20	0.000000	atteatlen),
2	1	12	0	0	0	794	492	1493	40	-1	
3	1	12	1	0	0	794	492	1493	40	-1	
4	1	12	1	1	0	794	492	190	16	-1	
5	1	12	1	1	1	794	493	53	15	96.680878	NEW
5	1	12	1	1	2	854	492	67	15	68.793076	Sections
5	1	12	1	1	3	928	492	36	13	53.020889	Title
5	1	12	1	1	4	971	492	13	13	82.747986	Bi
4	1	12	1	2	0	1597	510	690	22	-1	
5	1	12	1	2	1	1597	515	30	14	88.455498	and
5	1	12	1	2	2	1642	515	11	13	83.770203	d
5	1	12	1	2	3	1667	514	31	14	93.939384	will
5	1	12	1	2	4	1705	514	58	15	61.520252	denote
5	1	12	1	2	5	1770	520	10	9	89.070976	a
5	1	12	1	2	6	1786	516	86	13	91.713913	deduction
5	1	12	1	2	7	1880	516	73	16	96.885529	method,
5	1	12	1	2	8	1961	516	40	13	96.976875	used
5	1	12	1	2	9	2008	516	26	13	89.562859	fer
5	1	12	1	2	10	2040	514	76	17	84.942596	deriving
5	1	12	1	2	11	2123	513	83	15	94.085968	theorems
5	1	12	1	2	12	2213	510	38	15	73.397995	from
5	1	12	1	2	13	2257	517	15	10	73.397995	a,
5	1	12	1	2	14	2279	515	8	14	40.264935	3
2	1	13	0	0	0	750	508	1673	81	-1	
3	1	13	1	0	0	750	508	1673	77	-1	
4	1	13	1	1	0	793	508	789	22	-1	
5	1	13	1	1	1	793	509	102	16	16.921509	Throughout
5	1	13	1	1	2	903	508	33	14	93.436890	thie
5	1	13	1	1	3	944	508	64	16	92.263855	article,
5	1	13	1	1	4	1023	512	12	9	77.190857	@
5	1	13	1	1	5	1051	508	32	15	96.603500	will
5	1	13	1	1	6	1090	511	58	17	87.300934	denote
5	1	13	1	1	7	1155	520	10	10	66.121773	a
5	1	13	1	1	8	1574	516	8	6	18.798019	-
4	1	13	1	2	0	946	514	1366	28	-1	
5	1	13	1	2	1	946	515	57	27	30.298904	aferen
5	1	13	1	2	2	1168	514	66	27	14.586525	recural:
5	1	13	1	2	3	1397	521	6	10	25.377548	1
5	1	13	1	2	4	1410	517	19	14	89.862633	of
5	1	13	1	2	5	1436	517	67	17	85.512787	*preper
5	1	13	1	2	6	1510	516	63	13	64.618233	axlome
5	1	13	1	2	7	2289	518	23	13	55.833328	ech
4	1	13	1	3	0	750	519	1673	33	-1	
5	1	13	1	3	1	750	528	61	17	65.846550	Include
5	1	13	1	3	2	817	531	44	10	92.625710	some
5	1	13	1	3	3	866	526	43	14	57.778088	reles
5	1	13	1	3	4	915	521	13	39	90.945702	of
5	1	13	1	3	5	939	525	5	14	41.281082	I
5	1	13	1	3	6	1002	529	27	9	49.537857	ewe
5	1	13	1	3	7	1037	525	48	18	66.755386	(such
5	1	13	1	3	8	1093	533	18	10	44.295586	a0
5	1	13	1	3	9	1118	533	37	13	48.188614	mod)
5	1	13	1	3	10	1231	520	34	18	15.630096	Spy
5	1	13	1	3	11	1271	522	101	15	0.000000	canmerable
5	1	13	1	3	12	1379	524	16	8	47.141029	ov
5	1	13	1	3	13	1603	532	81	17	0.000000	 deneted
5	1	13	1	3	14	1692	537	17	9	82.647919	aa
5	1	13	1	3	15	1718	533	24	19	45.159401	La,
5	1	13	1	3	16	1757	533	36	14	95.781303	that
5	1	13	1	3	17	1799	538	24	9	93.217995	we
5	1	13	1	3	18	1829	534	73	13	66.221649	conalder
5	1	13	1	3	19	1909	536	19	11	83.202484	to
5	1	13	1	3	20	1934	534	20	13	84.750763	be
5	1	13	1	3	21	1962	536	37	15	93.148338	part
5	1	13	1	3	22	2007	533	18	14	93.157051	of
5	1	13	1	3	23	2031	533	26	13	64.522293	d'a
5	1	13	1	3	24	2064	533	126	13	31.291740	Infrestructure
5	1	13	1	3	25	2199	528	53	15	91.891396	rather
5	1	13	1	3	26	2257	531	31	15	45.488480	thee
5	1	13	1	3	27	2295	515	22	42	52.469070	ary
5	1	13	1	3	28	2332	522	91	24	0.000000	r7Peally
4	1	13	1	4	0	1764	545	597	44	-1	
5	1	13	1	4	1	1764	554	26	14	72.779953	ted
5	1	13	1	4	2	1799	555	40	13	95.521225	from
5	1	13	1	4	3	1847	555	29	13	96.498009	the
5	1	13	1	4	4	1882	557	26	11	88.645142	set
5	1	13	1	4	5	1914	555	20	13	95.567886	of
5	1	13	1	4	6	1940	559	29	13	96.780090	proper
5	1	13	1	4	7	2007	554	64	13	74.851944	axioms
5	1	13	1	4	8	2079	558	12	9	96.390488	a,
5	1	13	1	4	9	2106	552	42	14	6.832970	shall
5	1	13	1	4	10	2156	549	73	19	87.421837	greatly
5	1	13	1	4	11	2236	545	55	44	0.000000	Pek
5	1	13	1	4	12	2309	545	52	44	0.000000	sevens
2	1	14	0	0	0	746	533	1517	63	-1	
3	1	14	1	0	0	750	533	1513	59	-1	
4	1	14	1	1	0	1455	533	129	14	-1	
5	1	14	1	1	1	1455	533	67	14	93.345428	“logical
5	1	14	1	1	2	1552	533	32	14	40.701424	axiom:
4	1	14	1	2	0	750	537	800	32	-1	
5	1	14	1	2	1	750	549	45	20	7.775230	(This
5	1	14	1	2	2	801	546	87	17	0.000000	ooemingly
5	1	14	1	2	3	895	546	52	13	94.199509	minor
5	1	14	1	2	4	955	545	94	14	82.503471	notational
5	1	14	1	2	5	1058	547	53	20	54.982063	polat,
5	1	14	1	2	6	1118	552	50	16	59.614998	which
5	1	14	1	2	7	1182	537	66	18	20.596115	Toney)
5	1	14	1	2	8	1256	538	111	19	0.000000	een
5	1	14	1	2	9	1376	537	20	16	25.728287	oF
5	1	14	1	2	10	1403	538	45	10	0.433578	eae
5	1	14	1	2	11	1456	533	24	40	12.956528	on
5	1	14	1	2	12	1530	538	20	9	1.758347	mathed
4	1	14	1	3	0	746	566	1517	30	-1	
5	1	14	1	3	1	746	567	31	29	66.890076	ow
5	1	14	1	3	2	1171	577	9	8	0.000000	e
5	1	14	1	3	3	1186	574	52	15	37.631508	axiom
5	1	14	1	3	4	1244	579	60	13	61.946136	syalem
5	1	14	1	3	5	1313	577	8	8	21.223534	@
5	1	14	1	3	6	1329	581	11	9	52.767319	@
5	1	14	1	3	7	1349	575	15	15	0.000000	°;
5	1	14	1	3	8	1371	577	30	9	55.200272	our
5	1	14	1	3	9	1408	572	82	13	82.986099	discourse
5	1	14	1	3	10	1499	570	32	13	95.894714	will
5	1	14	1	3	11	1538	570	51	17	95.894714	always
5	1	14	1	3	12	1605	571	20	13	96.729057	be
5	1	14	1	3	13	1632	571	76	16	76.791748	referring
5	1	14	1	3	14	1716	573	18	11	75.702690	to
5	1	14	1	3	15	1741	576	10	9	38.277210	=
5	1	14	1	3	16	1758	574	24	11	68.142456	sat
5	1	14	1	3	17	1788	572	19	13	93.019424	of
5	1	14	1	3	18	1813	576	66	12	91.798836	preper
5	1	14	1	3	19	1886	571	69	14	74.033440	axtome
5	1	14	1	3	20	1982	574	18	11	94.445084	that
5	1	14	1	3	21	2008	571	21	16	92.271042	is,
5	1	14	1	3	22	2037	569	132	16	95.607681	automatically,
5	1	14	1	3	23	2176	566	63	15	91.752075	further
5	1	14	1	3	24	2245	572	18	8	64.113846	ex!
2	1	15	0	0	0	1520	421	815	49	-1	
3	1	15	1	0	0	1520	421	815	44	-1	
4	1	15	1	1	0	1552	421	758	24	-1	
5	1	15	1	1	1	1552	433	6	11	7.495010	tlre
5	1	15	1	1	2	1596	429	81	15	80.725487	methods,
5	1	15	1	1	3	1688	427	42	17	84.350021	ebey
5	1	15	1	1	4	1742	432	42	10	86.150177	more
5	1	15	1	1	5	1793	428	76	17	27.793648	powerfel
5	1	15	1	1	6	1911	429	104	14	78.238586	generalisations
5	1	15	1	1	7	2026	427	20	14	78.989182	ef
5	1	15	1	1	8	2055	427	28	14	96.594727	the
5	1	15	1	1	9	2095	423	62	18	38.876801	Second
5	1	15	1	1	10	2170	421	115	20	30.319786	Incompletens
5	1	15	1	1	11	2292	430	18	14	70.088898	7
4	1	15	1	2	0	1520	429	815	41	-1	
5	1	15	1	2	1	1520	448	9	14	45.646534	4
5	1	15	1	2	2	1545	431	23	39	0.000000	Sb
5	1	15	1	2	3	1577	431	34	39	44.178871	[18,
5	1	15	1	2	4	1619	445	32	19	85.691254	22].
5	1	15	1	2	5	1660	446	36	14	95.267883	The
5	1	15	1	2	6	1702	446	109	17	80.616180	appreciation
5	1	15	1	2	7	1818	446	20	14	96.890625	of
5	1	15	1	2	8	1844	446	29	14	96.954086	the
5	1	15	1	2	9	1874	429	108	38	0.000000	fGecrtenes
5	1	15	1	2	10	1986	446	19	14	79.699745	of
5	1	15	1	2	11	2012	446	28	13	93.289108	the
5	1	15	1	2	12	2047	443	71	16	57.850525	sermninal
5	1	15	1	2	13	2124	439	114	18	83.265228	observations
5	1	15	1	2	14	2245	444	36	15	70.339653	mad,
5	1	15	1	2	15	2286	446	17	19	95.662781	by
5	1	15	1	2	16	2308	450	27	15	52.411076	Pedi
2	1	16	0	0	0	2336	438	88	41	-1	
3	1	16	1	0	0	2336	438	88	41	-1	
4	1	16	1	1	0	2336	438	88	41	-1	
5	1	16	1	1	1	2332	434	29	49	62.202648	i,
5	1	16	1	1	2	2362	438	62	41	37.878067	Sot
2	1	17	0	0	0	1391	432	127	19	-1	
3	1	17	1	0	0	1391	432	127	19	-1	
4	1	17	1	1	0	1391	432	127	19	-1	
5	1	17	1	1	1	1391	432	127	19	95.000000	 
2	1	18	0	0	0	1585	521	12	25	-1	
3	1	18	1	0	0	1585	521	12	25	-1	
4	1	18	1	1	0	1585	521	12	25	-1	
5	1	18	1	1	1	1585	521	12	25	95.000000	  
2	1	19	0	0	0	1745	559	18	9	-1	
3	1	19	1	0	0	1745	559	18	9	-1	
4	1	19	1	1	0	1745	559	18	9	-1	
5	1	19	1	1	1	1745	559	18	9	95.000000	 
2	1	20	0	0	0	784	553	1640	32	-1	
3	1	20	1	0	0	784	553	1640	32	-1	
4	1	20	1	1	0	784	553	1640	32	-1	
5	1	20	1	1	1	784	565	52	18	0.000000	Seon,
5	1	20	1	1	2	845	564	26	13	93.902657	We
5	1	20	1	1	3	878	562	79	14	37.149853	therefore
5	1	20	1	1	4	966	562	105	16	43.397812	amphaciee
5	1	20	1	1	5	1079	565	37	15	58.296928	thei
5	1	20	1	1	6	1123	568	46	17	40.286896	Lach
5	1	20	1	1	7	1177	556	46	15	71.347687	views
5	1	20	1	1	8	1232	559	23	19	63.983482	Ly
5	1	20	1	1	9	1263	565	17	8	88.340912	as
5	1	20	1	1	10	1289	563	36	14	94.370224	part
5	1	20	1	1	11	1332	559	32	14	92.618736	of
5	1	20	1	1	12	1375	561	9	9	92.618736	the
5	1	20	1	1	13	1392	554	87	16	29.211151	dedustion
5	1	20	1	1	14	1489	553	66	14	54.893890	method
5	1	20	1	1	15	1564	553	11	14	61.670242	4,
5	1	20	1	1	16	1589	553	111	17	30.849876	meticulowely
5	1	20	1	1	17	1707	558	38	13	27.636139	sepa
5	1	20	1	1	18	2409	569	15	12	44.816364	7
2	1	21	0	0	0	2318	573	105	25	-1	
3	1	21	1	0	0	2318	573	105	25	-1	
4	1	21	1	1	0	2318	573	105	25	-1	
5	1	21	1	1	1	2314	569	13	37	6.112015	1
5	1	21	1	1	2	2341	569	34	37	29.659630	he's
5	1	21	1	1	3	2381	569	44	37	60.363205	egal
2	1	22	0	0	0	751	627	1036	46	-1	
3	1	22	1	0	0	751	627	1036	46	-1	
4	1	22	1	1	0	788	627	729	20	-1	
5	1	22	1	1	1	788	629	82	17	19.929626	Example
5	1	22	1	1	2	878	628	26	14	89.750359	0.1
5	1	22	1	1	3	921	627	35	13	89.750359	The
5	1	22	1	1	4	962	627	92	16	95.926750	deduction
5	1	22	1	1	5	1061	631	45	14	85.887115	meth
5	1	22	1	1	6	1513	643	4	4	12.009628	Je
4	1	22	1	2	0	751	633	1036	40	-1	
5	1	22	1	2	1	751	648	88	17	10.673691	Meadelocs
5	1	22	1	2	2	847	651	18	10	74.832993	or
5	1	22	1	2	3	872	644	129	18	39.821938	Papadimitrion
5	1	22	1	2	4	1011	646	48	18	21.559410	(YT,
5	1	22	1	2	5	1067	647	23	18	0.727066	Te
5	1	22	1	2	6	1099	633	103	35	0.000000	Thesranet
5	1	22	1	2	7	1208	641	132	32	0.000000	rere
5	1	22	1	2	8	1347	637	44	17	21.656372	alte
5	1	22	1	2	9	1398	634	112	15	38.773071	conventional:
5	1	22	1	2	10	1527	635	46	16	65.917664	They
5	1	22	1	2	11	1579	640	36	12	67.024170	cams
5	1	22	1	2	12	1622	636	24	13	51.638527	for
5	1	22	1	2	13	1652	635	79	18	47.310936	Insane
5	1	22	1	2	14	1737	641	50	9	63.719048	corm
2	1	23	0	0	0	1811	642	9	8	-1	
3	1	23	1	0	0	1811	642	9	8	-1	
4	1	23	1	1	0	1811	642	9	8	-1	
5	1	23	1	1	1	1811	642	9	8	95.000000	 
2	1	24	0	0	0	1821	632	603	32	-1	
3	1	24	1	0	0	1821	632	603	32	-1	
4	1	24	1	1	0	1821	632	534	22	-1	
5	1	24	1	1	1	1821	638	10	12	26.270340	\d
5	1	24	1	1	2	1839	640	18	10	95.417313	to
5	1	24	1	1	3	1864	637	27	13	96.241020	the
5	1	24	1	1	4	1898	637	92	17	83.867355	paradigms
5	1	24	1	1	5	1998	637	37	13	95.715134	that
5	1	24	1	1	6	2043	641	41	8	95.602242	were
5	1	24	1	1	7	2091	635	40	14	82.740959	weed
5	1	24	1	1	8	2137	635	17	14	80.623688	in
5	1	24	1	1	9	2162	634	28	13	96.845848	the
5	1	24	1	1	10	2198	632	81	15	95.942818	textbooks
5	1	24	1	1	11	2284	628	16	30	96.686676	by
5	1	24	1	1	12	2309	635	46	18	90.028404	any
5	1	24	1	1	13	2339	628	18	30	96.633339	of
4	1	24	1	2	0	2370	642	54	22	-1	
5	1	24	1	2	1	2370	642	54	22	16.541656	aderton,
2	1	25	0	0	0	792	683	1634	46	-1	
3	1	25	1	0	0	792	683	1634	46	-1	
4	1	25	1	1	0	792	683	1634	46	-1	
5	1	25	1	1	1	792	692	14	13	0.000000	»
5	1	25	1	1	2	817	683	73	46	0.000000	bayrantse
5	1	25	1	1	3	901	683	31	46	38.617176	tlh
5	1	25	1	1	4	951	690	20	32	34.767281	oa
5	1	25	1	1	5	981	683	47	46	23.030136	tardy
5	1	25	1	1	6	1021	689	159	40	38.408096	a
5	1	25	1	1	7	1186	699	91	15	78.001289	augmented
5	1	25	1	1	8	1285	699	21	16	96.801041	by
5	1	25	1	1	9	1314	697	50	15	49.572262	solely
5	1	25	1	1	10	1372	694	58	15	69.334709	modus
5	1	25	1	1	11	1437	697	61	12	59.510483	ponens
5	1	25	1	1	12	1507	697	18	9	82.794128	as
5	1	25	1	1	13	1533	697	9	9	51.108479	a
5	1	25	1	1	14	1550	694	33	13	89.499138	rule
5	1	25	1	1	15	1590	686	18	36	89.075851	of
5	1	25	1	1	16	1614	694	85	16	85.702820	Inference,
5	1	25	1	1	17	1707	695	44	14	93.807899	when
5	1	25	1	1	18	1758	700	30	9	93.807899	one
5	1	25	1	1	19	1796	700	35	9	70.126976	wees
5	1	25	1	1	20	1839	695	21	17	54.448334	[7]
5	1	25	1	1	21	1868	701	18	8	51.836662	a0
5	1	25	1	1	22	1894	701	9	8	28.282959	0
5	1	25	1	1	23	1911	696	94	13	92.498978	framework
5	1	25	1	1	24	2013	698	18	11	95.994835	to
5	1	25	1	1	25	2038	695	55	14	94.303497	define
5	1	25	1	1	26	2103	695	31	18	85.833176	Ly.
5	1	25	1	1	27	2146	694	48	17	92.619431	(This
5	1	25	1	1	28	2201	692	88	15	95.526764	framework
5	1	25	1	1	29	2296	699	28	8	91.640434	was
5	1	25	1	1	30	2329	696	29	13	66.958160	alee
5	1	25	1	1	31	2363	701	63	17	9.444107	amplgny
2	1	26	0	0	0	789	750	1303	47	-1	
3	1	26	1	0	0	789	750	1303	47	-1	
4	1	26	1	1	0	789	750	1274	28	-1	
5	1	26	1	1	1	789	754	15	13	85.167465	2,
5	1	26	1	1	2	819	750	107	15	41.462116	Mendeleen‘s
5	1	26	1	1	3	934	751	98	15	95.802162	framework
5	1	26	1	1	4	1041	752	28	18	33.920197	[7],
5	1	26	1	1	5	1078	754	51	15	96.036682	which
5	1	26	1	1	6	1137	756	29	13	90.690781	has
5	1	26	1	1	7	1174	759	29	13	85.872093	twe
5	1	26	1	1	8	1210	752	24	26	25.948174	inf
5	1	26	1	1	9	1295	759	42	14	85.964836	rules
5	1	26	1	1	10	1345	757	18	13	96.437653	of
5	1	26	1	1	11	1370	755	58	14	89.308952	modus
5	1	26	1	1	12	1436	759	60	13	38.186180	pomens
5	1	26	1	1	13	1505	755	31	14	96.166206	and
5	1	26	1	1	14	1546	756	121	16	57.829094	generalisation,
5	1	26	1	1	15	1682	758	31	12	93.798470	aad
5	1	26	1	1	16	1723	757	49	13	72.668541	which
5	1	26	1	1	17	1780	758	51	12	60.979153	would
5	1	26	1	1	18	1839	758	40	13	95.246605	have
5	1	26	1	1	19	1887	758	12	13	95.654205	Ly
5	1	26	1	1	20	1921	758	64	13	94.712852	include
5	1	26	1	1	21	1993	758	29	12	94.712852	the
5	1	26	1	1	22	2031	758	32	12	95.611534	five
4	1	26	1	2	0	2071	762	21	11	-1	
5	1	26	1	2	1	2071	762	21	11	68.388474	pe
4	1	26	1	3	0	818	764	1093	33	-1	
5	1	26	1	3	1	818	772	25	13	70.700836	2.3
5	1	26	1	3	2	850	771	19	13	76.481079	of
5	1	26	1	3	3	875	769	30	18	32.657661	{7])
5	1	26	1	3	4	913	770	37	16	53.559002	plus
5	1	26	1	3	5	959	771	29	13	96.400581	the
5	1	26	1	3	6	997	774	33	11	80.035454	two
5	1	26	1	3	7	1038	773	72	17	88.769989	equality
5	1	26	1	3	8	1118	776	62	14	46.905136	axioms
5	1	26	1	3	9	1186	779	22	14	61.758015	A8
5	1	26	1	3	10	1216	780	45	14	37.980240	EAT
5	1	26	1	3	11	1269	765	71	32	71.188858	(defined
5	1	26	1	3	12	1349	776	15	14	79.119400	Im
5	1	26	1	3	13	1373	776	22	13	44.360802	Its
5	1	26	1	3	14	1403	775	64	14	93.473007	Section
5	1	26	1	3	15	1475	775	40	18	91.094994	2.8).
5	1	26	1	3	16	1669	766	5	7	0.000000	‘
5	1	26	1	3	17	1901	764	10	12	13.440704	.
2	1	27	0	0	0	2098	758	16	16	-1	
3	1	27	1	0	0	2098	758	16	16	-1	
4	1	27	1	1	0	2098	758	16	16	-1	
5	1	27	1	1	1	2098	758	16	16	95.000000	 
2	1	28	0	0	0	2119	755	292	21	-1	
3	1	28	1	0	0	2119	755	292	21	-1	
4	1	28	1	1	0	2119	755	292	21	-1	
5	1	28	1	1	1	2119	756	58	17	95.563316	logical
5	1	28	1	1	2	2186	755	62	14	95.580368	axioms
5	1	28	1	1	3	2255	756	17	13	93.248169	of
5	1	28	1	1	4	2279	757	50	13	69.901756	A1-AS
5	1	28	1	1	5	2335	757	40	16	89.229843	(trom
5	1	28	1	1	6	2381	764	30	12	57.232391	sect,
2	1	29	0	0	0	745	811	1684	76	-1	
3	1	29	1	0	0	747	811	1608	24	-1	
4	1	29	1	1	0	747	811	1608	24	-1	
5	1	29	1	1	1	747	818	15	12	76.710602	te
5	1	29	1	1	2	844	817	22	8	93.460846	we
5	1	29	1	1	3	872	811	32	14	96.829765	will
5	1	29	1	1	4	911	816	29	8	81.393837	use
5	1	29	1	1	5	947	812	29	13	90.121857	the
5	1	29	1	1	6	983	815	44	12	69.119034	term
5	1	29	1	1	7	1035	814	73	14	88.997726	Hilbert
5	1	29	1	1	8	1116	816	97	17	59.089417	Dedustlen
5	1	29	1	1	9	1220	823	17	11	79.376526	te
5	1	29	1	1	10	1259	822	7	12	95.128670	refer
5	1	29	1	1	11	1289	823	18	10	80.720032	to
5	1	29	1	1	12	1313	824	10	8	44.251816	0
5	1	29	1	1	13	1329	818	85	13	93.109619	deductive
5	1	29	1	1	14	1422	818	113	17	95.341240	methodology
5	1	29	1	1	15	1542	818	36	13	95.062805	that
5	1	29	1	1	16	1585	818	70	14	65.172348	includes
5	1	29	1	1	17	1662	824	10	8	52.056499	a
5	1	29	1	1	18	1678	819	57	13	86.898148	modus
5	1	29	1	1	19	1742	824	59	10	52.007851	posena
5	1	29	1	1	20	1808	819	33	13	95.038734	rule
5	1	29	1	1	21	1848	819	31	13	92.353844	and
5	1	29	1	1	22	1887	819	53	13	41.150776	whose
5	1	29	1	1	23	1945	819	74	13	0.000000	efficiency
5	1	29	1	1	24	2037	819	58	12	88.627823	differs
5	1	29	1	1	25	2102	819	41	12	96.873245	from
5	1	29	1	1	26	2150	818	29	13	96.895370	the
5	1	29	1	1	27	2185	818	52	12	96.756699	above
5	1	29	1	1	28	2243	819	30	11	93.214096	two
5	1	29	1	1	29	2280	807	43	32	85.081650	preef
5	1	29	1	1	30	2330	807	25	32	91.645035	met
3	1	29	2	0	0	746	818	1682	54	-1	
4	1	29	2	1	0	746	818	1682	54	-1	
5	1	29	2	1	1	746	834	48	27	0.966049	syne
5	1	29	2	1	2	801	833	43	10	36.161137	mare
5	1	29	2	1	3	847	818	41	49	45.069561	Lass
5	1	29	2	1	4	900	832	9	24	0.000000	¢
5	1	29	2	1	5	924	818	95	49	0.000000	olzneminl
5	1	29	2	1	6	1030	818	71	49	44.217598	incresce
5	1	29	2	1	7	1112	818	13	49	71.467590	in
5	1	29	2	1	8	1136	818	46	49	25.966507	prost
5	1	29	2	1	9	1188	822	60	48	0.000000	Venath.
5	1	29	2	1	10	1260	826	30	25	91.241051	Our
5	1	29	2	1	11	1296	822	51	49	30.467934	pee
5	1	29	2	1	12	1353	834	18	30	50.822609	et
5	1	29	2	1	13	1379	835	13	13	50.822609	P
5	1	29	2	1	14	1398	835	16	29	49.748428	ot
5	1	29	2	1	15	1423	835	32	13	92.804428	NP
5	1	29	2	1	16	1462	839	30	9	74.319588	can
5	1	29	2	1	17	1501	834	64	30	78.131104	employ
5	1	29	2	1	18	1572	835	91	30	51.371670	essentially
5	1	29	2	1	19	1670	822	30	50	56.427113	any
5	1	29	2	1	20	1711	822	109	50	0.000000	Hitbery-etyie
5	1	29	2	1	21	1823	823	90	45	62.394516	deductive
5	1	29	2	1	22	1924	823	69	45	95.238022	method.
5	1	29	2	1	23	2006	819	29	36	77.439842	We
5	1	29	2	1	24	2038	820	36	48	17.225258	will
5	1	29	2	1	25	2082	820	46	48	69.838570	focus
5	1	29	2	1	26	2136	838	31	10	48.184055	Our
5	1	29	2	1	27	2174	834	82	29	28.931976	attention
5	1	29	2	1	28	2261	834	59	29	54.288158	mostly
5	1	29	2	1	29	2327	822	16	46	30.599144	ox
5	1	29	2	1	30	2354	836	31	28	57.459061	Item
5	1	29	2	1	31	2391	839	37	15	20.393082	Vet
4	1	29	2	2	0	771	841	1629	30	-1	
5	1	29	2	2	1	771	842	97	29	26.764359	paredigms
5	1	29	2	2	2	939	841	45	30	55.275780	cake
5	1	29	2	2	3	1144	842	35	29	20.356911	meee
5	1	29	2	2	4	1190	854	6	10	24.757294	1
5	1	29	2	2	5	1365	853	24	11	72.496758	est
5	1	29	2	2	6	1409	853	89	11	85.005402	known
5	1	29	2	2	7	1461	843	19	28	94.901924	to
5	1	29	2	2	8	1489	843	8	28	33.688698	a
5	1	29	2	2	9	1505	843	41	28	96.004585	wide
5	1	29	2	2	10	1554	855	76	9	96.125473	audience
5	1	29	2	2	11	1636	843	17	28	96.891060	of
5	1	29	2	2	12	1662	856	67	8	88.996155	readers.
5	1	29	2	2	13	1811	854	14	10	69.002533	et
5	1	29	2	2	14	1834	854	73	10	71.553146	source
5	1	29	2	2	15	1930	854	35	10	83.866058	about
5	1	29	2	2	16	1956	843	30	29	96.781868	the
5	1	29	2	2	17	1995	855	44	9	92.923485	more
5	1	29	2	2	18	2048	843	81	29	58.386692	advasced
5	1	29	2	2	19	2138	854	92	8	88.135345	properties
5	1	29	2	2	20	2355	853	45	14	78.512222	jection
3	1	29	3	0	0	745	857	1684	30	-1	
4	1	29	3	1	0	745	857	1684	30	-1	
5	1	29	3	1	1	745	863	74	18	63.107964	probably
5	1	29	3	1	2	828	862	20	12	96.051338	be
5	1	29	3	1	3	856	860	49	13	81.420448	found
5	1	29	3	1	4	915	861	16	13	73.944023	im
5	1	29	3	1	5	940	861	29	13	93.226532	the
5	1	29	3	1	6	978	862	61	16	25.854889	Hijek-
5	1	29	3	1	7	1047	863	62	15	47.127537	Pedldk
5	1	29	3	1	8	1117	867	76	14	69.919403	textbook
5	1	29	3	1	9	1202	857	102	30	81.204788	[13],
5	1	29	3	1	10	1250	853	23	38	83.278786	but
5	1	29	3	1	11	1282	853	26	38	71.023422	ite
5	1	29	3	1	12	1312	873	43	9	96.517822	more
5	1	29	3	1	13	1363	868	80	13	93.185989	advanced
5	1	29	3	1	14	1452	868	93	16	64.916809	techaiques
5	1	29	3	1	15	1552	869	32	13	96.836426	will
5	1	29	3	1	16	1591	870	29	11	82.520256	aot
5	1	29	3	1	17	1628	868	20	14	96.426224	be
5	1	29	3	1	18	1655	869	38	12	84.254372	used
5	1	29	3	1	19	1701	868	58	17	61.302563	duriag
5	1	29	3	1	20	1765	873	28	8	90.129723	our
5	1	29	3	1	21	1802	869	71	15	92.935059	proof
5	1	29	3	1	22	1858	853	17	38	93.304550	of
5	1	29	3	1	23	1880	869	13	12	88.435936	P
5	1	29	3	1	24	1901	869	13	15	88.744125	#
5	1	29	3	1	25	1923	868	46	16	94.058563	NP.)
5	1	29	3	1	26	2406	859	23	11	47.024361	~
2	1	30	0	0	0	1362	915	508	78	-1	
3	1	30	1	0	0	1362	915	508	78	-1	
4	1	30	1	1	0	1362	915	508	25	-1	
5	1	30	1	1	1	1362	915	508	25	95.000000	  
4	1	30	1	2	0	1362	940	340	17	-1	
5	1	30	1	2	1	1362	940	340	17	95.000000	  
4	1	30	1	3	0	1362	957	335	13	-1	
5	1	30	1	3	1	1362	957	335	13	95.000000	 
4	1	30	1	4	0	1398	970	299	23	-1	
5	1	30	1	4	1	1398	970	299	23	95.000000	   
2	1	31	0	0	0	1968	916	22	11	-1	
3	1	31	1	0	0	1968	916	22	11	-1	
4	1	31	1	1	0	1968	916	22	11	-1	
5	1	31	1	1	1	1968	916	22	11	95.000000	  
2	1	32	0	0	0	743	914	1688	90	-1	
3	1	32	1	0	0	743	914	1688	90	-1	
4	1	32	1	1	0	1871	914	559	20	-1	
5	1	32	1	1	1	1871	916	43	15	31.212570	nple
5	1	32	1	1	2	1920	915	31	14	38.733002	0.1'e
5	1	32	1	1	3	1993	915	57	13	41.590462	“Hilbert”
5	1	32	1	1	4	2059	915	83	15	73.686905	methods,
5	1	32	1	1	5	2149	914	47	13	96.935478	while
5	1	32	1	1	6	2203	914	38	16	96.887749	they
5	1	32	1	1	7	2248	902	24	36	92.972549	are
5	1	32	1	1	8	2279	918	151	16	19.480301	super-exponentially
4	1	32	1	2	0	1845	930	585	18	-1	
5	1	32	1	2	1	1845	934	71	10	96.657860	theorem
5	1	32	1	2	2	1926	932	66	16	74.282707	proving
5	1	32	1	2	3	2002	931	27	17	90.318367	[7].
5	1	32	1	2	4	2041	931	68	16	95.388901	Despite
5	1	32	1	2	5	2119	930	42	14	96.623077	their
5	1	32	1	2	6	2170	933	91	10	66.304550	worst-case
5	1	32	1	2	7	2280	931	108	17	43.947624	disadvantedge,
5	1	32	1	2	8	2396	934	34	14	45.136497	these
4	1	32	1	3	0	1215	935	1216	48	-1	
5	1	32	1	3	1	1215	966	12	12	15.738785	x
5	1	32	1	3	2	1305	965	9	12	0.000000	.
5	1	32	1	3	3	1698	936	19	45	49.152321	te
5	1	32	1	3	4	1721	948	38	28	46.039650	how
5	1	32	1	3	5	1767	949	124	15	2.913551	tableaux-style
5	1	32	1	3	6	1899	948	74	13	51.447773	mathods
5	1	32	1	3	7	1981	952	30	9	69.885811	cas
5	1	32	1	3	8	2022	948	69	29	92.914665	roughly
5	1	32	1	3	9	2099	935	84	48	19.405937	approxim
5	1	32	1	3	10	2219	948	35	28	49.170441	how
5	1	32	1	3	11	2264	935	51	46	41.473232	buras
5	1	32	1	3	12	2326	935	47	46	44.366417	balags
5	1	32	1	3	13	2382	954	49	10	7.436226	imerir
4	1	32	1	4	0	891	962	1526	21	-1	
5	1	32	1	4	1	891	977	5	4	2.624062	|
5	1	32	1	4	2	1142	966	33	10	42.834152	@wn
5	1	32	1	4	3	1185	968	68	10	15.415665	epasiate:
5	1	32	1	4	4	1284	975	5	5	10.925552	,
5	1	32	1	4	5	1316	966	18	11	94.435318	that
5	1	32	1	4	6	1697	967	116	11	45.530296	maelves
5	1	32	1	4	7	1769	961	18	23	92.830193	te
5	1	32	1	4	8	1830	967	39	11	62.995171	cogitate.)
5	1	32	1	4	9	1894	961	49	23	93.216377	These
5	1	32	1	4	10	1949	961	60	23	79.407318	reeulte
5	1	32	1	4	11	2018	961	34	23	93.197609	will
5	1	32	1	4	12	2060	965	68	12	64.452927	intercet
5	1	32	1	4	13	2232	962	56	21	0.000000	\mteres'
5	1	32	1	4	14	2343	966	5	10	29.103912	u
5	1	32	1	4	15	2376	965	41	13	74.910446	breed,
4	1	32	1	5	0	743	965	1688	39	-1	
5	1	32	1	5	1	743	972	148	32	34.706612	OL
5	1	32	1	5	2	896	971	90	17	36.433872	Jwatifying
5	1	32	1	5	3	994	972	59	16	75.447365	logice,
5	1	32	1	5	4	1060	974	29	13	96.344711	but
5	1	32	1	5	5	1098	976	37	17	96.757927	they
5	1	32	1	5	6	1143	979	31	13	91.185242	will
5	1	32	1	5	7	1182	983	26	10	62.078621	net
5	1	32	1	5	8	1217	970	21	24	93.729019	be
5	1	32	1	5	9	1245	970	74	27	95.772354	germane
5	1	32	1	5	10	1326	981	18	10	78.142776	10
5	1	32	1	5	11	1351	982	29	8	88.193756	OUF
5	1	32	1	5	12	1389	981	9	12	34.080116	Pi
5	1	32	1	5	13	1593	979	91	14	36.846851	simpilelty,
5	1	32	1	5	14	1690	979	27	12	96.308388	the
5	1	32	1	5	15	1725	979	46	14	0.000000	Latter
5	1	32	1	5	16	1779	966	49	30	0.000000	reed
5	1	32	1	5	17	1831	981	31	12	0.000000	oiil
5	1	32	1	5	18	1870	965	64	31	0.000000	uerplay
5	1	32	1	5	19	1941	981	44	14	9.080673	sslcly
5	1	32	1	5	20	1991	981	28	12	91.736671	the
5	1	32	1	5	21	2028	969	54	24	73.796204	bettar
5	1	32	1	5	22	2091	969	56	23	28.136513	Known
5	1	32	1	5	23	2156	980	112	15	0.000000	tiilberteotyla
5	1	32	1	5	24	2276	980	73	14	0.000000	mathede,
5	1	32	1	5	25	2356	981	55	13	28.435326	define
5	1	32	1	5	26	2418	972	13	23	44.385361	tr
2	1	33	0	0	0	786	1004	1498	25	-1	
3	1	33	1	0	0	786	1004	1498	25	-1	
4	1	33	1	1	0	786	1004	1498	25	-1	
5	1	33	1	1	1	786	1004	89	14	92.614624	REMOVE
5	1	33	1	1	2	881	1004	48	13	85.759224	Thes
5	1	33	1	1	3	936	1004	75	17	94.172966	happily,
5	1	33	1	1	4	1019	1006	34	12	56.708305	this
5	1	33	1	1	5	1061	1009	58	13	50.535439	second
5	1	33	1	1	6	1127	1010	64	18	86.981224	lengthy
5	1	33	1	1	7	1238	1018	9	11	94.018661	group
5	1	33	1	1	8	1255	1014	18	12	95.891495	of
5	1	33	1	1	9	1280	1011	70	15	91.475922	articles,
5	1	33	1	1	10	1359	1009	84	16	83.736725	published
5	1	33	1	1	11	1451	1009	20	15	96.496048	by
5	1	33	1	1	12	1479	1014	25	10	67.082138	wo,
5	1	33	1	1	13	1512	1014	28	7	90.417763	cam
5	1	33	1	1	14	1549	1009	20	12	90.417763	be
5	1	33	1	1	15	1578	1009	38	15	95.948593	fully
5	1	33	1	1	16	1624	1009	62	15	78.185158	ignored
5	1	33	1	1	17	1694	1009	21	16	92.872444	by
5	1	33	1	1	18	1722	1015	9	8	71.628937	«
5	1	33	1	1	19	1739	1012	50	13	87.354683	reader
5	1	33	1	1	20	1798	1014	34	12	95.981834	whe
5	1	33	1	1	21	1840	1014	56	12	93.943367	wishes
5	1	33	1	1	22	1904	1016	18	10	96.373566	to
5	1	33	1	1	23	1929	1014	45	12	67.285957	focus
5	1	33	1	1	24	1983	1013	60	15	85.664780	mostly
5	1	33	1	1	25	2050	1018	21	8	49.969032	om
5	1	33	1	1	26	2080	1017	29	9	95.529343	our
5	1	33	1	1	27	2118	1012	73	16	91.370613	proof
5	1	33	1	1	28	2173	999	18	34	89.007301	ef
5	1	33	1	1	29	2197	1014	14	10	73.963333	P
5	1	33	1	1	30	2220	1014	12	14	73.176575	#
5	1	33	1	1	31	2240	1013	44	16	93.687225	NP.)
2	1	34	0	0	0	2248	918	26	9	-1	
3	1	34	1	0	0	2248	918	26	9	-1	
4	1	34	1	1	0	2248	918	26	9	-1	
5	1	34	1	1	1	2248	918	26	9	95.000000	 
2	1	35	0	0	0	2185	950	36	28	-1	
3	1	35	1	0	0	2185	950	36	28	-1	
4	1	35	1	1	0	2185	950	36	28	-1	
5	1	35	1	1	1	2185	950	36	28	95.000000	  
2	1	36	0	0	0	743	936	392	38	-1	
3	1	36	1	0	0	743	936	392	38	-1	
4	1	36	1	1	0	786	936	249	25	-1	
5	1	36	1	1	1	786	936	23	25	24.107773	ie!
5	1	36	1	1	2	929	941	46	12	58.804737	often,
5	1	36	1	1	3	992	941	43	15	93.665146	geod
4	1	36	1	2	0	743	949	392	25	-1	
5	1	36	1	2	1	743	957	78	15	0.000000	wTienited
5	1	36	1	2	2	830	956	37	16	53.837910	(oat
5	1	36	1	2	3	876	955	42	15	94.001236	real)
5	1	36	1	2	4	927	949	133	24	77.084885	understanding
5	1	36	1	2	5	1069	959	18	13	89.230186	of
5	1	36	1	2	6	1094	960	41	14	92.452415	thelr
2	1	37	0	0	0	2205	982	21	10	-1	
3	1	37	1	0	0	2205	982	21	10	-1	
4	1	37	1	1	0	2205	982	21	10	-1	
5	1	37	1	1	1	2205	982	21	10	95.000000	 
2	1	38	0	0	0	774	1051	1439	24	-1	
3	1	38	1	0	0	774	1051	1439	24	-1	
4	1	38	1	1	0	774	1051	1439	24	-1	
5	1	38	1	1	1	774	1051	97	13	76.838936	Definition
5	1	38	1	1	2	878	1051	30	12	87.488441	0-3
5	1	38	1	1	3	925	1051	47	13	95.339470	Once
5	1	38	1	1	4	980	1053	56	15	73.648506	again,
5	1	38	1	1	5	1045	1053	22	13	52.932350	let
5	1	38	1	1	6	1083	1059	10	8	60.708572	@
5	1	38	1	1	7	1109	1056	57	15	41.148373	denote
5	1	38	1	1	8	1175	1063	20	9	90.357513	an
5	1	38	1	1	9	1202	1060	54	12	86.247902	axiom
5	1	38	1	1	10	1262	1060	67	14	78.304138	aystem,
5	1	38	1	1	11	1337	1055	31	13	91.507751	and
5	1	38	1	1	12	1385	1054	9	12	53.424980	¢
5	1	38	1	1	13	1410	1054	57	13	71.735649	denote
5	1	38	1	1	14	1475	1058	10	8	73.366058	a
5	1	38	1	1	15	1492	1054	87	12	83.734512	deduction
5	1	38	1	1	16	1587	1054	70	12	95.523582	method.
5	1	38	1	1	17	1666	1055	33	13	96.437393	The
5	1	38	1	1	18	1706	1057	62	14	89.309601	ordered
5	1	38	1	1	19	1776	1059	33	15	85.373398	pair
5	1	38	1	1	20	1824	1059	26	16	68.720215	(a,
5	1	38	1	1	21	1856	1060	17	15	68.720215	d)
5	1	38	1	1	22	1882	1060	31	12	95.994919	will
5	1	38	1	1	23	1921	1060	20	12	95.546494	be
5	1	38	1	1	24	1948	1060	52	12	91.912514	called
5	1	38	1	1	25	2008	1059	40	13	88.964241	Self
5	1	38	1	1	26	2053	1059	101	15	94.964447	Justifying
5	1	38	1	1	27	2162	1060	51	12	92.143646	when:
2	1	39	0	0	0	750	1093	1508	50	-1	
3	1	39	1	0	0	750	1093	1508	50	-1	
4	1	39	1	1	0	750	1093	1508	24	-1	
5	1	39	1	1	1	750	1095	5	12	66.461258	i
5	1	39	1	1	2	776	1097	31	8	63.567421	ene
5	1	39	1	1	3	814	1093	19	12	83.729446	of
5	1	39	1	1	4	843	1097	11	8	40.587646	©
5	1	39	1	1	5	861	1093	14	11	50.023697	's
5	1	39	1	1	6	882	1093	84	12	79.535339	theorems
5	1	39	1	1	7	974	1093	27	16	71.148270	(or
5	1	39	1	1	8	1010	1097	18	10	91.075294	at
5	1	39	1	1	9	1036	1095	42	14	56.966000	least
5	1	39	1	1	10	1085	1101	29	9	88.972244	one
5	1	39	1	1	11	1122	1099	18	13	90.950699	of
5	1	39	1	1	12	1146	1100	22	13	67.871536	Ite
5	1	39	1	1	13	1175	1101	69	16	0.000000	axioms)
5	1	39	1	1	14	1253	1100	31	13	96.012550	will
5	1	39	1	1	15	1291	1101	44	10	95.327515	state
5	1	39	1	1	16	1343	1096	36	14	88.187775	thet
5	1	39	1	1	17	1388	1096	27	12	96.441666	the
5	1	39	1	1	18	1423	1095	86	13	49.861546	deduction
5	1	39	1	1	19	1519	1094	64	13	73.874573	method
5	1	39	1	1	20	1595	1095	16	14	90.974319	d,
5	1	39	1	1	21	1623	1096	60	15	93.754700	applied
5	1	39	1	1	22	1692	1099	16	11	71.457825	te
5	1	39	1	1	23	1715	1098	26	13	95.959419	the
5	1	39	1	1	24	1748	1103	57	11	89.257217	system
5	1	39	1	1	25	1817	1105	18	11	14.044991	@,
5	1	39	1	1	26	1847	1102	31	12	96.688400	will
5	1	39	1	1	27	1885	1102	70	15	57.153400	produce
5	1	39	1	1	28	1962	1106	10	8	13.111511	»
5	1	39	1	1	29	1980	1102	90	12	60.049778	cossiatent
5	1	39	1	1	30	2079	1103	25	10	52.798824	ect
5	1	39	1	1	31	2112	1102	18	11	96.520439	of
5	1	39	1	1	32	2137	1101	85	15	79.582100	theorems,
5	1	39	1	1	33	2230	1102	28	12	93.681381	and
4	1	39	1	2	0	750	1124	415	19	-1	
5	1	39	1	2	1	750	1125	11	12	31.621674	i
5	1	39	1	2	2	783	1124	28	12	77.350822	the
5	1	39	1	2	3	819	1124	54	11	81.841011	axiom
5	1	39	1	2	4	881	1126	63	12	13.041702	eynter
5	1	39	1	2	5	957	1129	11	8	11.567978	ao
5	1	39	1	2	6	982	1125	15	12	57.181149	fe
5	1	39	1	2	7	1005	1125	18	13	92.911041	im
5	1	39	1	2	8	1030	1126	34	12	81.163864	fact
5	1	39	1	2	9	1071	1129	94	14	40.933151	consistent.
2	1	40	0	0	0	744	1169	1470	44	-1	
3	1	40	1	0	0	744	1169	1470	44	-1	
4	1	40	1	1	0	780	1169	1182	29	-1	
5	1	40	1	1	1	780	1175	86	15	84.755135	Example
5	1	40	1	1	2	873	1176	30	11	86.178436	0.4
5	1	40	1	1	3	921	1176	29	12	93.260094	Fer
5	1	40	1	1	4	961	1181	33	11	72.530701	aay
5	1	40	1	1	5	1009	1176	28	17	0.000000	(e,
5	1	40	1	1	6	1044	1171	27	29	89.293259	4),
5	1	40	1	1	7	1081	1179	12	13	92.211502	it
5	1	40	1	1	8	1105	1180	13	12	53.708744	ie
5	1	40	1	1	9	1269	1169	21	29	82.695480	et
5	1	40	1	1	10	1345	1180	32	10	79.760643	tem
5	1	40	1	1	11	1391	1171	24	18	82.588013	af
5	1	40	1	1	12	1434	1176	13	17	87.455635	2
5	1	40	1	1	13	1464	1180	11	8	75.458969	a
5	1	40	1	1	14	1491	1175	36	13	93.036835	that
5	1	40	1	1	15	1537	1175	69	13	10.650719	satisfles
5	1	40	1	1	16	1616	1177	26	12	92.710579	the
5	1	40	1	1	17	1651	1178	48	14	0.000000	Part-{
5	1	40	1	1	18	1709	1181	51	12	79.153183	condit
5	1	40	1	1	19	1952	1177	10	12	87.055016	a
4	1	40	1	2	0	744	1181	1470	32	-1	
5	1	40	1	2	1	744	1191	140	16	0.000000	wsairrist@a,d)”
5	1	40	1	2	2	897	1195	85	12	32.890182	sentence,
5	1	40	1	2	3	990	1193	67	14	0.000000	datned
5	1	40	1	2	4	1065	1175	18	42	63.145523	te
5	1	40	1	2	5	1090	1186	75	27	0.000000	wtnuine”
5	1	40	1	2	6	1175	1184	18	11	0.000000	“
5	1	40	1	2	7	1204	1184	64	11	0.000000	Senetrect
5	1	40	1	2	8	1300	1184	4	8	12.093124	=
5	1	40	1	2	9	1317	1183	27	12	43.801540	07"
5	1	40	1	2	10	1749	1181	42	12	0.000000	itlem.
5	1	40	1	2	11	1809	1182	27	12	94.998993	Fer
5	1	40	1	2	12	1847	1183	76	14	79.682861	instance,
5	1	40	1	2	13	1938	1187	12	8	28.555931	@/
5	1	40	1	2	14	1977	1183	47	12	91.725693	could
5	1	40	1	2	15	2035	1183	62	12	87.787598	consist
5	1	40	1	2	16	2107	1173	17	32	92.924561	of
5	1	40	1	2	17	2134	1173	21	32	96.239769	all
5	1	40	1	2	18	2165	1183	18	12	89.371246	of
5	1	40	1	2	19	2201	1187	13	8	31.202744	@
2	1	41	0	0	0	815	1221	1368	22	-1	
3	1	41	1	0	0	815	1221	1368	22	-1	
4	1	41	1	1	0	815	1221	1368	22	-1	
5	1	41	1	1	1	815	1225	9	7	65.931290	©
5	1	41	1	1	2	854	1221	54	13	37.655861	There
5	1	41	1	1	3	916	1222	15	12	86.552704	is
5	1	41	1	1	4	940	1226	22	8	62.786156	we
5	1	41	1	1	5	969	1223	50	14	68.598648	proof
5	1	41	1	1	6	1026	1223	55	17	0.399330	(walng
5	1	41	1	1	7	1088	1225	25	13	89.791481	d's
5	1	41	1	1	8	1120	1227	87	13	85.103790	deduction
5	1	41	1	1	9	1215	1225	74	16	39.864044	method)
5	1	41	1	1	10	1298	1225	34	12	95.630096	of
5	1	41	1	1	11	1326	1213	7	34	75.652283	0
5	1	41	1	1	12	1339	1228	13	6	89.016647	=
5	1	41	1	1	13	1360	1224	8	11	89.016647	1
5	1	41	1	1	14	1377	1223	41	12	84.917084	from
5	1	41	1	1	15	1426	1222	28	12	96.268967	the
5	1	41	1	1	16	1462	1221	44	13	40.148415	union
5	1	41	1	1	17	1512	1221	19	13	96.819870	of
5	1	41	1	1	18	1537	1221	27	13	96.733086	the
5	1	41	1	1	19	1572	1222	51	13	89.850861	axiom
5	1	41	1	1	20	1628	1226	57	12	77.592857	system
5	1	41	1	1	21	1696	1229	11	8	83.686501	a
5	1	41	1	1	22	1718	1225	36	13	94.709793	with
5	1	41	1	1	23	1763	1226	26	12	81.584778	this
5	1	41	1	1	24	1795	1230	70	10	81.584778	sentence
5	1	41	1	1	25	1875	1228	96	15	55.694717	“SelfRef(a,
5	1	41	1	1	26	1978	1228	30	15	54.022560	d)~
5	1	41	1	1	27	2018	1228	74	15	50.021820	(looking
5	1	41	1	1	28	2100	1231	18	9	94.232780	at
5	1	41	1	1	29	2126	1228	57	15	72.202477	itself).
2	1	42	0	0	0	2220	1183	20	12	-1	
3	1	42	1	0	0	2220	1183	20	12	-1	
4	1	42	1	1	0	2220	1183	20	12	-1	
5	1	42	1	1	1	2220	1183	20	12	95.000000	 
2	1	43	0	0	0	2240	1183	186	15	-1	
3	1	43	1	0	0	2240	1183	186	15	-1	
4	1	43	1	1	0	2240	1183	186	15	-1	
5	1	43	1	1	1	2240	1183	57	12	82.050613	axioms
5	1	43	1	1	2	2306	1183	33	15	86.780968	plus
5	1	43	1	1	3	2349	1187	19	7	86.780968	an
5	1	43	1	1	4	2378	1183	48	12	94.659431	added
2	1	44	0	0	0	739	1266	1482	29	-1	
3	1	44	1	0	0	739	1266	1482	29	-1	
4	1	44	1	1	0	739	1266	1482	29	-1	
5	1	44	1	1	1	739	1266	63	29	18.788757	Klewoe
5	1	44	1	1	2	982	1272	19	11	62.111687	te
5	1	44	1	1	3	1007	1272	61	13	27.587364	eacode
5	1	44	1	1	4	1076	1277	20	11	60.495903	ap,
5	1	44	1	1	5	1266	1272	18	13	91.329956	of
5	1	44	1	1	6	1290	1271	33	13	85.722977	this
5	1	44	1	1	7	1335	1268	89	17	9.118584	*Selffel(a,
5	1	44	1	1	8	1449	1268	29	13	28.853012	4)”
5	1	44	1	1	9	1489	1271	93	11	88.658882	statement.
5	1	44	1	1	10	1592	1269	39	14	92.598717	Each
5	1	44	1	1	11	1637	1271	17	12	96.665512	of
5	1	44	1	1	12	1662	1264	58	31	71.955147	Kleene,
5	1	44	1	1	13	1732	1264	50	31	85.656067	Rogers
5	1	44	1	1	14	1788	1274	30	12	88.825027	aad
5	1	44	1	1	15	1825	1274	73	13	87.960495	Jeroslow
5	1	44	1	1	16	1905	1274	31	17	57.109856	[17,
5	1	44	1	1	17	1942	1275	26	14	77.861725	28,
5	1	44	1	1	18	1975	1274	25	16	94.867287	16]
5	1	44	1	1	19	2008	1275	48	12	82.728104	noted
5	1	44	1	1	20	2065	1268	25	19	0.144562	a
5	1	44	1	1	21	2098	1279	42	10	93.295677	may,
5	1	44	1	1	22	2146	1275	9	12	78.996277	b
5	1	44	1	1	23	2216	1284	5	7	29.077927	,
2	1	45	0	0	0	741	1268	1676	83	-1	
3	1	45	1	0	0	741	1268	1676	76	-1	
4	1	45	1	1	0	822	1268	1484	30	-1	
5	1	45	1	1	1	822	1268	15	16	12.838249	7]
5	1	45	1	1	2	845	1268	86	13	39.656265	diecuserd
5	1	45	1	1	3	939	1270	36	12	61.344231	how
5	1	45	1	1	4	1098	1274	89	14	33.780441	proximate
5	1	45	1	1	5	1194	1273	66	15	46.346188	asslogs
5	1	45	1	1	6	2152	1270	66	28	8.422020	\owever,
5	1	45	1	1	7	2303	1275	3	2	65.106033	i
4	1	45	1	2	0	810	1272	1511	40	-1	
5	1	45	1	2	1	810	1289	20	9	25.182541	a.
5	1	45	1	2	2	836	1284	34	16	0.000000	d)°e
5	1	45	1	2	3	878	1285	97	16	20.270569	ancertion),
5	1	45	1	2	4	985	1286	39	13	93.281212	thus
5	1	45	1	2	5	1032	1288	67	16	84.310944	cousing
5	1	45	1	2	6	1106	1289	14	12	74.712303	it
5	1	45	1	2	7	1129	1291	18	11	96.606201	to
5	1	45	1	2	8	1154	1290	61	12	10.234634	violate
5	1	45	1	2	9	1225	1287	57	14	63.095413	Part-li
5	1	45	1	2	10	1289	1287	19	13	92.944427	of
5	1	45	1	2	11	1314	1284	160	17	61.770092	self-justification's
5	1	45	1	2	12	1482	1284	91	13	79.390671	definition.
5	1	45	1	2	13	1584	1285	37	13	91.023132	This
5	1	45	1	2	14	1628	1285	14	13	78.382263	le
5	1	45	1	2	15	1649	1286	63	14	90.717056	because
5	1	45	1	2	16	1720	1288	13	12	95.746971	if
5	1	45	1	2	17	1739	1289	26	12	96.624924	the
5	1	45	1	2	18	1772	1289	61	13	46.445717	ordered
5	1	45	1	2	19	1843	1291	33	14	48.034740	pair
5	1	45	1	2	20	1884	1290	27	16	44.747154	(a,
5	1	45	1	2	21	1916	1290	18	16	44.747154	4)
5	1	45	1	2	22	1942	1291	14	12	58.063828	iv
5	1	45	1	2	23	1964	1293	28	10	20.866707	too
5	1	45	1	2	24	2000	1293	56	13	90.440796	strong
5	1	45	1	2	25	2065	1290	39	13	89.674599	then
5	1	45	1	2	26	2113	1295	10	7	32.950317	a
5	1	45	1	2	27	2130	1290	57	13	68.059280	classic
5	1	45	1	2	28	2191	1272	97	40	0.000000	Chuel-styie
5	1	45	1	2	29	2294	1272	27	40	43.084621	die
4	1	45	1	3	0	741	1306	1676	21	-1	
5	1	45	1	3	1	741	1308	229	19	25.427589	argument
5	1	45	1	3	2	833	1299	27	32	65.811935	cam
5	1	45	1	3	3	870	1299	22	32	95.629272	be
5	1	45	1	3	4	902	1308	67	19	76.500183	applied
5	1	45	1	3	5	979	1299	18	32	94.215439	to
5	1	45	1	3	6	1006	1299	30	32	94.215439	the
5	1	45	1	3	7	1044	1310	69	14	78.300224	axiom
5	1	45	1	3	8	1133	1316	33	9	80.369820	system
5	1	45	1	3	9	1189	1306	11	13	71.217278	of
5	1	45	1	3	10	1226	1314	14	8	77.141907	=
5	1	45	1	3	11	1265	1310	31	14	86.757751	a+
5	1	45	1	3	12	1309	1307	107	16	8.864136	SelfRef(a,
5	1	45	1	3	13	1406	1299	27	32	31.567657	4),
5	1	45	1	3	14	1443	1299	49	32	83.496994	where
5	1	45	1	3	15	1500	1299	28	32	96.819328	the
5	1	45	1	3	16	1537	1299	48	32	90.673370	added
5	1	45	1	3	17	1595	1299	68	32	6.049606	presence
5	1	45	1	3	18	1670	1299	19	32	96.799263	of
5	1	45	1	3	19	1697	1299	24	32	96.987320	the
5	1	45	1	3	20	1738	1313	45	11	76.854340	statement
5	1	45	1	3	21	1803	1313	103	14	40.855530	SelfRef(a,
5	1	45	1	3	22	2008	1313	25	12	53.130882	his
5	1	45	1	3	23	2062	1313	59	12	50.177647	extended
5	1	45	1	3	24	2158	1314	24	11	72.917015	versio
5	1	45	1	3	25	2273	1312	65	13	45.797497	Lresically
5	1	45	1	3	26	2357	1312	60	12	90.060768	become
4	1	45	1	4	0	743	1308	1672	43	-1	
5	1	45	1	4	1	743	1324	120	14	0.000000	sutematically
5	1	45	1	4	2	871	1325	117	13	21.964615	inewasistest.
5	1	45	1	4	3	998	1326	53	15	78.252609	Thus,
5	1	45	1	4	4	1058	1327	28	13	95.820183	the
5	1	45	1	4	5	1090	1313	53	35	25.053741	smock
5	1	45	1	4	6	1135	1313	52	35	0.000000	‘inary
5	1	45	1	4	7	1192	1328	19	12	93.438332	of
5	1	45	1	4	8	1217	1327	29	12	93.234062	the
5	1	45	1	4	9	1253	1328	75	11	66.897072	esatence
5	1	45	1	4	10	1337	1323	100	17	83.271362	“SelfRef(a,
5	1	45	1	4	11	1443	1324	34	16	29.343956	d)",
5	1	45	1	4	12	1485	1323	46	14	85.442513	while
5	1	45	1	4	13	1539	1324	79	16	94.189377	relatively
5	1	45	1	4	14	1625	1329	36	12	68.829468	easy
5	1	45	1	4	15	1667	1328	18	11	81.271156	to
5	1	45	1	4	16	1690	1312	56	37	88.616432	encode
5	1	45	1	4	17	1749	1322	32	27	75.004356	via
5	1	45	1	4	18	1784	1312	24	37	48.793655	oy
5	1	45	1	4	19	1812	1308	89	41	0.000000	Spnnatle
5	1	45	1	4	20	1917	1308	45	41	43.289738	Othe
5	1	45	1	4	21	1975	1308	46	41	55.251846	views
5	1	45	1	4	22	2025	1313	53	37	32.222206	Poise
5	1	45	1	4	23	2081	1313	88	37	63.418995	‘Theorem,
5	1	45	1	4	24	2173	1314	21	36	41.948887	‘le
5	1	45	1	4	25	2193	1310	67	40	19.856415	fake
5	1	45	1	4	26	2245	1312	28	38	59.499947	sty
5	1	45	1	4	27	2276	1324	41	27	52.825470	mot
5	1	45	1	4	28	2318	1312	36	39	24.965073	pra
5	1	45	1	4	29	2361	1328	54	12	7.771004	wooleae!
2	1	46	0	0	0	2317	1273	103	32	-1	
3	1	46	1	0	0	2317	1273	103	32	-1	
4	1	46	1	1	0	2317	1273	103	32	-1	
5	1	46	1	1	1	2317	1273	103	32	95.000000	 
2	1	47	0	0	0	742	1370	1674	175	-1	
3	1	47	1	0	0	742	1370	1674	175	-1	
4	1	47	1	1	0	785	1370	1630	19	-1	
5	1	47	1	1	1	781	1360	28	33	91.502090	We
5	1	47	1	1	2	819	1360	28	33	87.052223	are
5	1	47	1	1	3	855	1360	31	33	70.422363	mow
5	1	47	1	1	4	893	1360	51	33	92.076912	ready
5	1	47	1	1	5	954	1360	17	33	72.845345	to
5	1	47	1	1	6	981	1360	64	33	36.045269	explain
5	1	47	1	1	7	1053	1360	28	33	92.481186	the
5	1	47	1	1	8	1089	1360	69	33	81.179756	intution
5	1	47	1	1	9	1168	1360	36	33	96.045380	that
5	1	47	1	1	10	1212	1360	29	33	95.874512	has
5	1	47	1	1	11	1251	1360	86	33	96.666512	motivated
5	1	47	1	1	12	1344	1360	29	33	95.675758	our
5	1	47	1	1	13	1383	1370	28	14	82.352356	214
5	1	47	1	1	14	1422	1360	38	33	96.670311	year
5	1	47	1	1	15	1468	1360	42	33	92.175407	quest
5	1	47	1	1	16	1518	1360	17	33	92.175407	to
5	1	47	1	1	17	1542	1360	51	33	95.201317	arrive
5	1	47	1	1	18	1600	1373	15	10	90.515358	at
5	1	47	1	1	19	1622	1375	6	7	61.208603	«
5	1	47	1	1	20	1639	1360	42	33	96.218552	proof
5	1	47	1	1	21	1688	1360	15	33	93.210526	of
5	1	47	1	1	22	1713	1373	8	11	66.674347	P
5	1	47	1	1	23	1729	1360	12	33	80.059357	yt
5	1	47	1	1	24	1751	1373	31	14	87.159630	NP,
5	1	47	1	1	25	1790	1360	25	33	83.101562	via
5	1	47	1	1	26	1823	1360	24	33	95.422302	the
5	1	47	1	1	27	1890	1374	91	14	33.576218	employment
5	1	47	1	1	28	1960	1360	18	33	93.289398	of
5	1	47	1	1	29	2004	1374	93	14	33.923203	salf-justifying
5	1	47	1	1	30	2114	1375	26	11	48.787884	ax
5	1	47	1	1	31	2192	1377	14	9	42.724312	eteme.
5	1	47	1	1	32	2252	1374	12	12	73.579895	Tt
5	1	47	1	1	33	2271	1374	28	12	84.437141	was
5	1	47	1	1	34	2305	1363	33	32	69.963806	that
5	1	47	1	1	35	2345	1363	25	32	96.724785	the
5	1	47	1	1	36	2379	1371	36	14	87.738197	final
4	1	47	1	2	0	742	1370	1674	40	-1	
5	1	47	1	2	1	742	1388	42	11	33.628700	Ubrec
5	1	47	1	2	2	793	1386	80	12	62.524689	Halicised
5	1	47	1	2	3	883	1387	54	11	69.262115	words
5	1	47	1	2	4	946	1387	17	13	65.744125	ie
5	1	47	1	2	5	971	1388	30	12	96.450706	the
5	1	47	1	2	6	1009	1389	86	15	85.475517	preceding
5	1	47	1	2	7	1104	1388	129	17	35.331848	paragraph(e-c-
5	1	47	1	2	8	1245	1387	29	13	96.790489	the
5	1	47	1	2	9	1282	1386	58	16	93.788857	phrase
5	1	47	1	2	10	1351	1386	44	12	81.387482	“most
5	1	47	1	2	11	1402	1385	40	15	93.155617	often
5	1	47	1	2	12	1447	1381	68	28	31.159958	uscicss”)
5	1	47	1	2	13	1524	1381	43	28	31.350647	rmcan
5	1	47	1	2	14	1576	1386	63	17	65.068268	sothing
5	1	47	1	2	15	1646	1388	42	12	96.590057	other
5	1	47	1	2	16	1696	1388	37	13	78.712189	thea
5	1	47	1	2	17	1741	1389	58	15	90.124878	exactly
5	1	47	1	2	18	1807	1389	40	12	96.208443	what
5	1	47	1	2	19	1856	1374	40	35	95.835915	they
5	1	47	1	2	20	1899	1383	68	27	0.418854	euggest.
5	1	47	1	2	21	1973	1370	52	39	30.144844	Tied
5	1	47	1	2	22	2038	1370	27	39	24.569733	eae
5	1	47	1	2	23	2070	1374	42	36	42.635460	‘coal
5	1	47	1	2	24	2118	1391	29	11	26.449806	a
5	1	47	1	2	25	2162	1374	33	36	28.007843	ae
5	1	47	1	2	26	2198	1374	21	35	27.809380	to
5	1	47	1	2	27	2227	1374	69	35	14.632103	csamine,
5	1	47	1	2	28	2309	1393	8	8	35.471222	in
5	1	47	1	2	29	2325	1388	91	12	54.094734	meticulous
4	1	47	1	3	0	742	1401	1673	20	-1	
5	1	47	1	3	1	742	1403	54	13	57.512325	detail,
5	1	47	1	3	2	804	1403	28	12	93.235931	the
5	1	47	1	3	3	840	1403	37	14	65.852203	tiey
5	1	47	1	3	4	884	1402	45	13	63.723225	clase
5	1	47	1	3	5	935	1403	20	12	89.428963	of
5	1	47	1	3	6	962	1403	132	16	46.140137	boundary-case
5	1	47	1	3	7	1102	1405	99	13	81.727875	formaliams
5	1	47	1	3	8	1208	1404	36	12	96.680855	that
5	1	47	1	3	9	1253	1403	50	12	96.160606	evade
5	1	47	1	3	10	1331	1406	9	8	95.799156	the
5	1	47	1	3	11	1348	1401	59	15	94.415413	typical
5	1	47	1	3	12	1417	1401	46	13	96.592850	reach
5	1	47	1	3	13	1471	1402	19	12	93.282066	of
5	1	47	1	3	14	1497	1402	64	13	49.525139	Gédel's
5	1	47	1	3	15	1569	1403	57	13	93.282440	Second
5	1	47	1	3	16	1635	1404	123	15	48.957932	Incomplctancee
5	1	47	1	3	17	1765	1405	79	14	41.519905	Theorem,
5	1	47	1	3	18	1852	1406	36	12	96.435936	with
5	1	47	1	3	19	1897	1406	26	12	93.304230	the
5	1	47	1	3	20	1930	1406	80	15	87.411980	ebjective
5	1	47	1	3	21	2017	1406	19	12	96.936470	of
5	1	47	1	3	22	2042	1406	63	15	94.138062	finding
5	1	47	1	3	23	2113	1410	10	8	73.263535	a
5	1	47	1	3	24	2131	1410	54	8	88.764297	meane
5	1	47	1	3	25	2192	1409	17	9	74.586639	to
5	1	47	1	3	26	2215	1406	44	14	84.186501	apply
5	1	47	1	3	27	2266	1409	40	7	80.878723	some
5	1	47	1	3	28	2312	1407	30	9	73.991516	one
5	1	47	1	3	29	2348	1403	18	12	93.204391	of
5	1	47	1	3	30	2372	1403	43	12	49.705070	theer
4	1	47	1	4	0	781	1417	1635	38	-1	
5	1	47	1	4	1	781	1417	35	38	62.603737	Por
5	1	47	1	4	2	825	1417	26	38	85.419250	the
5	1	47	1	4	3	860	1417	32	38	35.041664	mat
5	1	47	1	4	4	906	1417	19	38	55.792393	et
5	1	47	1	4	5	940	1417	57	38	0.000000	laten
5	1	47	1	4	6	1015	1417	63	38	21.793304	eens
5	1	47	1	4	7	1211	1426	36	29	90.754715	will
5	1	47	1	4	8	1320	1434	40	15	68.275711	ly
5	1	47	1	4	9	1345	1425	15	29	67.626984	be
5	1	47	1	4	10	1369	1425	8	29	0.000000	&
5	1	47	1	4	11	1395	1434	64	13	95.874352	theorem
5	1	47	1	4	12	1534	1435	21	15	92.678940	by
5	1	47	1	4	13	1565	1425	5	30	51.582165	=
5	1	47	1	4	14	1580	1435	20	16	51.705841	fal
5	1	47	1	4	15	2387	1424	29	29	82.454445	cal
4	1	47	1	5	0	889	1427	1500	32	-1	
5	1	47	1	5	1	889	1439	9	8	0.000000	_
5	1	47	1	5	2	969	1437	30	14	93.643372	ity,
5	1	47	1	5	3	1010	1427	27	32	77.173065	eur
5	1	47	1	5	4	1047	1427	46	32	61.598316	preef
5	1	47	1	5	5	1101	1427	19	32	88.110748	of
5	1	47	1	5	6	1130	1437	11	12	92.423553	P
5	1	47	1	5	7	1151	1427	17	32	46.680866	yt
5	1	47	1	5	8	1178	1437	28	12	96.363243	NP
5	1	47	1	5	9	1252	1427	70	31	0.000000	wktimate!
5	1	47	1	5	10	1370	1436	24	10	71.944412	aw
5	1	47	1	5	11	1468	1438	58	11	63.693558	proven
5	1	47	1	5	12	1533	1427	19	32	95.290924	by
5	1	47	1	5	13	1564	1440	9	8	51.925472	=
5	1	47	1	5	14	1578	1427	33	32	45.050564	folly
5	1	47	1	5	15	1619	1427	61	32	41.643444	clawical
5	1	47	1	5	16	1685	1427	46	32	67.419815	logic,
5	1	47	1	5	17	1738	1427	46	32	83.908463	whose
5	1	47	1	5	18	1792	1427	88	32	49.795528	correctness
5	1	47	1	5	19	1890	1427	15	32	82.519440	is
5	1	47	1	5	20	1914	1427	60	32	71.590744	beyead
5	1	47	1	5	21	1984	1427	54	32	40.679169	doubt.
5	1	47	1	5	22	2053	1427	30	32	93.186867	The
5	1	47	1	5	23	2093	1427	54	32	87.396599	reases
5	1	47	1	5	24	2157	1427	27	32	96.498993	for
5	1	47	1	5	25	2229	1435	160	14	22.161377	interest
5	1	47	1	5	26	2289	1427	19	31	91.384369	in
5	1	47	1	5	27	2315	1435	74	14	0.000000	nooclacei:
4	1	47	1	6	0	742	1441	1485	46	-1	
5	1	47	1	6	1	742	1453	53	15	32.187370	tegica,
5	1	47	1	6	2	802	1452	37	12	92.527962	thet
5	1	47	1	6	3	847	1452	51	12	17.220261	evede
5	1	47	1	6	4	906	1451	30	13	96.307449	the
5	1	47	1	6	5	944	1452	64	29	28.914413	Secoed
5	1	47	1	6	6	1018	1453	141	28	48.974514	lncompictences
5	1	47	1	6	7	1160	1452	87	29	11.605316	Thearam,
5	1	47	1	6	8	1255	1452	14	12	0.000000	'o
5	1	47	1	6	9	1272	1441	41	33	94.927948	that
5	1	47	1	6	10	1318	1442	49	45	0.000000	Shorey
5	1	47	1	6	11	1374	1452	49	27	0.000000	ain
5	1	47	1	6	12	1449	1442	60	45	2.955460	iocktag
5	1	47	1	6	13	1520	1442	63	45	34.133469	satitiee
5	1	47	1	6	14	1590	1452	29	12	20.020454	will
5	1	47	1	6	15	1630	1444	15	41	82.306435	be
5	1	47	1	6	16	1650	1456	12	25	51.323093	a
5	1	47	1	6	17	1668	1452	48	29	20.517036	secful
5	1	47	1	6	18	1723	1453	103	13	69.011017	intermediate
5	1	47	1	6	19	1833	1456	35	12	47.789215	otcp
5	1	47	1	6	20	1875	1456	18	10	74.299789	vo
5	1	47	1	6	21	1899	1454	70	12	91.064270	examine
5	1	47	1	6	22	1993	1441	41	28	0.000000	cring
5	1	47	1	6	23	2040	1458	28	8	70.438126	eur
5	1	47	1	6	24	2077	1441	72	28	47.864689	proof
5	1	47	1	6	25	2132	1437	20	39	47.864689	of
5	1	47	1	6	26	2156	1455	13	11	0.000000	PA
5	1	47	1	6	27	2178	1441	49	28	0.000000	NP
4	1	47	1	7	0	781	1457	1604	34	-1	
5	1	47	1	7	1	781	1459	64	32	29.908722	fener,
5	1	47	1	7	2	855	1459	25	32	45.076225	ome
5	1	47	1	7	3	890	1459	51	32	71.254440	proof
5	1	47	1	7	4	1018	1470	31	11	85.029488	NP
5	1	47	1	7	5	1059	1459	35	32	64.243011	wil
5	1	47	1	7	6	1226	1471	73	9	73.998413	exploring
5	1	47	1	7	7	1330	1470	24	9	94.789589	how
5	1	47	1	7	8	1391	1470	10	11	92.794693	fully
5	1	47	1	7	9	1425	1471	26	8	80.123543	clase:
5	1	47	1	7	10	1537	1457	87	32	33.489288	uncoatror:
5	1	47	1	7	11	1704	1469	4	2	37.475517	Sea
5	1	47	1	7	12	1732	1469	36	12	81.939178	view
5	1	47	1	7	13	1820	1459	19	32	74.433777	al
5	1	47	1	7	14	1846	1459	38	32	24.668777	salf-;
5	1	47	1	7	15	2118	1470	2	2	69.901840	i
5	1	47	1	7	16	2284	1457	53	32	6.055794	wdiate
5	1	47	1	7	17	2345	1457	43	32	75.315262	step.
4	1	47	1	8	0	781	1459	1572	42	-1	
5	1	47	1	8	1	781	1461	19	39	0.000000	E,
5	1	47	1	8	2	907	1484	11	12	43.428215	~
5	1	47	1	8	3	966	1461	43	40	36.597218	Ea
5	1	47	1	8	4	1093	1483	65	15	22.458496	wee
5	1	47	1	8	5	1244	1461	20	37	43.745495	in
5	1	47	1	8	6	1280	1470	33	27	86.990967	ring
5	1	47	1	8	7	1320	1460	32	41	91.967651	bow
5	1	47	1	8	8	1359	1482	28	12	37.432159	fully
5	1	47	1	8	9	1432	1483	3	2	41.579548	oie
5	1	47	1	8	10	1621	1468	51	15	2.054680	rereial)
5	1	47	1	8	11	1679	1468	46	16	60.199963	logics
5	1	47	1	8	12	1775	1473	48	8	2.730324	emuen
5	1	47	1	8	13	1875	1459	87	32	26.078613	-jeatifying
5	1	47	1	8	14	2100	1470	67	15	37.886738	plifying
5	1	47	1	8	15	2172	1469	55	15	9.143997	helpful
5	1	47	1	8	16	2234	1469	87	12	24.644325	intermediate
5	1	47	1	8	17	2345	1471	8	7	3.236382	ot
4	1	47	1	9	0	785	1497	1630	29	-1	
5	1	47	1	9	1	785	1500	106	15	19.852859	Throughout
5	1	47	1	9	2	901	1500	35	12	78.297119	this
5	1	47	1	9	3	946	1501	65	14	66.101181	article,
5	1	47	1	9	4	1068	1503	40	10	0.000000	220,
5	1	47	1	9	5	1114	1499	20	27	50.073669	2)
5	1	47	1	9	6	1140	1499	32	27	62.022751	and
5	1	47	1	9	7	1183	1498	97	17	7.925034	Mvit(s,
5	1	47	1	9	8	1267	1490	14	40	68.204010	y,
5	1	47	1	9	9	1286	1498	17	16	80.316452	2)
5	1	47	1	9	10	1313	1498	32	13	93.643951	will
5	1	47	1	9	11	1354	1498	58	13	86.070312	denote
5	1	47	1	9	12	1422	1501	32	10	92.517357	two
5	1	47	1	9	13	1462	1500	51	15	80.588364	S-way
5	1	47	1	9	14	1521	1500	78	15	96.278526	predicate
5	1	47	1	9	15	1607	1500	66	15	64.790237	symbole
5	1	47	1	9	16	1681	1500	81	16	48.368584	specifying
5	1	47	1	9	17	1770	1501	28	14	30.452560	2+
5	1	47	1	9	18	1806	1505	9	10	63.934864	y
5	1	47	1	9	19	1824	1504	14	8	68.614655	=
5	1	47	1	9	20	1847	1504	8	8	56.129627	2
5	1	47	1	9	21	1865	1501	30	12	59.967354	aed
5	1	47	1	9	22	1904	1505	42	10	25.911095	soy
5	1	47	1	9	23	1956	1504	12	8	44.214104	=
5	1	47	1	9	24	1979	1505	15	8	59.067783	4.
5	1	47	1	9	25	2008	1501	24	12	40.527462	As
5	1	47	1	9	26	2041	1501	53	12	42.053722	asiom
5	1	47	1	9	27	2103	1504	58	12	49.353065	eysiem
5	1	47	1	9	28	2173	1506	11	7	40.212379	=
5	1	47	1	9	29	2197	1501	28	11	69.309769	will
5	1	47	1	9	30	2233	1500	19	12	93.881172	be
5	1	47	1	9	31	2259	1500	32	12	50.657913	ssid
5	1	47	1	9	32	2301	1501	17	10	69.977325	te
5	1	47	1	9	33	2325	1497	90	15	5.989136	resegnice
4	1	47	1	10	0	743	1514	802	17	-1	
5	1	47	1	10	1	743	1520	83	10	0.000000	euceneser,
5	1	47	1	10	2	833	1516	77	12	95.235626	addition
5	1	47	1	10	3	919	1516	33	12	56.384502	oad
5	1	47	1	10	4	961	1516	94	15	40.792885	mukiplication
5	1	47	1	10	5	1098	1518	18	7	68.342346	a2
5	1	47	1	10	6	1138	1515	39	12	46.014294	Total
5	1	47	1	10	7	1186	1515	96	12	71.330322	Functions
5	1	47	1	10	8	1289	1515	21	12	95.724968	iff
5	1	47	1	10	9	1316	1514	13	13	96.679947	it
5	1	47	1	10	10	1337	1514	73	13	51.252857	{cludes
5	1	47	1	10	11	1418	1515	27	12	95.642319	1-3
5	1	47	1	10	12	1452	1519	18	8	62.830662	a2
5	1	47	1	10	13	1478	1515	67	13	50.935646	axioms,
4	1	47	1	11	0	2398	1533	7	12	-1	
5	1	47	1	11	1	2398	1533	7	12	72.969391	1
2	1	48	0	0	0	741	1533	1674	144	-1	
3	1	48	1	0	0	1492	1533	922	46	-1	
4	1	48	1	1	0	1492	1533	922	46	-1	
5	1	48	1	1	1	1492	1536	83	40	29.388962	wigs:
5	1	48	1	1	2	1585	1536	120	43	22.533142	“Hae,
5	1	48	1	1	3	2390	1533	24	41	1.372688	iB
4	1	48	1	2	0	1506	1567	191	11	-1	
5	1	48	1	2	1	1506	1567	9	8	54.239143	a
5	1	48	1	2	2	1536	1567	9	11	71.549507	Vy
5	1	48	1	2	3	1566	1567	7	8	32.170441	3a
5	1	48	1	2	4	1669	1567	28	11	0.000000	>
3	1	48	2	0	0	745	1567	1670	43	-1	
4	1	48	2	1	0	913	1567	1502	33	-1	
5	1	48	2	1	1	913	1569	37	31	65.917435	tem
5	1	48	2	1	2	962	1583	11	7	30.904350	@
5	1	48	2	1	3	982	1569	35	31	96.129868	will
5	1	48	2	1	4	1029	1569	18	31	95.996490	be
5	1	48	2	1	5	1057	1569	55	31	93.256279	called
5	1	48	2	1	6	1122	1569	71	31	83.339325	Type-M
5	1	48	2	1	7	1208	1569	21	31	91.705254	iff
5	1	48	2	1	8	1237	1578	13	12	95.457306	it
5	1	48	2	1	9	1261	1569	74	31	51.587658	contains
5	1	48	2	1	10	1344	1569	27	31	91.465584	(1)
5	1	48	2	1	11	1380	1582	9	5	38.193764	-
5	1	48	2	1	12	1398	1569	27	31	96.285080	(3)
5	1	48	2	1	13	1434	1569	18	31	72.646996	as
5	1	48	2	1	14	1879	1567	19	31	82.059074	an
5	1	48	2	1	15	1907	1567	24	31	54.834908	ast
5	1	48	2	1	16	2276	1565	17	31	91.663620	1)
5	1	48	2	1	17	2303	1565	16	31	60.552864	ac
5	1	48	2	1	18	2328	1565	19	31	74.713226	an
5	1	48	2	1	19	2357	1575	58	14	74.717110	axiom.
4	1	48	2	2	0	741	1572	1550	42	-1	
5	1	48	2	2	1	741	1574	44	40	52.117386	dine,
5	1	48	2	2	2	794	1574	20	40	59.287678	20
5	1	48	2	2	3	824	1574	57	40	65.347488	onions
5	1	48	2	2	4	926	1593	54	13	8.460083	a
5	1	48	2	2	5	1046	1573	28	37	23.452209	S05
5	1	48	2	2	6	1086	1573	19	37	17.004845	Lit
5	1	48	2	2	7	1113	1573	14	37	72.360153	ba
5	1	48	2	2	8	1138	1573	87	37	0.000000	romtateas
5	1	48	2	2	9	1237	1597	13	9	0.000000	t
5	1	48	2	2	10	1258	1573	42	37	37.973221	coat
5	1	48	2	2	11	1340	1572	33	37	11.672485	a)
5	1	48	2	2	12	1398	1572	26	38	48.254936	(3)
5	1	48	2	2	13	1456	1572	71	26	89.539062	axioms,
5	1	48	2	2	14	1540	1572	57	26	92.290787	Type-A
5	1	48	2	2	15	1607	1572	25	26	96.128128	iff
5	1	48	2	2	16	1640	1579	12	12	93.115868	it
5	1	48	2	2	17	1661	1572	68	26	45.005833	coateiae
5	1	48	2	2	18	1737	1572	34	26	80.064331	oaly
5	1	48	2	2	19	1779	1578	23	16	95.554672	(1)
5	1	48	2	2	20	1813	1572	27	26	92.021217	aad
5	1	48	2	2	21	1848	1572	25	26	96.752892	(2)
5	1	48	2	2	22	1924	1572	50	26	47.888176	ies,
5	1	48	2	2	23	1984	1572	31	26	74.396553	sed
5	1	48	2	2	24	2025	1572	64	26	95.418655	Type-S
5	1	48	2	2	25	2099	1572	16	26	71.069885	uf
5	1	48	2	2	26	2126	1579	12	12	95.669548	it
5	1	48	2	2	27	2147	1572	68	26	42.096115	contains
5	1	48	2	2	28	2225	1572	33	26	9.644463	only
5	1	48	2	2	29	2267	1572	24	26	96.331535	(1)
3	1	48	3	0	0	746	1606	1669	71	-1	
4	1	48	3	1	0	787	1606	1628	20	-1	
5	1	48	3	1	1	787	1612	33	14	46.841732	Over
5	1	48	3	1	2	827	1611	53	13	26.851738	intial
5	1	48	3	1	3	888	1614	51	12	95.340782	paper
5	1	48	3	1	4	949	1608	33	17	60.757389	[37]
5	1	48	3	1	5	990	1608	52	12	27.956711	ebowt
5	1	48	3	1	6	1051	1607	148	15	0.000000	eelf-Juctification
5	1	48	3	1	7	1207	1609	75	12	81.058868	invelved
5	1	48	3	1	8	1289	1609	68	15	84.847221	Type-A
5	1	48	3	1	9	1365	1609	51	16	43.940063	legice
5	1	48	3	1	10	1423	1609	36	13	96.831398	that
5	1	48	3	1	11	1467	1615	29	8	96.061462	can
5	1	48	3	1	12	1504	1610	78	13	91.837265	formalise
5	1	48	3	1	13	1589	1611	39	12	90.933647	their
5	1	48	3	1	14	1635	1615	32	8	80.950638	owm
5	1	48	3	1	15	1674	1610	93	16	70.402969	consistency
5	1	48	3	1	16	1774	1610	30	13	75.180511	under
5	1	48	3	1	17	1827	1611	74	11	41.114914	semantic
5	1	48	3	1	18	1908	1610	72	12	89.302994	tableaux
5	1	48	3	1	19	1988	1610	89	12	94.907188	deduction.
5	1	48	3	1	20	2088	1602	63	29	26.713257	Shortly
5	1	48	3	1	21	2158	1602	37	29	69.229904	after
5	1	48	3	1	22	2202	1613	20	8	96.301910	we
5	1	48	3	1	23	2231	1608	80	16	96.703865	published
5	1	48	3	1	24	2320	1607	33	13	73.241096	thie
5	1	48	3	1	25	2360	1606	55	14	71.751724	reeult,
4	1	48	3	2	0	746	1623	1669	20	-1	
5	1	48	3	2	1	746	1630	56	11	0.000000	Robert
5	1	48	3	2	2	811	1629	66	14	39.051529	Selevay
5	1	48	3	2	3	885	1625	99	17	8.508850	telephoned
5	1	48	3	2	4	995	1628	26	10	70.364388	us.
5	1	48	3	2	5	1029	1623	18	19	88.845505	in
5	1	48	3	2	6	1056	1624	45	14	90.139633	April
5	1	48	3	2	7	1109	1624	19	12	96.208313	of
5	1	48	3	2	8	1135	1625	47	15	94.274956	1994,
5	1	48	3	2	9	1191	1625	91	16	84.910400	indicating
5	1	48	3	2	10	1289	1625	21	13	91.200439	he
5	1	48	3	2	11	1318	1625	46	13	52.060127	knew
5	1	48	3	2	12	1372	1625	35	13	65.794380	how
5	1	48	3	2	13	1416	1628	18	11	96.586128	to
5	1	48	3	2	14	1441	1627	91	16	87.154900	strengthen
5	1	48	3	2	15	1542	1631	5	9	45.762463	«
5	1	48	3	2	16	1558	1627	59	13	45.804996	variant
5	1	48	3	2	17	1623	1627	18	13	96.324326	of
5	1	48	3	2	18	1647	1627	16	12	96.259247	the
5	1	48	3	2	19	1680	1627	56	13	32.423157	Second
5	1	48	3	2	20	1745	1627	124	15	44.520016	lncompletences
5	1	48	3	2	21	1876	1626	75	13	45.544693	Thesrem
5	1	48	3	2	22	1958	1627	30	12	79.991837	due
5	1	48	3	2	23	1996	1629	18	9	69.639145	te
5	1	48	3	2	24	2021	1626	46	12	92.994835	Pavel
5	1	48	3	2	25	2075	1626	60	12	41.129433	Pudlék
5	1	48	3	2	26	2143	1625	34	15	64.673004	(27),
5	1	48	3	2	27	2185	1625	35	13	95.760056	with
5	1	48	3	2	28	2228	1624	87	14	84.435471	additional
5	1	48	3	2	29	2323	1624	92	18	68.057724	tcehsiques
4	1	48	3	3	0	746	1639	1669	21	-1	
5	1	48	3	3	1	746	1645	82	15	69.150467	developed
5	1	48	3	3	2	839	1645	20	15	93.105385	by
5	1	48	3	3	3	869	1644	61	13	52.885841	Melawe
5	1	48	3	3	4	940	1642	34	12	93.190598	and
5	1	48	3	3	5	985	1639	113	14	31.832596	Witkie-Paria
5	1	48	3	3	6	1108	1639	32	17	42.659069	(35,
5	1	48	3	3	7	1150	1640	34	17	94.619705	23],
5	1	48	3	3	8	1193	1643	19	10	76.697990	to
5	1	48	3	3	9	1221	1641	44	13	93.442810	show
5	1	48	3	3	10	1275	1641	38	13	96.596504	that
5	1	48	3	3	11	1323	1645	22	9	73.161453	mo
5	1	48	3	3	12	1354	1642	94	13	74.287071	reasonable
5	1	48	3	3	13	1457	1643	62	16	90.133690	Type-S
5	1	48	3	3	14	1528	1643	51	13	95.329361	axiom
5	1	48	3	3	15	1588	1646	56	13	54.338459	system
5	1	48	3	3	16	1688	1645	6	10	0.000000	t
5	1	48	3	3	17	1703	1645	47	10	69.606842	treats
5	1	48	3	3	18	1760	1642	71	13	94.686401	Addition
5	1	48	3	3	19	1841	1642	30	12	83.898819	and
5	1	48	3	3	20	1881	1642	120	15	95.287521	Multiplication
5	1	48	3	3	21	2012	1646	17	7	83.150230	a=
5	1	48	3	3	22	2078	1646	10	10	56.466980	y
5	1	48	3	3	23	2097	1641	72	12	50.501823	salations)
5	1	48	3	3	24	2185	1645	27	8	90.174347	can
5	1	48	3	3	25	2222	1641	47	15	94.763153	verify
5	1	48	3	3	26	2279	1641	21	12	84.142517	ite
5	1	48	3	3	27	2308	1643	35	9	32.565369	own
5	1	48	3	3	28	2354	1639	61	12	93.232658	Hilbert
4	1	48	3	4	0	746	1655	1022	22	-1	
5	1	48	3	4	1	746	1665	100	12	8.469025	caaceteacy.
5	1	48	3	4	2	857	1661	41	13	96.214165	This
5	1	48	3	4	3	905	1660	59	12	32.460312	result,
5	1	48	3	4	4	971	1655	110	15	20.678360	eommarised
5	1	48	3	4	5	1088	1655	22	17	93.282616	by
5	1	48	3	4	6	1118	1657	80	13	48.346344	Theerem
5	1	48	3	4	7	1205	1658	34	14	96.525108	3.1,
5	1	48	3	4	8	1247	1657	80	16	49.374962	improves
5	1	48	3	4	9	1335	1662	43	11	0.000000	wpon
5	1	48	3	4	10	1387	1658	220	18	34.058922	Deaborvah-Shepherdson’s
5	1	48	3	4	11	1615	1660	52	12	91.523392	earlier
5	1	48	3	4	12	1675	1659	38	13	95.775284	work
5	1	48	3	4	13	1720	1659	16	13	46.142963	ts
5	1	48	3	4	14	1744	1658	24	17	85.137466	[3].
2	1	49	0	0	0	1311	1402	18	12	-1	
3	1	49	1	0	0	1311	1402	18	12	-1	
4	1	49	1	1	0	1311	1402	18	12	-1	
5	1	49	1	1	1	1311	1402	18	12	95.000000	 
2	1	50	0	0	0	1976	1454	46	12	-1	
3	1	50	1	0	0	1976	1454	46	12	-1	
4	1	50	1	1	0	1976	1454	46	12	-1	
5	1	50	1	1	1	1976	1454	46	12	95.000000	 
2	1	51	0	0	0	1969	1469	129	15	-1	
3	1	51	1	0	0	1969	1469	129	15	-1	
4	1	51	1	1	0	1969	1469	54	7	-1	
5	1	51	1	1	1	1969	1469	54	7	95.000000	 
4	1	51	1	2	0	1969	1476	129	8	-1	
5	1	51	1	2	1	1969	1476	129	8	95.000000	 
2	1	52	0	0	0	1805	1614	15	8	-1	
3	1	52	1	0	0	1805	1614	15	8	-1	
4	1	52	1	1	0	1805	1614	15	8	-1	
5	1	52	1	1	1	1805	1614	15	8	95.000000	 
2	1	53	0	0	0	1678	1645	399	13	-1	
3	1	53	1	0	0	1678	1645	399	13	-1	
4	1	53	1	1	0	1678	1645	399	13	-1	
5	1	53	1	1	1	1678	1647	9	8	95.000000	 
5	1	53	1	1	2	2036	1645	41	13	95.000000	  
2	1	54	0	0	0	817	1696	1526	56	-1	
3	1	54	1	0	0	819	1696	1524	52	-1	
4	1	54	1	1	0	819	1696	1524	21	-1	
5	1	54	1	1	1	819	1702	89	12	0.000000	Theorean
5	1	54	1	1	2	917	1700	28	12	90.481308	3-1
5	1	54	1	1	3	955	1697	90	17	47.532101	(Selovey’s
5	1	54	1	1	4	1053	1696	40	13	84.540306	1994
5	1	54	1	1	5	1102	1697	113	13	82.227058	modification
5	1	54	1	1	6	1224	1696	31	18	71.435982	(32]
5	1	54	1	1	7	1263	1697	18	13	93.273476	of
5	1	54	1	1	8	1289	1697	78	14	49.369396	Pudlék’s
5	1	54	1	1	9	1375	1699	39	13	72.070518	1965
5	1	54	1	1	10	1422	1699	87	14	0.000000	formalism
5	1	54	1	1	11	1516	1699	30	18	55.578838	[27]
5	1	54	1	1	12	1554	1700	43	16	34.305290	wsing
5	1	54	1	1	13	1604	1700	26	12	95.610565	the
5	1	54	1	1	14	1637	1699	47	13	90.475334	added
5	1	54	1	1	15	1692	1697	204	17	20.091461	methodulogies
5	1	54	1	1	16	1817	1692	16	29	93.286407	of
5	1	54	1	1	17	1842	1697	54	17	21.700912	Neleon
5	1	54	1	1	18	1904	1697	30	12	93.208351	and
5	1	54	1	1	19	1942	1697	106	12	74.692322	Wilkie-Parie
5	1	54	1	1	20	2055	1696	31	16	63.827091	[23,
5	1	54	1	1	21	2092	1696	33	16	17.638397	35])
5	1	54	1	1	22	2140	1697	37	12	78.195129	Let
5	1	54	1	1	23	2168	1692	8	29	57.941711	a
5	1	54	1	1	24	2185	1697	158	14	63.553947	denote
5	1	54	1	1	25	2238	1692	23	29	57.099998	any
5	1	54	1	1	26	2269	1697	74	14	85.892456	consistent
4	1	54	1	2	0	821	1712	1522	22	-1	
5	1	54	1	2	1	817	1708	42	31	55.028824	‘Tyee
5	1	54	1	2	2	863	1718	9	13	55.501404	S
5	1	54	1	2	3	881	1708	48	31	0.000000	opstem
5	1	54	1	2	4	938	1708	35	31	75.569756	thet
5	1	54	1	2	5	979	1708	25	31	69.023018	san
5	1	54	1	2	6	1013	1708	42	31	9.232544	ceryy
5	1	54	1	2	7	1062	1708	63	31	0.000000	sddstion
5	1	54	1	2	8	1134	1708	27	31	82.798119	ond
5	1	54	1	2	9	1170	1708	107	31	49.628101	multiplication
5	1	54	1	2	10	1284	1708	50	31	88.772179	satisfy
5	1	54	1	2	11	1341	1708	38	31	92.977730	their
5	1	54	1	2	12	1387	1708	38	31	55.501884	urval
5	1	54	1	2	13	1431	1708	89	31	11.397240	esvociative,
5	1	54	1	2	14	1527	1708	102	31	42.717186	eommuniative,
5	1	54	1	2	15	1635	1708	79	31	22.806458	distrbutivc
5	1	54	1	2	16	1723	1708	22	31	66.344490	ond
5	1	54	1	2	17	1752	1708	56	31	19.469452	ideatdly
5	1	54	1	2	18	1816	1708	58	31	66.002014	axioms.
5	1	54	1	2	19	1880	1715	38	11	88.498764	Then
5	1	54	1	2	20	1927	1718	11	8	61.952755	a
5	1	54	1	2	21	1948	1708	53	31	0.000000	enanet
5	1	54	1	2	22	2007	1708	40	31	89.551353	prove
5	1	54	1	2	23	2054	1717	7	8	24.656105	«
5	1	54	1	2	24	2069	1708	53	31	60.538895	theorem
5	1	54	1	2	25	2129	1708	65	31	87.352707	affirming
5	1	54	1	2	26	2201	1708	17	31	32.872726	as
5	1	54	1	2	27	2224	1708	27	31	87.912399	own
5	1	54	1	2	28	2258	1708	89	31	5.573669	eonsistency
4	1	54	1	3	0	817	1722	581	30	-1	
5	1	54	1	3	1	817	1722	48	30	14.666458	poder
5	1	54	1	3	2	874	1722	26	30	79.372864	any
5	1	54	1	3	3	907	1722	15	30	91.092934	of
5	1	54	1	3	4	932	1722	63	30	0.000000	Koampls
5	1	54	1	3	5	1004	1722	33	30	36.268383	01's
5	1	54	1	3	6	1044	1722	43	30	57.631229	forms
5	1	54	1	3	7	1094	1722	16	30	93.254059	of
5	1	54	1	3	8	1119	1722	96	30	35.635643	Hilbert-ctyla
5	1	54	1	3	9	1222	1722	80	30	75.676193	deduction.
5	1	54	1	3	10	1394	1737	4	4	40.907024	.
2	1	55	0	0	0	750	1766	1667	89	-1	
3	1	55	1	0	0	750	1766	1665	40	-1	
4	1	55	1	1	0	793	1766	1622	23	-1	
5	1	55	1	1	1	793	1776	25	11	88.308777	We
5	1	55	1	1	2	828	1775	31	13	94.837448	will
5	1	55	1	1	3	868	1778	47	9	45.246513	sever
5	1	55	1	1	4	925	1777	29	9	64.918045	wes
5	1	55	1	1	5	962	1772	77	12	73.571640	Theorem
5	1	55	1	1	6	1047	1771	23	13	86.551682	3.1
5	1	55	1	1	7	1080	1770	60	16	94.992752	during
5	1	55	1	1	8	1148	1775	31	8	93.121536	our
5	1	55	1	1	9	1187	1771	48	15	58.684402	preef
5	1	55	1	1	10	1243	1771	19	12	93.087639	of
5	1	55	1	1	11	1270	1771	13	13	47.153564	P
5	1	55	1	1	12	1292	1771	13	16	52.329639	yt
5	1	55	1	1	13	1315	1772	40	12	94.266762	NP.
5	1	55	1	1	14	1366	1772	23	13	71.659912	Ite
5	1	55	1	1	15	1397	1772	98	16	37.564739	importance
5	1	55	1	1	16	1504	1774	15	13	65.021324	In
5	1	55	1	1	17	1527	1773	79	16	64.823792	achleving
5	1	55	1	1	18	1613	1772	31	14	90.747650	this
5	1	55	1	1	19	1651	1772	46	13	72.444748	reault
5	1	55	1	1	20	1705	1774	61	12	94.749748	cannot,
5	1	55	1	1	21	1774	1771	75	14	96.724213	however,
5	1	55	1	1	22	1856	1770	20	12	96.903740	be
5	1	55	1	1	23	1884	1769	106	13	93.062622	understated.
5	1	55	1	1	24	2000	1769	39	12	77.670509	Thie
5	1	55	1	1	25	2047	1769	14	12	70.985229	is
5	1	55	1	1	26	2068	1769	63	12	88.489395	because
5	1	55	1	1	27	2138	1769	73	12	4.367279	Thesrem
5	1	55	1	1	28	2218	1769	22	12	84.683685	3.1
5	1	55	1	1	29	2250	1769	76	11	94.503426	indicates
5	1	55	1	1	30	2334	1767	35	12	92.277611	that
5	1	55	1	1	31	2377	1766	38	14	58.578926	ealy
4	1	55	1	2	0	750	1786	1170	20	-1	
5	1	55	1	2	1	750	1791	75	15	15.731445	Type-S
5	1	55	1	2	2	833	1790	103	14	33.944885	ernbmetixe
5	1	55	1	2	3	944	1792	27	8	83.260376	are
5	1	55	1	2	4	980	1787	77	16	46.060158	plassibly
5	1	55	1	2	5	1063	1786	69	16	32.615471	copeble
5	1	55	1	2	6	1140	1787	19	12	96.876465	of
5	1	55	1	2	7	1166	1787	80	15	88.089058	verifying
5	1	55	1	2	8	1254	1787	43	13	93.794014	their
5	1	55	1	2	9	1304	1791	36	10	62.583420	own
5	1	55	1	2	10	1349	1788	62	13	95.976448	Hilbert
5	1	55	1	2	11	1419	1790	103	15	64.628799	consistency.
5	1	55	1	2	12	1917	1802	3	3	0.000000	.
3	1	55	2	0	0	751	1799	1666	56	-1	
4	1	55	2	1	0	794	1799	1621	23	-1	
5	1	55	2	1	1	794	1809	13	11	44.201412	Ht
5	1	55	2	1	2	815	1808	39	12	20.907829	Ube
5	1	55	2	1	3	861	1807	81	13	10.655602	indicates
5	1	55	2	1	4	950	1808	32	12	54.164219	ony
5	1	55	2	1	5	989	1804	41	15	72.625916	hope
5	1	55	2	1	6	1036	1804	16	13	82.801056	in
5	1	55	2	1	7	1060	1807	35	9	31.037849	voing
5	1	55	2	1	8	1113	1803	127	16	3.445953	self-justifying
5	1	55	2	1	9	1248	1803	50	17	54.515629	logics
5	1	55	2	1	10	1307	1806	18	11	79.769623	to
5	1	55	2	1	11	1332	1808	49	12	66.123268	prove
5	1	55	2	1	12	1389	1806	13	13	73.213799	P
5	1	55	2	1	13	1410	1806	13	16	58.265686	yl
5	1	55	2	1	14	1432	1806	31	13	94.309792	NP
5	1	55	2	1	15	1471	1809	42	11	70.087502	must
5	1	55	2	1	16	1519	1808	52	11	72.026306	canter
5	1	55	2	1	17	1578	1805	57	14	64.110138	around
5	1	55	2	1	18	1643	1805	24	13	96.728851	the
5	1	55	2	1	19	1674	1804	63	13	16.144188	daunting
5	1	55	2	1	20	1755	1803	86	16	79.132706	propertion
5	1	55	2	1	21	1847	1802	18	13	95.861107	of
5	1	55	2	1	22	1871	1802	111	15	72.166229	astonishingly
5	1	55	2	1	23	1990	1801	40	21	88.146072	weak
5	1	55	2	1	24	2037	1800	76	16	77.119781	Type-NS
5	1	55	2	1	25	2119	1804	69	12	9.169533	systems,
5	1	55	2	1	26	2197	1801	13	15	93.968903	(I
5	1	55	2	1	27	2217	1800	38	13	69.323059	have
5	1	55	2	1	28	2262	1805	20	8	75.644020	no
5	1	55	2	1	29	2288	1799	49	13	72.443924	doubt
5	1	55	2	1	30	2346	1799	36	12	94.718887	that
5	1	55	2	1	31	2390	1802	25	11	94.718887	my
4	1	55	2	2	0	751	1814	1666	25	-1	
5	1	55	2	2	1	751	1824	31	14	92.037262	214
5	1	55	2	2	2	791	1810	39	33	58.380222	year
5	1	55	2	2	3	837	1810	48	33	43.825394	oflart
5	1	55	2	2	4	895	1810	17	33	78.202194	to
5	1	55	2	2	5	920	1825	49	12	89.766411	prove
5	1	55	2	2	6	978	1821	33	14	39.100460	PY
5	1	55	2	2	7	1022	1820	25	13	90.744392	NP
5	1	55	2	2	8	1057	1810	53	33	94.921638	would
5	1	55	2	2	9	1118	1810	42	33	95.291985	have
5	1	55	2	2	10	1168	1819	150	15	75.759842	takes
5	1	55	2	2	11	1228	1810	42	33	80.883766	more
5	1	55	2	2	12	1277	1810	40	33	90.709343	then
5	1	55	2	2	13	1327	1821	152	17	56.705658	roughly
5	1	55	2	2	14	1407	1810	11	33	92.210533	—
5	1	55	2	2	15	1426	1821	53	17	92.885529	giggle,
5	1	55	2	2	16	1495	1810	53	33	11.658844	ciagle
5	1	55	2	2	17	1555	1827	12	5	85.317253	—
5	1	55	2	2	18	1574	1810	29	33	89.542068	say
5	1	55	2	2	19	1613	1810	36	33	89.542068	210+
5	1	55	2	2	20	1657	1810	45	33	35.101997	years
5	1	55	2	2	21	1709	1826	12	3	92.260658	—
5	1	55	2	2	22	1733	1810	15	33	79.773506	if
5	1	55	2	2	23	1752	1820	6	12	63.918919	|
5	1	55	2	2	24	1770	1810	25	33	70.261993	wee
5	1	55	2	2	25	1805	1810	26	33	53.862778	aot
5	1	55	2	2	26	1841	1810	45	33	95.456062	aware
5	1	55	2	2	27	1893	1810	20	33	90.054825	of
5	1	55	2	2	28	1921	1810	67	33	84.220657	Theorem
5	1	55	2	2	29	1999	1810	38	33	52.306465	3.1's
5	1	55	2	2	30	2045	1810	58	33	89.060570	crucial
5	1	55	2	2	31	2111	1810	65	33	0.000000	acgative
5	1	55	2	2	32	2185	1810	45	33	70.719109	result
5	1	55	2	2	33	2240	1810	25	33	81.458832	aad
5	1	55	2	2	34	2275	1816	26	12	96.567757	the
5	1	55	2	2	35	2310	1810	32	33	95.327690	tiny
5	1	55	2	2	36	2351	1810	41	33	73.671394	class
5	1	55	2	2	37	2399	1810	18	33	96.141380	of
4	1	55	2	3	0	752	1825	908	30	-1	
5	1	55	2	3	1	752	1840	76	15	16.057434	Typed
5	1	55	2	3	2	835	1839	131	14	33.757011	tovedary-<oce
5	1	55	2	3	3	973	1836	89	15	60.091217	exarplions
5	1	55	2	3	4	1069	1839	19	10	88.244865	to
5	1	55	2	3	5	1096	1836	28	13	96.422508	the
5	1	55	2	3	6	1132	1836	64	13	49.631447	Second
5	1	55	2	3	7	1205	1836	138	16	65.161438	Incompletenses
5	1	55	2	3	8	1350	1825	79	26	40.175774	“Thesrem
5	1	55	2	3	9	1437	1839	35	12	34.308685	shen
5	1	55	2	3	10	1480	1831	13	21	66.125015	iv
5	1	55	2	3	11	1502	1838	69	16	65.662491	‘imphcitly
5	1	55	2	3	12	1577	1838	67	15	65.778481	permite.
5	1	55	2	3	13	1653	1836	7	17	82.651672	)
2	1	56	0	0	0	1130	1824	10	8	-1	
3	1	56	1	0	0	1130	1824	10	8	-1	
4	1	56	1	1	0	1130	1824	10	8	-1	
5	1	56	1	1	1	1130	1824	10	8	95.000000	 
2	1	57	0	0	0	1944	1887	40	25	-1	
3	1	57	1	0	0	1944	1887	40	25	-1	
4	1	57	1	1	0	1944	1887	40	25	-1	
5	1	57	1	1	1	1944	1887	40	25	95.000000	  
2	1	58	0	0	0	754	1863	1661	62	-1	
3	1	58	1	0	0	754	1863	1661	62	-1	
4	1	58	1	1	0	797	1863	1607	24	-1	
5	1	58	1	1	1	797	1874	64	13	94.212448	SOME
5	1	58	1	1	2	869	1872	123	14	93.253754	RELEVANT
5	1	58	1	1	3	999	1871	148	14	91.562576	BACKGOUND
5	1	58	1	1	4	1155	1871	168	15	93.282959	INFORMATION
5	1	58	1	1	5	1337	1872	15	14	87.427948	O
5	1	58	1	1	6	1405	1874	41	12	0.000000	tainly
5	1	58	1	1	7	1472	1873	55	13	84.493912	eclectle
5	1	58	1	1	8	1579	1875	7	10	28.386688	1
5	1	58	1	1	9	1594	1857	17	33	93.318504	of
5	1	58	1	1	10	1613	1872	73	13	94.972412	Theorem
5	1	58	1	1	11	1691	1871	23	13	77.258774	3.1
5	1	58	1	1	12	1721	1870	14	13	44.313194	(e
5	1	58	1	1	13	1741	1869	35	13	92.346619	that
5	1	58	1	1	14	1781	1869	44	12	92.346619	there
5	1	58	1	1	15	1831	1869	14	12	75.229736	be
5	1	58	1	1	16	1851	1868	76	15	42.986507	cusreatly
5	1	58	1	1	17	1934	1872	21	8	79.550644	no
5	1	58	1	1	18	1969	1867	65	13	79.550644	available
5	1	58	1	1	19	2040	1866	80	15	84.450882	published
5	1	58	1	1	20	2127	1866	90	15	67.303070	proof
5	1	58	1	1	21	2177	1857	14	33	94.497726	of
5	1	58	1	1	22	2196	1857	23	33	93.278702	its
5	1	58	1	1	23	2223	1868	89	10	68.668785	sistemeat.
5	1	58	1	1	24	2322	1863	82	20	0.000000	Eseestiall:
4	1	58	1	2	0	754	1863	1661	48	-1	
5	1	58	1	2	1	754	1890	41	12	85.535774	whet
5	1	58	1	2	2	804	1890	32	12	78.279633	hed
5	1	58	1	2	3	845	1888	92	16	66.088821	transpired
5	1	58	1	2	4	949	1892	30	8	76.140434	was
5	1	58	1	2	5	988	1888	6	12	78.555801	|
5	1	58	1	2	6	1003	1888	80	15	49.938053	peblished
5	1	58	1	2	7	1093	1888	17	13	60.845314	la
5	1	58	1	2	8	1122	1888	40	13	94.303680	1993
5	1	58	1	2	9	1172	1892	9	8	43.033199	0
5	1	58	1	2	10	1191	1888	49	15	85.531754	proof
5	1	58	1	2	11	1249	1887	37	14	94.748405	that
5	1	58	1	2	12	1294	1873	87	38	95.888557	relatively
5	1	58	1	2	13	1389	1873	36	38	87.988846	rich
5	1	58	1	2	14	1431	1877	73	28	63.296417	Type-A
5	1	58	1	2	15	1506	1877	84	28	71.348183	logice
5	1	58	1	2	16	1563	1873	27	38	90.273636	can
5	1	58	1	2	17	1600	1888	46	14	89.620377	verity
5	1	58	1	2	18	1654	1887	39	13	63.988503	thelr
5	1	58	1	2	19	1701	1890	32	9	87.951736	own
5	1	58	1	2	20	1742	1886	96	13	35.307228	coasistency
5	1	58	1	2	21	1848	1884	48	12	94.241776	under
5	1	58	1	2	22	1904	1889	31	7	75.956291	ecm
5	1	58	1	2	23	1986	1883	72	12	15.842056	tableaex
5	1	58	1	2	24	2067	1882	30	12	93.280830	and
5	1	58	1	2	25	2106	1882	92	12	12.438309	reselestion
5	1	58	1	2	26	2207	1883	46	10	66.911499	forme
5	1	58	1	2	27	2261	1881	17	12	89.271103	of
5	1	58	1	2	28	2285	1880	88	28	95.531326	deduction
5	1	58	1	2	29	2375	1863	40	48	45.573624	ous
4	1	58	1	3	0	755	1898	1644	27	-1	
5	1	58	1	3	1	751	1893	63	36	19.420540	Revert
5	1	58	1	3	2	823	1893	65	36	41.862663	Selevay
5	1	58	1	3	3	898	1893	108	36	9.224136	cubsaquantly
5	1	58	1	3	4	1015	1893	93	36	56.993122	telephoned
5	1	58	1	3	5	1115	1905	50	13	91.830276	main
5	1	58	1	3	6	1174	1905	118	15	96.189644	April
5	1	58	1	3	7	1231	1893	15	36	91.805779	of
5	1	58	1	3	8	1255	1905	36	15	82.998596	1994
5	1	58	1	3	9	1301	1904	31	18	81.529099	(32]
5	1	58	1	3	10	1342	1893	15	36	75.896721	to
5	1	58	1	3	11	1366	1893	27	36	94.783463	tell
5	1	58	1	3	12	1405	1893	21	36	92.065674	me
5	1	58	1	3	13	1435	1893	33	36	94.297554	that
5	1	58	1	3	14	1480	1893	18	36	93.684402	he
5	1	58	1	3	15	1507	1893	36	36	85.754883	knew
5	1	58	1	3	16	1552	1893	30	36	83.488449	how
5	1	58	1	3	17	1591	1893	15	36	78.919373	to
5	1	58	1	3	18	1615	1893	81	36	45.912270	generalise
5	1	58	1	3	19	1705	1907	3	9	66.543289	«
5	1	58	1	3	20	1720	1893	60	36	32.339523	theorem
5	1	58	1	3	21	1789	1893	18	36	92.442619	of
5	1	58	1	3	22	1819	1893	51	36	49.468769	Pudidk
5	1	58	1	3	23	1879	1893	18	36	95.781448	to
5	1	58	1	3	24	1906	1893	36	36	80.761734	shew
5	1	58	1	3	25	1951	1893	33	36	93.362137	that
5	1	58	1	3	26	1993	1904	6	7	25.303917	a
5	1	58	1	3	27	2008	1898	190	13	63.222221	variast
5	1	58	1	3	28	2074	1893	18	36	87.454689	of
5	1	58	1	3	29	2101	1898	63	13	34.489914	Theerem
5	1	58	1	3	30	2176	1893	24	36	93.891396	3.1
5	1	58	1	3	31	2207	1898	47	12	96.779770	would
5	1	58	1	3	32	2262	1899	85	14	80.657883	pertain
5	1	58	1	3	33	2329	1893	15	36	88.149193	to
5	1	58	1	3	34	2391	1899	8	8	26.355545	Hilbe
2	1	59	0	0	0	2400	1897	15	10	-1	
3	1	59	1	0	0	2400	1897	15	10	-1	
4	1	59	1	1	0	2400	1897	15	10	-1	
5	1	59	1	1	1	2400	1897	15	10	95.000000	 
2	1	60	0	0	0	2019	1927	397	32	-1	
3	1	60	1	0	0	2019	1927	397	32	-1	
4	1	60	1	1	0	2019	1927	397	32	-1	
5	1	60	1	1	1	2019	1927	397	32	95.000000	  
2	1	61	0	0	0	1929	1997	9	12	-1	
3	1	61	1	0	0	1929	1997	9	12	-1	
4	1	61	1	1	0	1929	1997	9	12	-1	
5	1	61	1	1	1	1929	1997	9	12	95.000000	 
2	1	62	0	0	0	751	1919	1668	142	-1	
3	1	62	1	0	0	751	1919	1668	137	-1	
4	1	62	1	1	0	751	1919	1227	23	-1	
5	1	62	1	1	1	751	1919	95	23	83.037361	deduction.
5	1	62	1	1	2	1963	1931	15	3	25.305397	ses
4	1	62	1	2	0	799	1932	1250	26	-1	
5	1	62	1	2	1	799	1938	67	15	15.270203	Solovey
5	1	62	1	2	2	874	1941	32	8	87.009354	wee
5	1	62	1	2	3	913	1937	73	15	14.615135	senchieg
5	1	62	1	2	4	992	1937	26	13	86.989311	the
5	1	62	1	2	5	1025	1941	27	12	78.645554	age
5	1	62	1	2	6	1060	1937	51	14	93.076424	where
5	1	62	1	2	7	1119	1937	79	16	26.815369	Derkeley
5	1	62	1	2	8	1207	1937	52	14	60.282818	would
5	1	62	1	2	9	1286	1940	29	11	61.934212	grant
5	1	62	1	2	10	1323	1937	33	14	94.832542	him
5	1	62	1	2	11	1422	1932	9	26	43.229858	iy
5	1	62	1	2	12	1471	1938	11	14	32.775780	1
5	1	62	1	2	13	1536	1938	4	13	74.536659	Ly
5	1	62	1	2	14	1574	1937	71	13	94.870155	retirement
5	1	62	1	2	15	1652	1935	15	14	66.540741	ln
5	1	62	1	2	16	1674	1936	43	13	85.400887	1994.
5	1	62	1	2	17	1726	1935	22	12	95.883560	He
5	1	62	1	2	18	1754	1933	59	13	54.928520	chewed
5	1	62	1	2	19	1821	1937	20	9	73.804787	se
5	1	62	1	2	20	1848	1933	63	19	94.269531	interest
5	1	62	1	2	21	1919	1932	14	12	76.442917	in
5	1	62	1	2	22	1941	1934	60	18	82.492416	writing
5	1	62	1	2	23	2007	1935	9	8	91.711464	up
5	1	62	1	2	24	2035	1935	14	7	45.162460	a!
4	1	62	1	3	0	756	1941	1498	31	-1	
5	1	62	1	3	1	756	1954	35	12	89.363647	that
5	1	62	1	3	2	798	1955	32	12	89.363647	five
5	1	62	1	3	3	838	1956	71	10	11.061012	miactos
5	1	62	1	3	4	914	1953	87	17	8.152077	distuouag
5	1	62	1	3	5	1007	1954	21	13	57.763523	Ka
5	1	62	1	3	6	1033	1955	63	15	20.275833	subject
5	1	62	1	3	7	1104	1956	62	12	29.174202	matter
5	1	62	1	3	8	1174	1954	84	17	11.372948	(together
5	1	62	1	3	9	1268	1941	38	27	87.523697	with
5	1	62	1	3	10	1314	1942	224	30	61.910484	sending
5	1	62	1	3	11	1392	1937	36	39	62.488983	mas
5	1	62	1	3	12	1437	1942	101	30	25.524475	10-ccstenee
5	1	62	1	3	13	1542	1942	54	28	63.865860	email,
5	1	62	1	3	14	1601	1953	75	15	26.996323	sutliaing
5	1	62	1	3	15	1682	1952	27	13	93.527580	the
5	1	62	1	3	16	1715	1955	35	9	78.496796	core
5	1	62	1	3	17	1756	1952	59	13	0.766823	apecte
5	1	62	1	3	18	1822	1950	17	12	91.364632	of
5	1	62	1	3	19	1845	1949	24	13	81.628593	his
5	1	62	1	3	20	1876	1949	91	15	64.259766	fascinating
5	1	62	1	3	21	1974	1946	114	16	37.582336	methodology)
5	1	62	1	3	22	2096	1946	30	12	79.559937	and
5	1	62	1	3	23	2132	1946	87	15	42.577572	suggesting
5	1	62	1	3	24	2227	1946	6	12	54.051666	I
5	1	62	1	3	25	2240	1950	14	8	54.051666	re
4	1	62	1	4	0	756	1969	1662	34	-1	
5	1	62	1	4	1	756	1971	49	12	3.606033	Ct
5	1	62	1	4	2	822	1970	18	30	18.376022	OT
5	1	62	1	4	3	853	1965	29	42	0.000000	oo8
5	1	62	1	4	4	892	1965	42	42	25.330353	tices
5	1	62	1	4	5	944	1965	60	42	16.744545	Mickend
5	1	62	1	4	6	1014	1971	36	29	14.705444	tig
5	1	62	1	4	7	1077	1965	22	42	0.000000	toe
5	1	62	1	4	8	1103	1971	34	30	18.196594	erie
5	1	62	1	4	9	1145	1971	36	31	0.000000	F2T,
5	1	62	1	4	10	1186	1972	27	14	51.627937	23.
5	1	62	1	4	11	1221	1970	33	18	27.459480	381
5	1	62	1	4	12	1291	1989	27	14	54.471783	set
5	1	62	1	4	13	1579	1985	93	15	0.000000	—"
5	1	62	1	4	14	1745	1983	18	13	51.467587	ef
5	1	62	1	4	15	1768	1983	23	13	81.224525	bie
5	1	62	1	4	16	1797	1982	56	13	24.227150	results,
5	1	62	1	4	17	1868	1982	28	12	71.643608	Fer
5	1	62	1	4	18	1902	1981	74	14	62.739758	Instance,
5	1	62	1	4	19	1983	1980	31	12	76.772064	thie
5	1	62	1	4	20	2021	1979	15	12	96.671730	blog
5	1	62	1	4	21	2064	1981	61	13	83.004265	reports
5	1	62	1	4	22	2132	1977	60	16	63.386688	Selevay
5	1	62	1	4	23	2201	1982	29	7	96.378494	was
5	1	62	1	4	24	2237	1977	26	13	95.865067	the
5	1	62	1	4	25	2271	1977	31	15	91.273621	only
5	1	62	1	4	26	2307	1976	111	13	54.969975	mathomationn
4	1	62	1	5	0	826	1989	1591	14	-1	
5	1	62	1	5	1	826	1991	10	8	60.910217	a
5	1	62	1	5	2	1673	1989	9	9	0.000000	.
5	1	62	1	5	3	1854	1991	5	4	20.118958	7
5	1	62	1	5	4	2330	1992	4	5	0.000000	.
5	1	62	1	5	5	2383	1990	34	13	18.480835	seal
4	1	62	1	6	0	758	1983	1623	55	-1	
5	1	62	1	6	1	758	2004	18	10	57.227379	le
5	1	62	1	6	2	783	2007	34	8	44.607166	ever
5	1	62	1	6	3	823	2004	53	11	23.414223	casiene
5	1	62	1	6	4	883	2004	55	10	61.415081	tenure
5	1	62	1	6	5	946	2002	38	13	91.628578	from
5	1	62	1	6	6	989	1983	158	42	0.000000	Datacenter
5	1	62	1	6	7	1153	1983	81	42	0.000000	tedlcnted
5	1	62	1	6	8	1259	1987	61	40	47.354298	before
5	1	62	1	6	9	1323	1985	24	42	0.000000	Te
5	1	62	1	6	10	1351	1985	91	42	0.000000	'publlabed
5	1	62	1	6	11	1452	1985	43	42	37.060299	sain
5	1	62	1	6	12	1490	1986	26	52	66.621635	sis
5	1	62	1	6	13	1528	1986	50	52	41.958931	pope
5	1	62	1	6	14	1587	1985	48	41	67.537369	‘Alco,
5	1	62	1	6	15	1641	1985	39	41	36.139603	many
5	1	62	1	6	16	1737	2004	27	8	79.710594	jane
5	1	62	1	6	17	1772	1998	20	17	62.203556	(8,
5	1	62	1	6	18	1800	1999	25	14	92.412338	13,
5	1	62	1	6	19	1833	1999	24	14	93.087135	18,
5	1	62	1	6	20	1865	1998	24	14	71.886993	28,
5	1	62	1	6	21	1898	1998	24	13	88.339722	27,
5	1	62	1	6	22	1938	1997	15	14	93.792290	28,
5	1	62	1	6	23	1962	1996	24	14	71.516609	33,
5	1	62	1	6	24	1995	1996	25	14	80.653229	34,
5	1	62	1	6	25	2023	1979	33	49	66.754967	35f
5	1	62	1	6	26	2063	1994	34	12	25.703217	tava
5	1	62	1	6	27	2143	1994	58	12	53.773098	commented
5	1	62	1	6	28	2209	1994	48	12	36.938042	about
5	1	62	1	6	29	2265	1993	79	14	48.662674	Selevay's
5	1	62	1	6	30	2351	1995	30	9	40.479179	was
4	1	62	1	7	0	759	2013	1641	29	-1	
5	1	62	1	7	1	759	2018	89	13	60.357227	reluctance
5	1	62	1	7	2	856	2021	19	9	70.593140	te
5	1	62	1	7	3	882	2018	63	15	32.945053	peblich
5	1	62	1	7	4	998	2021	54	13	0.000000	Feealte
5	1	62	1	7	5	1059	2021	19	13	91.976105	he
5	1	62	1	7	6	1392	2031	4	4	19.891113	z
5	1	62	1	7	7	1502	2013	42	29	49.084473	jens
5	1	62	1	7	8	1609	2019	41	15	30.085129	jeatly
5	1	62	1	7	9	1682	2017	34	13	75.782433	valued.
5	1	62	1	7	10	2398	2023	2	2	62.679832	i
4	1	62	1	8	0	803	2017	1616	44	-1	
5	1	62	1	8	1	803	2035	45	12	49.220840	Thue
5	1	62	1	8	2	857	2037	18	10	93.183228	ot
5	1	62	1	8	3	885	2035	27	12	96.595268	the
5	1	62	1	8	4	918	2018	93	41	0.000000	cwegmtion
5	1	62	1	8	5	1016	2038	43	13	57.542038	aes
5	1	62	1	8	6	1065	2017	108	43	0.000000	ptientaterh
5	1	62	1	8	7	1168	2017	79	43	36.631844	easter
5	1	62	1	8	8	1254	2019	38	41	57.713394	fod)
5	1	62	1	8	9	1289	2018	51	43	53.287468	Tet
5	1	62	1	8	10	1349	2018	32	43	49.490295	SSL
5	1	62	1	8	11	1389	2018	60	43	15.920067	arilele
5	1	62	1	8	12	1451	2024	31	32	38.087952	‘a0
5	1	62	1	8	13	1497	2020	71	39	28.684357	Tesluded
5	1	62	1	8	14	1577	2024	10	25	53.612652	©
5	1	62	1	8	15	1588	2019	106	39	0.000000	Teliberately
5	1	62	1	8	16	1704	2031	97	15	66.079254	“abbreviated
5	1	62	1	8	17	1811	2032	54	14	91.307159	4-page
5	1	62	1	8	18	1875	2029	79	16	49.963974	Appeadia
5	1	62	1	8	19	1965	2029	12	12	89.643990	A
5	1	62	1	8	20	1987	2028	36	12	89.643990	that
5	1	62	1	8	21	2033	2026	91	13	73.843079	formalised
5	1	62	1	8	22	2133	2029	9	8	37.552193	«
5	1	62	1	8	23	2150	2026	60	16	90.368759	slightly
5	1	62	1	8	24	2219	2025	57	13	90.377327	weaker
5	1	62	1	8	25	2285	2022	134	15	29.522308	but-more-cesily
2	1	63	0	0	0	760	2041	1661	86	-1	
3	1	63	1	0	0	2022	2041	398	25	-1	
4	1	63	1	1	0	2022	2041	398	25	-1	
5	1	63	1	1	1	2022	2041	7	25	11.887985	‘i
5	1	63	1	1	2	2359	2051	4	5	48.930759	»
5	1	63	1	1	3	2376	2042	44	14	95.701515	Also,
3	1	63	2	0	0	760	2042	1596	34	-1	
4	1	63	2	1	0	760	2042	1596	34	-1	
5	1	63	2	1	1	760	2054	135	14	6.260284	eomprobensitie
5	1	63	2	1	2	904	2054	59	14	61.581272	variant
5	1	63	2	1	3	971	2056	17	12	93.266304	of
5	1	63	2	1	4	995	2056	72	15	43.442005	Theeres
5	1	63	2	1	5	1149	2058	28	14	71.696320	hor
5	1	63	2	1	6	1188	2058	31	14	9.447693	insl,
5	1	63	2	1	7	1284	2063	36	10	10.743324	fevulte,
5	1	63	2	1	8	1361	2059	65	17	92.895699	partially
5	1	63	2	1	9	1494	2058	34	17	81.790421	folly
5	1	63	2	1	10	1537	2057	71	16	6.792160	enalegons
5	1	63	2	1	11	1616	2043	15	36	29.786110	to
5	1	63	2	1	12	1637	2055	62	13	50.258873	Theorem
5	1	63	2	1	13	1705	2054	27	13	83.085327	3.1,
5	1	63	2	1	14	1741	2056	37	9	92.452965	were
5	1	63	2	1	15	1787	2050	79	17	90.869270	published
5	1	63	2	1	16	1874	2049	21	16	93.180573	by
5	1	63	2	1	17	1904	2048	139	16	20.409943	Buss-Igajatovic,
5	1	63	2	1	18	2051	2044	65	17	57.470264	Svajdar
5	1	63	2	1	19	2125	2046	29	11	88.135147	aad
5	1	63	2	1	20	2162	2045	75	13	56.429291	ourselves
5	1	63	2	1	21	2245	2045	16	13	91.459595	in
5	1	63	2	1	22	2270	2044	20	17	86.604362	[5,
5	1	63	2	1	23	2298	2045	26	13	94.167397	33,
5	1	63	2	1	24	2332	2042	24	17	92.254791	43]
3	1	63	3	0	0	762	2054	1659	45	-1	
4	1	63	3	1	0	762	2054	1659	45	-1	
5	1	63	3	1	1	762	2070	75	13	51.276020	Pudlék’s
5	1	63	3	1	2	845	2070	52	13	5.045135	tnkial
5	1	63	3	1	3	906	2075	47	12	92.946274	paper
5	1	63	3	1	4	961	2071	29	18	67.721741	[27]
5	1	63	3	1	5	997	2077	50	11	59.208900	comes
5	1	63	3	1	6	1051	2055	96	42	35.981407	poh
5	1	63	3	1	7	1150	2066	22	32	73.837616	te
5	1	63	3	1	8	1180	2054	111	44	0.000000	nataning
5	1	63	3	1	9	1294	2055	88	44	3.946228	Thseten
5	1	63	3	1	10	1388	2077	39	14	31.638771	Sif,
5	1	63	3	1	11	1437	2055	54	43	39.520016	vera.
5	1	63	3	1	12	1505	2054	112	42	0.000000	Wiaberteores
5	1	63	3	1	13	1625	2071	58	15	61.065262	Pudldk
5	1	63	3	1	14	1691	2070	69	16	38.769249	epecifien
5	1	63	3	1	15	1768	2068	15	14	86.375359	in
5	1	63	3	1	16	1792	2067	28	17	83.992035	[28]
5	1	63	3	1	17	1830	2067	33	12	96.854591	that
5	1	63	3	1	18	1872	2070	42	9	75.749451	some
5	1	63	3	1	19	1922	2063	123	17	0.000000	aleo-vapublished
5	1	63	3	1	20	2052	2062	42	13	96.911003	work
5	1	63	3	1	21	2102	2062	21	15	96.634590	by
5	1	63	3	1	22	2131	2062	57	15	93.258339	Harvey
5	1	63	3	1	23	2195	2062	77	12	64.378891	Pricdmasn
5	1	63	3	1	24	2280	2061	20	16	47.338966	[8]
5	1	63	3	1	25	2309	2064	37	9	72.201324	ruse
5	1	63	3	1	26	2354	2060	16	12	68.913147	in
5	1	63	3	1	27	2378	2062	43	9	95.397377	some
3	1	63	4	0	0	763	2086	1252	41	-1	
4	1	63	4	1	0	763	2086	1252	29	-1	
5	1	63	4	1	1	763	2086	73	29	55.500370	partially
5	1	63	4	1	2	845	2086	178	19	0.000000	tui-net
5	1	63	4	1	3	907	2082	31	37	66.725037	{utp
5	1	63	4	1	4	947	2086	71	19	7.324692	saslegeue
5	1	63	4	1	5	1029	2092	49	13	91.357529	directions
5	1	63	4	1	6	1124	2095	19	11	84.473297	to
5	1	63	4	1	7	1151	2093	80	13	11.319801	Pudldh’s
5	1	63	4	1	8	1240	2093	42	13	81.772057	werk
5	1	63	4	1	9	1290	2097	21	9	70.523827	oa
5	1	63	4	1	10	1320	2093	48	17	62.568642	proof
5	1	63	4	1	11	1375	2093	70	17	81.899406	leagths.
5	1	63	4	1	12	1761	2101	49	13	15.653244	aye
5	1	63	4	1	13	1916	2098	99	13	0.000000	xedavans'S-
4	1	63	4	2	0	832	2099	1076	28	-1	
5	1	63	4	2	1	828	2099	25	36	11.041870	Sp
5	1	63	4	2	2	873	2099	39	36	12.553513	Laan:
5	1	63	4	2	3	921	2099	24	36	47.707783	tbe
5	1	63	4	2	4	957	2099	45	36	51.333179	render
5	1	63	4	2	5	1014	2099	27	36	93.719788	will
5	1	63	4	2	6	1053	2099	18	36	90.491135	be
5	1	63	4	2	7	1080	2099	66	36	74.264381	happily
5	1	63	4	2	8	1155	2099	69	36	13.125229	relieved
5	1	63	4	2	9	1235	2099	19	36	87.790726	to
5	1	63	4	2	10	1263	2099	44	36	46.877464	leara
5	1	63	4	2	11	1317	2099	30	36	91.428421	our
5	1	63	4	2	12	1356	2099	48	36	74.659157	proof
5	1	63	4	2	13	1413	2099	15	36	92.068581	of
5	1	63	4	2	14	1440	2111	9	13	41.310356	P
5	1	63	4	2	15	1461	2099	12	36	39.127510	yt
5	1	63	4	2	16	1482	2110	27	13	65.656784	NF
5	1	63	4	2	17	1521	2099	33	36	94.311737	will
5	1	63	4	2	18	1563	2099	39	36	66.033325	never
5	1	63	4	2	19	1611	2099	18	36	58.278885	we
5	1	63	4	2	20	1638	2099	24	36	93.271149	the
5	1	63	4	2	21	1671	2099	84	36	16.413109	formalian
5	1	63	4	2	22	1818	2099	90	16	13.818924	mysterious
2	1	64	0	0	0	495	2105	1927	81	-1	
3	1	64	1	0	0	499	2108	1923	74	-1	
4	1	64	1	1	0	925	2108	1497	41	-1	
5	1	64	1	1	1	925	2120	7	6	19.945457	*
5	1	64	1	1	2	943	2116	44	33	0.000000	aeval
5	1	64	1	1	3	2002	2113	14	12	20.370033	signal
5	1	64	1	1	4	2064	2098	49	32	53.038254	about
5	1	64	1	1	5	2123	2110	38	12	93.222015	what
5	1	64	1	1	6	2169	2098	40	32	45.559917	eteps
5	1	64	1	1	7	2219	2114	6	8	37.453213	a
5	1	64	1	1	8	2235	2098	41	32	36.425709	preaf
5	1	64	1	1	9	2283	2098	19	32	92.875984	of
5	1	64	1	1	10	2312	2110	6	12	59.943855	P
5	1	64	1	1	11	2331	2109	8	15	11.625992	¥
5	1	64	1	1	12	2352	2108	25	13	94.395103	NP
5	1	64	1	1	13	2387	2098	38	32	66.442368	mest
4	1	64	1	2	0	495	2105	1500	81	-1	
5	1	64	1	2	1	495	2123	48	63	65.314659	Ss.
5	1	64	1	2	2	564	2105	93	76	37.854431	tort
5	1	64	1	2	3	760	2114	75	39	9.627274	fot
5	1	64	1	2	4	844	2114	33	39	34.914238	dey
5	1	64	1	2	5	892	2119	32	13	18.839104	aad
5	1	64	1	2	6	990	2123	19	16	93.441330	by
5	1	64	1	2	7	1016	2125	15	13	72.248047	J.
5	1	64	1	2	8	1038	2126	22	13	72.248047	M.
5	1	64	1	2	9	1068	2127	64	15	76.561012	Barrle,
5	1	64	1	2	10	1139	2131	19	9	46.929951	a0
5	1	64	1	2	11	1167	2131	22	9	81.696640	am
5	1	64	1	2	12	1197	2126	117	14	84.861435	Intermediate
5	1	64	1	2	13	1321	2130	44	13	57.203640	step,
5	1	64	1	2	14	1377	2127	71	16	91.044296	Instead,
5	1	64	1	2	15	1457	2127	27	13	86.612434	the
5	1	64	1	2	16	1491	2125	33	14	69.366211	sole
5	1	64	1	2	17	1532	2124	70	14	89.640472	function
5	1	64	1	2	18	1610	2112	15	35	95.912865	of
5	1	64	1	2	19	1633	2112	31	35	70.365036	thie
5	1	64	1	2	20	1674	2112	109	35	13.696938	aeenpubishad
5	1	64	1	2	21	1790	2112	60	35	90.542152	theorem
5	1	64	1	2	22	1863	2116	14	12	35.556908	Ie
5	1	64	1	2	23	1884	2112	15	35	77.086044	to
5	1	64	1	2	24	1908	2118	43	9	74.484276	serve
5	1	64	1	2	25	1959	2118	18	8	61.787712	as
5	1	64	1	2	26	1986	2118	9	8	41.317326	&
4	1	64	1	3	0	539	2156	22	9	-1	
5	1	64	1	3	1	539	2156	22	9	77.699745	-
2	1	65	0	0	0	2018	2091	402	33	-1	
3	1	65	1	0	0	2018	2091	402	33	-1	
4	1	65	1	1	0	2018	2091	402	33	-1	
5	1	65	1	1	1	2018	2098	15	13	26.612053	1,
5	1	65	1	1	2	2040	2095	46	29	48.331604	vies
5	1	65	1	1	3	2093	2095	17	12	45.735489	im
5	1	65	1	1	4	2118	2098	19	9	46.036858	wa
5	1	65	1	1	5	2145	2094	54	15	52.445671	analog
5	1	65	1	1	6	2206	2094	16	12	96.755600	of
5	1	65	1	1	7	2229	2095	24	12	95.729759	the
5	1	65	1	1	8	2261	2094	46	13	95.729759	taboo
5	1	65	1	1	9	2316	2091	104	14	78.739960	“Neverland”
2	1	66	0	0	0	767	2134	1659	55	-1	
3	1	66	1	0	0	767	2134	1659	51	-1	
4	1	66	1	1	0	1061	2134	1365	51	-1	
5	1	66	1	1	1	1061	2155	39	30	44.547264	om
5	1	66	1	1	2	1623	2145	43	30	84.104706	cons
5	1	66	1	1	3	1907	2149	12	11	7.257317	P
5	1	66	1	1	4	1925	2139	33	30	65.324913	will
5	1	66	1	1	5	1968	2146	16	13	10.379044	Uh
5	1	66	1	1	6	2043	2134	78	31	43.754234	‘Theorem
5	1	66	1	1	7	2133	2144	24	12	90.800934	3.1
5	1	66	1	1	8	2165	2134	15	31	51.643974	a0
5	1	66	1	1	9	2190	2147	6	8	40.449188	0
5	1	66	1	1	10	2205	2134	58	31	82.129501	beacon,
5	1	66	1	1	11	2270	2134	73	31	59.399696	signaling
5	1	66	1	1	12	2350	2134	35	31	87.348358	that
5	1	66	1	1	13	2394	2134	32	31	81.059921	only
4	1	66	1	2	0	767	2140	1656	49	-1	
5	1	66	1	2	1	767	2149	26	32	56.056515	Pa
5	1	66	1	2	2	795	2147	79	38	0.000000	acceyied
5	1	66	1	2	3	875	2151	64	15	16.702118	pecones
5	1	66	1	2	4	946	2155	40	13	11.264374	there
5	1	66	1	2	5	993	2161	24	9	74.989418	are
5	1	66	1	2	6	1025	2163	19	9	59.266949	ne
5	1	66	1	2	7	1050	2160	84	16	80.325233	examples
5	1	66	1	2	8	1141	2161	19	13	95.720985	of
5	1	66	1	2	9	1167	2160	55	14	72.438126	viable
5	1	66	1	2	10	1228	2161	67	16	78.398117	Type-S
5	1	66	1	2	11	1302	2161	53	17	50.214111	logles
5	1	66	1	2	12	1362	2161	35	13	96.600441	that
5	1	66	1	2	13	1407	2161	50	15	94.102539	verify
5	1	66	1	2	14	1464	2160	41	13	94.102539	their
5	1	66	1	2	15	1513	2158	61	15	50.802349	Hilbert
5	1	66	1	2	16	1582	2156	39	17	67.737251	style
5	1	66	1	2	17	1661	2146	62	43	0.000000	teeny
5	1	66	1	2	18	1739	2146	34	43	51.613918	Ove
5	1	66	1	2	19	1782	2143	35	42	26.970604	eat
5	1	66	1	2	20	1827	2149	50	29	26.147163	oe
5	1	66	1	2	21	1890	2143	64	42	0.000000	Nluce
5	1	66	1	2	22	1956	2140	135	41	0.000000	erehoadber
5	1	66	1	2	23	2098	2159	59	15	53.306561	remo)
5	1	66	1	2	24	2167	2159	28	13	66.155579	wp
5	1	66	1	2	25	2204	2159	62	12	34.212662	bien
5	1	66	1	2	26	2273	2158	104	13	48.490913	dees
5	1	66	1	2	27	2385	2156	38	13	24.793869	ete
2	1	67	0	0	0	512	2171	357	160	-1	
3	1	67	1	0	0	512	2171	357	160	-1	
4	1	67	1	1	0	512	2171	357	76	-1	
5	1	67	1	1	1	512	2171	257	76	95.000000	   
5	1	67	1	1	2	826	2238	43	9	95.000000	 
4	1	67	1	2	0	512	2247	357	84	-1	
5	1	67	1	2	1	512	2247	357	84	95.000000	 
2	1	68	0	0	0	763	2157	939	42	-1	
3	1	68	1	0	0	763	2157	939	42	-1	
4	1	68	1	1	0	763	2157	939	42	-1	
5	1	68	1	1	1	763	2157	61	42	0.000000	bedorsh
5	1	68	1	1	2	899	2169	38	12	81.299530	week
5	1	68	1	1	3	944	2170	70	17	0.000000	TYPs-NS
5	1	68	1	1	4	1022	2175	95	15	76.119530	formaliome
5	1	68	1	1	5	1125	2165	27	35	63.814407	can
5	1	68	1	1	6	1159	2178	71	15	43.485611	plonsibly
5	1	68	1	1	7	1236	2179	59	14	24.430099	ouppert
5	1	68	1	1	8	1302	2182	10	9	58.989674	a
5	1	68	1	1	9	1321	2178	48	16	19.097519	proef
5	1	68	1	1	10	1376	2178	18	13	94.932327	of
5	1	68	1	1	11	1403	2177	34	16	30.670486	Py
5	1	68	1	1	12	1447	2177	38	15	93.309799	NP,
5	1	68	1	1	13	1493	2176	26	13	70.992027	via
5	1	68	1	1	14	1526	2173	117	18	5.683586	ealf-justifying
5	1	68	1	1	15	1651	2170	51	17	41.408600	logics.
2	1	69	0	0	0	769	2189	1660	76	-1	
3	1	69	1	0	0	769	2189	1660	72	-1	
4	1	69	1	1	0	811	2189	161	42	-1	
5	1	69	1	1	1	811	2189	63	42	51.529850	ak
5	1	69	1	1	2	871	2194	62	20	50.574524	Saction's
5	1	69	1	1	3	940	2203	32	14	49.755859	Tule
4	1	69	1	2	0	827	2218	17	8	-1	
5	1	69	1	2	1	827	2218	17	8	42.486492	tas
4	1	69	1	3	0	769	2215	1660	50	-1	
5	1	69	1	3	1	769	2228	57	13	0.000000	stivern
5	1	69	1	3	2	834	2214	19	44	17.327461	fd
5	1	69	1	3	3	859	2218	69	31	0.000000	Geatich,
5	1	69	1	3	4	932	2217	59	44	31.794586	Tones
5	1	69	1	3	5	1001	2217	34	44	20.052208	ess
5	1	69	1	3	6	1045	2217	30	44	12.826706	salt
5	1	69	1	3	7	1082	2229	89	16	0.000000	iuatifying
5	1	69	1	3	8	1179	2228	57	14	53.237389	axiom
5	1	69	1	3	9	1244	2231	72	14	0.000000	systems
5	1	69	1	3	10	1325	2234	41	8	94.021355	were
5	1	69	1	3	11	1375	2229	27	13	91.421173	the
5	1	69	1	3	12	1412	2228	91	14	26.817436	eonference
5	1	69	1	3	13	1512	2230	57	13	81.437103	papers
5	1	69	1	3	14	1579	2221	62	32	40.516682	137,
5	1	69	1	3	15	1621	2217	19	44	58.880783	30)
5	1	69	1	3	16	1654	2217	37	44	14.005547	wee
5	1	69	1	3	17	1709	2224	23	24	0.000000	vei
5	1	69	1	3	18	1751	2215	51	50	43.380390	wrong
5	1	69	1	3	19	1808	2212	19	38	26.380310	ne
5	1	69	1	3	20	1839	2212	23	38	30.119598	ree
5	1	69	1	3	21	1870	2233	68	13	0.000000	vateme
5	1	69	1	3	22	1946	2229	36	13	92.210434	that
5	1	69	1	3	23	1991	2227	74	13	76.438492	aatiafied
5	1	69	1	3	24	2075	2227	80	15	49.422871	Equation
5	1	69	1	3	25	2171	2224	32	16	60.215546	(2)'s
5	1	69	1	3	26	2210	2225	60	14	47.072227	Type-A
5	1	69	1	3	27	2278	2224	98	15	34.068275	requirement
5	1	69	1	3	28	2384	2219	45	14	32.027962	sould
2	1	70	0	0	0	241	2174	2194	126	-1	
3	1	70	1	0	0	241	2178	2194	122	-1	
4	1	70	1	1	0	1000	2235	1431	29	-1	
5	1	70	1	1	1	1000	2241	13	13	80.876060	&
5	1	70	1	1	2	1022	2243	75	15	58.662983	Munducl
5	1	70	1	1	3	1150	2246	61	12	81.462265	Beame
5	1	70	1	1	4	1220	2246	14	13	42.021851	&
5	1	70	1	1	5	1245	2246	49	14	84.264328	Buse,
5	1	70	1	1	6	1306	2246	36	14	94.497543	The
5	1	70	1	1	7	1352	2246	58	13	45.162323	former
5	1	70	1	1	8	1441	2248	27	12	88.228165	paper
5	1	70	1	1	9	1478	2242	30	18	86.017296	[37]
5	1	70	1	1	10	1517	2241	65	14	35.065033	esteblie!
5	1	70	1	1	11	1868	2236	13	28	85.623322	ry
5	1	70	1	1	12	1957	2245	63	13	22.678680	Tilbert
5	1	70	1	1	13	2029	2243	101	14	62.210850	coasistency
5	1	70	1	1	14	2140	2246	20	8	94.026062	and
5	1	70	1	1	15	2180	2240	86	17	85.794350	speculated
5	1	70	1	1	16	2273	2239	64	13	87.031952	whether
5	1	70	1	1	17	2346	2243	10	8	67.823898	«
5	1	70	1	1	18	2364	2236	44	16	70.919449	proof
5	1	70	1	1	19	2415	2235	16	13	91.207748	of
4	1	70	1	2	0	241	2174	2194	121	-1	
5	1	70	1	2	1	241	2174	188	121	72.790924	Br
5	1	70	1	2	2	770	2260	32	15	21.242424	PPA
5	1	70	1	2	3	829	2263	13	12	30.196953	r
5	1	70	1	2	4	849	2252	69	27	46.382679	edd
5	1	70	1	2	5	901	2245	19	44	76.480553	be
5	1	70	1	2	6	927	2245	56	44	0.000000	cocnnt
5	1	70	1	2	7	993	2245	67	44	0.000000	lablanan
5	1	70	1	2	8	1070	2261	110	17	60.516941	consistancy,
5	1	70	1	2	9	1194	2262	35	13	87.154030	‘The
5	1	70	1	2	10	1238	2262	51	13	77.127853	latter
5	1	70	1	2	11	1299	2262	58	14	95.087120	article
5	1	70	1	2	12	1373	2261	25	18	64.001236	[88]
5	1	70	1	2	13	1407	2249	81	26	55.481056	Indicated
5	1	70	1	2	14	1497	2263	44	10	67.881302	come
5	1	70	1	2	15	1549	2256	75	17	14.978477	TypeNS
5	1	70	1	2	16	1631	2256	67	14	38.250980	systema
5	1	70	1	2	17	1701	2235	49	44	27.191307	soul
5	1	70	1	2	18	1829	2251	25	10	80.847778	ate
5	1	70	1	2	19	1865	2248	40	12	76.008331	their
5	1	70	1	2	20	1913	2250	35	9	72.482567	owe
5	1	70	1	2	21	2293	2273	2	3	39.205399	;
5	1	70	1	2	22	2416	2268	19	12	0.000000	=
4	1	70	1	3	0	890	2271	1525	29	-1	
5	1	70	1	3	1	890	2281	2	3	35.992142	inne
5	1	70	1	3	2	928	2284	34	15	30.706848	I-49,
5	1	70	1	3	3	1021	2276	25	13	55.908428	vis
5	1	70	1	3	4	1053	2282	10	8	0.000000	@
5	1	70	1	3	5	1070	2279	95	16	58.268719	souped-up
5	1	70	1	3	6	1173	2279	65	14	90.589691	version
5	1	70	1	3	7	1246	2279	20	14	96.118454	of
5	1	70	1	3	8	1272	2279	46	14	75.788765	these
5	1	70	1	3	9	1326	2282	66	11	62.569469	results.
5	1	70	1	3	10	1718	2288	44	12	54.852734	years
5	1	70	1	3	11	1770	2283	34	13	88.075066	that
5	1	70	1	3	12	1812	2281	31	13	96.444450	had
5	1	70	1	3	13	1851	2279	83	17	88.441124	separated
5	1	70	1	3	14	1944	2279	27	12	93.071548	the
5	1	70	1	3	15	1981	2282	46	11	59.383129	years
5	1	70	1	3	16	2035	2278	39	12	80.654610	1996
5	1	70	1	3	17	2084	2276	41	13	87.138054	frem
5	1	70	1	3	18	2134	2276	40	12	93.215057	2014
5	1	70	1	3	19	2182	2273	77	16	52.310787	obviowly
5	1	70	1	3	20	2267	2273	72	12	87.488930	indicates
5	1	70	1	3	21	2348	2271	34	12	90.700905	that
5	1	70	1	3	22	2391	2273	24	8	67.033920	mw
2	1	71	0	0	0	854	2279	856	48	-1	
3	1	71	1	0	0	854	2279	856	48	-1	
4	1	71	1	1	0	854	2279	66	16	-1	
5	1	71	1	1	1	854	2279	66	16	53.483154	Sections
4	1	71	1	2	0	864	2286	846	27	-1	
5	1	71	1	2	1	864	2298	37	12	74.284561	work
5	1	71	1	2	2	910	2303	28	10	61.116989	wee
5	1	71	1	2	3	968	2288	16	12	0.000000	10uf
5	1	71	1	2	4	1005	2291	14	17	43.483044	[88]
5	1	71	1	2	5	1027	2292	56	18	74.736000	briefly
5	1	71	1	2	6	1091	2295	76	14	81.859207	outlined
5	1	71	1	2	7	1178	2296	29	13	92.862404	the
5	1	71	1	2	8	1215	2297	116	15	59.226219	eppreaimate
5	1	71	1	2	9	1341	2300	65	9	38.109173	reasons
5	1	71	1	2	10	1414	2296	24	12	88.297806	for
5	1	71	1	2	11	1447	2293	45	18	2.212631	[36]'
5	1	71	1	2	12	1501	2297	36	9	93.433739	core
5	1	71	1	2	13	1545	2290	93	16	42.539719	conjecture.
5	1	71	1	2	14	1651	2287	33	13	96.308060	The
5	1	71	1	2	15	1692	2286	18	13	93.699486	18
4	1	71	1	3	0	1004	2310	198	17	-1	
5	1	71	1	3	1	1004	2310	17	11	28.742508	te
5	1	71	1	3	2	1028	2312	79	15	10.399307	eomyplete
5	1	71	1	3	3	1115	2313	34	13	80.759430	this
5	1	71	1	3	4	1158	2314	44	13	76.684372	task.
2	1	72	0	0	0	1793	2203	635	27	-1	
3	1	72	1	0	0	1793	2203	635	27	-1	
4	1	72	1	1	0	1793	2203	635	27	-1	
5	1	72	1	1	1	1793	2216	39	14	0.000000	loual
5	1	72	1	1	2	1842	2215	56	13	95.677567	results
5	1	72	1	1	3	1907	2218	38	9	96.206871	were
5	1	72	1	1	4	1954	2212	91	15	53.690376	thankfully
5	1	72	1	1	5	2055	2210	60	15	96.623589	readily
5	1	72	1	1	6	2125	2209	73	15	94.972229	accepted
5	1	72	1	1	7	2207	2208	20	15	84.170868	by
5	1	72	1	1	8	2235	2209	25	12	96.396133	the
5	1	72	1	1	9	2268	2208	79	15	83.529541	respective
5	1	72	1	1	10	2355	2209	49	9	75.313507	teams
5	1	72	1	1	11	2412	2203	16	13	94.263779	of
2	1	73	0	0	0	1640	2240	16	11	-1	
3	1	73	1	0	0	1640	2240	16	11	-1	
4	1	73	1	1	0	1640	2240	16	11	-1	
5	1	73	1	1	1	1640	2240	16	11	95.000000	 
2	1	74	0	0	0	391	2387	610	174	-1	
3	1	74	1	0	0	391	2387	610	174	-1	
4	1	74	1	1	0	391	2387	610	174	-1	
5	1	74	1	1	1	391	2387	610	174	95.000000	 
2	1	75	0	0	0	324	2571	556	190	-1	
3	1	75	1	0	0	324	2571	556	186	-1	
4	1	75	1	1	0	433	2571	315	47	-1	
5	1	75	1	1	1	433	2580	58	25	92.452919	No.
5	1	75	1	1	2	503	2571	245	47	17.851761	0FSH6181014
4	1	75	1	2	0	324	2621	556	44	-1	
5	1	75	1	2	1	324	2635	90	26	16.320076	wialy
5	1	75	1	2	2	429	2621	124	38	58.087383	Pubfic,
5	1	75	1	2	3	564	2627	92	26	96.655334	State
5	1	75	1	2	4	667	2628	38	24	96.440720	of
5	1	75	1	2	5	714	2625	75	40	96.536278	New
5	1	75	1	2	6	803	2628	77	25	95.722519	Yori
4	1	75	1	3	0	350	2667	492	44	-1	
5	1	75	1	3	1	350	2667	161	44	75.611183	ualified
5	1	75	1	3	2	525	2676	32	25	96.663689	in
5	1	75	1	3	3	571	2675	130	31	96.361885	Albany
5	1	75	1	3	4	714	2671	128	36	82.447731	Count:
4	1	75	1	4	0	391	2705	470	56	-1	
5	1	75	1	4	1	391	2714	153	47	37.233536	‘nmissior
5	1	75	1	4	2	573	2722	135	30	39.252544	“xpires
5	1	75	1	4	3	719	2705	142	51	36.624901	01/22/24
