level	page_num	block_num	par_num	line_num	word_num	left	top	width	height	conf	text
1	1	0	0	0	0	0	0	2550	1970	-1	
2	1	1	0	0	0	6	2	2503	1961	-1	
3	1	1	1	0	0	6	2	2503	1961	-1	
4	1	1	1	1	0	1056	2	1224	8	-1	
5	1	1	1	1	1	1052	0	72	14	33.007309	ee
5	1	1	1	1	2	1056	2	1224	8	4.230743	aera
5	1	1	1	1	3	2231	0	20	14	23.063049	hhh
4	1	1	1	2	0	1599	117	341	34	-1	
5	1	1	1	2	1	1599	117	13	9	43.394508	2
5	1	1	1	2	2	1676	118	11	11	46.867214	«
5	1	1	1	2	3	1875	120	65	31	78.243462	28
4	1	1	1	3	0	1391	113	548	58	-1	
5	1	1	1	3	1	1391	113	40	13	42.717339	Ee
5	1	1	1	3	2	1471	114	16	12	0.000000	bb
5	1	1	1	3	3	1594	128	16	12	89.907379	a
5	1	1	1	3	4	1670	132	17	5	62.716457	7”
5	1	1	1	3	5	1874	155	17	10	53.307156	s
5	1	1	1	3	6	1923	153	16	18	57.235054	3
4	1	1	1	4	0	1212	110	727	73	-1	
5	1	1	1	4	1	1212	110	142	20	0.000000	BSBSag
5	1	1	1	4	2	1389	124	42	11	50.686867	BE
5	1	1	1	4	3	1466	127	17	17	79.754059	3
5	1	1	1	4	4	1596	123	20	35	26.445000	=}
5	1	1	1	4	5	1670	147	16	12	0.000000	%
5	1	1	1	4	6	1879	165	13	11	48.861599	3
5	1	1	1	4	7	1927	173	12	10	75.207504	3
4	1	1	1	5	0	961	107	931	89	-1	
5	1	1	1	5	1	961	107	112	21	36.799225	PUMPS
5	1	1	1	5	2	1109	109	72	23	63.020531	238,
5	1	1	1	5	3	1215	117	88	27	0.000000	agen
5	1	1	1	5	4	1318	126	37	29	0.000000	os
5	1	1	1	5	5	1394	141	89	23	48.488449	Sus
5	1	1	1	5	6	1593	160	17	9	23.768051	3s
5	1	1	1	5	7	1674	161	13	24	74.019478	8
5	1	1	1	5	8	1879	186	13	10	39.698273	2
4	1	1	1	6	0	731	105	1208	108	-1	
5	1	1	1	6	1	731	105	37	13	58.274467	Eu
5	1	1	1	6	2	803	106	16	9	77.220985	2
5	1	1	1	6	3	853	106	42	13	45.517090	us
5	1	1	1	6	4	956	120	105	16	45.987579	sage:
5	1	1	1	6	5	1133	131	42	16	69.913727	Bs
5	1	1	1	6	6	1211	133	144	25	51.696526	£86820
5	1	1	1	6	7	1393	155	38	16	14.791870	ae
5	1	1	1	6	8	1470	163	37	11	3.228462	eh,
5	1	1	1	6	9	1599	170	12	11	68.673180	6
5	1	1	1	6	10	1874	199	18	11	34.727646	3
4	1	1	1	7	0	653	103	1286	120	-1	
5	1	1	1	7	1	653	103	16	12	64.963120	>
5	1	1	1	7	2	751	120	16	4	78.845192	3
5	1	1	1	7	3	806	115	12	12	74.161400	8
5	1	1	1	7	4	858	117	57	24	11.751244	33
5	1	1	1	7	5	960	128	87	23	20.991135	Seas
5	1	1	1	7	6	1058	121	15	34	0.000000	sc
5	1	1	1	7	7	1113	135	63	24	0.000000	ER
5	1	1	1	7	8	1241	146	62	20	26.573776	Eso
5	1	1	1	7	9	1343	159	11	12	50.308029	fe
5	1	1	1	7	10	1388	170	17	6	3.373886	wot
5	1	1	1	7	11	1445	173	62	11	0.000000	DE
5	1	1	1	7	12	1670	188	16	12	80.296448	2
5	1	1	1	7	13	1874	212	17	5	37.831184	32
5	1	1	1	7	14	1927	215	12	8	49.496685	OG
4	1	1	1	8	0	524	101	1414	136	-1	
5	1	1	1	8	1	524	101	89	20	24.852280	Qspg
5	1	1	1	8	2	653	116	11	12	0.000000	e
5	1	1	1	8	3	730	118	37	21	77.258026	os
5	1	1	1	8	4	801	128	16	13	81.660164	a
5	1	1	1	8	5	857	131	38	9	54.594879	QO
5	1	1	1	8	6	957	139	66	16	44.456764	eyo
5	1	1	1	8	7	1112	157	63	8	29.361847	aga
5	1	1	1	8	8	1214	156	116	26	42.222015	eorode
5	1	1	1	8	9	1419	181	88	18	24.795654	aso
5	1	1	1	8	10	1598	192	12	12	7.099113	s
5	1	1	1	8	11	1667	192	19	36	3.228035	of
5	1	1	1	8	12	1879	220	12	7	89.176804	a
5	1	1	1	8	13	1922	224	16	13	34.576881	3
4	1	1	1	9	0	301	92	1638	159	-1	
5	1	1	1	9	1	301	101	8	3	70.575714	=
5	1	1	1	9	2	371	100	12	9	70.172256	@
5	1	1	1	9	3	398	92	27	27	47.050072	Ose
5	1	1	1	9	4	463	98	28	27	43.750465	=a
5	1	1	1	9	5	522	112	92	23	39.679600	BOSS
5	1	1	1	9	6	653	129	12	12	65.829903	5
5	1	1	1	9	7	725	130	42	22	58.723480	“a5
5	1	1	1	9	8	803	143	15	9	38.084835	<4
5	1	1	1	9	9	853	142	42	20	13.682220	~~
5	1	1	1	9	10	960	144	114	36	0.000000	fo05¢9
5	1	1	1	9	11	1108	161	72	25	25.533844	aes
5	1	1	1	9	12	1210	175	145	26	0.000000	SoG.
5	1	1	1	9	13	1394	176	113	34	0.000000	BaeBs
5	1	1	1	9	14	1598	206	12	12	7.667076	°
5	1	1	1	9	15	1875	238	16	10	52.213486	»
5	1	1	1	9	16	1926	238	13	13	52.553085	3
4	1	1	1	10	0	135	99	1803	172	-1	
5	1	1	1	10	1	135	99	94	9	13.971207	Baee
5	1	1	1	10	2	264	100	73	21	75.912338	Ben
5	1	1	1	10	3	366	111	72	20	13.077126	5°u
5	1	1	1	10	4	474	118	16	13	46.836338	8
5	1	1	1	10	5	520	121	93	24	40.056816	&—ao
5	1	1	1	10	6	721	132	21	33	46.483398	ra
5	1	1	1	10	7	857	161	64	12	75.773582	2238
5	1	1	1	10	8	959	161	114	25	41.968269	seuss
5	1	1	1	10	9	1108	174	67	18	7.814949	dom
5	1	1	1	10	10	1210	182	92	33	0.000000	Olek
5	1	1	1	10	11	1321	198	33	12	60.337452	ss
5	1	1	1	10	12	1393	202	114	25	0.000000	2S3e8
5	1	1	1	10	13	1593	219	17	16	16.871788	S
5	1	1	1	10	14	1674	225	12	10	74.230011	2
5	1	1	1	10	15	1873	247	17	9	0.000000	S
4	1	1	1	11	0	9	97	1929	184	-1	
5	1	1	1	11	1	9	97	89	24	33.305290	#58
5	1	1	1	11	2	138	108	91	24	35.988663	3288
5	1	1	1	11	3	262	117	74	24	13.521309	Bes
5	1	1	1	11	4	371	131	65	24	63.273746	peu
5	1	1	1	11	5	474	137	15	20	54.764854	©
5	1	1	1	11	6	520	141	93	25	12.189034	ogee
5	1	1	1	11	7	653	143	11	19	45.271622	&
5	1	1	1	11	8	737	152	30	26	33.822548	62
5	1	1	1	11	9	801	161	16	21	19.820511	=
5	1	1	1	11	10	858	171	62	27	27.972939	epg
5	1	1	1	11	11	955	179	123	27	0.180069	23265
5	1	1	1	11	12	1112	193	64	26	60.320095	$22
5	1	1	1	11	13	1210	200	41	17	0.000000	Bo
5	1	1	1	11	14	1265	200	89	32	0.000000	Ese
5	1	1	1	11	15	1387	217	120	41	19.999474	Seas
5	1	1	1	11	16	1598	236	12	24	77.370079	g
5	1	1	1	11	17	1670	237	16	26	40.379929	=
5	1	1	1	11	18	1874	257	64	24	63.959850	SE
4	1	1	1	12	0	10	119	1928	183	-1	
5	1	1	1	12	1	10	120	10	12	63.383682	g
5	1	1	1	12	2	60	119	38	28	40.756218	gs
5	1	1	1	12	3	133	131	43	21	0.000000	5
5	1	1	1	12	4	189	130	39	20	18.163986	oS
5	1	1	1	12	5	264	137	66	22	29.120651	Kom
5	1	1	1	12	6	367	145	41	26	90.302505	ES
5	1	1	1	12	7	467	159	24	7	42.143593	~
5	1	1	1	12	8	550	162	69	18	0.000000	OAs
5	1	1	1	12	9	730	179	37	20	45.189888	ge
5	1	1	1	12	10	813	196	4	3	64.633537	7
5	1	1	1	12	11	857	190	63	21	59.877556	Ors
5	1	1	1	12	12	954	198	17	13	0.000000	3
5	1	1	1	12	13	985	199	33	21	0.000000	Se
5	1	1	1	12	14	1036	206	40	21	0.000000	on
5	1	1	1	12	15	1112	214	63	16	21.621780	Bas
5	1	1	1	12	16	1215	218	37	16	0.000000	ae
5	1	1	1	12	17	1267	227	87	18	0.000000	SHES
5	1	1	1	12	18	1470	242	11	12	6.654625	§
5	1	1	1	12	19	1592	261	17	5	71.884628	2
5	1	1	1	12	20	1665	256	24	31	42.813385	fea
5	1	1	1	12	21	1878	285	13	10	92.511803	2
5	1	1	1	12	22	1921	283	17	19	72.885132	2
4	1	1	1	13	0	6	133	1883	176	-1	
5	1	1	1	13	1	6	133	14	6	86.968430	&
5	1	1	1	13	2	422	164	15	13	66.087173	a
5	1	1	1	13	3	468	169	16	17	0.000000	BS
5	1	1	1	13	4	525	168	88	24	15.672485	Eda
5	1	1	1	13	5	652	182	12	11	67.909622	°
5	1	1	1	13	6	799	189	28	31	17.886200	_~
5	1	1	1	13	7	882	210	13	10	88.526947	5
5	1	1	1	13	8	959	213	60	20	22.768280	29%
5	1	1	1	13	9	1035	221	12	10	61.071262	8
5	1	1	1	13	10	1112	224	62	19	22.468796	Sse
5	1	1	1	13	11	1214	231	88	19	34.113731	sESE
5	1	1	1	13	12	1342	247	11	8	8.438080	q
5	1	1	1	13	13	1439	251	42	16	50.230270	uo
5	1	1	1	13	14	1592	268	17	6	83.574631	3
5	1	1	1	13	15	1670	263	20	31	24.217941	el
5	1	1	1	13	16	1873	296	16	13	0.000000	g
4	1	1	1	14	0	9	125	1929	196	-1	
5	1	1	1	14	1	9	125	15	38	17.713158	eI
5	1	1	1	14	2	82	143	16	20	60.026379	B
5	1	1	1	14	3	138	151	90	21	17.748726	€045
5	1	1	1	14	4	262	155	43	23	66.105392	23
5	1	1	1	14	5	365	165	17	19	5.202560	e
5	1	1	1	14	6	525	188	88	16	34.237015	Egat
5	1	1	1	14	7	653	196	11	12	68.160820	8
5	1	1	1	14	8	729	201	38	12	25.754944	S83
5	1	1	1	14	9	805	212	12	9	62.770241	2
5	1	1	1	14	10	852	212	67	22	8.723221	g8e
5	1	1	1	14	11	954	224	43	13	40.922607	88
5	1	1	1	14	12	1055	229	17	14	92.273682	N
5	1	1	1	14	13	1106	230	69	27	8.688751	«38
5	1	1	1	14	14	1209	245	43	13	51.363091	S86
5	1	1	1	14	15	1290	244	64	29	0.000000	eBa
5	1	1	1	14	16	1413	259	17	13	35.331497	Cg
5	1	1	1	14	17	1469	268	38	20	48.730206	as
5	1	1	1	14	18	1593	266	17	38	0.000000	3g
5	1	1	1	14	19	1673	290	12	12	79.814575	5
5	1	1	1	14	20	1874	311	16	8	29.656487	3S
5	1	1	1	14	21	1925	313	13	8	51.309174	a
4	1	1	1	15	0	9	155	1929	180	-1	
5	1	1	1	15	1	9	155	69	11	41.098068	$=
5	1	1	1	15	2	139	162	88	24	37.742882	rare
5	1	1	1	15	3	293	176	37	16	43.667191	a2
5	1	1	1	15	4	370	182	63	22	42.691963	ER>
5	1	1	1	15	5	524	199	95	16	2.584457	Seo
5	1	1	1	15	6	725	213	41	12	71.847626	BS
5	1	1	1	15	7	806	224	11	19	17.783005	g¢g
5	1	1	1	15	8	857	225	62	18	48.565918	seg
5	1	1	1	15	9	1007	240	65	19	1.410019	#ae%
5	1	1	1	15	10	1107	254	16	12	0.000000	on
5	1	1	1	15	11	1162	259	12	11	0.000000	2
5	1	1	1	15	12	1214	252	140	31	0.000000	Seages
5	1	1	1	15	13	1400	273	56	18	0.000000	Lge
5	1	1	1	15	14	1489	287	17	9	0.000000	te
5	1	1	1	15	15	1597	288	12	19	52.164604	£
5	1	1	1	15	16	1673	304	12	9	81.843086	2
5	1	1	1	15	17	1926	323	12	12	85.220955	3
4	1	1	1	16	0	6	165	1931	177	-1	
5	1	1	1	16	1	6	166	14	12	67.670479	2
5	1	1	1	16	2	55	165	42	13	49.829235	va
5	1	1	1	16	3	159	172	40	18	29.788025	Bu
5	1	1	1	16	4	212	188	16	8	11.235565	4
5	1	1	1	16	5	267	181	62	20	53.091293	POs
5	1	1	1	16	6	391	195	17	20	87.747078	3
5	1	1	1	16	7	473	204	11	12	80.612122	&
5	1	1	1	16	8	521	208	66	19	2.282631	Seg
5	1	1	1	16	9	649	218	15	9	64.037186	3
5	1	1	1	16	10	728	221	38	24	53.846886	aa
5	1	1	1	16	11	857	237	62	20	36.857010	Bet
5	1	1	1	16	12	959	245	113	27	7.133064	CHES
5	1	1	1	16	13	1132	262	42	20	55.993607	3s
5	1	1	1	16	14	1214	276	62	9	35.548294	488
5	1	1	1	16	15	1392	280	61	22	0.000000	BSh
5	1	1	1	16	16	1471	290	39	19	32.482750	ps
5	1	1	1	16	17	1597	309	12	8	0.000000	&
5	1	1	1	16	18	1664	301	20	31	36.809448	a4
5	1	1	1	16	19	1878	330	11	12	37.638668	5
5	1	1	1	16	20	1921	337	16	5	67.503639	4
4	1	1	1	17	0	8	179	1930	177	-1	
5	1	1	1	17	1	8	179	13	10	50.287479	6
5	1	1	1	17	2	56	179	42	10	18.530502	3S
5	1	1	1	17	3	138	184	63	19	47.918190	aes
5	1	1	1	17	4	262	187	68	31	0.000000	2ags
5	1	1	1	17	5	369	206	55	11	48.511711	oss
5	1	1	1	17	6	468	217	16	6	32.574760	8
5	1	1	1	17	7	524	220	37	12	38.545956	Br
5	1	1	1	17	8	575	227	38	13	45.712757	og
5	1	1	1	17	9	651	228	13	10	41.212067	o
5	1	1	1	17	10	747	227	19	27	20.275078	ac
5	1	1	1	17	11	801	232	16	27	25.640274	oo
5	1	1	1	17	12	856	251	63	17	59.502907	ase
5	1	1	1	17	13	953	257	18	24	36.619663	2
5	1	1	1	17	14	1010	265	37	13	55.051414	33
5	1	1	1	17	15	1111	268	38	17	67.003708	og
5	1	1	1	17	16	1209	281	92	11	43.437782	BEES
5	1	1	1	17	17	1319	285	35	20	12.094002	Bo
5	1	1	1	17	18	1391	293	65	22	38.794552	Sak
5	1	1	1	17	19	1489	312	17	5	38.541531	2
5	1	1	1	17	20	1596	319	13	11	65.744827	&
5	1	1	1	17	21	1877	344	13	12	59.195553	6
5	1	1	1	17	22	1925	344	13	12	54.261429	3
4	1	1	1	18	0	8	191	1929	177	-1	
5	1	1	1	18	1	8	191	13	9	64.241295	2
5	1	1	1	18	2	53	191	44	17	60.103413	~o
5	1	1	1	18	3	138	194	37	16	58.522411	Ba
5	1	1	1	18	4	211	206	17	13	42.290680	Sc
5	1	1	1	18	5	267	212	37	12	83.965500	Ba
5	1	1	1	18	6	369	217	63	17	38.431110	okey
5	1	1	1	18	7	473	231	11	9	4.739159	CF
5	1	1	1	18	8	519	234	93	18	83.000526	“ong
5	1	1	1	18	9	651	240	13	9	52.163692	@
5	1	1	1	18	10	725	255	16	9	0.000000	~
5	1	1	1	18	11	799	256	43	12	58.863644	Se
5	1	1	1	18	12	889	265	30	15	41.659431	33
5	1	1	1	18	13	984	271	92	22	65.337364	Sonn
5	1	1	1	18	14	1106	280	68	20	43.363186	2a
5	1	1	1	18	15	1238	292	13	10	22.785355	3
5	1	1	1	18	16	1291	293	12	17	34.525269	0
5	1	1	1	18	17	1319	305	9	12	5.654182	8
5	1	1	1	18	18	1341	302	17	12	0.000000	&
5	1	1	1	18	19	1392	303	114	26	11.495888	Sesks
5	1	1	1	18	20	1591	329	17	9	45.042934	g
5	1	1	1	18	21	1667	327	18	28	47.537418	&
5	1	1	1	18	22	1925	358	12	10	72.275253	5
4	1	1	1	19	0	9	196	1927	179	-1	
5	1	1	1	19	1	9	202	11	8	36.002270	i
5	1	1	1	19	2	81	196	15	28	38.118324	gz
5	1	1	1	19	3	137	208	90	18	0.000000	2ogy
5	1	1	1	19	4	266	223	68	16	35.188896	Sona
5	1	1	1	19	5	370	230	63	16	28.898819	ges
5	1	1	1	19	6	472	241	12	11	71.193314	3
5	1	1	1	19	7	549	249	64	16	17.745926	roe
5	1	1	1	19	8	646	249	17	16	90.896912	&
5	1	1	1	19	9	728	259	38	19	39.056190	OE
5	1	1	1	19	10	805	261	89	37	7.222290	gsaeg
5	1	1	1	19	11	983	277	89	31	67.963120	83833
5	1	1	1	19	12	1112	296	62	14	46.353592	SRS
5	1	1	1	19	13	1210	299	117	31	0.000000	RSroegs
5	1	1	1	19	14	1340	299	12	31	0.000000	Ro
5	1	1	1	19	15	1391	319	114	23	0.000000	Soees
5	1	1	1	19	16	1877	366	12	8	80.664658	a
5	1	1	1	19	17	1920	370	16	5	72.915657	&
4	1	1	1	20	0	55	210	1882	178	-1	
5	1	1	1	20	1	55	210	41	15	17.239548	OE
5	1	1	1	20	2	188	226	39	14	65.382904	63
5	1	1	1	20	3	293	234	40	18	5.771576	53
5	1	1	1	20	4	370	243	37	14	75.768257	8&
5	1	1	1	20	5	472	254	12	10	73.885300	o
5	1	1	1	20	6	523	252	35	16	45.613400	@>
5	1	1	1	20	7	575	255	16	12	83.981575	w
5	1	1	1	20	8	651	265	12	12	18.780746	o
5	1	1	1	20	9	728	274	25	11	29.519585	g-
5	1	1	1	20	10	805	281	113	21	0.000000	avagks
5	1	1	1	20	11	966	293	30	12	0.000000	13
5	1	1	1	20	12	1060	306	11	12	58.706619	e
5	1	1	1	20	13	1111	302	41	17	50.231583	be
5	1	1	1	20	14	1208	315	145	21	53.026077	“Banas
5	1	1	1	20	15	1388	331	16	9	42.441944	8
5	1	1	1	20	16	1442	330	38	21	67.723755	as
5	1	1	1	20	17	1596	338	16	30	13.168350	my
5	1	1	1	20	18	1817	358	25	30	7.284782	so}
5	1	1	1	20	19	1925	376	12	12	14.868507	3
4	1	1	1	21	0	6	220	1931	180	-1	
5	1	1	1	21	1	6	220	14	12	46.833668	3
5	1	1	1	21	2	60	224	37	16	47.802979	ES
5	1	1	1	21	3	137	227	90	25	16.738113	seas
5	1	1	1	21	4	261	237	72	25	57.002151	Eos
5	1	1	1	21	5	421	255	67	24	60.963593	Ea
5	1	1	1	21	6	518	264	100	21	38.876991	£57°
5	1	1	1	21	7	805	289	88	18	43.298050	eas
5	1	1	1	21	8	959	302	86	24	19.376175	fags
5	1	1	1	21	9	1112	307	61	32	9.386505	Rite
5	1	1	1	21	10	1238	324	62	17	34.465340	Baie
5	1	1	1	21	11	1336	338	16	5	52.056908	8
5	1	1	1	21	12	1382	330	47	32	36.347305	Ro}
5	1	1	1	21	13	1488	353	18	12	44.742546	a
5	1	1	1	21	14	1592	360	16	13	56.579212	a
5	1	1	1	21	15	1663	354	21	34	49.571499	‘5
5	1	1	1	21	16	1826	380	12	9	86.726532	2
5	1	1	1	21	17	1877	376	11	20	52.029491	¢€
5	1	1	1	21	18	1925	390	12	10	59.202072	§
4	1	1	1	22	0	59	237	1830	171	-1	
5	1	1	1	22	1	59	237	42	15	27.961411	om
5	1	1	1	22	2	137	244	90	27	0.000000	aoHre
5	1	1	1	22	3	261	259	16	5	10.444778	s
5	1	1	1	22	4	300	264	29	15	9.206696	ee
5	1	1	1	22	5	373	269	6	12	9.206696	-
5	1	1	1	22	6	520	278	92	20	24.160141	SORES
5	1	1	1	22	7	651	287	16	13	34.683838	ob
5	1	1	1	22	8	728	294	11	8	22.460388	S
5	1	1	1	22	9	758	297	1	24	96.262703	|
5	1	1	1	22	10	804	303	114	26	0.000000	SLES
5	1	1	1	22	11	958	319	37	13	15.052765	agtr
5	1	1	1	22	12	1057	314	19	31	32.680298	ye
5	1	1	1	22	13	1130	325	44	32	18.369148	az°
5	1	1	1	22	14	1221	339	29	9	0.000000	Sp
5	1	1	1	22	15	1265	342	88	21	0.000000	oSe0
5	1	1	1	22	16	1391	352	64	18	0.000000	BID
5	1	1	1	22	17	1468	359	36	20	0.000000	ey
5	1	1	1	22	18	1592	374	16	9	0.000000	s
5	1	1	1	22	19	1826	391	12	8	72.675697	3
5	1	1	1	22	20	1877	397	12	11	40.316910	38
4	1	1	1	23	0	7	234	1929	198	-1	
5	1	1	1	23	1	7	234	13	25	73.496201	§
5	1	1	1	23	2	85	254	12	10	8.110992	°
5	1	1	1	23	3	159	263	41	13	18.058968	Be
5	1	1	1	23	4	261	266	73	21	27.906685	Ug
5	1	1	1	23	5	368	282	64	14	0.000000	gig
5	1	1	1	23	6	518	290	93	19	0.000000	39$H
5	1	1	1	23	7	646	301	16	12	75.942505	2
5	1	1	1	23	8	728	305	12	9	89.406502	2
5	1	1	1	23	9	801	320	118	18	0.000000	e2Fos
5	1	1	1	23	10	953	331	119	19	51.115982	229.58
5	1	1	1	23	11	1110	339	13	11	48.040726	3
5	1	1	1	23	12	1161	351	13	9	49.537167	2
5	1	1	1	23	13	1208	347	148	30	0.000000	#aeaBe
5	1	1	1	23	14	1391	368	11	13	23.077423	S525
5	1	1	1	23	15	1438	370	67	22	6.547729	45
5	1	1	1	23	16	1826	400	62	15	62.942307	5g
5	1	1	1	23	17	1921	411	15	21	11.296661	£
4	1	1	1	24	0	48	257	1840	185	-1	
5	1	1	1	24	1	48	257	33	22	27.718849	pod
5	1	1	1	24	2	88	257	12	22	10.495232	“4
5	1	1	1	24	3	136	262	39	25	57.315937	“ay
5	1	1	1	24	4	215	280	11	10	65.040283	©
5	1	1	1	24	5	287	277	22	23	0.000000	[-}
5	1	1	1	24	6	402	292	29	14	41.190567	a
5	1	1	1	24	7	467	290	17	24	0.000000	c)
5	1	1	1	24	8	513	296	26	22	37.297665	i-}
5	1	1	1	24	9	574	304	43	15	37.290680	2m
5	1	1	1	24	10	651	315	12	12	91.450447	3
5	1	1	1	24	11	728	315	12	28	63.331360	3
5	1	1	1	24	12	804	331	11	12	18.008713	=
5	1	1	1	24	13	881	329	37	20	80.571625	89
5	1	1	1	24	14	953	340	42	16	44.073425	aa
5	1	1	1	24	15	1034	351	37	8	11.705109	ae
5	1	1	1	24	16	1136	358	37	12	65.067093	ae
5	1	1	1	24	17	1289	376	11	8	17.503494	a
5	1	1	1	24	18	1317	371	35	16	17.503494	Og
5	1	1	1	24	19	1391	378	42	23	53.571953	oP
5	1	1	1	24	20	1464	384	16	10	37.759125	+
5	1	1	1	24	21	1595	394	13	11	7.498260	°
5	1	1	1	24	22	1876	417	12	25	93.978012	3
4	1	1	1	25	0	7	269	1929	174	-1	
5	1	1	1	25	1	7	269	13	9	82.586151	a
5	1	1	1	25	2	55	270	16	11	70.069855	&
5	1	1	1	25	3	163	278	36	20	43.004471	38
5	1	1	1	25	4	266	288	62	20	42.477371	5-2
5	1	1	1	25	5	368	306	13	8	66.263229	a
5	1	1	1	25	6	395	298	11	12	70.194855	&
5	1	1	1	25	7	522	313	13	12	25.593178	3
5	1	1	1	25	8	554	311	32	15	58.823071	a>
5	1	1	1	25	9	645	316	21	27	42.082424	ag
5	1	1	1	25	10	749	339	15	5	82.755890	=
5	1	1	1	25	11	825	336	43	22	30.892151	Su
5	1	1	1	25	12	885	342	33	18	0.000000	Ok
5	1	1	1	25	13	957	347	64	18	28.433044	820
5	1	1	1	25	14	1058	358	13	9	64.266403	a5
5	1	1	1	25	15	1106	360	67	23	76.645576	gaz
5	1	1	1	25	16	1209	370	142	29	0.000000	s2n,e8s
5	1	1	1	25	17	1391	394	64	10	0.000000	SC8T
5	1	1	1	25	18	1472	401	33	11	0.000000	Ly
5	1	1	1	25	19	1592	407	16	9	52.216377	+
5	1	1	1	25	20	1668	404	15	27	53.124996	be
5	1	1	1	25	21	1826	423	12	10	22.741913	2
5	1	1	1	25	22	1924	434	12	9	34.772583	®
4	1	1	1	26	0	8	280	1928	191	-1	
5	1	1	1	26	1	8	280	11	12	0.000000	&
5	1	1	1	26	2	52	284	48	18	20.391075	o>
5	1	1	1	26	3	136	288	90	28	57.254211	Sigs
5	1	1	1	26	4	260	299	44	26	65.871452	28
5	1	1	1	26	5	368	312	64	21	6.739113	e@oZ
5	1	1	1	26	6	468	315	16	21	16.525665	ge
5	1	1	1	26	7	542	331	70	12	49.517689	see
5	1	1	1	26	8	650	338	12	9	27.022408	3
5	1	1	1	26	9	728	345	37	14	72.361588	ag
5	1	1	1	26	10	803	344	115	29	0.000000	S8Svas
5	1	1	1	26	11	958	360	112	23	0.000000	EGw,e
5	1	1	1	26	12	1110	373	13	10	88.468781	6
5	1	1	1	26	13	1213	384	143	25	13.500931	BSS
5	1	1	1	26	14	1287	379	15	34	13.500931	5
5	1	1	1	26	15	1315	384	41	25	43.163754	OS
5	1	1	1	26	16	1391	396	36	33	40.974541	BES
5	1	1	1	26	17	1444	405	60	18	24.652725	VLE
5	1	1	1	26	18	1671	425	13	10	64.303207	2
5	1	1	1	26	19	1816	429	25	33	27.570282	cal
5	1	1	1	26	20	1921	438	15	33	33.609093	ES
4	1	1	1	27	0	79	298	1809	170	-1	
5	1	1	1	27	1	79	298	17	5	42.455055	=
5	1	1	1	27	2	522	337	89	16	41.966782	eorg
5	1	1	1	27	3	830	360	12	9	93.044617	a
5	1	1	1	27	4	1058	382	13	11	79.615166	8
5	1	1	1	27	5	1110	385	62	18	43.395786	By
5	1	1	1	27	6	1157	378	18	29	17.823112	be
5	1	1	1	27	7	1212	397	62	13	27.588913	evi
5	1	1	1	27	8	1310	408	16	6	25.356728	gg
5	1	1	1	27	9	1385	416	94	14	18.004440	AoOooN
5	1	1	1	27	10	1590	427	18	15	9.763184	2
5	1	1	1	27	11	1664	430	20	29	6.938278	a4
5	1	1	1	27	12	1820	458	17	5	32.955368	=a
5	1	1	1	27	13	1871	452	17	16	45.998608	2
4	1	1	1	28	0	6	293	1934	204	-1	
5	1	1	1	28	1	6	293	14	29	48.483944	8
5	1	1	1	28	2	58	305	38	30	37.002480	ae
5	1	1	1	28	3	130	306	96	35	0.000000	SBy°
5	1	1	1	28	4	262	322	66	34	15.510300	Bes
5	1	1	1	28	5	359	328	72	39	26.995850	283
5	1	1	1	28	6	462	326	22	46	24.199020	zy
5	1	1	1	28	7	522	342	58	42	40.604664	go"
5	1	1	1	28	8	597	355	14	18	40.604664	8
5	1	1	1	28	9	650	349	16	26	28.504799	a
5	1	1	1	28	10	724	358	41	32	57.574940	as
5	1	1	1	28	11	798	357	120	48	0.000000	yiaes
5	1	1	1	28	12	952	376	119	52	0.000000	egal
5	1	1	1	28	13	1109	398	64	30	33.947586	aos
5	1	1	1	28	14	1207	401	68	35	18.294304	na
5	1	1	1	28	15	1288	407	63	35	18.294304	Pde
5	1	1	1	28	16	1385	417	120	37	0.000000	aeea8
5	1	1	1	28	17	1592	454	15	9	71.716629	2
5	1	1	1	28	18	1671	445	17	26	0.000000	g
5	1	1	1	28	19	1820	465	68	32	28.994247	E38
5	1	1	1	28	20	1923	458	17	35	27.053421	g
4	1	1	1	29	0	8	316	1678	173	-1	
5	1	1	1	29	1	8	323	10	5	17.418716	£
5	1	1	1	29	2	84	316	17	27	29.827934	oO
5	1	1	1	29	3	182	337	50	15	53.657730	an
5	1	1	1	29	4	266	344	11	13	77.617485	3
5	1	1	1	29	5	316	352	64	12	66.110008	gee
5	1	1	1	29	6	419	368	12	5	34.099098	oe
5	1	1	1	29	7	471	369	11	8	80.491463	2
5	1	1	1	29	8	522	371	89	20	0.000000	oes
5	1	1	1	29	9	645	376	16	13	74.020653	2
5	1	1	1	29	10	722	388	42	15	77.674866	=3
5	1	1	1	29	11	803	397	12	10	66.144806	3
5	1	1	1	29	12	979	408	90	18	19.445480	BEe
5	1	1	1	29	13	1060	402	18	30	47.563622	8
5	1	1	1	29	14	1106	417	41	11	48.907089	wa
5	1	1	1	29	15	1232	427	94	27	0.000000	OHES
5	1	1	1	29	16	1390	443	37	12	30.106552	eS
5	1	1	1	29	17	1467	451	37	20	35.776413	a2
5	1	1	1	29	18	1590	464	16	5	62.640923	*
5	1	1	1	29	19	1666	457	20	32	0.000000	.|
4	1	1	1	30	0	7	331	1928	189	-1	
5	1	1	1	30	1	7	331	12	12	85.212654	3
5	1	1	1	30	2	58	337	38	20	57.838104	Qs
5	1	1	1	30	3	133	333	17	31	69.909348	x2
5	1	1	1	30	4	161	343	39	17	40.774063	os
5	1	1	1	30	5	259	356	44	11	0.000000	“2
5	1	1	1	30	6	320	362	60	15	0.000000	eES
5	1	1	1	30	7	390	352	28	30	32.648407	co.
5	1	1	1	30	8	466	380	16	6	53.005211	3
5	1	1	1	30	9	547	373	17	27	47.756279	ae
5	1	1	1	30	10	599	384	12	12	53.580681	3
5	1	1	1	30	11	752	404	11	8	31.784248	£
5	1	1	1	30	12	829	397	87	30	31.345551	Pesaa
5	1	1	1	30	13	956	417	38	12	76.447594	ne
5	1	1	1	30	14	1033	427	15	13	62.712109	a
5	1	1	1	30	15	1109	426	63	23	53.279694	Boy
5	1	1	1	30	16	1237	442	12	10	80.276566	o
5	1	1	1	30	17	1288	441	11	12	76.616669	g
5	1	1	1	30	18	1340	452	15	14	95.105949	>
5	1	1	1	30	19	1390	456	63	19	54.379448	OB,
5	1	1	1	30	20	1488	454	21	27	5.937386	ic}
5	1	1	1	30	21	1920	491	15	29	0.000000	eG
4	1	1	1	31	0	6	345	1881	174	-1	
5	1	1	1	31	1	6	345	13	8	56.538845	e
5	1	1	1	31	2	53	349	16	6	55.792179	a
5	1	1	1	31	3	126	346	52	27	0.000000	R=iRs)
5	1	1	1	31	4	214	355	12	19	30.373627	g
5	1	1	1	31	5	287	369	40	13	0.000000	ES
5	1	1	1	31	6	342	375	88	24	0.000000	S83%
5	1	1	1	31	7	471	386	63	13	10.422058	3°20
5	1	1	1	31	8	572	392	39	18	20.199310	Ps
5	1	1	1	31	9	644	399	17	13	84.410027	=
5	1	1	1	31	10	727	403	15	12	72.473770	Q
5	1	1	1	31	11	797	409	119	29	0.000000	SEeag
5	1	1	1	31	12	952	429	67	12	22.611755	£8
5	1	1	1	31	13	1037	436	33	11	53.832226	aw
5	1	1	1	31	14	1105	432	42	29	33.688019	acs
5	1	1	1	31	15	1211	448	88	14	70.157913	Baan
5	1	1	1	31	16	1334	466	17	6	53.726830	2
5	1	1	1	31	17	1384	465	42	13	53.147392	2s
5	1	1	1	31	18	1467	472	37	14	68.126305	ae
5	1	1	1	31	19	1594	482	12	21	81.750160	g
5	1	1	1	31	20	1661	480	25	27	0.000000	{o)
5	1	1	1	31	21	1825	506	62	13	0.000000	a
4	1	1	1	32	0	7	353	1928	176	-1	
5	1	1	1	32	1	7	353	63	13	62.471317	2
5	1	1	1	32	2	136	368	90	19	21.848991	Desh
5	1	1	1	32	3	265	374	63	22	41.067348	as
5	1	1	1	32	4	364	390	16	9	56.296482	3
5	1	1	1	32	5	521	397	36	17	12.869843	a
5	1	1	1	32	6	644	396	20	32	53.137199	=|
5	1	1	1	32	7	726	417	38	16	52.643097	So
5	1	1	1	32	8	798	422	68	13	43.690952	BEB
5	1	1	1	32	9	951	438	118	21	39.682468	BReore
5	1	1	1	32	10	1106	451	65	12	73.845261	£82
5	1	1	1	32	11	1208	458	143	24	0.000000	ESw.085
5	1	1	1	32	12	1390	469	114	33	0.000000	easss
5	1	1	1	32	13	1875	518	13	11	84.318626	o
5	1	1	1	32	14	1923	518	12	9	69.778259	8
4	1	1	1	33	0	7	363	1928	176	-1	
5	1	1	1	33	1	7	368	11	6	0.000000	BoB
5	1	1	1	33	2	58	366	38	14	0.000000	o6
5	1	1	1	33	3	161	363	64	35	0.000000	2@g5
5	1	1	1	33	4	285	390	145	27	0.000000	BEBE
5	1	1	1	33	5	470	401	16	12	77.061653	&
5	1	1	1	33	6	516	409	99	19	18.604317	ease
5	1	1	1	33	7	650	421	11	17	0.406113	F
5	1	1	1	33	8	727	429	36	17	69.741783	58
5	1	1	1	33	9	803	429	113	26	0.000000	88oau
5	1	1	1	33	10	981	451	89	19	58.280212	gees
5	1	1	1	33	11	1134	457	38	16	42.386604	a3
5	1	1	1	33	12	1211	466	62	23	0.000000	Sas
5	1	1	1	33	13	1289	479	62	17	0.000000	%a4
5	1	1	1	33	14	1384	489	120	21	0.000000	HEaL8
5	1	1	1	33	15	1671	514	11	13	64.454872	§
5	1	1	1	33	16	1824	519	13	12	65.757164	2
5	1	1	1	33	17	1924	529	11	10	80.951057	8
4	1	1	1	34	0	7	380	1928	182	-1	
5	1	1	1	34	1	7	383	11	9	61.837051	g
5	1	1	1	34	2	58	380	38	11	0.000000	ge
5	1	1	1	34	3	135	382	90	26	56.454323	2888
5	1	1	1	34	4	265	393	113	41	0.000000	sSsEex
5	1	1	1	34	5	392	410	42	20	23.685959	Ea
5	1	1	1	34	6	470	414	12	20	63.040081	2
5	1	1	1	34	7	543	425	67	15	42.374428	Soa
5	1	1	1	34	8	721	439	42	17	63.822849	CS
5	1	1	1	34	9	802	441	64	27	0.000000	ROG
5	1	1	1	34	10	880	452	36	15	0.000000	ey
5	1	1	1	34	11	951	455	93	26	87.329155	Norg
5	1	1	1	34	12	1104	471	68	24	78.464165	BES
5	1	1	1	34	13	1211	481	140	28	0.000000	ggche
5	1	1	1	34	14	1339	477	15	43	35.004799	8
5	1	1	1	34	15	1389	503	37	13	71.177124	88
5	1	1	1	34	16	1461	512	17	12	68.240860	3
5	1	1	1	34	17	1595	515	15	18	61.275860	>
5	1	1	1	34	18	1665	528	16	6	20.712570	8
5	1	1	1	34	19	1820	533	115	29	45.168056	$38
4	1	1	1	35	0	7	393	1928	181	-1	
5	1	1	1	35	1	7	394	11	10	52.670982	2
5	1	1	1	35	2	58	393	37	17	54.076950	By
5	1	1	1	35	3	181	407	44	17	86.017876	ad
5	1	1	1	35	4	264	415	63	23	0.013458	Sop
5	1	1	1	35	5	342	417	93	22	0.013458	etog
5	1	1	1	35	6	516	435	94	24	36.115528	Bese
5	1	1	1	35	7	650	448	11	12	57.590302	og
5	1	1	1	35	8	722	445	20	33	56.216576	b>
5	1	1	1	35	9	802	468	12	8	71.202026	&
5	1	1	1	35	10	828	466	13	10	13.518082	o
5	1	1	1	35	11	887	473	29	13	64.294281	32
5	1	1	1	35	12	956	467	62	30	27.192268	wAak
5	1	1	1	35	13	1032	478	42	15	41.195507	Sa
5	1	1	1	35	14	1134	492	38	14	25.189857	eB
5	1	1	1	35	15	1211	492	63	25	0.000000	Eon
5	1	1	1	35	16	1289	502	66	20	0.000000	gn&
5	1	1	1	35	17	1389	512	118	19	0.000000	Sr-EUD
5	1	1	1	35	18	1591	533	15	8	54.300201	2
5	1	1	1	35	19	1665	543	17	13	63.676128	3
5	1	1	1	35	20	1824	549	13	12	36.057503	S$
5	1	1	1	35	21	1874	553	14	13	37.411247	@
5	1	1	1	35	22	1923	564	12	10	88.285950	§
4	1	1	1	36	0	7	405	1830	167	-1	
5	1	1	1	36	1	7	405	11	13	40.326187	§
5	1	1	1	36	2	49	407	46	23	90.552628	as
5	1	1	1	36	3	130	408	94	34	1.196991	Syss
5	1	1	1	36	4	289	427	38	20	0.000000	wi
5	1	1	1	36	5	341	440	13	12	0.000000	S
5	1	1	1	36	6	367	433	63	29	57.836784	SKS
5	1	1	1	36	7	470	443	12	9	81.745834	2
5	1	1	1	36	8	516	448	94	23	3.103905	Nbe%
5	1	1	1	36	9	649	461	12	11	87.625694	§
5	1	1	1	36	10	721	466	42	13	56.789391	Be
5	1	1	1	36	11	823	477	68	15	56.123806	Aud
5	1	1	1	36	12	956	490	113	21	31.050217	pecee
5	1	1	1	36	13	1109	498	62	21	4.428253	age
5	1	1	1	36	14	1231	513	68	23	33.813728	OPS
5	1	1	1	36	15	1338	523	13	11	0.000000	oe
5	1	1	1	36	16	1386	526	117	25	29.664055	"3382
5	1	1	1	36	17	1584	529	23	34	23.703751	Pay
5	1	1	1	36	18	1670	557	12	11	47.745781	3
5	1	1	1	36	19	1820	563	17	9	53.418613	2
4	1	1	1	37	0	7	421	1928	176	-1	
5	1	1	1	37	1	7	421	11	8	80.523697	3
5	1	1	1	37	2	83	433	11	5	47.850258	2
5	1	1	1	37	3	161	431	11	12	9.840691	s
5	1	1	1	37	4	264	438	12	10	65.043640	>
5	1	1	1	37	5	366	444	13	28	22.036102	E
5	1	1	1	37	6	418	458	12	10	56.247475	2e
5	1	1	1	37	7	465	455	16	13	83.855698	2
5	1	1	1	37	8	525	466	3	8	39.798168	SS
5	1	1	1	37	9	643	475	17	5	41.202835	=
5	1	1	1	37	10	726	470	41	30	23.129730	ee)
5	1	1	1	37	11	803	484	113	23	39.978256	PSSRE
5	1	1	1	37	12	951	506	16	5	0.000000	«
5	1	1	1	37	13	1031	507	38	18	22.646637	fe
5	1	1	1	37	14	1109	512	62	14	0.000000	os8
5	1	1	1	37	15	1211	513	11	20	86.631302	¢
5	1	1	1	37	16	1287	527	63	23	62.286572	Peg
5	1	1	1	37	17	1388	546	13	8	19.948456	7
5	1	1	1	37	18	1435	543	69	15	48.780716	ney
5	1	1	1	37	19	1593	557	13	12	57.758442	3
5	1	1	1	37	20	1670	569	11	10	41.025497	8
5	1	1	1	37	21	1823	573	112	24	59.961754	830
4	1	1	1	38	0	7	432	1880	176	-1	
5	1	1	1	38	1	7	432	11	10	34.038567	~
5	1	1	1	38	2	58	433	37	28	46.843189	£4
5	1	1	1	38	3	135	440	90	21	41.731285	24,-8
5	1	1	1	38	4	289	447	11	13	74.758209	§
5	1	1	1	38	5	315	453	38	13	64.008812	2g
5	1	1	1	38	6	412	469	17	13	74.016602	2
5	1	1	1	38	7	517	469	41	24	7.090523	£5
5	1	1	1	38	8	579	478	31	15	7.090523	-e
5	1	1	1	38	9	645	482	16	9	38.924870	8
5	1	1	1	38	10	796	499	17	12	0.000000	Ba
5	1	1	1	38	11	854	499	62	18	0.000000	eSG
5	1	1	1	38	12	955	510	113	30	0.000000	SQREE
5	1	1	1	38	13	1103	524	43	17	59.711632	2
5	1	1	1	38	14	1210	535	141	19	7.081665	SaeePas
5	1	1	1	38	15	1385	542	117	41	3.689209	BGEe¢g
5	1	1	1	38	16	1593	570	13	10	54.028648	2
5	1	1	1	38	17	1664	580	17	6	52.527771	3
5	1	1	1	38	18	1824	585	11	13	84.772728	&
5	1	1	1	38	19	1871	598	16	10	49.932060	2
4	1	1	1	39	0	52	446	1882	173	-1	
5	1	1	1	39	1	52	446	17	6	74.874344	a
5	1	1	1	39	2	130	451	17	13	0.000000	Of
5	1	1	1	39	3	181	453	44	19	0.000000	Gs
5	1	1	1	39	4	284	461	68	23	43.071857	Sak
5	1	1	1	39	5	392	472	38	21	40.751495	&s
5	1	1	1	39	6	464	477	17	19	6.599464	xv
5	1	1	1	39	7	579	495	31	12	0.000000	8
5	1	1	1	39	8	643	492	18	16	77.532967	8
5	1	1	1	39	9	726	496	37	27	89.921074	Eu
5	1	1	1	39	10	801	503	114	33	64.160652	$395.8
5	1	1	1	39	11	950	521	119	26	42.177597	BOSE
5	1	1	1	39	12	1103	543	17	6	44.006050	6
5	1	1	1	39	13	1159	537	12	21	54.506420	3
5	1	1	1	39	14	1210	547	12	10	70.427353	8
5	1	1	1	39	15	1262	550	87	20	0.000000	aeons
5	1	1	1	39	16	1435	565	67	24	6.132668	aSe
5	1	1	1	39	17	1594	581	11	9	94.878235	2
5	1	1	1	39	18	1670	587	11	8	51.632301	=
5	1	1	1	39	19	1874	607	12	12	76.276436	8
5	1	1	1	39	20	1922	604	12	11	62.085365	©
4	1	1	1	40	0	6	451	1928	212	-1	
5	1	1	1	40	1	6	451	12	25	89.566521	§
5	1	1	1	40	2	53	462	41	22	0.000000	ge
5	1	1	1	40	3	131	463	93	47	55.616413	3858
5	1	1	1	40	4	258	474	171	46	13.303131	egress
5	1	1	1	40	5	469	499	12	25	0.000000	&
5	1	1	1	40	6	520	494	89	42	0.000000	BFi2
5	1	1	1	40	7	644	503	16	36	0.000000	g
5	1	1	1	40	8	720	519	43	28	69.389572	3
5	1	1	1	40	9	802	524	114	47	0.000000	EVeie
5	1	1	1	40	10	955	541	114	31	0.000000	Buees
5	1	1	1	40	11	1107	540	67	59	20.756042	es
5	1	1	1	40	12	1210	562	101	38	24.646317	Ee
5	1	1	1	40	13	1329	569	71	34	0.000000	eet
5	1	1	1	40	14	1434	572	69	39	12.988632	Lee
5	1	1	1	40	15	1593	601	16	24	41.794964	»
5	1	1	1	40	16	1669	597	12	33	40.929699	§
5	1	1	1	40	17	1818	608	116	55	48.988781	gas
4	1	1	1	41	0	6	479	1932	198	-1	
5	1	1	1	41	1	6	479	12	20	17.299263	E
5	1	1	1	41	2	56	485	38	15	56.408760	By
5	1	1	1	41	3	155	492	17	14	54.565094	3
5	1	1	1	41	4	207	492	42	35	0.000000	oo.
5	1	1	1	41	5	278	512	47	11	39.626724	RA
5	1	1	1	41	6	361	516	43	10	68.999870	ao
5	1	1	1	41	7	463	525	17	12	62.002213	a
5	1	1	1	41	8	541	531	68	18	75.584366	Dis
5	1	1	1	41	9	647	540	13	11	90.541199	8
5	1	1	1	41	10	725	543	37	22	62.117210	2F
5	1	1	1	41	11	801	555	64	13	54.206638	53s
5	1	1	1	41	12	904	567	11	8	56.871002	5
5	1	1	1	41	13	980	567	88	18	0.000000	ZOBO
5	1	1	1	41	14	1210	589	36	21	35.178680	P=
5	1	1	1	41	15	1283	591	117	24	0.000000	Cedar
5	1	1	1	41	16	1415	609	62	14	0.000000	kes
5	1	1	1	41	17	1823	642	12	17	2.192657	E
5	1	1	1	41	18	1918	646	20	31	86.052422	be
4	1	1	1	42	0	77	501	1860	179	-1	
5	1	1	1	42	1	77	501	16	12	27.345512	&
5	1	1	1	42	2	131	504	66	18	66.454025	#35
5	1	1	1	42	3	262	518	63	14	6.126663	aoa
5	1	1	1	42	4	391	527	28	13	36.364166	De
5	1	1	1	42	5	468	540	13	8	59.898697	“a
5	1	1	1	42	6	520	537	12	12	34.867722	os
5	1	1	1	42	7	592	549	16	13	26.630264	a
5	1	1	1	42	8	648	551	11	9	26.630264	ok
5	1	1	1	42	9	721	556	16	8	53.207855	+
5	1	1	1	42	10	796	567	119	21	29.493721	Sesns
5	1	1	1	42	11	955	574	37	19	85.270737	42
5	1	1	1	42	12	1030	583	38	22	67.881210	g°
5	1	1	1	42	13	1107	589	38	13	39.849987	a$
5	1	1	1	42	14	1204	600	17	14	11.971245	a
5	1	1	1	42	15	1312	611	92	15	0.000000	BEG
5	1	1	1	42	16	1393	606	34	34	0.000000	Re
5	1	1	1	42	17	1434	620	68	16	17.215210	2
5	1	1	1	42	18	1584	622	25	29	27.589844	mo]
5	1	1	1	42	19	1669	632	12	20	84.089355	€
5	1	1	1	42	20	1917	650	20	30	41.791718	i=}
4	1	1	1	43	0	6	498	1923	185	-1	
5	1	1	1	43	1	6	500	11	20	0.000000	E
5	1	1	1	43	2	56	498	43	30	21.123589	BS
5	1	1	1	43	3	129	515	68	22	16.633003	BBN
5	1	1	1	43	4	211	516	64	28	16.633003	OES
5	1	1	1	43	5	289	526	37	17	25.923653	as
5	1	1	1	43	6	343	529	35	18	2.899414	oa
5	1	1	1	43	7	393	539	35	11	33.611748	Be
5	1	1	1	43	8	514	551	42	13	53.370247	Ad
5	1	1	1	43	9	571	558	12	10	77.309601	w
5	1	1	1	43	10	750	574	11	12	23.836983	BE
5	1	1	1	43	11	801	578	113	19	0.000000	BESrpoS
5	1	1	1	43	12	954	584	13	11	48.923717	§&
5	1	1	1	43	13	1000	587	17	20	26.873711	e
5	1	1	1	43	14	1108	601	62	15	10.938187	Lo
5	1	1	1	43	15	1260	612	38	14	64.479614	25
5	1	1	1	43	16	1337	612	88	32	26.858246	gee
5	1	1	1	43	17	1465	635	15	13	55.443592	a
5	1	1	1	43	18	1597	642	3	7	14.856750	i
5	1	1	1	43	19	1669	653	12	13	84.316475	5
5	1	1	1	43	20	1823	660	12	12	53.970001	Sos
5	1	1	1	43	21	1912	664	17	19	4.299957	&£
4	1	1	1	44	0	77	528	1856	166	-1	
5	1	1	1	44	1	77	528	16	6	10.205223	a.
5	1	1	1	44	2	258	540	94	11	0.000000	Sor
5	1	1	1	44	3	391	547	38	14	51.101040	os
5	1	1	1	44	4	468	557	13	8	43.401756	F
5	1	1	1	44	5	545	563	64	15	35.706650	S39
5	1	1	1	44	6	647	571	13	9	69.653183	w
5	1	1	1	44	7	725	574	11	9	57.852383	o
5	1	1	1	44	8	796	591	69	6	0.000000	25D
5	1	1	1	44	9	874	593	15	6	0.000000	e
5	1	1	1	44	10	949	594	119	25	1.484512	“BES
5	1	1	1	44	11	1129	611	41	14	14.092041	ee
5	1	1	1	44	12	1242	623	55	13	0.000000	ASE
5	1	1	1	44	13	1315	637	136	9	0.000000	eGeBaod
5	1	1	1	44	14	1486	636	19	28	38.244888	is}
5	1	1	1	44	15	1589	645	20	31	25.646164	eB
5	1	1	1	44	16	1753	675	4	3	27.692329	.
5	1	1	1	44	17	1818	672	16	14	80.933922	=
5	1	1	1	44	18	1874	678	11	12	81.469284	8
5	1	1	1	44	19	1921	685	12	9	63.218605	6
4	1	1	1	45	0	6	523	1927	184	-1	
5	1	1	1	45	1	6	523	11	10	83.820534	8
5	1	1	1	45	2	51	531	17	12	63.396965	«4
5	1	1	1	45	3	133	529	42	22	0.998428	sai
5	1	1	1	45	4	211	538	63	20	0.998428	e2es
5	1	1	1	45	5	385	558	43	18	60.951275	Oe
5	1	1	1	45	6	469	566	11	9	70.136353	F
5	1	1	1	45	7	514	574	94	12	45.464458	£883
5	1	1	1	45	8	642	581	16	5	68.096878	w
5	1	1	1	45	9	719	585	43	15	74.593529	25
5	1	1	1	45	10	821	591	94	26	36.039581	eons
5	1	1	1	45	11	1005	608	63	17	56.351265	228
5	1	1	1	45	12	1107	617	37	14	55.622902	35%
5	1	1	1	45	13	1210	625	87	24	60.008217	Pass
5	1	1	1	45	14	1332	644	169	22	0.000000	Beoetos
5	1	1	1	45	15	1668	667	13	9	94.545158	a
5	1	1	1	45	16	1748	683	13	9	0.000000	:
5	1	1	1	45	17	1822	686	12	12	19.837379	3s
5	1	1	1	45	18	1873	692	12	10	64.791901	8
5	1	1	1	45	19	1922	694	11	13	63.902367	3
4	1	1	1	46	0	6	534	1828	173	-1	
5	1	1	1	46	1	6	534	11	10	5.414566	&°
5	1	1	1	46	2	55	535	38	19	18.792038	§¢€
5	1	1	1	46	3	128	542	172	34	1.860512	“Praag,
5	1	1	1	46	4	334	561	17	15	88.991425	&
5	1	1	1	46	5	412	578	15	5	1.363747	gra
5	1	1	1	46	6	468	577	12	9	47.269089	&
5	1	1	1	46	7	519	581	67	15	73.152481	Ska
5	1	1	1	46	8	642	588	16	13	0.000000	s
5	1	1	1	46	9	745	601	16	6	75.317657	B
5	1	1	1	46	10	797	608	41	14	3.409744	oe
5	1	1	1	46	11	877	611	12	11	65.516769	3
5	1	1	1	46	12	901	619	13	13	65.516769	2
5	1	1	1	46	13	949	615	118	26	0.000000	3g2o8
5	1	1	1	46	14	1102	632	72	17	4.213188	Ow
5	1	1	1	46	15	1209	638	12	12	17.073318	&£
5	1	1	1	46	16	1285	647	89	24	76.786339	2333
5	1	1	1	46	17	1412	661	93	23	0.000000	2eon
5	1	1	1	46	18	1592	673	12	10	58.338543	9
5	1	1	1	46	19	1668	686	13	9	45.999802	a
5	1	1	1	46	20	1816	697	18	10	12.263901	€
4	1	1	1	47	0	6	556	1932	171	-1	
5	1	1	1	47	1	6	557	10	5	28.825165	a
5	1	1	1	47	2	55	556	13	8	39.910400	«=
5	1	1	1	47	3	180	562	43	12	64.405807	on
5	1	1	1	47	4	240	567	9	11	16.848602	8
5	1	1	1	47	5	262	573	89	18	0.000000	Sean
5	1	1	1	47	6	367	579	61	16	32.368782	snk
5	1	1	1	47	7	459	578	21	28	15.650604	C=
5	1	1	1	47	8	545	593	62	14	51.050930	eee
5	1	1	1	47	9	643	603	41	19	28.713432	+
5	1	1	1	47	10	683	599	12	28	25.652428	|
5	1	1	1	47	11	719	608	43	12	29.256577	oe
5	1	1	1	47	12	800	611	89	29	1.988228	egocd
5	1	1	1	47	13	953	631	64	19	0.000000	Bg
5	1	1	1	47	14	1055	634	13	12	0.000000	*®5
5	1	1	1	47	15	1132	638	37	28	38.299973	o«g
5	1	1	1	47	16	1208	650	89	20	0.000000	Some
5	1	1	1	47	17	1309	659	15	13	0.000000	D
5	1	1	1	47	18	1383	659	16	28	11.165962	a”
5	1	1	1	47	19	1464	672	37	22	36.869503	£2
5	1	1	1	47	20	1592	684	12	13	96.266884	>
5	1	1	1	47	21	1668	696	12	12	53.927116	3
5	1	1	1	47	22	1740	694	16	15	34.225906	&
5	1	1	1	47	23	1867	714	71	13	61.885155	aA
4	1	1	1	48	0	128	568	1763	162	-1	
5	1	1	1	48	1	128	568	43	17	0.000000	e8
5	1	1	1	48	2	185	578	115	19	0.000000	24882
5	1	1	1	48	3	313	586	34	15	10.813004	3N
5	1	1	1	48	4	390	590	37	17	54.868210	og
5	1	1	1	48	5	463	603	16	6	51.832596	&
5	1	1	1	48	6	544	606	64	13	0.000000	RSo
5	1	1	1	48	7	654	622	8	4	0.000000	_
5	1	1	1	48	8	719	618	46	14	26.280647	32
5	1	1	1	48	9	795	630	16	13	65.494141	8
5	1	1	1	48	10	848	632	67	14	0.000000	eBY
5	1	1	1	48	11	953	645	38	8	38.223225	89
5	1	1	1	48	12	1030	648	37	14	62.753147	aa
5	1	1	1	48	13	1114	655	55	13	6.533470	~o8
5	1	1	1	48	14	1234	663	63	20	13.724350	ons
5	1	1	1	48	15	1331	670	94	23	14.503769	Ogee
5	1	1	1	48	16	1444	674	57	26	45.080715	Pee
5	1	1	1	48	17	1592	698	12	10	43.367863	o
5	1	1	1	48	18	1740	710	16	14	91.212090	N
5	1	1	1	48	19	1822	717	12	10	70.816750	2
5	1	1	1	48	20	1867	724	24	6	70.816750	5
4	1	1	1	49	0	6	565	1927	182	-1	
5	1	1	1	49	1	6	565	10	17	23.787872	8
5	1	1	1	49	2	56	566	37	19	20.415489	og
5	1	1	1	49	3	133	581	191	24	25.349785	Solsoges
5	1	1	1	49	4	384	603	44	16	47.378952	ws
5	1	1	1	49	5	464	611	16	8	87.621674	8
5	1	1	1	49	6	519	608	88	23	0.000000	spe
5	1	1	1	49	7	646	625	38	14	0.000000	of
5	1	1	1	49	8	724	629	37	15	40.227951	3BS&
5	1	1	1	49	9	826	645	87	15	54.461636	29M.
5	1	1	1	49	10	953	652	63	14	0.000000	BBA
5	1	1	1	49	11	1028	639	14	33	0.000000	a
5	1	1	1	49	12	1055	658	12	10	73.558334	B
5	1	1	1	49	13	1127	667	42	15	45.614056	BU
5	1	1	1	49	14	1208	675	115	20	0.000000	ef63).,
5	1	1	1	49	15	1357	686	67	19	3.626129	ea
5	1	1	1	49	16	1416	681	39	33	0.437943	o8
5	1	1	1	49	17	1463	700	38	10	43.676064	Qe
5	1	1	1	49	18	1668	708	12	17	50.830139	B
5	1	1	1	49	19	1817	727	17	14	38.682095	a
5	1	1	1	49	20	1868	730	65	17	53.616848	wy
4	1	1	1	50	0	55	587	1883	173	-1	
5	1	1	1	50	1	55	587	41	11	54.650978	Si
5	1	1	1	50	2	133	594	63	15	71.596024	89s
5	1	1	1	50	3	237	601	114	29	0.000000	S@uae
5	1	1	1	50	4	385	616	43	17	59.125450	Ua
5	1	1	1	50	5	468	619	11	13	6.564331	&
5	1	1	1	50	6	514	622	41	20	49.516617	Se
5	1	1	1	50	7	592	628	16	20	34.224121	Bo
5	1	1	1	50	8	646	635	38	18	45.642365	£S
5	1	1	1	50	9	723	643	13	11	76.606354	8
5	1	1	1	50	10	800	644	63	26	25.770508	Beg
5	1	1	1	50	11	877	659	37	14	0.000000	es
5	1	1	1	50	12	954	662	112	21	0.000000	aQog&
5	1	1	1	50	13	1107	677	61	20	69.953079	Bes
5	1	1	1	50	14	1204	686	68	18	63.337574	2355
5	1	1	1	50	15	1310	693	140	28	21.102791	ZEEPse
5	1	1	1	50	16	1489	708	12	13	3.622658	ee
5	1	1	1	50	17	1582	710	22	32	47.880898	‘3
5	1	1	1	50	18	1739	732	17	10	63.077072	%
5	1	1	1	50	19	1818	742	120	18	36.734756	eas
4	1	1	1	51	0	6	593	1930	183	-1	
5	1	1	1	51	1	6	593	10	8	48.627132	8g
5	1	1	1	51	2	50	600	16	5	61.154602	&
5	1	1	1	51	3	159	606	63	17	0.000000	Ss
5	1	1	1	51	4	262	612	62	21	0.000000	e083
5	1	1	1	51	5	359	623	42	20	27.459579	sg
5	1	1	1	51	6	467	633	13	12	78.651276	§
5	1	1	1	51	7	515	638	92	22	58.084850	£3538
5	1	1	1	51	8	647	650	37	13	51.310200	2B
5	1	1	1	51	9	724	654	37	19	0.000000	¢-e
5	1	1	1	51	10	800	662	11	11	71.859222	§
5	1	1	1	51	11	851	671	37	9	29.385345	£5
5	1	1	1	51	12	979	675	88	25	44.864178	Fons
5	1	1	1	51	13	1106	692	12	12	10.045784	of
5	1	1	1	51	14	1156	697	13	10	24.855873	o
5	1	1	1	51	15	1208	699	13	12	0.000000	S
5	1	1	1	51	16	1285	702	37	17	33.569252	ga
5	1	1	1	51	17	1362	708	113	24	0.000000	among
5	1	1	1	51	18	1489	722	12	10	0.000000	s
5	1	1	1	51	19	1667	736	13	20	37.633442	3
5	1	1	1	51	20	1745	743	12	12	0.000000	o
5	1	1	1	51	21	1829	755	107	21	37.318878	4
4	1	1	1	52	0	6	600	1974	182	-1	
5	1	1	1	52	1	6	602	9	13	41.671173	2
5	1	1	1	52	2	52	600	41	25	71.725113	$3
5	1	1	1	52	3	133	605	62	27	23.534355	BEB
5	1	1	1	52	4	213	619	35	17	14.048004	eo
5	1	1	1	52	5	262	622	11	13	14.048004	8
5	1	1	1	52	6	307	632	125	16	18.401871	EA:go
5	1	1	1	52	7	467	646	12	13	52.488560	sg
5	1	1	1	52	8	513	650	68	12	64.866730	£B5
5	1	1	1	52	9	671	663	13	12	49.889076	3
5	1	1	1	52	10	744	671	16	13	43.264175	3
5	1	1	1	52	11	847	680	67	13	0.000000	Beep
5	1	1	1	52	12	953	683	63	15	58.793571	SFE
5	1	1	1	52	13	1101	704	42	11	27.333549	ga
5	1	1	1	52	14	1230	707	67	24	5.867615	BES
5	1	1	1	52	15	1336	717	38	13	5.867615	aog
5	1	1	1	52	16	1433	729	67	15	58.816830	San
5	1	1	1	52	17	1821	768	13	8	0.000000	¢
5	1	1	1	52	18	1976	778	4	4	0.000000	:
4	1	1	1	53	0	6	616	1978	190	-1	
5	1	1	1	53	1	6	616	9	6	67.775528	3
5	1	1	1	53	2	55	617	12	10	70.318298	3
5	1	1	1	53	3	153	632	249	27	0.000000	BesloeEAg
5	1	1	1	53	4	518	660	89	20	26.815102	fees
5	1	1	1	53	5	643	665	15	8	83.374306	8
5	1	1	1	53	6	800	674	113	28	18.718636	Eseg°s
5	1	1	1	53	7	953	695	11	9	71.310394	e
5	1	1	1	53	8	999	700	68	13	13.453995	gsS
5	1	1	1	53	9	1102	709	67	19	21.817154	BS2
5	1	1	1	53	10	1208	712	38	19	60.768673	£38
5	1	1	1	53	11	1306	727	67	20	28.124100	BE%oi
5	1	1	1	53	12	1412	737	63	18	31.886002	Bs
5	1	1	1	53	13	1586	750	17	15	75.803696	a
5	1	1	1	53	14	1675	768	8	4	0.000000	:
5	1	1	1	53	15	1745	763	15	12	96.848412	>
5	1	1	1	53	16	1873	772	59	13	49.088650	Bs
5	1	1	1	53	17	1968	781	16	25	19.208824	2
4	1	1	1	54	0	6	624	1930	175	-1	
5	1	1	1	54	1	6	624	9	12	90.733185	2
5	1	1	1	54	2	55	627	38	12	87.108582	22
5	1	1	1	54	3	132	631	90	19	42.935287	o89
5	1	1	1	54	4	206	619	18	35	49.655376	8
5	1	1	1	54	5	261	649	166	28	0.000000	Se8eife
5	1	1	1	54	6	467	660	16	13	67.320580	&
5	1	1	1	54	7	543	673	64	20	24.806992	$a
5	1	1	1	54	8	646	674	37	23	42.303448	SE
5	1	1	1	54	9	724	682	60	23	37.796600	PY.
5	1	1	1	54	10	800	691	62	23	11.468887	S38
5	1	1	1	54	11	876	697	37	17	11.468887	o8
5	1	1	1	54	12	953	700	50	20	9.220512	ata
5	1	1	1	54	13	1029	709	38	15	9.220512	ge
5	1	1	1	54	14	1106	721	63	21	35.909004	goa
5	1	1	1	54	15	1233	723	88	32	0.000000	Seeig
5	1	1	1	54	16	1382	739	68	29	0.000000	Sse
5	1	1	1	54	17	1489	751	15	14	86.140480	>
5	1	1	1	54	18	1591	767	12	10	53.461884	©
5	1	1	1	54	19	1740	766	16	31	0.000000	5)
5	1	1	1	54	20	1822	778	63	19	82.179939	Es
5	1	1	1	54	21	1920	785	16	14	75.260506	&
4	1	1	1	55	0	6	637	1974	183	-1	
5	1	1	1	55	1	6	637	14	13	62.406158	a
5	1	1	1	55	2	50	639	42	19	64.215149	33
5	1	1	1	55	3	129	645	169	29	0.000000	Sezgu8a
5	1	1	1	55	4	338	667	89	20	0.000000	$xe82
5	1	1	1	55	5	462	681	17	13	51.860004	4
5	1	1	1	55	6	512	675	69	25	43.491112	Sss
5	1	1	1	55	7	646	687	37	21	42.217369	eS
5	1	1	1	55	8	722	704	89	19	35.605530	Seer
5	1	1	1	55	9	828	703	84	32	0.000000	heoe
5	1	1	1	55	10	953	711	75	41	23.993408	ere
5	1	1	1	55	11	1041	722	24	26	9.425568	os
5	1	1	1	55	12	1106	734	37	12	65.466713	2a
5	1	1	1	55	13	1208	743	62	19	0.000000	SSE
5	1	1	1	55	14	1284	746	64	24	0.000000	CBS
5	1	1	1	55	15	1365	751	85	28	10.553421	ESSE
5	1	1	1	55	16	1463	763	38	13	10.553421	CR
5	1	1	1	55	17	1586	779	17	13	64.119980	3
5	1	1	1	55	18	1667	774	11	19	24.996994	§
5	1	1	1	55	19	1745	788	11	13	39.038536	5
5	1	1	1	55	20	1821	798	13	11	21.852074	2s
5	1	1	1	55	21	1867	799	17	17	78.109879	8
5	1	1	1	55	22	1920	801	11	19	72.957703	€
5	1	1	1	55	23	1968	807	12	13	22.340637	&@
4	1	1	1	56	0	6	659	1974	178	-1	
5	1	1	1	56	1	6	659	9	6	42.064091	3
5	1	1	1	56	2	48	659	43	13	46.663498	ag
5	1	1	1	56	3	158	662	11	13	65.127106	5
5	1	1	1	56	4	230	670	145	25	10.098869	Boeugs
5	1	1	1	56	5	391	688	36	19	59.715271	se
5	1	1	1	56	6	466	695	13	10	38.462616	5
5	1	1	1	56	7	513	696	93	20	37.196205	CTEy
5	1	1	1	56	8	646	710	36	12	59.504326	oe
5	1	1	1	56	9	722	717	13	11	47.000408	§
5	1	1	1	56	10	773	723	115	22	20.127098	en
5	1	1	1	56	11	953	732	36	19	0.000000	Be,
5	1	1	1	56	12	1029	744	37	17	0.000000	BS
5	1	1	1	56	13	1100	746	68	21	40.251789	uss
5	1	1	1	56	14	1204	756	41	21	0.000000	TE
5	1	1	1	56	15	1258	763	114	22	0.000000	S2FYR
5	1	1	1	56	16	1412	780	38	14	29.617149	Ao
5	1	1	1	56	17	1466	777	34	22	17.573074	SD
5	1	1	1	56	18	1591	793	12	12	39.374104	3
5	1	1	1	56	19	1662	795	17	16	66.176514	3
5	1	1	1	56	20	1744	802	12	11	36.455795	5
5	1	1	1	56	21	1816	812	16	5	10.686951	2
5	1	1	1	56	22	1871	815	13	12	76.813995	&
5	1	1	1	56	23	1915	821	16	16	79.329865	&
5	1	1	1	56	24	1968	822	12	10	40.856243	8
4	1	1	1	57	0	6	666	1974	185	-1	
5	1	1	1	57	1	6	666	9	10	94.138115	3
5	1	1	1	57	2	75	673	16	5	29.685249	5
5	1	1	1	57	3	132	675	38	23	47.966103	BB
5	1	1	1	57	4	181	683	41	11	52.484173	ee
5	1	1	1	57	5	260	692	13	8	24.426788	2
5	1	1	1	57	6	290	687	34	19	24.426788	PO
5	1	1	1	57	7	338	690	37	17	26.614044	8s
5	1	1	1	57	8	461	707	17	12	51.814415	3
5	1	1	1	57	9	569	710	37	20	56.742905	$&
5	1	1	1	57	10	646	723	37	12	28.030975	Ps
5	1	1	1	57	11	718	725	66	18	5.907936	S23
5	1	1	1	57	12	801	732	35	14	5.907936	30
5	1	1	1	57	13	851	735	36	17	43.292751	au
5	1	1	1	57	14	977	747	89	21	26.652908	SRA
5	1	1	1	57	15	1151	764	16	16	0.000000	s
5	1	1	1	57	16	1253	775	145	22	12.405869	Gerca.
5	1	1	1	57	17	1662	812	16	6	81.073196	3
5	1	1	1	57	18	1740	814	16	9	61.476566	3
5	1	1	1	57	19	1820	819	13	24	76.683655	3
5	1	1	1	57	20	1868	829	16	9	57.825134	2
5	1	1	1	57	21	1964	833	16	18	87.242561	2
4	1	1	1	58	0	6	673	1973	185	-1	
5	1	1	1	58	1	6	673	9	10	89.766602	5
5	1	1	1	58	2	126	689	17	5	76.469414	2
5	1	1	1	58	3	209	691	89	20	6.878845	eo
5	1	1	1	58	4	337	695	38	30	18.676064	Oo8
5	1	1	1	58	5	390	700	10	19	31.084244	€
5	1	1	1	58	6	414	708	12	10	5.115852	o
5	1	1	1	58	7	543	723	37	14	29.832497	bs
5	1	1	1	58	8	640	733	43	12	88.806541	ES
5	1	1	1	58	9	793	746	120	14	0.000000	BBS
5	1	1	1	58	10	952	753	12	11	67.001274	5
5	1	1	1	58	11	998	760	43	15	53.271339	Eo
5	1	1	1	58	12	1106	768	37	12	44.616299	a9
5	1	1	1	58	13	1202	776	17	15	74.443207	2
5	1	1	1	58	14	1335	792	37	14	63.399307	a3
5	1	1	1	58	15	1386	798	12	8	52.298260	B
5	1	1	1	58	16	1437	795	67	26	0.000000	5op
5	1	1	1	58	17	1591	806	11	20	1.003044	&
5	1	1	1	58	18	1667	819	12	12	21.182465	3
5	1	1	1	58	19	1743	824	13	15	0.000000	a
5	1	1	1	58	20	1871	839	12	11	55.429729	3
5	1	1	1	58	21	1962	853	17	5	83.029022	2
4	1	1	1	59	0	6	683	1974	185	-1	
5	1	1	1	59	1	6	685	9	5	69.726433	3
5	1	1	1	59	2	49	683	43	18	12.414207	U0
5	1	1	1	59	3	126	696	18	12	51.021042	3
5	1	1	1	59	4	183	695	64	25	17.209106	ee
5	1	1	1	59	5	283	708	40	13	28.193047	oe
5	1	1	1	59	6	388	720	38	13	75.113007	$3
5	1	1	1	59	7	466	721	11	13	82.214508	§
5	1	1	1	59	8	517	726	12	8	0.000000	2
5	1	1	1	59	9	568	731	38	17	0.000000	pss
5	1	1	1	59	10	717	743	42	17	0.000000	RE
5	1	1	1	59	11	779	741	31	24	0.000000	Bs
5	1	1	1	59	12	845	754	67	19	56.309967	B33
5	1	1	1	59	13	977	766	92	23	1.224632	Simon
5	1	1	1	59	14	1100	780	68	14	36.876808	£35
5	1	1	1	59	15	1207	785	89	20	10.587929	SRES
5	1	1	1	59	16	1360	803	114	17	20.381767	Pane
5	1	1	1	59	17	1638	824	18	17	96.663170	+
5	1	1	1	59	18	1738	835	17	15	91.673050	2
5	1	1	1	59	19	1871	846	60	21	73.587547	25
5	1	1	1	59	20	1967	860	13	8	65.339638	8
4	1	1	1	60	0	6	692	1973	191	-1	
5	1	1	1	60	1	6	692	9	12	37.196129	3
5	1	1	1	60	2	55	697	36	16	69.594604	88
5	1	1	1	60	3	131	707	90	18	0.000000	@e88
5	1	1	1	60	4	255	709	69	29	0.552261	NEG
5	1	1	1	60	5	339	723	87	24	0.552261	ress
5	1	1	1	60	6	466	735	12	13	64.983139	§
5	1	1	1	60	7	512	736	43	12	77.795822	23
5	1	1	1	60	8	591	753	15	9	79.766144	2
5	1	1	1	60	9	645	744	37	24	36.376911	eS
5	1	1	1	60	10	742	759	171	27	0.000000	BSEEDSE
5	1	1	1	60	11	952	775	113	21	6.698570	gies
5	1	1	1	60	12	1100	791	71	18	31.732338	mee
5	1	1	1	60	13	1208	799	62	19	28.211258	Bee
5	1	1	1	60	14	1290	807	31	17	53.736687	en
5	1	1	1	60	15	1337	806	39	24	2.637695	Pk
5	1	1	1	60	16	1388	807	35	20	2.637695	sy
5	1	1	1	60	17	1438	820	62	18	32.218643	seg
5	1	1	1	60	18	1585	832	93	19	4.965164	@4f
5	1	1	1	60	19	1744	851	11	13	59.458927	3
5	1	1	1	60	20	1820	852	12	9	16.089294	8
5	1	1	1	60	21	1967	870	12	13	31.402252	@
4	1	1	1	61	0	6	708	1973	187	-1	
5	1	1	1	61	1	6	708	9	13	30.222054	>
5	1	1	1	61	2	53	710	38	14	56.231976	88
5	1	1	1	61	3	130	722	65	19	0.000000	SSS
5	1	1	1	61	4	211	722	86	19	0.000000	BaNE
5	1	1	1	61	5	332	737	94	24	72.634239	3828
5	1	1	1	61	6	466	749	12	12	93.510582	6
5	1	1	1	61	7	517	755	88	20	72.623352	Buse
5	1	1	1	61	8	645	769	11	10	82.586334	&
5	1	1	1	61	9	718	766	169	31	4.372223	SSSaEDS
5	1	1	1	61	10	952	789	113	28	30.892426	SSES'E
5	1	1	1	61	11	1105	809	62	12	25.218582	vos
5	1	1	1	61	12	1202	812	42	17	25.556747	Seo
5	1	1	1	61	13	1282	816	65	20	25.556747	gee
5	1	1	1	61	14	1405	829	95	17	0.000000	eFSe
5	1	1	1	61	15	1590	843	12	12	26.439484	@
5	1	1	1	61	16	1637	849	40	18	58.635490	+E
5	1	1	1	61	17	1743	865	12	12	58.340664	g
5	1	1	1	61	18	1820	863	110	23	38.515476	Bow
5	1	1	1	61	19	1966	883	13	12	7.760735	g
4	1	1	1	62	0	74	727	1857	171	-1	
5	1	1	1	62	1	74	727	17	12	67.180374	3
5	1	1	1	62	2	151	735	95	13	16.015388	828
5	1	1	1	62	3	310	738	89	29	41.888611	8388
5	1	1	1	62	4	460	762	17	13	35.074928	4
5	1	1	1	62	5	516	767	63	13	62.337612	§33
5	1	1	1	62	6	640	777	41	9	70.223122	33
5	1	1	1	62	7	721	779	38	13	0.000000	«@o
5	1	1	1	62	8	844	790	17	13	36.349510	er
5	1	1	1	62	9	946	810	17	6	16.783386	ee
5	1	1	1	62	10	1105	820	62	10	67.180756	Bo"
5	1	1	1	62	11	1203	827	66	14	57.750343	Be.
5	1	1	1	62	12	1284	838	36	8	60.508507	8"
5	1	1	1	62	13	1360	832	89	25	28.283890	Bee
5	1	1	1	62	14	1487	847	13	10	3.274834	eos
5	1	1	1	62	15	1590	856	11	9	26.369453	5
5	1	1	1	62	16	1666	863	12	11	63.907394	2
5	1	1	1	62	17	1820	875	16	13	23.237251	&
5	1	1	1	62	18	1866	885	16	13	67.645416	2
5	1	1	1	62	19	1918	886	13	12	67.645416	%
4	1	1	1	63	0	6	731	1973	180	-1	
5	1	1	1	63	1	6	733	9	7	71.777687	2
5	1	1	1	63	2	50	731	16	9	45.761143	48
5	1	1	1	63	3	131	737	115	22	19.450058	LBRTS
5	1	1	1	63	4	263	749	34	12	51.375984	wn
5	1	1	1	63	5	332	762	94	14	0.000000	$8a0
5	1	1	1	63	6	511	772	95	20	36.894615	Bese
5	1	1	1	63	7	640	784	42	17	78.246017	BS
5	1	1	1	63	8	716	792	18	11	16.165016	nih
5	1	1	1	63	9	767	789	69	20	16.165016	oe
5	1	1	1	63	10	870	806	42	15	55.337639	wo
5	1	1	1	63	11	946	817	17	6	60.170101	ws
5	1	1	1	63	12	1027	815	38	22	58.579350	Pe
5	1	1	1	63	13	1129	831	13	10	34.619553	5
5	1	1	1	63	14	1257	838	37	16	46.287338	SE
5	1	1	1	63	15	1312	845	34	12	46.287338	go
5	1	1	1	63	16	1380	849	93	18	68.099358	S320
5	1	1	1	63	17	1589	866	13	11	0.000000	o
5	1	1	1	63	18	1660	873	17	10	78.288681	&
5	1	1	1	63	19	1742	877	13	11	57.311131	°
5	1	1	1	63	20	1820	889	12	11	0.000000	o
5	1	1	1	63	21	1918	900	12	11	68.803642	6
5	1	1	1	63	22	1966	897	13	10	63.268730	8
4	1	1	1	64	0	6	740	1972	182	-1	
5	1	1	1	64	1	6	742	9	12	2.517586	s
5	1	1	1	64	2	54	740	36	13	63.909054	RSE
5	1	1	1	64	3	131	745	115	40	0.000000	aAgeis
5	1	1	1	64	4	263	758	112	22	15.254761	Pegs
5	1	1	1	64	5	409	776	17	13	0.000000	P
5	1	1	1	64	6	460	782	17	10	54.129280	%
5	1	1	1	64	7	513	782	92	25	0.000000	BSSB
5	1	1	1	64	8	670	797	11	10	41.031128	g
5	1	1	1	64	9	747	801	114	22	46.388954	Bag
5	1	1	1	64	10	831	797	7	38	46.388954	=
5	1	1	1	64	11	895	818	16	5	46.372215	one
5	1	1	1	64	12	948	822	116	21	0.000000	SPRbe
5	1	1	1	64	13	1104	832	63	19	25.500450	go
5	1	1	1	64	14	1207	840	55	19	10.686714	ge
5	1	1	1	64	15	1285	855	9	11	10.686714	5
5	1	1	1	64	16	1312	853	85	20	57.258854	e258
5	1	1	1	64	17	1431	858	16	13	48.782810	8
5	1	1	1	64	18	1462	865	37	24	62.715923	bo
5	1	1	1	64	19	1590	878	11	13	0.000000	&
5	1	1	1	64	20	1742	897	13	11	79.903740	©
5	1	1	1	64	21	1820	901	11	9	73.976364	5
5	1	1	1	64	22	1867	900	15	9	39.111370	§$
5	1	1	1	64	23	1918	912	12	10	20.451469	€@
5	1	1	1	64	24	1967	909	11	12	67.708527	&
4	1	1	1	65	0	53	754	1925	181	-1	
5	1	1	1	65	1	53	754	43	16	38.764099	go
5	1	1	1	65	2	131	759	63	23	75.712570	age
5	1	1	1	65	3	244	764	53	33	36.346947	Pee
5	1	1	1	65	4	313	778	35	15	34.177856	SE
5	1	1	1	65	5	382	778	34	28	61.488705	er
5	1	1	1	65	6	465	792	12	11	80.939972	%
5	1	1	1	65	7	516	797	89	23	65.392441	S336
5	1	1	1	65	8	639	808	42	16	27.725052	.3
5	1	1	1	65	9	716	808	196	42	3.460197	ReesesNng
5	1	1	1	65	10	952	835	11	12	78.909286	3
5	1	1	1	65	11	1027	838	12	11	67.342278	8
5	1	1	1	65	12	1104	846	63	16	41.845135	260
5	1	1	1	65	13	1206	850	165	31	0.000000	SEakeas
5	1	1	1	65	14	1405	873	44	16	0.000000	3
5	1	1	1	65	15	1589	893	12	9	27.981949	&
5	1	1	1	65	16	1636	890	41	25	88.450378	#3
5	1	1	1	65	17	1737	909	17	13	25.144287	2
5	1	1	1	65	18	1819	912	17	13	84.743576	a
5	1	1	1	65	19	1871	909	11	13	86.050255	3
5	1	1	1	65	20	1918	922	16	13	83.040421	5
5	1	1	1	65	21	1962	922	16	6	0.000000	&
4	1	1	1	66	0	54	766	1925	187	-1	
5	1	1	1	66	1	54	766	11	19	55.967529	=
5	1	1	1	66	2	130	779	167	21	4.655342	SRESEDE
5	1	1	1	66	3	337	790	38	17	58.946918	STE.
5	1	1	1	66	4	465	812	12	11	55.386612	2
5	1	1	1	66	5	516	809	89	21	29.624214	ge°3
5	1	1	1	66	6	639	818	42	18	66.616455	4%
5	1	1	1	66	7	716	826	92	24	0.000000	Nos
5	1	1	1	66	8	823	836	57	16	0.000000	eas
5	1	1	1	66	9	899	847	12	20	21.956825	3
5	1	1	1	66	10	950	846	115	29	38.343922	S3h22
5	1	1	1	66	11	1104	857	62	20	38.939964	298
5	1	1	1	66	12	1253	870	41	19	0.000000	Be
5	1	1	1	66	13	1308	880	37	18	0.000000	Sr
5	1	1	1	66	14	1358	883	38	20	68.071754	oy
5	1	1	1	66	15	1435	882	64	34	36.171417	gpa
5	1	1	1	66	16	1589	903	17	12	24.682030	6
5	1	1	1	66	17	1639	914	38	10	55.998589	$2
5	1	1	1	66	18	1738	924	17	9	32.661263	+
5	1	1	1	66	19	1813	932	17	10	5.940239	«
5	1	1	1	66	20	1961	939	18	14	89.379143	2
4	1	1	1	67	0	6	773	1924	182	-1	
5	1	1	1	67	1	6	773	2	24	80.880707	|
5	1	1	1	67	2	52	787	38	9	72.102379	&.
5	1	1	1	67	3	126	787	94	51	3.394394	eases
5	1	1	1	67	4	233	787	17	51	3.394394	eo
5	1	1	1	67	5	262	794	64	40	0.000000	gtr
5	1	1	1	67	6	334	806	91	21	0.000000	essa
5	1	1	1	67	7	465	824	16	13	86.219009	a
5	1	1	1	67	8	510	822	95	21	0.000000	WEv»f
5	1	1	1	67	9	638	835	43	10	55.972572	Be
5	1	1	1	67	10	746	841	63	22	0.000000	ESS
5	1	1	1	67	11	824	847	62	17	0.000000	aes
5	1	1	1	67	12	971	863	93	23	34.192345	Boas
5	1	1	1	67	13	1104	872	62	26	59.080032	BSS
5	1	1	1	67	14	1205	881	165	29	0.000000	SESERSR
5	1	1	1	67	15	1387	891	61	25	51.398788	SES
5	1	1	1	67	16	1482	895	20	37	48.306614	ng
5	1	1	1	67	17	1640	924	37	21	30.194847	ae
5	1	1	1	67	18	1819	942	12	12	0.000000	s
5	1	1	1	67	19	1918	946	12	9	45.763062	2
4	1	1	1	68	0	52	795	1926	181	-1	
5	1	1	1	68	1	52	795	38	13	53.331741	98
5	1	1	1	68	2	178	810	42	12	33.717720	FBg
5	1	1	1	68	3	259	813	38	17	57.943077	ae
5	1	1	1	68	4	362	821	63	19	24.805382	Pao
5	1	1	1	68	5	541	838	63	14	36.058464	eon
5	1	1	1	68	6	638	842	43	16	40.653286	(a8
5	1	1	1	68	7	715	851	42	16	49.431877	1a
5	1	1	1	68	8	831	861	80	17	0.000000	Bed
5	1	1	1	68	9	946	870	16	12	88.259506	«
5	1	1	1	68	10	1001	876	37	17	43.277241	ba
5	1	1	1	68	11	1103	879	41	30	31.061256	cms)
5	1	1	1	68	12	1206	897	16	11	68.690231	bok
5	1	1	1	68	13	1257	897	35	13	37.370880	5.8
5	1	1	1	68	14	1302	890	18	30	28.665497	oo
5	1	1	1	68	15	1358	900	37	32	23.038300	O38
5	1	1	1	68	16	1435	915	38	28	27.345543	Gg
5	1	1	1	68	17	1588	926	13	12	77.501114	2
5	1	1	1	68	18	1664	938	13	10	12.310570	6
5	1	1	1	68	19	1742	942	12	10	56.491783	2
5	1	1	1	68	20	1865	947	17	29	45.637978	&
5	1	1	1	68	21	1918	956	60	18	57.091019	By
4	1	1	1	69	0	52	806	1877	170	-1	
5	1	1	1	69	1	52	806	38	17	19.998787	g8
5	1	1	1	69	2	125	807	17	14	79.657730	&
5	1	1	1	69	3	154	811	14	22	42.058300	2
5	1	1	1	69	4	202	816	150	28	0.000000	sEoees
5	1	1	1	69	5	384	841	41	14	64.200821	SO
5	1	1	1	69	6	465	838	16	14	43.069046	FP
5	1	1	1	69	7	516	847	37	18	0.000000	eh
5	1	1	1	69	8	567	832	42	37	0.000000	385
5	1	1	1	69	9	643	855	38	15	60.015652	ge
5	1	1	1	69	10	720	869	12	12	60.589088	«4
5	1	1	1	69	11	771	863	12	25	41.475391	g
5	1	1	1	69	12	823	874	87	18	0.000000	$n8a
5	1	1	1	69	13	950	883	62	18	0.000000	SE
5	1	1	1	69	14	1052	895	11	20	23.985886	5
5	1	1	1	69	15	1149	900	17	12	79.237801	3
5	1	1	1	69	16	1230	901	140	38	0.000000	agac.8
5	1	1	1	69	17	1409	925	88	23	2.039520	pHa
5	1	1	1	69	18	1585	939	16	9	43.450371	-
5	1	1	1	69	19	1639	946	38	22	34.628029	3g
5	1	1	1	69	20	1742	952	12	13	14.798492	4
5	1	1	1	69	21	1819	961	12	11	5.044769	&
5	1	1	1	69	22	1912	970	17	6	30.094467	2
4	1	1	1	70	0	6	817	1971	179	-1	
5	1	1	1	70	1	6	817	11	10	48.890099	>
5	1	1	1	70	2	48	822	42	12	77.378448	Be
5	1	1	1	70	3	124	823	198	33	22.342506	Negggecs
5	1	1	1	70	4	357	843	16	7	45.687061	2
5	1	1	1	70	5	461	852	16	8	0.000000	*
5	1	1	1	70	6	511	861	67	13	47.957035	£e8
5	1	1	1	70	7	640	869	40	15	30.707077	ge
5	1	1	1	70	8	721	881	36	13	25.567436	2.
5	1	1	1	70	9	793	868	118	39	28.626625	Egases
5	1	1	1	70	10	945	895	93	16	37.864983	as
5	1	1	1	70	11	1099	906	41	16	80.436821	Zo
5	1	1	1	70	12	1201	905	17	32	32.910294	3g
5	1	1	1	70	13	1255	921	90	25	0.000000	fess
5	1	1	1	70	14	1432	937	70	19	64.496407	B25
5	1	1	1	70	15	1636	958	15	8	80.734009	3
5	1	1	1	70	16	1741	965	12	11	49.314037	6
5	1	1	1	70	17	1819	974	12	9	54.778740	3
5	1	1	1	70	18	1918	977	59	19	54.290104	Bow
4	1	1	1	71	0	6	827	2087	196	-1	
5	1	1	1	71	1	6	827	7	7	16.600868	P
5	1	1	1	71	2	52	829	17	14	14.048187	oS
5	1	1	1	71	3	134	838	85	19	0.000000	Lio
5	1	1	1	71	4	304	851	69	19	51.065773	BUS
5	1	1	1	71	5	387	841	11	35	11.031197	eo
5	1	1	1	71	6	463	869	13	9	24.484879	o
5	1	1	1	71	7	566	866	38	28	47.073608	or
5	1	1	1	71	8	643	878	37	24	52.233601	a
5	1	1	1	71	9	745	888	38	19	40.832973	eV
5	1	1	1	71	10	797	883	37	38	0.000000	as
5	1	1	1	71	11	847	899	64	18	0.000000	ees
5	1	1	1	71	12	945	898	119	33	0.000000	Se2eo5
5	1	1	1	71	13	1102	920	64	15	82.418884	sae
5	1	1	1	71	14	1200	932	42	11	44.369667	48
5	1	1	1	71	15	1303	937	143	25	13.423111	BeaepiE
5	1	1	1	71	16	1485	957	13	12	0.000000	S
5	1	1	1	71	17	1583	960	94	26	67.338203	B35
5	1	1	1	71	18	1742	977	11	9	0.000000	&
5	1	1	1	71	19	1813	986	18	8	14.707260	a
5	1	1	1	71	20	2065	991	28	32	0.000000	Ye
4	1	1	1	72	0	6	838	1971	187	-1	
5	1	1	1	72	1	6	838	6	12	57.126236	7
5	1	1	1	72	2	52	844	38	10	53.412888	Be
5	1	1	1	72	3	130	842	139	37	0.000000	BSESas
5	1	1	1	72	4	286	862	62	24	67.283859	was
5	1	1	1	72	5	381	873	49	21	73.861664	“3
5	1	1	1	72	6	464	880	11	20	54.860718	2
5	1	1	1	72	7	514	880	64	27	27.492409	Bo.
5	1	1	1	72	8	643	892	12	12	87.219727	3
5	1	1	1	72	9	720	896	92	22	0.000000	2Eya
5	1	1	1	72	10	847	911	62	27	0.000000	gfs
5	1	1	1	72	11	950	916	112	29	43.967327	Beene
5	1	1	1	72	12	1098	932	68	14	54.758587	$44
5	1	1	1	72	13	1201	944	194	31	0.000000	SoSS8b85
5	1	1	1	72	14	1410	940	87	42	36.252308	2886S
5	1	1	1	72	15	1588	973	11	13	48.022633	&
5	1	1	1	72	16	1636	980	15	10	74.074417	$
5	1	1	1	72	17	1741	987	16	13	12.888580	i
5	1	1	1	72	18	1819	996	12	21	33.591507	&
5	1	1	1	72	19	1870	998	107	27	2.023689	£3
4	1	1	1	73	0	6	851	1971	186	-1	
5	1	1	1	73	1	6	851	6	14	91.946281	i
5	1	1	1	73	2	47	855	43	21	34.621452	es
5	1	1	1	73	3	129	856	63	51	31.367119	Seog
5	1	1	1	73	4	210	870	60	18	29.818039	cas
5	1	1	1	73	5	286	876	91	27	22.107452	eee.
5	1	1	1	73	6	405	896	25	7	17.421188	B
5	1	1	1	73	7	463	900	13	12	38.962292	§
5	1	1	1	73	8	514	896	90	19	30.398254	S282
5	1	1	1	73	9	642	907	38	24	52.317574	By
5	1	1	1	73	10	745	919	12	11	15.071060	Se
5	1	1	1	73	11	793	912	92	26	26.210617	kes
5	1	1	1	73	12	957	933	30	16	23.878975	SP
5	1	1	1	73	13	1005	938	58	25	30.435532	bes
5	1	1	1	73	14	1128	946	37	23	57.368984	as
5	1	1	1	73	15	1205	959	88	17	6.284653	SRS
5	1	1	1	73	16	1309	963	111	23	19.060860	RSESE
5	1	1	1	73	17	1434	972	63	26	30.942772	SSR
5	1	1	1	73	18	1588	987	12	12	0.000000	os
5	1	1	1	73	19	1633	990	44	27	48.475552	fe
5	1	1	1	73	20	1741	1009	11	13	47.235981	8
5	1	1	1	73	21	1818	1013	63	17	72.988480	3.3
5	1	1	1	73	22	1916	1023	13	10	95.604012	8
5	1	1	1	73	23	1965	1026	12	11	26.459564	x
4	1	1	1	74	0	6	866	1971	186	-1	
5	1	1	1	74	1	6	866	6	13	59.750511	:
5	1	1	1	74	2	77	876	13	12	38.565071	S$
5	1	1	1	74	3	124	877	68	18	0.000000	HA.o,
5	1	1	1	74	4	232	889	12	12	71.004791	§
5	1	1	1	74	5	279	890	68	20	55.392715	e238
5	1	1	1	74	6	379	900	44	23	60.736328	Ze
5	1	1	1	74	7	463	914	13	8	67.130432	8
5	1	1	1	74	8	509	912	94	20	47.010506	Send
5	1	1	1	74	9	642	919	12	10	83.924568	9
5	1	1	1	74	10	716	925	194	36	0.000000	Sepessea
5	1	1	1	74	11	949	951	114	23	6.826797	Soeeg
5	1	1	1	74	12	1103	955	36	21	64.030090	ps
5	1	1	1	74	13	1204	973	216	35	0.000000	BeSyeSess
5	1	1	1	74	14	1451	992	46	18	19.202888	es
5	1	1	1	74	15	1638	1012	38	16	68.195343	26
5	1	1	1	74	16	1741	1023	12	12	42.897575	3
5	1	1	1	74	17	1818	1032	12	13	87.063644	e
5	1	1	1	74	18	1869	1030	60	22	64.176804	2.5
5	1	1	1	74	19	1965	1039	12	11	75.526733	6
4	1	1	1	75	0	6	881	1970	183	-1	
5	1	1	1	75	1	6	881	6	12	76.181053	7
5	1	1	1	75	2	51	883	38	16	60.720753	ef
5	1	1	1	75	3	155	894	115	14	5.908676	ESUR
5	1	1	1	75	4	303	904	17	10	35.118240	Saw
5	1	1	1	75	5	356	915	15	8	28.540558	2
5	1	1	1	75	6	386	903	22	32	47.736099	2)
5	1	1	1	75	7	509	925	94	21	19.961365	BeBe
5	1	1	1	75	8	643	930	37	19	33.879448	8g
5	1	1	1	75	9	765	948	69	13	5.911270	ak
5	1	1	1	75	10	869	959	40	14	5.911270	gens
5	1	1	1	75	11	944	961	118	25	19.386635	B2g28
5	1	1	1	75	12	1102	979	63	11	48.738853	BRD
5	1	1	1	75	13	1199	986	93	23	43.227341	Spot
5	1	1	1	75	14	1383	998	11	9	34.819221	ae
5	1	1	1	75	15	1429	1006	68	18	34.819221	Ree
5	1	1	1	75	16	1582	1009	22	25	92.950302	2
5	1	1	1	75	17	1633	1024	43	17	92.905693	45
5	1	1	1	75	18	1740	1036	12	10	1.117172	°
5	1	1	1	75	19	1862	1043	66	21	26.216560	Woe
4	1	1	1	76	0	46	894	1935	182	-1	
5	1	1	1	76	1	46	894	42	17	51.664192	ae
5	1	1	1	76	2	129	900	115	30	0.000000	ESSER
5	1	1	1	76	3	257	910	64	20	0.000000	aes
5	1	1	1	76	4	336	920	36	15	65.754898	oe
5	1	1	1	76	5	463	930	12	20	85.222122	&
5	1	1	1	76	6	511	933	41	23	1.751221	ES
5	1	1	1	76	7	568	947	35	15	0.000000	8e
5	1	1	1	76	8	642	945	37	15	74.487495	Pe
5	1	1	1	76	9	714	955	67	13	0.000000	oae
5	1	1	1	76	10	817	955	92	33	7.319557	Aofse
5	1	1	1	76	11	944	975	122	20	0.000000	reek
5	1	1	1	76	12	1102	989	62	19	0.000000	Oog
5	1	1	1	76	13	1204	1000	38	13	34.444847	ow
5	1	1	1	76	14	1258	1000	63	22	24.027954	REP
5	1	1	1	76	15	1336	1007	59	20	17.192535	Mey
5	1	1	1	76	16	1411	1014	35	17	31.231842	SE
5	1	1	1	76	17	1485	1020	16	13	88.962692	a
5	1	1	1	76	18	1588	1036	15	13	81.157997	a
5	1	1	1	76	19	1635	1038	45	17	19.028435	8
5	1	1	1	76	20	1818	1056	12	10	74.125244	»
5	1	1	1	76	21	1889	1061	40	15	0.000000	so
4	1	1	1	77	0	6	908	1971	185	-1	
5	1	1	1	77	1	6	916	1	4	40.713776	>
5	1	1	1	77	2	48	908	41	17	28.521896	»§
5	1	1	1	77	3	128	921	38	8	16.647041	SS
5	1	1	1	77	4	198	921	148	25	9.144608	eBook
5	1	1	1	77	5	361	933	62	18	9.144608	say
5	1	1	1	77	6	514	942	12	25	11.053818	g
5	1	1	1	77	7	565	955	38	22	37.005737	8&8
5	1	1	1	77	8	637	958	42	13	71.886620	Fo
5	1	1	1	77	9	718	968	89	25	8.466637	ge3g
5	1	1	1	77	10	843	980	70	21	43.259659	FoF
5	1	1	1	77	11	975	985	62	21	29.036270	Bue
5	1	1	1	77	12	1048	981	14	31	61.842541	oO
5	1	1	1	77	13	1097	1003	67	15	14.923714	SOF
5	1	1	1	77	14	1307	1021	193	26	22.795250	aseagF.™
5	1	1	1	77	15	1587	1050	12	11	53.793556	o
5	1	1	1	77	16	1632	1053	43	13	24.517143	AF
5	1	1	1	77	17	1747	1059	8	11	34.664413	er
5	1	1	1	77	18	1799	1067	31	10	32.423920	1g
5	1	1	1	77	19	1864	1063	65	27	56.193222	S23
5	1	1	1	77	20	1964	1084	13	9	77.698753	o
4	1	1	1	78	0	6	915	1970	189	-1	
5	1	1	1	78	1	6	915	6	17	53.256287	2
5	1	1	1	78	2	45	924	44	15	47.403851	#8
5	1	1	1	78	3	123	930	121	21	34.010452	23°28
5	1	1	1	78	4	278	938	85	21	18.075500	Cas
5	1	1	1	78	5	411	953	12	25	76.730553	§
5	1	1	1	78	6	458	952	17	23	51.504448	€
5	1	1	1	78	7	514	965	41	17	53.518467	3s,
5	1	1	1	78	8	642	972	37	22	81.336433	eg
5	1	1	1	78	9	714	981	119	26	0.000000	£Eody
5	1	1	1	78	10	872	993	41	22	65.341995	Ee
5	1	1	1	78	11	946	988	116	34	0.000000	kes8e
5	1	1	1	78	12	1099	1016	65	14	59.119778	Ses
5	1	1	1	78	13	1204	1019	163	32	0.000000	gEErSsB
5	1	1	1	78	14	1384	1037	86	28	19.185318	S858
5	1	1	1	78	15	1484	1050	13	10	9.739090	©
5	1	1	1	78	16	1638	1064	37	16	56.092495	SB
5	1	1	1	78	17	1734	1072	18	14	77.762611	S
5	1	1	1	78	18	1791	1076	39	16	0.000000	§8
5	1	1	1	78	19	1864	1076	68	28	64.793060	$22
5	1	1	1	78	20	1959	1095	17	6	31.423813	©
4	1	1	1	79	0	6	934	1974	190	-1	
5	1	1	1	79	1	6	934	6	11	88.941872	>
5	1	1	1	79	2	46	935	43	15	48.145290	2B
5	1	1	1	79	3	128	944	166	25	31.912048	€soGaa,
5	1	1	1	79	4	316	958	36	11	29.690773	PS
5	1	1	1	79	5	380	967	17	12	56.527992	3
5	1	1	1	79	6	463	976	11	10	92.262497	2
5	1	1	1	79	7	514	978	89	24	6.603508	ofS,
5	1	1	1	79	8	661	993	17	10	29.473679	“
5	1	1	1	79	9	715	993	92	24	0.000000	Seak
5	1	1	1	79	10	847	997	37	29	73.114555	BE
5	1	1	1	79	11	1024	1018	42	17	24.140106	g®
5	1	1	1	79	12	1098	1030	66	16	46.687931	253
5	1	1	1	79	13	1204	1034	138	32	0.000000	ZeSSee
5	1	1	1	79	14	1359	1049	138	30	26.263550	58-288
5	1	1	1	79	15	1587	1072	12	12	24.870392	oS
5	1	1	1	79	16	1734	1088	18	14	87.160240	N
5	1	1	1	79	17	1790	1085	40	18	79.147049	s&
5	1	1	1	79	18	1863	1095	65	20	73.389290	249
5	1	1	1	79	19	1961	1101	19	23	72.389069	P
4	1	1	1	80	0	6	947	1970	186	-1	
5	1	1	1	80	1	6	947	57	15	20.398178	tog
5	1	1	1	80	2	128	958	244	35	0.000000	Esseorsay,
5	1	1	1	80	3	457	987	17	13	60.227428	a
5	1	1	1	80	4	534	995	42	15	36.889511	ge
5	1	1	1	80	5	637	989	17	37	27.540268	Ee
5	1	1	1	80	6	744	1007	88	23	0.068748	Baan
5	1	1	1	80	7	846	1016	63	21	0.068748	Gad
5	1	1	1	80	8	943	1024	50	43	0.000000	S28
5	1	1	1	80	9	1007	1037	54	16	0.000000	:86
5	1	1	1	80	10	1101	1044	63	19	54.354164	B35
5	1	1	1	80	11	1229	1050	37	20	58.115925	S28
5	1	1	1	80	12	1306	1064	88	20	48.280495	mass
5	1	1	1	80	13	1459	1072	37	14	23.980812	BE
5	1	1	1	80	14	1582	1085	16	13	6.113831	3
5	1	1	1	80	15	1637	1090	37	14	68.306374	Se
5	1	1	1	80	16	1791	1098	43	18	51.965942	3
5	1	1	1	80	17	1868	1109	60	17	0.000000	£2
5	1	1	1	80	18	1963	1125	13	8	38.983578	2
4	1	1	1	81	0	6	960	1904	190	-1	
5	1	1	1	81	1	6	960	5	7	86.814133	:
5	1	1	1	81	2	50	960	38	14	40.443291	29
5	1	1	1	81	3	150	972	170	22	0.000000	Borigés
5	1	1	1	81	4	385	981	43	25	44.001610	as
5	1	1	1	81	5	538	1002	13	12	62.831554	g
5	1	1	1	81	6	667	1012	12	9	50.728306	2
5	1	1	1	81	7	718	1018	140	25	5.346573	£38e58
5	1	1	1	81	8	949	1043	37	11	27.361465	6,
5	1	1	1	81	9	1007	1039	62	37	18.368385	i238
5	1	1	1	81	10	1101	1056	63	16	37.790398	e885
5	1	1	1	81	11	1200	1059	92	24	62.070259	Sok?
5	1	1	1	81	12	1351	1076	145	24	29.796356	Zasoks
5	1	1	1	81	13	1581	1099	17	13	50.210663	££
5	1	1	1	81	14	1637	1105	38	12	65.786163	$0
5	1	1	1	81	15	1736	1112	67	16	33.954994	$8
5	1	1	1	81	16	1890	1117	20	33	18.696548	Ey
4	1	1	1	82	0	6	970	1970	192	-1	
5	1	1	1	82	1	6	970	5	12	82.016548	i
5	1	1	1	82	2	47	974	41	12	60.814072	2%
5	1	1	1	82	3	128	978	166	30	0.000000	Sestast
5	1	1	1	82	4	310	989	61	24	23.903625	bes
5	1	1	1	82	5	411	1003	15	12	81.464104	=
5	1	1	1	82	6	463	1001	11	18	12.288635	-&
5	1	1	1	82	7	508	1003	94	36	41.508713	BZESs
5	1	1	1	82	8	641	1023	37	20	21.528839	£3
5	1	1	1	82	9	743	1038	166	25	18.726006	Spetees
5	1	1	1	82	10	948	1056	12	12	44.853134	§&
5	1	1	1	82	11	1006	1058	55	15	51.224060	peep
5	1	1	1	82	12	1095	1072	18	9	19.759933	3
5	1	1	1	82	13	1204	1072	86	18	10.986031	gern
5	1	1	1	82	14	1310	1077	58	26	35.624023	Bag
5	1	1	1	82	15	1382	1086	35	13	23.273270	ee
5	1	1	1	82	16	1429	1100	15	6	66.826187	o
5	1	1	1	82	17	1459	1098	37	17	24.544594	Bs
5	1	1	1	82	18	1638	1116	36	11	78.735390	es
5	1	1	1	82	19	1739	1120	13	12	40.740746	S
5	1	1	1	82	20	1791	1123	42	15	70.287819	FSP
5	1	1	1	82	21	1864	1135	64	11	49.692841	2M,
5	1	1	1	82	22	1960	1135	16	27	0.000000	-
4	1	1	1	83	0	6	983	1969	190	-1	
5	1	1	1	83	1	6	983	5	11	90.975197	3
5	1	1	1	83	2	50	985	13	18	0.000000	E
5	1	1	1	83	3	97	987	329	46	0.000000	Geaseigeges's
5	1	1	1	83	4	462	1026	12	9	8.732590	S&S
5	1	1	1	83	5	507	1031	95	15	54.252281	vets
5	1	1	1	83	6	636	1037	42	15	45.525749	Ee
5	1	1	1	83	7	718	1046	136	29	0.000000	Lephee
5	1	1	1	83	8	870	1040	17	39	56.946415	zs
5	1	1	1	83	9	948	1062	38	18	0.000000	SE
5	1	1	1	83	10	1024	1074	38	14	0.000000	OR
5	1	1	1	83	11	1101	1081	63	13	45.784363	S33
5	1	1	1	83	12	1202	1084	88	23	0.705574	SE™H
5	1	1	1	83	13	1356	1104	89	19	27.335747	£2ewo
5	1	1	1	83	14	1483	1117	13	8	0.000000	oS
5	1	1	1	83	15	1587	1114	16	13	50.608940	a
5	1	1	1	83	16	1632	1128	42	16	59.543884	Es
5	1	1	1	83	17	1734	1134	17	13	76.490341	£
5	1	1	1	83	18	1790	1135	39	17	68.860558	as
5	1	1	1	83	19	1867	1143	61	24	50.277786	Bae
5	1	1	1	83	20	1963	1163	12	10	57.901779	&
4	1	1	1	84	0	6	997	1973	195	-1	
5	1	1	1	84	1	6	997	5	12	61.502090	2
5	1	1	1	84	2	45	999	68	18	21.370102	E04
5	1	1	1	84	3	153	1012	63	18	24.936943	aor
5	1	1	1	84	4	231	1021	37	12	24.936943	sy
5	1	1	1	84	5	303	1023	120	24	0.000000	HESSBe
5	1	1	1	84	6	462	1037	12	10	44.448479	8
5	1	1	1	84	7	513	1043	88	25	9.784233	ERBS
5	1	1	1	84	8	636	1050	42	15	49.251625	2S
5	1	1	1	84	9	712	1057	92	25	46.199028	Saoe
5	1	1	1	84	10	815	1052	17	37	64.851181	sé
5	1	1	1	84	11	863	1062	45	37	35.342697	cor)
5	1	1	1	84	12	947	1080	114	27	0.000000	SEn28
5	1	1	1	84	13	1123	1092	41	20	55.324806	Ze
5	1	1	1	84	14	1197	1102	196	34	0.000000	HSS,eg82
5	1	1	1	84	15	1413	1120	30	13	29.865768	Pe
5	1	1	1	84	16	1458	1121	37	22	49.131527	oe
5	1	1	1	84	17	1585	1138	13	11	74.156464	2
5	1	1	1	84	18	1662	1136	12	25	42.543762	8
5	1	1	1	84	19	1735	1149	16	9	28.496964	SF
5	1	1	1	84	20	1789	1152	40	20	44.702477	of
5	1	1	1	84	21	1867	1159	59	17	65.414352	Sas
5	1	1	1	84	22	1958	1159	21	33	53.166573	3S
4	1	1	1	85	0	6	1010	1968	185	-1	
5	1	1	1	85	1	6	1010	5	17	89.685158	3
5	1	1	1	85	2	45	1016	146	28	15.684952	Bagels
5	1	1	1	85	3	225	1030	202	26	3.871498	Bygeeore
5	1	1	1	85	4	456	1048	18	12	21.963066	Bg
5	1	1	1	85	5	513	1055	89	18	67.244667	Bass
5	1	1	1	85	6	635	1065	43	18	0.000000	g¢
5	1	1	1	85	7	712	1070	68	24	0.000000	gga
5	1	1	1	85	8	821	1083	56	20	0.000000	Bee
5	1	1	1	85	9	895	1097	13	12	75.919739	8
5	1	1	1	85	10	947	1091	8	9	32.612770	@
5	1	1	1	85	11	966	1081	18	35	22.407082	ee
5	1	1	1	85	12	1048	1108	13	10	0.000000	&
5	1	1	1	85	13	1101	1103	63	27	3.178665	§$4
5	1	1	1	85	14	1197	1117	43	9	46.184498	88
5	1	1	1	85	15	1279	1122	64	19	48.457191	659
5	1	1	1	85	16	1401	1128	94	26	0.000000	eaFy
5	1	1	1	85	17	1582	1151	16	9	63.276020	=
5	1	1	1	85	18	1636	1154	13	10	61.010963	©
5	1	1	1	85	19	1734	1166	16	13	69.592918	§
5	1	1	1	85	20	1785	1164	44	22	94.283806	SE
5	1	1	1	85	21	1867	1171	60	23	60.232262	38%
5	1	1	1	85	22	1958	1190	16	5	65.127747	32
4	1	1	1	86	0	6	1028	1968	180	-1	
5	1	1	1	86	1	6	1028	4	5	50.908718	i
5	1	1	1	86	2	49	1031	13	12	43.720009	6
5	1	1	1	86	3	153	1040	37	15	21.275818	2.
5	1	1	1	86	4	205	1040	63	21	21.275818	Ess
5	1	1	1	86	5	307	1043	114	29	19.240387	oes
5	1	1	1	86	6	462	1062	11	13	58.739494	5
5	1	1	1	86	7	511	1068	91	20	11.770561	S—esS
5	1	1	1	86	8	665	1079	13	12	29.044464	eo
5	1	1	1	86	9	717	1086	12	9	25.505974	‘a
5	1	1	1	86	10	763	1096	43	15	49.925537	=e
5	1	1	1	86	11	870	1098	37	17	40.344425	os
5	1	1	1	86	12	947	1105	87	21	0.000000	eOHe
5	1	1	1	86	13	1095	1117	46	23	47.235626	22
5	1	1	1	86	14	1202	1121	88	32	23.380241	ofrne
5	1	1	1	86	15	1330	1136	88	29	21.439606	S385
5	1	1	1	86	16	1433	1132	62	37	47.347900	S538
5	1	1	1	86	17	1631	1163	43	17	52.069363	ao
5	1	1	1	86	18	1738	1164	16	30	30.555641	sf
5	1	1	1	86	19	1812	1183	16	8	9.014435	SB
5	1	1	1	86	20	1867	1184	60	24	22.202271	328
5	1	1	1	86	21	1958	1197	16	6	68.582512	5
4	1	1	1	87	0	6	1036	1965	185	-1	
5	1	1	1	87	1	6	1036	5	11	49.984226	H
5	1	1	1	87	2	101	1041	89	27	42.426979	Seas
5	1	1	1	87	3	256	1050	145	31	0.000000	gaasae
5	1	1	1	87	4	461	1075	13	12	42.707413	§
5	1	1	1	87	5	558	1081	47	19	55.826241	Sa
5	1	1	1	87	6	640	1084	38	18	85.104561	FS
5	1	1	1	87	7	717	1095	63	21	36.281872	S28
5	1	1	1	87	8	819	1105	89	21	48.619293	gnos
5	1	1	1	87	9	998	1124	37	16	59.442524	a8
5	1	1	1	87	10	1100	1138	12	8	51.401958	a
5	1	1	1	87	11	1151	1132	12	12	36.331352	3
5	1	1	1	87	12	1222	1143	43	13	11.338531	OBER
5	1	1	1	87	13	1305	1143	87	28	11.338531	POR
5	1	1	1	87	14	1426	1160	69	19	19.258659	Says
5	1	1	1	87	15	1580	1170	17	14	66.623962	4
5	1	1	1	87	16	1633	1180	16	10	66.623962	8
5	1	1	1	87	17	1738	1192	13	12	16.794052	7
5	1	1	1	87	18	1816	1193	12	10	22.183113	®
5	1	1	1	87	19	1867	1198	37	13	24.827919	$28
5	1	1	1	87	20	1958	1203	13	18	89.567902	&
4	1	1	1	88	0	49	1052	1878	171	-1	
5	1	1	1	88	1	49	1052	64	12	65.173813	oad
5	1	1	1	88	2	199	1060	119	23	15.377815	Segads
5	1	1	1	88	3	353	1073	18	18	87.974899	25
5	1	1	1	88	4	409	1086	12	13	48.399029	a
5	1	1	1	88	5	461	1088	12	17	50.383068	BE
5	1	1	1	88	6	507	1087	18	13	26.960388	OOS
5	1	1	1	88	7	588	1095	13	16	0.770599	y
5	1	1	1	88	8	665	1111	13	10	54.020905	©
5	1	1	1	88	9	762	1110	94	24	25.535919	Teen
5	1	1	1	88	10	874	1127	34	10	40.322220	es
5	1	1	1	88	11	942	1130	118	20	28.966972	Arsen
5	1	1	1	88	12	1100	1142	63	19	42.112583	SES
5	1	1	1	88	13	1197	1148	93	21	21.866859	ers
5	1	1	1	88	14	1380	1159	22	38	26.358215	gs
5	1	1	1	88	15	1414	1166	85	27	0.000000	Poue
5	1	1	1	88	16	1585	1184	89	22	31.460747	Sone
5	1	1	1	88	17	1738	1206	13	8	0.000000	a
5	1	1	1	88	18	1866	1210	61	13	62.737305	a6o
4	1	1	1	89	0	44	1058	1931	185	-1	
5	1	1	1	89	1	44	1062	43	20	17.337761	ae
5	1	1	1	89	2	120	1058	34	44	43.889427	or
5	1	1	1	89	3	179	1069	63	29	15.866791	oe
5	1	1	1	89	4	281	1079	37	26	17.710098	BS
5	1	1	1	89	5	337	1079	33	23	5.120697	ks
5	1	1	1	89	6	409	1084	12	23	40.498817	5
5	1	1	1	89	7	532	1099	17	13	16.347122	z
5	1	1	1	89	8	585	1110	67	22	19.367889	go
5	1	1	1	89	9	718	1119	15	13	56.471214	a
5	1	1	1	89	10	742	1122	12	10	51.151245	@
5	1	1	1	89	11	814	1129	92	18	0.000000	gofs
5	1	1	1	89	12	943	1142	118	19	23.121254	SPSas
5	1	1	1	89	13	1125	1159	38	15	50.381996	So
5	1	1	1	89	14	1198	1162	173	24	32.350090	Bos
5	1	1	1	89	15	1278	1153	35	37	11.380005	Se
5	1	1	1	89	16	1324	1162	47	24	37.573463	iyo
5	1	1	1	89	17	1426	1190	43	12	78.989067	23
5	1	1	1	89	18	1585	1195	62	23	57.363800	38%
5	1	1	1	89	19	1660	1202	13	12	57.363800	2
5	1	1	1	89	20	1815	1213	13	12	0.000000	e
5	1	1	1	89	21	1914	1230	12	12	26.938919	eo
5	1	1	1	89	22	1962	1231	13	12	50.778931	3
4	1	1	1	90	0	6	1071	1898	174	-1	
5	1	1	1	90	1	6	1071	3	5	40.523849	‘
5	1	1	1	90	2	358	1102	12	12	33.101036	S
5	1	1	1	90	3	460	1113	13	11	37.786209	2
5	1	1	1	90	4	512	1113	63	18	63.074959	WE»
5	1	1	1	90	5	656	1115	24	32	24.050018	oot
5	1	1	1	90	6	737	1133	170	26	43.724525	SREESBaS
5	1	1	1	90	7	942	1157	16	6	43.578323	8
5	1	1	1	90	8	994	1160	66	13	0.000000	$es
5	1	1	1	90	9	1099	1157	13	23	38.104736	og
5	1	1	1	90	10	1222	1165	20	32	47.766327	3S
5	1	1	1	90	11	1304	1176	113	33	0.000000	S9eekea
5	1	1	1	90	12	1456	1194	38	20	59.972225	gg
5	1	1	1	90	13	1585	1209	89	20	0.000000	£2908
5	1	1	1	90	14	1789	1222	43	23	61.819466	Bw
5	1	1	1	90	15	1866	1230	38	12	31.388458	22
4	1	1	1	91	0	6	1077	1968	185	-1	
5	1	1	1	91	1	6	1077	4	18	68.486000	$
5	1	1	1	91	2	44	1084	42	16	37.849045	98
5	1	1	1	91	3	121	1091	43	20	0.000000	Ng
5	1	1	1	91	4	178	1094	115	27	0.000000	g<o2o
5	1	1	1	91	5	329	1102	92	26	58.598358	bese
5	1	1	1	91	6	457	1125	16	10	62.553345	g
5	1	1	1	91	7	512	1125	89	18	16.307571	GS3a
5	1	1	1	91	8	639	1133	38	22	35.994896	95
5	1	1	1	91	9	716	1141	36	15	0.000000	B2
5	1	1	1	91	10	767	1146	37	20	28.926155	8c
5	1	1	1	91	11	855	1152	52	24	47.873913	83
5	1	1	1	91	12	946	1164	89	21	24.553268	E°es
5	1	1	1	91	13	1119	1176	47	16	73.387421	OF
5	1	1	1	91	14	1197	1183	169	25	0.000000	sBazs8e8
5	1	1	1	91	15	1405	1203	89	25	56.771072	Spek
5	1	1	1	91	16	1607	1209	15	35	9.256622	gq
5	1	1	1	91	17	1729	1220	21	35	67.278603	we
5	1	1	1	91	18	1861	1241	65	21	19.762001	eee
4	1	1	1	92	0	44	1100	1929	170	-1	
5	1	1	1	92	1	44	1100	120	21	15.475952	seeNs
5	1	1	1	92	2	228	1113	120	19	42.460064	Bok
5	1	1	1	92	3	308	1106	15	44	34.340050	2
5	1	1	1	92	4	383	1127	38	19	0.000000	mRaRse
5	1	1	1	92	5	506	1135	69	21	66.625145	3535
5	1	1	1	92	6	659	1152	17	10	63.802765	S
5	1	1	1	92	7	717	1153	62	20	0.000000	828
5	1	1	1	92	8	819	1165	87	15	0.000000	2ER88
5	1	1	1	92	9	971	1180	88	10	0.000000	Zoad
5	1	1	1	92	10	1099	1189	62	17	2.330811	gOP
5	1	1	1	92	11	1196	1197	18	16	32.326401	8
5	1	1	1	92	12	1278	1209	38	13	0.000000	Re
5	1	1	1	92	13	1333	1214	161	24	0.000000	aRf2Ras
5	1	1	1	92	14	1610	1226	63	28	31.375153	See
5	1	1	1	92	15	1809	1247	18	20	39.835239	2
5	1	1	1	92	16	1862	1247	64	23	66.490578	Pes
5	1	1	1	92	17	1957	1263	16	6	93.489227	2
4	1	1	1	93	0	6	1106	1968	183	-1	
5	1	1	1	93	1	6	1106	55	15	0.000000	.o3
5	1	1	1	93	2	100	1111	64	24	0.000000	8s3
5	1	1	1	93	3	204	1121	33	18	42.217464	8S
5	1	1	1	93	4	248	1113	18	34	0.000000	A”
5	1	1	1	93	5	300	1126	69	23	67.326210	B25
5	1	1	1	93	6	456	1134	20	28	27.236389	so
5	1	1	1	93	7	511	1148	89	22	13.062744	ZR
5	1	1	1	93	8	634	1156	43	19	66.492935	aS
5	1	1	1	93	9	716	1166	63	17	0.000000	SSS
5	1	1	1	93	10	795	1168	116	27	0.000000	Saeek
5	1	1	1	93	11	946	1183	114	28	0.000000	BA2eDd
5	1	1	1	93	12	1099	1200	63	18	0.000000	oea
5	1	1	1	93	13	1223	1205	66	34	0.000000	#ERs
5	1	1	1	93	14	1354	1220	115	25	0.000000	grtog
5	1	1	1	93	15	1584	1240	63	22	69.487511	230
5	1	1	1	93	16	1785	1261	42	20	55.164879	+2
5	1	1	1	93	17	1866	1271	60	18	68.879723	Yay
5	1	1	1	93	18	1962	1278	12	10	84.448784	o
4	1	1	1	94	0	6	1115	1967	184	-1	
5	1	1	1	94	1	6	1115	3	10	0.000000	,
5	1	1	1	94	2	48	1115	65	30	72.309525	988
5	1	1	1	94	3	151	1131	115	28	0.000000	SESEN
5	1	1	1	94	4	276	1136	67	23	0.000000	SHS
5	1	1	1	94	5	354	1147	66	23	0.000000	243
5	1	1	1	94	6	460	1158	12	25	7.029144	F
5	1	1	1	94	7	536	1162	64	25	13.142303	e828
5	1	1	1	94	8	639	1178	115	19	35.661781	32208
5	1	1	1	94	9	792	1176	89	37	42.721004	22388
5	1	1	1	94	10	946	1200	113	23	0.000000	asoes
5	1	1	1	94	11	1099	1213	63	19	68.321060	248
5	1	1	1	94	12	1201	1214	62	34	43.502693	BES
5	1	1	1	94	13	1303	1222	38	27	4.884789	ES
5	1	1	1	94	14	1354	1233	63	23	0.000000	se8
5	1	1	1	94	15	1433	1241	64	22	34.676453	Sao
5	1	1	1	94	16	1584	1249	61	33	0.000000	ogg
5	1	1	1	94	17	1660	1256	13	12	0.000000	5
5	1	1	1	94	18	1735	1264	16	16	72.017197	A
5	1	1	1	94	19	1809	1283	4	5	27.348038	+
5	1	1	1	94	20	1887	1285	38	14	86.215981	Be
5	1	1	1	94	21	1962	1289	11	9	21.973579	&
4	1	1	1	95	0	6	1135	1968	176	-1	
5	1	1	1	95	1	6	1135	3	8	11.734116	’
5	1	1	1	95	2	48	1135	38	17	15.386902	re
5	1	1	1	95	3	124	1142	64	21	31.070343	eae
5	1	1	1	95	4	205	1149	57	19	0.000000	seN
5	1	1	1	95	5	277	1158	40	20	0.000000	Se
5	1	1	1	95	6	328	1160	66	18	26.715614	aes
5	1	1	1	95	7	510	1173	90	28	5.925377	>838
5	1	1	1	95	8	635	1185	93	24	0.000000	Less
5	1	1	1	95	9	763	1193	15	21	0.000000	s
5	1	1	1	95	10	817	1203	39	18	15.072319	82
5	1	1	1	95	11	868	1205	38	24	0.000000	o2
5	1	1	1	95	12	946	1213	113	25	0.000000	Rss
5	1	1	1	95	13	1132	1227	29	19	74.451912	cf
5	1	1	1	95	14	1252	1236	63	21	62.951111	Ag
5	1	1	1	95	15	1311	1232	31	40	41.172440	eK
5	1	1	1	95	16	1401	1252	42	15	39.071766	Fogg
5	1	1	1	95	17	1481	1265	13	10	17.484047	g
5	1	1	1	95	18	1581	1259	20	35	21.516731	80
5	1	1	1	95	19	1660	1278	38	13	51.916767	aa
5	1	1	1	95	20	1785	1283	42	20	85.469864	+3
5	1	1	1	95	21	1866	1290	60	21	45.132706	685
5	1	1	1	95	22	1961	1299	13	10	87.228798	5
4	1	1	1	96	0	6	1146	1967	179	-1	
5	1	1	1	96	1	6	1146	2	10	0.000000	,
5	1	1	1	96	2	125	1156	12	11	79.341530	§
5	1	1	1	96	3	505	1195	17	6	94.038719	>
5	1	1	1	96	4	629	1183	21	35	26.306305	BS
5	1	1	1	96	5	766	1213	12	9	90.075897	a
5	1	1	1	96	6	834	1203	24	35	0.000000	P-)
5	1	1	1	96	7	945	1226	89	19	34.613739	sSEsg
5	1	1	1	96	8	1098	1240	38	13	44.196999	og
5	1	1	1	96	9	1200	1241	38	22	37.520470	go
5	1	1	1	96	10	1272	1257	170	18	13.040924	BeSEySa
5	1	1	1	96	11	1457	1262	36	22	73.554436	ps
5	1	1	1	96	12	1584	1281	114	23	38.276157	BSEs#
5	1	1	1	96	13	1738	1298	11	14	69.767845	.
5	1	1	1	96	14	1811	1302	16	9	0.000000	&
5	1	1	1	96	15	1865	1304	60	21	45.311790	86s
5	1	1	1	96	16	1956	1311	17	13	73.655289	4
4	1	1	1	97	0	6	1158	1967	177	-1	
5	1	1	1	97	1	6	1158	2	5	55.463097	}
5	1	1	1	97	2	74	1160	11	9	6.677277	5
5	1	1	1	97	3	120	1164	274	29	16.159271	@BEEGeEREESS
5	1	1	1	97	4	460	1192	11	12	83.299980	x
5	1	1	1	97	5	532	1189	42	24	42.500671	23
5	1	1	1	97	6	633	1205	171	29	0.000000	Sehesees
5	1	1	1	97	7	864	1226	42	13	67.469147	as
5	1	1	1	97	8	970	1240	13	10	66.555077	g
5	1	1	1	97	9	1044	1241	15	18	0.000000	P
5	1	1	1	97	10	1123	1248	38	13	65.606911	22
5	1	1	1	97	11	1195	1261	42	14	84.704315	82
5	1	1	1	97	12	1277	1266	140	22	70.501839	BSSEGSE
5	1	1	1	97	13	1478	1283	16	9	84.114120	3
5	1	1	1	97	14	1609	1292	13	11	0.000000	s
5	1	1	1	97	15	1687	1297	11	13	12.362350	5
5	1	1	1	97	16	1814	1312	12	12	40.661449	&
5	1	1	1	97	17	1866	1309	36	20	40.608410	Re
5	1	1	1	97	18	1958	1326	15	9	0.000000	s
4	1	1	1	98	0	6	1161	1919	180	-1	
5	1	1	1	98	1	6	1166	2	7	53.492615	'
5	1	1	1	98	2	48	1161	37	22	53.049637	Pe
5	1	1	1	98	3	100	1166	35	20	53.049637	aa
5	1	1	1	98	4	150	1178	13	12	50.050644	s
5	1	1	1	98	5	198	1177	68	20	42.077904	285
5	1	1	1	98	6	301	1183	92	30	16.849426	Sse
5	1	1	1	98	7	459	1204	12	12	82.098083	S
5	1	1	1	98	8	505	1203	95	18	0.000000	BRRy
5	1	1	1	98	9	638	1215	37	26	38.160442	ae
5	1	1	1	98	10	712	1223	169	27	15.925591	“Baseus
5	1	1	1	98	11	946	1240	92	24	20.906281	PS5ab
5	1	1	1	98	12	1092	1260	69	11	79.312210	S85
5	1	1	1	98	13	1195	1265	42	17	0.000000	SE
5	1	1	1	98	14	1250	1257	39	40	0.000000	p38
5	1	1	1	98	15	1455	1285	38	20	64.288246	83
5	1	1	1	98	16	1583	1292	115	35	9.141403	Sesacg
5	1	1	1	98	17	1813	1325	14	12	46.319294	6
5	1	1	1	98	18	1862	1326	63	15	53.294838	853
4	1	1	1	99	0	73	1178	1900	178	-1	
5	1	1	1	99	1	73	1178	13	10	30.402176	3
5	1	1	1	99	2	125	1186	218	26	12.543274	SSESEESvSS
5	1	1	1	99	3	402	1209	18	12	16.539246	3
5	1	1	1	99	4	510	1219	89	16	29.137222	Swed
5	1	1	1	99	5	740	1233	13	22	27.645798	8
5	1	1	1	99	6	786	1244	43	6	0.000000	ac-8
5	1	1	1	99	7	884	1241	21	31	0.000000	F—
5	1	1	1	99	8	1020	1260	39	13	65.457367	2s
5	1	1	1	99	9	1098	1269	63	13	65.296509	sees
5	1	1	1	99	10	1195	1279	42	16	0.000000	saa
5	1	1	1	99	11	1271	1292	17	6	0.000000	9
5	1	1	1	99	12	1348	1288	120	25	5.910522	geegs
5	1	1	1	99	13	1578	1312	69	20	0.000000	D2
5	1	1	1	99	14	1788	1327	12	17	15.946342	z
5	1	1	1	99	15	1865	1336	60	13	10.031090	Boe
5	1	1	1	99	16	1946	1344	27	9	58.334450	ck
4	1	1	1	100	0	6	1185	1967	183	-1	
5	1	1	1	100	1	6	1185	6	9	81.466736	»
5	1	1	1	100	2	47	1185	37	17	41.574432	of
5	1	1	1	100	3	124	1196	64	24	26.897102	res
5	1	1	1	100	4	202	1203	38	15	0.000000	ee
5	1	1	1	100	5	264	1198	180	35	0.000000	 seeckse
5	1	1	1	100	6	457	1217	14	25	11.113495	3
5	1	1	1	100	7	504	1230	95	18	75.342178	225s
5	1	1	1	100	8	633	1234	119	31	0.000000	seEUS
5	1	1	1	100	9	766	1250	63	26	0.000000	Ege
5	1	1	1	100	10	845	1251	61	26	16.430038	ers
5	1	1	1	100	11	939	1263	124	24	33.942429	2oe28
5	1	1	1	100	12	1123	1277	37	15	36.083946	of
5	1	1	1	100	13	1200	1286	63	28	45.384415	Bes
5	1	1	1	100	14	1302	1289	63	26	34.674088	gee
5	1	1	1	100	15	1403	1306	89	19	0.000000	S2SE
5	1	1	1	100	16	1583	1319	42	22	6.899826	SAF
5	1	1	1	100	17	1659	1323	39	20	6.899826	EE
5	1	1	1	100	18	1736	1330	13	13	22.285782	«6
5	1	1	1	100	19	1787	1338	39	19	21.073830	a)
5	1	1	1	100	20	1864	1350	109	18	26.394089	Sogus
4	1	1	1	101	0	6	1196	1966	184	-1	
5	1	1	1	101	1	6	1196	2	11	4.994499	i
5	1	1	1	101	2	47	1198	168	27	0.000000	Release
5	1	1	1	101	3	253	1220	38	15	58.418427	ne
5	1	1	1	101	4	330	1224	89	24	0.000000	Boke
5	1	1	1	101	5	427	1219	43	37	0.000000	ses
5	1	1	1	101	6	504	1238	68	22	48.676296	Bes
5	1	1	1	101	7	633	1250	120	26	41.880875	Pages
5	1	1	1	101	8	814	1265	41	15	22.102310	Bo
5	1	1	1	101	9	939	1277	98	20	30.879379	S225
5	1	1	1	101	10	1098	1291	66	20	28.565613	2ga
5	1	1	1	101	11	1220	1290	26	32	62.394897	a)
5	1	1	1	101	12	1273	1299	90	31	0.000000	ESBS
5	1	1	1	101	13	1378	1312	13	22	0.000000	2
5	1	1	1	101	14	1424	1311	94	34	0.000000	OAOSE
5	1	1	1	101	15	1578	1331	120	23	0.000000	Cf,es
5	1	1	1	101	16	1736	1353	13	8	36.310425	&
5	1	1	1	101	17	1782	1357	17	13	81.443588	2
5	1	1	1	101	18	1884	1362	88	18	25.356857	a8és
4	1	1	1	102	0	6	1209	1967	185	-1	
5	1	1	1	102	1	6	1211	2	4	44.361374	>
5	1	1	1	102	2	94	1213	16	18	25.442574	eG
5	1	1	1	102	3	150	1220	37	9	25.442574	Pres
5	1	1	1	102	4	227	1227	93	22	19.917336	BSE
5	1	1	1	102	5	305	1223	15	34	28.167679	p
5	1	1	1	102	6	351	1242	17	6	25.399338	me
5	1	1	1	102	7	402	1242	69	23	32.025711	#85
5	1	1	1	102	8	534	1250	65	25	64.766617	83.
5	1	1	1	102	9	638	1264	11	8	17.737244	&
5	1	1	1	102	10	711	1267	66	20	60.630039	B25
5	1	1	1	102	11	817	1275	88	30	21.351196	Fag,
5	1	1	1	102	12	990	1295	69	15	20.162224	se?
5	1	1	1	102	13	1098	1303	15	13	0.000000	2B
5	1	1	1	102	14	1194	1307	43	20	38.719028	23
5	1	1	1	102	15	1299	1322	40	18	52.503143	£R
5	1	1	1	102	16	1403	1322	38	22	6.039948	dub
5	1	1	1	102	17	1482	1338	10	13	16.903351	¢
5	1	1	1	102	18	1509	1339	13	13	0.000000	B
5	1	1	1	102	19	1609	1343	89	22	3.750755	EROR
5	1	1	1	102	20	1733	1363	16	8	10.282661	»
5	1	1	1	102	21	1813	1367	13	14	44.295517	3s
5	1	1	1	102	22	1859	1363	114	31	0.000000	OSe98
4	1	1	1	103	0	6	1219	1918	174	-1	
5	1	1	1	103	1	6	1219	6	9	0.000000	,
5	1	1	1	103	2	42	1222	43	22	45.615177	Rs
5	1	1	1	103	3	124	1227	140	24	0.000000	S&ee8s
5	1	1	1	103	4	300	1242	145	33	0.000000	Ze2ReBa
5	1	1	1	103	5	510	1260	37	19	61.885399	go
5	1	1	1	103	6	637	1273	166	27	0.000000	S5aSESe
5	1	1	1	103	7	842	1295	37	14	11.009140	oe
5	1	1	1	103	8	970	1303	88	21	0.000000	BORZ
5	1	1	1	103	9	1097	1312	64	17	35.639511	BSy
5	1	1	1	103	10	1245	1326	47	19	64.713089	28
5	1	1	1	103	11	1353	1335	37	12	1.601898	sf
5	1	1	1	103	12	1404	1345	113	19	0.000000	os,g8
5	1	1	1	103	13	1582	1356	116	21	0.000000	Ss8.8
5	1	1	1	103	14	1735	1373	13	8	40.990578	8
5	1	1	1	103	15	1786	1379	13	10	65.771484	@
5	1	1	1	103	16	1908	1384	16	9	51.838284	*
4	1	1	1	104	0	6	1232	1967	185	-1	
5	1	1	1	104	1	6	1232	2	8	37.169579	t
5	1	1	1	104	2	150	1242	64	13	0.000000	ao
5	1	1	1	104	3	248	1251	81	13	0.000000	e's
5	1	1	1	104	4	351	1258	67	20	0.000000	age
5	1	1	1	104	5	453	1266	17	15	12.960800	m&
5	1	1	1	104	6	542	1276	56	17	0.000000	oS
5	1	1	1	104	7	636	1278	38	25	0.000000	o*6
5	1	1	1	104	8	714	1290	37	17	37.472343	2.
5	1	1	1	104	9	792	1292	62	23	17.876602	B®
5	1	1	1	104	10	892	1305	13	12	40.254208	°
5	1	1	1	104	11	945	1312	36	14	0.000000	>'s
5	1	1	1	104	12	1021	1312	41	28	22.976639	Pied
5	1	1	1	104	13	1117	1323	43	19	62.937428	So
5	1	1	1	104	14	1200	1337	15	13	11.668381	>
5	1	1	1	104	15	1225	1335	38	22	11.668381	PS
5	1	1	1	104	16	1301	1337	64	26	3.880142	O3ag
5	1	1	1	104	17	1403	1356	13	9	0.000000	o
5	1	1	1	104	18	1454	1360	63	16	18.120010	oes
5	1	1	1	104	19	1579	1369	67	17	0.000000	-ss
5	1	1	1	104	20	1682	1379	15	9	0.000000	-
5	1	1	1	104	21	1787	1391	11	10	66.632263	8
5	1	1	1	104	22	1864	1387	109	30	0.000000	22ygDo
4	1	1	1	105	0	6	1242	1966	181	-1	
5	1	1	1	105	1	6	1242	2	15	58.668900	:
5	1	1	1	105	2	43	1245	67	23	17.489822	he
5	1	1	1	105	3	147	1248	143	34	29.426308	ee
5	1	1	1	105	4	334	1266	34	19	14.216705	er
5	1	1	1	105	5	397	1272	47	24	13.550278	ee
5	1	1	1	105	6	534	1289	64	19	47.204147	g3s
5	1	1	1	105	7	662	1302	64	19	0.000000	Seo
5	1	1	1	105	8	743	1298	33	38	0.000000	oe
5	1	1	1	105	9	794	1298	64	38	26.361305	eer
5	1	1	1	105	10	867	1317	42	15	47.624664	os
5	1	1	1	105	11	964	1321	94	26	47.375126	Geog
5	1	1	1	105	12	1092	1330	43	23	23.477341	as
5	1	1	1	105	13	1194	1351	17	6	78.997559	2
5	1	1	1	105	14	1250	1352	67	17	20.644928	SES
5	1	1	1	105	15	1333	1355	83	26	10.316940	CSRs
5	1	1	1	105	16	1429	1366	38	20	53.832150	ad
5	1	1	1	105	17	1633	1386	64	12	21.522766	g6ua
5	1	1	1	105	18	1736	1389	11	13	0.000000	‘k
5	1	1	1	105	19	1782	1401	43	19	36.496407	ae
5	1	1	1	105	20	1859	1402	113	21	18.718193	s8282
4	1	1	1	106	0	6	1259	1966	187	-1	
5	1	1	1	106	1	6	1261	2	8	0.000000	»
5	1	1	1	106	2	46	1259	39	10	34.414421	as
5	1	1	1	106	3	201	1268	89	21	0.000000	SEs2
5	1	1	1	106	4	304	1280	36	16	35.896027	os
5	1	1	1	106	5	355	1285	13	11	35.896027	8
5	1	1	1	106	6	406	1291	64	19	45.395493	BRS
5	1	1	1	106	7	509	1298	89	22	0.000000	>BES
5	1	1	1	106	8	633	1303	246	47	0.000000	SSeeossesog
5	1	1	1	106	9	891	1303	18	47	0.780655	sh
5	1	1	1	106	10	943	1326	38	26	44.541313	an
5	1	1	1	106	11	995	1342	62	18	0.000000	g°8
5	1	1	1	106	12	1122	1341	37	34	37.499687	Sig
5	1	1	1	106	13	1199	1358	37	11	0.000000	Se
5	1	1	1	106	14	1252	1366	35	17	0.000000	gt
5	1	1	1	106	15	1302	1368	37	14	21.985886	So
5	1	1	1	106	16	1382	1370	58	26	40.229000	hse
5	1	1	1	106	17	1479	1375	38	23	37.197411	Em
5	1	1	1	106	18	1577	1388	124	30	39.373135	Bes2n
5	1	1	1	106	19	1735	1403	13	10	34.661942	&
5	1	1	1	106	20	1782	1399	17	36	62.201954	Pt
5	1	1	1	106	21	1860	1417	112	29	0.000000	Saoge
4	1	1	1	107	0	41	1271	1931	186	-1	
5	1	1	1	107	1	41	1271	18	12	38.675049	a
5	1	1	1	107	2	73	1275	319	42	0.000000	fPeszissregic
5	1	1	1	107	3	406	1306	64	19	10.272339	iis
5	1	1	1	107	4	534	1310	64	26	5.968849	2a8
5	1	1	1	107	5	632	1328	67	15	0.520294	ESC
5	1	1	1	107	6	722	1329	80	22	0.000000	TOSS
5	1	1	1	107	7	816	1336	88	31	0.000000	BEES
5	1	1	1	107	8	944	1353	16	12	79.253769	a
5	1	1	1	107	9	995	1356	63	15	16.860367	S553
5	1	1	1	107	10	1097	1361	63	21	48.710361	rss
5	1	1	1	107	11	1195	1369	143	27	0.000000	B"oSRe
5	1	1	1	107	12	1377	1395	37	13	30.346634	2
5	1	1	1	107	13	1429	1391	88	23	0.000000	9S
5	1	1	1	107	14	1604	1409	92	23	8.268448	ee
5	1	1	1	107	15	1809	1422	16	20	86.234642	3
5	1	1	1	107	16	1863	1434	109	23	14.579987	Beass
4	1	1	1	108	0	6	1284	1917	177	-1	
5	1	1	1	108	1	6	1284	1	4	2.078163	:
5	1	1	1	108	2	95	1290	15	9	62.631226	2
5	1	1	1	108	3	170	1293	68	15	47.786949	SEE
5	1	1	1	108	4	269	1308	45	11	35.902489	ee
5	1	1	1	108	5	334	1309	58	21	31.473991	Bes
5	1	1	1	108	6	457	1326	13	9	49.716625	8
5	1	1	1	108	7	504	1313	17	25	70.197952	38
5	1	1	1	108	8	580	1333	22	12	0.000000	S
5	1	1	1	108	9	636	1336	12	12	28.087784	8
5	1	1	1	108	10	662	1341	36	15	35.164047	os
5	1	1	1	108	11	739	1344	115	23	0.000000	2285
5	1	1	1	108	12	840	1339	12	36	0.000000	H
5	1	1	1	108	13	891	1363	13	8	43.617920	RB
5	1	1	1	108	14	976	1369	81	12	32.862381	2852
5	1	1	1	108	15	1092	1376	68	15	91.874947	228
5	1	1	1	108	16	1223	1390	38	12	0.000000	O3
5	1	1	1	108	17	1282	1391	56	16	12.798241	BAS
5	1	1	1	108	18	1401	1407	39	12	12.798241	OES
5	1	1	1	108	19	1479	1413	37	12	53.010693	Sa
5	1	1	1	108	20	1577	1409	17	23	0.000000	25
5	1	1	1	108	21	1633	1424	63	15	0.000000	Ros
5	1	1	1	108	22	1735	1434	12	9	48.126892	S
5	1	1	1	108	23	1786	1432	39	20	29.567650	&s
5	1	1	1	108	24	1860	1448	63	13	84.590233	ges
4	1	1	1	109	0	37	1287	1935	189	-1	
5	1	1	1	109	1	37	1287	20	30	22.538437	fe
5	1	1	1	109	2	72	1291	37	22	27.726562	ES
5	1	1	1	109	3	144	1302	43	17	6.404724	gr
5	1	1	1	109	4	201	1303	63	31	6.404724	ake
5	1	1	1	109	5	298	1320	17	13	54.489365	3
5	1	1	1	109	6	354	1323	116	23	3.965294	SSeu8
5	1	1	1	109	7	508	1336	38	14	33.535416	oo
5	1	1	1	109	8	630	1350	222	25	0.000000	BosPeague
5	1	1	1	109	9	943	1367	114	26	14.914093	Bessy
5	1	1	1	109	10	1091	1384	42	22	30.817673	oe
5	1	1	1	109	11	1199	1386	15	28	65.098991	3.
5	1	1	1	109	12	1248	1401	43	24	51.357533	a2
5	1	1	1	109	13	1351	1407	37	21	28.927032	ae
5	1	1	1	109	14	1500	1425	16	11	82.558502	a
5	1	1	1	109	15	1576	1427	44	13	0.000000	mv
5	1	1	1	109	16	1658	1435	38	23	38.543453	SF
5	1	1	1	109	17	1735	1445	12	10	57.748001	§
5	1	1	1	109	18	1813	1453	15	13	80.503830	>
5	1	1	1	109	19	1863	1458	109	18	26.124123	C6800
4	1	1	1	110	0	41	1310	1929	177	-1	
5	1	1	1	110	1	41	1310	145	24	0.000000	NESS
5	1	1	1	110	2	198	1318	14	14	17.157707	E
5	1	1	1	110	3	251	1325	90	29	18.901711	S808
5	1	1	1	110	4	362	1337	108	22	0.000000	,2333
5	1	1	1	110	5	508	1347	38	20	48.692696	ES
5	1	1	1	110	6	585	1354	12	10	58.787762	2
5	1	1	1	110	7	636	1363	38	14	75.384506	€5
5	1	1	1	110	8	708	1364	119	25	16.468948	BeSa3
5	1	1	1	110	9	843	1375	64	25	53.596107	58>
5	1	1	1	110	10	942	1387	119	30	9.754562	8a882
5	1	1	1	110	11	1091	1401	67	19	37.731129	#286
5	1	1	1	110	12	1197	1406	42	29	0.000000	Rok
5	1	1	1	110	13	1269	1414	69	25	0.000000	ey
5	1	1	1	110	14	1371	1420	69	19	0.000000	BBG
5	1	1	1	110	15	1454	1423	37	24	0.000000	Es
5	1	1	1	110	16	1576	1440	120	29	53.744526	eaves
5	1	1	1	110	17	1729	1455	17	14	0.000000	S
5	1	1	1	110	18	1786	1453	38	22	29.731361	2s
5	1	1	1	110	19	1864	1470	106	17	0.000000	goUe<
4	1	1	1	111	0	72	1327	1898	175	-1	
5	1	1	1	111	1	72	1327	89	25	0.000000	ease
5	1	1	1	111	2	178	1333	59	19	0.000000	oeL
5	1	1	1	111	3	254	1337	35	22	40.385174	BS
5	1	1	1	111	4	328	1350	141	27	7.885651	Satlageg
5	1	1	1	111	5	503	1361	94	23	0.000000	aa28
5	1	1	1	111	6	630	1373	274	41	2.474228	25255288222
5	1	1	1	111	7	916	1400	64	24	2.474228	,88
5	1	1	1	111	8	1044	1409	12	9	64.466179	o
5	1	1	1	111	9	1091	1414	68	20	0.000000	.fs
5	1	1	1	111	10	1218	1431	298	35	0.000000	BRePoS,FSEZe
5	1	1	1	111	11	1576	1458	18	16	92.305740	2
5	1	1	1	111	12	1657	1464	38	12	70.064545	fs
5	1	1	1	111	13	1731	1470	16	9	58.610664	*
5	1	1	1	111	14	1786	1475	12	13	92.976341	3
5	1	1	1	111	15	1863	1484	59	10	27.754608	ean
5	1	1	1	111	16	1940	1489	30	13	39.949608	ss
4	1	1	1	112	0	40	1334	1930	186	-1	
5	1	1	1	112	1	40	1334	95	22	59.760925	Sons
5	1	1	1	112	2	225	1351	89	19	0.000000	B8Ec
5	1	1	1	112	3	328	1367	38	13	0.000000	ea
5	1	1	1	112	4	400	1366	43	13	55.263657	a5
5	1	1	1	112	5	534	1376	88	19	0.000000	Pec
5	1	1	1	112	6	636	1394	263	33	0.000000	eskssesigad
5	1	1	1	112	7	916	1412	39	23	13.236771	g8
5	1	1	1	112	8	1018	1424	39	13	83.123199	82
5	1	1	1	112	9	1095	1431	63	15	38.285885	o§3
5	1	1	1	112	10	1193	1432	93	29	0.000000	Baad
5	1	1	1	112	11	1346	1452	42	17	18.951355	SS
5	1	1	1	112	12	1422	1459	94	17	0.000000	o2c25s
5	1	1	1	112	13	1657	1474	38	30	49.342278	E'S
5	1	1	1	112	14	1785	1481	39	34	2.548721	aé¢
5	1	1	1	112	15	1857	1494	65	15	47.672993	Css
5	1	1	1	112	16	1937	1498	33	22	48.886280	SE
4	1	1	1	113	0	40	1349	1909	186	-1	
5	1	1	1	113	1	40	1349	95	22	0.000000	Bees
5	1	1	1	113	2	154	1354	58	28	0.000000	eeu
5	1	1	1	113	3	226	1364	88	20	30.345490	sees
5	1	1	1	113	4	379	1376	38	26	15.249062	29
5	1	1	1	113	5	431	1380	38	25	15.249062	Su
5	1	1	1	113	6	507	1390	117	32	0.000000	BESet
5	1	1	1	113	7	648	1406	77	18	0.000000	Seo
5	1	1	1	113	8	765	1409	36	23	50.541359	ae
5	1	1	1	113	9	865	1425	190	27	0.000000	gESCoSE2
5	1	1	1	113	10	1090	1442	68	16	63.551834	298
5	1	1	1	113	11	1248	1461	37	10	11.808128	Se
5	1	1	1	113	12	1302	1460	35	20	0.000000	Se
5	1	1	1	113	13	1350	1460	89	26	0.000000	angen
5	1	1	1	113	14	1478	1472	38	23	75.310913	se
5	1	1	1	113	15	1581	1476	113	31	0.000000	pB.8S
5	1	1	1	113	16	1729	1498	17	12	70.198517	2
5	1	1	1	113	17	1785	1506	39	13	51.660088	2
5	1	1	1	113	18	1857	1507	92	28	24.475418	L838
4	1	1	1	114	0	45	1365	1931	183	-1	
5	1	1	1	114	1	45	1365	37	18	39.738129	oe
5	1	1	1	114	2	96	1371	38	13	0.000000	So
5	1	1	1	114	3	147	1375	145	30	0.000000	seshen
5	1	1	1	114	4	321	1385	70	21	2.040894	ews
5	1	1	1	114	5	406	1404	41	13	2.040894	ee
5	1	1	1	114	6	507	1404	89	27	29.044861	sess
5	1	1	1	114	7	635	1416	63	28	76.336197	238
5	1	1	1	114	8	738	1428	140	23	1.080505	S2aSF
5	1	1	1	114	9	867	1424	60	39	1.138550	Ses
5	1	1	1	114	10	942	1445	38	13	1.138550	so
5	1	1	1	114	11	1014	1447	42	15	37.854115	43
5	1	1	1	114	12	1092	1457	65	32	54.119701	SAE
5	1	1	1	114	13	1194	1466	147	31	0.000000	SFSn85
5	1	1	1	114	14	1395	1493	17	9	54.172890	a
5	1	1	1	114	15	1427	1482	38	25	0.000000	PBF
5	1	1	1	114	16	1503	1493	13	10	0.000000	oe
5	1	1	1	114	17	1580	1505	39	15	0.000000	SBC
5	1	1	1	114	18	1657	1498	38	26	0.000000	ES
5	1	1	1	114	19	1782	1518	41	12	0.000000	°%
5	1	1	1	114	20	1857	1527	119	21	0.000000	Sa,4.
4	1	1	1	115	0	70	1386	2439	222	-1	
5	1	1	1	115	1	70	1386	64	14	21.087730	oo6
5	1	1	1	115	2	173	1390	143	25	0.000000	Pease
5	1	1	1	115	3	359	1403	31	19	25.611015	PS
5	1	1	1	115	4	429	1414	63	19	0.000000	Be
5	1	1	1	115	5	513	1427	83	9	63.454174	F823
5	1	1	1	115	6	630	1429	43	13	43.808369	"8s
5	1	1	1	115	7	707	1433	84	25	57.667992	Bone
5	1	1	1	115	8	814	1450	241	30	0.000000	egtage223%
5	1	1	1	115	9	1088	1468	19	31	0.000000	a]
5	1	1	1	115	10	1197	1479	62	16	35.982780	22.
5	1	1	1	115	11	1277	1478	34	24	35.105141	FE
5	1	1	1	115	12	1328	1492	85	22	38.256817	Pons
5	1	1	1	115	13	1452	1504	62	20	35.954483	225
5	1	1	1	115	14	1580	1513	114	25	2.301140	SsMe2
5	1	1	1	115	15	1734	1528	11	9	3.479225	.
5	1	1	1	115	16	1785	1526	38	25	42.199192	5a
5	1	1	1	115	17	1862	1540	108	25	8.054855	EESAS
5	1	1	1	115	18	2508	1604	1	4	44.049435	i
4	1	1	1	116	0	39	1392	1936	187	-1	
5	1	1	1	116	1	39	1392	43	16	62.628712	of
5	1	1	1	116	2	118	1392	94	34	0.000000	cara
5	1	1	1	116	3	250	1407	38	23	7.425949	ws
5	1	1	1	116	4	306	1413	110	25	0.000000	heaeu
5	1	1	1	116	5	434	1428	39	11	48.514969	ee
5	1	1	1	116	6	527	1427	22	38	24.601349	we
5	1	1	1	116	7	558	1431	89	30	13.312042	ESSE
5	1	1	1	116	8	660	1443	16	13	13.312042	A
5	1	1	1	116	9	737	1453	12	10	57.394379	©
5	1	1	1	116	10	764	1454	36	14	42.824120	of
5	1	1	1	116	11	839	1466	12	13	76.392166	8
5	1	1	1	116	12	890	1464	38	20	59.988937	83
5	1	1	1	116	13	963	1471	67	22	44.192657	BEG
5	1	1	1	116	14	1043	1482	12	9	44.192657	B
5	1	1	1	116	15	1095	1485	62	20	84.074867	Bas
5	1	1	1	116	16	1197	1491	63	20	32.947998	Fee
5	1	1	1	116	17	1275	1502	37	14	38.292358	ss
5	1	1	1	116	18	1343	1498	44	31	3.760391	haa)
5	1	1	1	116	19	1426	1512	89	25	3.143387	ecas
5	1	1	1	116	20	1575	1527	42	20	55.083733	2¢
5	1	1	1	116	21	1656	1534	39	15	52.009426	aes
5	1	1	1	116	22	1733	1538	12	10	22.119843	¢
5	1	1	1	116	23	1784	1548	13	10	34.758522	5
5	1	1	1	116	24	1948	1552	27	27	1.972977	~~
4	1	1	1	117	0	45	1405	1929	186	-1	
5	1	1	1	117	1	45	1405	88	22	0.000000	Eaot
5	1	1	1	117	2	173	1413	34	48	26.582169	FPS
5	1	1	1	117	3	229	1413	85	48	0.000000	eUSES
5	1	1	1	117	4	329	1413	88	48	26.469925	RESET
5	1	1	1	117	5	429	1435	64	22	27.773979	SBS
5	1	1	1	117	6	531	1452	65	21	0.000000	SS§
5	1	1	1	117	7	660	1457	11	19	0.000000	€
5	1	1	1	117	8	707	1460	92	26	0.000000	BPBN
5	1	1	1	117	9	814	1464	62	29	17.822456	ERE
5	1	1	1	117	10	891	1482	36	16	17.822456	Se
5	1	1	1	117	11	989	1486	66	20	31.284760	23e
5	1	1	1	117	12	1094	1498	63	14	52.256676	588
5	1	1	1	117	13	1222	1510	89	17	23.993431	CaTo
5	1	1	1	117	14	1328	1513	33	18	33.354988	Se
5	1	1	1	117	15	1397	1516	117	39	35.731400	BesZes
5	1	1	1	117	16	1576	1537	67	22	0.000000	Soa
5	1	1	1	117	17	1656	1551	38	15	0.000000	5%
5	1	1	1	117	18	1733	1549	17	23	0.000000	»
5	1	1	1	117	19	1779	1560	48	13	48.646828	os
5	1	1	1	117	20	1855	1567	92	14	0.000000	aoe
5	1	1	1	117	21	1956	1555	18	36	2.510727	sy
4	1	1	1	118	0	45	1417	1924	189	-1	
5	1	1	1	118	1	45	1417	63	23	35.747757	BLS
5	1	1	1	118	2	121	1428	38	11	35.747757	Se
5	1	1	1	118	3	194	1425	42	21	32.469872	SS
5	1	1	1	118	4	250	1439	63	17	32.469872	P52
5	1	1	1	118	5	352	1448	217	31	1.775551	S$oaageeos
5	1	1	1	118	6	606	1466	90	34	1.928337	BSsow
5	1	1	1	118	7	712	1481	62	14	25.414337	nts
5	1	1	1	118	8	813	1485	38	18	0.000000	ee
5	1	1	1	118	9	865	1486	62	22	0.000000	Sag
5	1	1	1	118	10	967	1501	88	25	42.677032	Bese
5	1	1	1	118	11	1089	1512	68	19	64.306000	275
5	1	1	1	118	12	1191	1516	98	32	32.962738	Been
5	1	1	1	118	13	1349	1531	140	30	0.000000	S8Reee
5	1	1	1	118	14	1600	1559	94	20	0.000000	aes
5	1	1	1	118	15	1729	1574	16	9	54.250607	3
5	1	1	1	118	16	1785	1574	38	25	36.146820	54
5	1	1	1	118	17	1862	1581	57	25	29.317917	Sgn
5	1	1	1	118	18	1935	1581	34	21	29.587471	ss
4	1	1	1	119	0	44	1434	2465	223	-1	
5	1	1	1	119	1	44	1434	25	12	54.035538	Ce
5	1	1	1	119	2	115	1434	172	34	3.934982	SSeecssg
5	1	1	1	119	3	327	1460	63	18	42.230446	eos
5	1	1	1	119	4	476	1461	68	29	16.549873	BEow
5	1	1	1	119	5	582	1479	64	16	71.071671	oto
5	1	1	1	119	6	711	1492	165	23	9.765587	Besogare
5	1	1	1	119	7	915	1510	76	12	25.202713	BoA
5	1	1	1	119	8	1016	1515	13	11	54.800148	S
5	1	1	1	119	9	1094	1523	63	18	56.258488	eae
5	1	1	1	119	10	1237	1528	26	28	0.000000	P-4
5	1	1	1	119	11	1293	1538	145	31	0.000000	Eeesas
5	1	1	1	119	12	1472	1560	42	11	24.921043	=o
5	1	1	1	119	13	1576	1567	41	16	73.920219	2s
5	1	1	1	119	14	1733	1583	12	12	0.000000	e
5	1	1	1	119	15	1784	1584	12	11	54.630737	9
5	1	1	1	119	16	1903	1598	43	16	84.508904	Da
5	1	1	1	119	17	2507	1643	2	14	81.583435	|
4	1	1	1	120	0	6	1439	2503	228	-1	
5	1	1	1	120	1	6	1439	2	7	10.128586	'
5	1	1	1	120	2	38	1441	121	19	6.548157	RIL
5	1	1	1	120	3	220	1457	144	27	34.748322	SEagee
5	1	1	1	120	4	398	1470	69	28	78.667099	Bog
5	1	1	1	120	5	531	1485	38	12	0.000000	Esa
5	1	1	1	120	6	603	1491	68	16	0.000000	8sao
5	1	1	1	120	7	711	1503	16	14	33.788597	seal
5	1	1	1	120	8	757	1507	200	27	0.000000	sees
5	1	1	1	120	9	915	1499	46	39	0.000000	es
5	1	1	1	120	10	992	1524	63	20	38.671677	SES
5	1	1	1	120	11	1119	1533	38	19	50.990238	bo
5	1	1	1	120	12	1196	1543	38	11	5.852356	5
5	1	1	1	120	13	1272	1543	114	33	0.000000	2eaceks
5	1	1	1	120	14	1445	1566	18	11	5.680801	eo
5	1	1	1	120	15	1502	1571	12	11	52.650696	8
5	1	1	1	120	16	1579	1577	115	20	0.000000	2em@o
5	1	1	1	120	17	1855	1604	24	7	42.923256	4
5	1	1	1	120	18	1942	1602	27	18	29.926956	Vo
5	1	1	1	120	19	2507	1658	2	9	60.992733	'
4	1	1	1	121	0	69	1449	1900	181	-1	
5	1	1	1	121	1	69	1449	63	26	79.870209	ege
5	1	1	1	121	2	167	1462	172	27	0.000000	SeoLeS
5	1	1	1	121	3	378	1478	38	15	0.000000	sees
5	1	1	1	121	4	483	1495	137	21	0.000000	SSIES
5	1	1	1	121	5	667	1502	29	21	37.228085	GUM
5	1	1	1	121	6	737	1508	37	20	27.671127	ahs
5	1	1	1	121	7	813	1521	88	17	22.401215	a2au
5	1	1	1	121	8	966	1532	89	19	5.584702	seers
5	1	1	1	121	9	1094	1544	42	12	29.991234	fs
5	1	1	1	121	10	1191	1552	119	26	0.000000	g2ase
5	1	1	1	121	11	1349	1567	38	15	22.637138	aS
5	1	1	1	121	12	1401	1565	34	15	22.637138	eS
5	1	1	1	121	13	1451	1577	38	21	16.779793	eh
5	1	1	1	121	14	1579	1588	13	9	59.904579	a
5	1	1	1	121	15	1656	1595	38	11	35.068520	2S
5	1	1	1	121	16	1784	1605	38	16	41.605705	fe
5	1	1	1	121	17	1861	1613	108	17	0.000000	Sante
4	1	1	1	122	0	43	1463	2465	227	-1	
5	1	1	1	122	1	43	1464	37	10	36.868687	ok
5	1	1	1	122	2	147	1463	63	30	0.000000	&o's
5	1	1	1	122	3	249	1475	115	30	0.987198	SdEBES
5	1	1	1	122	4	429	1492	165	26	0.000000	Eoxgsge
5	1	1	1	122	5	633	1510	13	12	24.042580	J
5	1	1	1	122	6	711	1517	88	26	15.849594	gegg
5	1	1	1	122	7	839	1534	190	29	12.732246	SSB2e855
5	1	1	1	122	8	1094	1554	62	15	69.588882	ses
5	1	1	1	122	9	1195	1562	13	10	75.051178	3
5	1	1	1	122	10	1272	1573	64	15	17.169228	of
5	1	1	1	122	11	1400	1579	38	18	41.632427	Be
5	1	1	1	122	12	1496	1583	18	21	33.337860	g
5	1	1	1	122	13	1605	1596	37	22	0.000000	Em
5	1	1	1	122	14	1654	1608	40	13	0.000000	53
5	1	1	1	122	15	1779	1619	16	6	21.684288	a
5	1	1	1	122	16	1857	1623	111	22	20.175949	#eang
5	1	1	1	122	17	2507	1668	1	22	73.362625	|
4	1	1	1	123	0	43	1465	1926	192	-1	
5	1	1	1	123	1	43	1465	115	33	36.168003	RAGoOSs
5	1	1	1	123	2	193	1487	42	12	16.871414	BS
5	1	1	1	123	3	247	1495	63	19	0.000000	aS
5	1	1	1	123	4	329	1493	60	27	4.328613	eos
5	1	1	1	123	5	403	1500	37	25	4.328613	ee
5	1	1	1	123	6	483	1483	79	58	7.581390	e238
5	1	1	1	123	7	633	1524	63	20	34.275749	OES
5	1	1	1	123	8	714	1530	85	24	72.249146	OSES
5	1	1	1	123	9	816	1540	60	21	0.000000	EER
5	1	1	1	123	10	914	1547	12	18	21.316124	S
5	1	1	1	123	11	939	1556	13	5	0.000000	o
5	1	1	1	123	12	991	1560	67	13	35.745117	eee
5	1	1	1	123	13	1093	1567	64	15	0.000000	68%
5	1	1	1	123	14	1191	1573	68	13	33.921471	22,
5	1	1	1	123	15	1295	1579	143	30	31.361801	£8e223
5	1	1	1	123	16	1463	1598	51	18	31.868904	98
5	1	1	1	123	17	1569	1598	22	32	0.000000	‘s
5	1	1	1	123	18	1682	1621	11	9	28.207924	£
5	1	1	1	123	19	1809	1622	13	24	34.242523	g
5	1	1	1	123	20	1861	1635	108	22	14.211823	B25.8
4	1	1	1	124	0	43	1486	1926	184	-1	
5	1	1	1	124	1	43	1486	12	12	5.593857	BER
5	1	1	1	124	2	122	1479	14	40	5.593857	FP
5	1	1	1	124	3	146	1494	115	21	11.636368	ZoESE
5	1	1	1	124	4	300	1515	36	12	9.401939	38
5	1	1	1	124	5	398	1514	170	37	0.000000	g2s8ees
5	1	1	1	124	6	607	1525	63	26	70.349640	328
5	1	1	1	124	7	710	1547	37	14	8.835457	a
5	1	1	1	124	8	761	1537	38	39	49.259739	oF
5	1	1	1	124	9	812	1560	63	11	27.911789	838
5	1	1	1	124	10	909	1561	69	22	0.000000	“28
5	1	1	1	124	11	991	1562	62	25	0.000000	eeR
5	1	1	1	124	12	1089	1583	66	13	66.609795	28a
5	1	1	1	124	13	1192	1580	142	34	22.097168	ESeses
5	1	1	1	124	14	1369	1603	69	19	0.000000	moe
5	1	1	1	124	15	1455	1609	37	16	0.000000	8s
5	1	1	1	124	16	1578	1616	38	17	39.657570	Cm
5	1	1	1	124	17	1650	1631	47	13	1.945847	OR
5	1	1	1	124	18	1783	1634	38	18	28.319511	Be
5	1	1	1	124	19	1886	1650	83	20	42.085297	e858
4	1	1	1	125	0	38	1499	1930	184	-1	
5	1	1	1	125	1	38	1499	42	14	24.319908	aS
5	1	1	1	125	2	94	1508	37	15	24.319908	ag
5	1	1	1	125	3	170	1506	90	28	0.000000	foge
5	1	1	1	125	4	275	1516	87	28	0.000000	Peay
5	1	1	1	125	5	377	1530	38	15	4.369354	ss
5	1	1	1	125	6	451	1533	40	19	42.644615	ear
5	1	1	1	125	7	531	1542	62	18	15.485695	Ege
5	1	1	1	125	8	655	1545	118	39	0.000000	Shaoe
5	1	1	1	125	9	807	1565	119	31	15.199951	Beers
5	1	1	1	125	10	966	1581	88	20	48.794441	ars
5	1	1	1	125	11	1089	1591	67	16	3.276733	B45
5	1	1	1	125	12	1194	1599	89	19	11.666306	Sree
5	1	1	1	125	13	1300	1608	60	16	0.000000	esa
5	1	1	1	125	14	1399	1620	12	15	4.958839	e
5	1	1	1	125	15	1425	1622	16	13	40.769493	8
5	1	1	1	125	16	1476	1613	38	30	48.641884	Rio
5	1	1	1	125	17	1604	1629	63	22	32.072601	64a
5	1	1	1	125	18	1731	1650	13	10	44.189362	*
5	1	1	1	125	19	1778	1648	44	24	46.880554	8%
5	1	1	1	125	20	1860	1651	12	19	9.828812	¢§
5	1	1	1	125	21	1908	1663	60	20	19.650124	Bee
4	1	1	1	126	0	274	1530	1676	162	-1	
5	1	1	1	126	1	274	1530	64	14	0.000000	SPO
5	1	1	1	126	2	376	1541	64	12	0.000000	Ser
5	1	1	1	126	3	424	1525	20	32	31.426071	eo
5	1	1	1	126	4	504	1554	13	8	0.000000	%
5	1	1	1	126	5	577	1557	43	11	58.755840	7%
5	1	1	1	126	6	658	1561	64	21	0.000000	18s
5	1	1	1	126	7	755	1571	17	12	58.991386	2
5	1	1	1	126	8	837	1568	38	30	43.722843	3.8
5	1	1	1	126	9	936	1581	16	18	74.626938	£
5	1	1	1	126	10	1024	1599	29	11	33.525948	a
5	1	1	1	126	11	1092	1599	13	12	22.855598	6%
5	1	1	1	126	12	1246	1616	64	17	20.759689	a
5	1	1	1	126	13	1343	1625	17	6	6.475769	ee]
5	1	1	1	126	14	1425	1624	89	28	47.153656	BEAD
5	1	1	1	126	15	1578	1639	17	13	96.119522	>
5	1	1	1	126	16	1655	1646	38	24	40.013241	Eo
5	1	1	1	126	17	1855	1671	16	16	37.812370	A
5	1	1	1	126	18	1886	1671	30	14	54.081078	mS
5	1	1	1	126	19	1931	1662	19	30	9.083954	B,
4	1	1	1	127	0	42	1517	1926	184	-1	
5	1	1	1	127	1	42	1518	65	20	0.000000	Pap
5	1	1	1	127	2	118	1517	346	61	0.000000	pcsegegiagige;
5	1	1	1	127	3	476	1563	37	9	1.829468	2s
5	1	1	1	127	4	531	1559	37	24	25.753777	ee
5	1	1	1	127	5	608	1562	62	36	39.446693	Pots
5	1	1	1	127	6	706	1576	67	18	66.227364	SES
5	1	1	1	127	7	788	1579	66	26	75.111938	ORS
5	1	1	1	127	8	888	1588	115	37	0.000000	Peadoo
5	1	1	1	127	9	1032	1607	21	13	18.079208	a
5	1	1	1	127	10	1088	1613	42	12	54.222000	Sk
5	1	1	1	127	11	1194	1623	13	9	90.790428	2
5	1	1	1	127	12	1245	1627	64	20	0.000000	Seg
5	1	1	1	127	13	1330	1632	30	12	0.000000	ns
5	1	1	1	127	14	1374	1630	34	20	0.000000	gs
5	1	1	1	127	15	1421	1623	16	40	33.678268	gs
5	1	1	1	127	16	1497	1652	16	11	79.721420	S
5	1	1	1	127	17	1548	1650	94	20	28.916260	b£2O
5	1	1	1	127	18	1732	1669	11	9	79.379547	5
5	1	1	1	127	19	1778	1668	42	23	35.308083	2
5	1	1	1	127	20	1885	1685	13	9	51.200722	at
5	1	1	1	127	21	1934	1685	34	16	10.905830	oS
4	1	1	1	128	0	10	1533	1958	187	-1	
5	1	1	1	128	1	10	1533	117	20	0.000000	SESE
5	1	1	1	128	2	145	1537	64	23	0.000000	STS
5	1	1	1	128	3	222	1548	64	26	40.478191	ERE
5	1	1	1	128	4	300	1557	63	20	19.094727	SAY
5	1	1	1	128	5	402	1561	12	13	15.157356	$
5	1	1	1	128	6	479	1572	114	22	6.480286	Fpsga
5	1	1	1	128	7	609	1576	35	25	48.645515	gt
5	1	1	1	128	8	659	1586	62	22	37.455944	eas
5	1	1	1	128	9	731	1598	16	12	32.897118	&
5	1	1	1	128	10	832	1601	93	26	11.991974	Besa
5	1	1	1	128	11	966	1612	87	21	0.000000	oksee
5	1	1	1	128	12	1093	1618	63	30	35.855545	B38
5	1	1	1	128	13	1189	1627	220	40	0.000000	eiegasses
5	1	1	1	128	14	1427	1655	86	20	2.383720	sees
5	1	1	1	128	15	1548	1663	145	21	29.203621	Sesaxe
5	1	1	1	128	16	1731	1679	13	12	69.894058	&
5	1	1	1	128	17	1782	1685	38	20	0.000000	e%
5	1	1	1	128	18	1855	1697	113	23	0.000000	sosSg
4	1	1	1	129	0	24	1554	1873	166	-1	
5	1	1	1	129	1	24	1554	4	4	0.000000	.
5	1	1	1	129	2	402	1576	89	22	58.753662	Fore
5	1	1	1	129	3	526	1582	92	34	0.000000	e3egs
5	1	1	1	129	4	709	1602	89	20	23.378281	SSEu
5	1	1	1	129	5	812	1612	88	17	47.894852	esas
5	1	1	1	129	6	934	1622	47	16	0.000000	Bee
5	1	1	1	129	7	1041	1618	22	37	13.249435	BR
5	1	1	1	129	8	1092	1634	41	14	45.394020	bg
5	1	1	1	129	9	1219	1647	192	32	0.000000	aSgrbess
5	1	1	1	129	10	1450	1666	37	20	52.026573	gs
5	1	1	1	129	11	1522	1673	171	29	0.000000	SxBSaxe
5	1	1	1	129	12	1726	1690	17	15	0.000000	S
5	1	1	1	129	13	1776	1700	18	13	28.099724	€
5	1	1	1	129	14	1860	1704	11	12	50.919899	S
5	1	1	1	129	15	1881	1715	16	5	65.507027	2
4	1	1	1	130	0	11	1547	1957	188	-1	
5	1	1	1	130	1	11	1547	121	29	0.000000	S8Eeb
5	1	1	1	130	2	152	1563	31	19	22.258949	oe
5	1	1	1	130	3	198	1568	87	21	22.258949	988s
5	1	1	1	130	4	324	1571	38	21	42.542477	Sa
5	1	1	1	130	5	379	1572	34	26	18.067108	PE
5	1	1	1	130	6	453	1594	13	11	18.067108	os
5	1	1	1	130	7	504	1591	62	21	0.000000	g°8
5	1	1	1	130	8	631	1607	38	16	29.612732	oe
5	1	1	1	130	9	735	1619	12	12	26.802612	BS
5	1	1	1	130	10	780	1621	170	32	26.802612	eee
5	1	1	1	130	11	869	1611	31	46	0.000000	ts
5	1	1	1	130	12	911	1611	43	46	0.000000	a8
5	1	1	1	130	13	990	1635	38	21	48.384823	8S
5	1	1	1	130	14	1092	1646	67	17	60.095371	age
5	1	1	1	130	15	1191	1655	92	22	60.272926	S328
5	1	1	1	130	16	1347	1663	89	28	14.151039	Paes
5	1	1	1	130	17	1470	1684	222	28	0.000000	BSQrseghas
5	1	1	1	130	18	1782	1714	12	10	7.889465	3
5	1	1	1	130	19	1854	1716	114	19	0.000000	Apes
4	1	1	1	131	0	16	1567	2492	230	-1	
5	1	1	1	131	1	16	1567	165	27	0.000000	S8SEAGs
5	1	1	1	131	2	222	1585	110	20	2.700661	eer
5	1	1	1	131	3	338	1581	50	72	2.700661	ret
5	1	1	1	131	4	422	1581	69	72	36.167530	Peet
5	1	1	1	131	5	518	1581	36	72	30.446541	tt
5	1	1	1	131	6	572	1612	71	27	33.539009	err
5	1	1	1	131	7	680	1581	41	72	32.182762	cee
5	1	1	1	131	8	746	1581	78	72	28.303383	ire
5	1	1	1	131	9	862	1640	37	13	2.413521	gr
5	1	1	1	131	10	914	1646	87	24	1.018257	esgs
5	1	1	1	131	11	1037	1658	16	9	29.515030	6
5	1	1	1	131	12	1092	1658	62	24	74.533249	Be,
5	1	1	1	131	13	1189	1673	42	20	1.030609	EG
5	1	1	1	131	14	1293	1673	245	37	0.000000	szagsesees
5	1	1	1	131	15	1602	1703	90	24	21.831566	SOEs
5	1	1	1	131	16	1777	1725	17	13	71.497757	3
5	1	1	1	131	17	1809	1716	11	15	63.665279	8
5	1	1	1	131	18	1881	1721	38	30	64.068398	Be
5	1	1	1	131	19	1952	1729	15	30	32.921913	i=
5	1	1	1	131	20	2506	1789	2	8	29.347855	i
4	1	1	1	132	0	12	1579	1933	176	-1	
5	1	1	1	132	1	12	1579	16	9	84.959595	3
5	1	1	1	132	2	92	1585	14	10	0.000000	S
5	1	1	1	132	3	170	1591	38	17	74.542297	ee.
5	1	1	1	132	4	247	1595	90	29	0.000000	§8aa
5	1	1	1	132	5	376	1608	101	25	6.939919	See
5	1	1	1	132	6	455	1604	38	37	0.000000	ot
5	1	1	1	132	7	529	1618	38	19	0.000000	aes
5	1	1	1	132	8	631	1635	90	22	74.476585	S865
5	1	1	1	132	9	754	1640	145	31	0.000000	“Sessa
5	1	1	1	132	10	909	1662	16	8	0.000000	s
5	1	1	1	132	11	1015	1656	37	33	0.000000	f8
5	1	1	1	132	12	1092	1673	13	8	84.412849	&
5	1	1	1	132	13	1194	1683	89	18	3.337494	Obes
5	1	1	1	132	14	1316	1687	69	20	33.991554	cag
5	1	1	1	132	15	1495	1710	70	11	27.372543	Soe
5	1	1	1	132	16	1577	1727	119	15	0.000000	esags
5	1	1	1	132	17	1809	1732	11	14	33.974892	SC
5	1	1	1	132	18	1860	1731	85	24	0.000000	ERE
4	1	1	1	133	0	15	1588	2493	231	-1	
5	1	1	1	133	1	15	1588	38	17	33.462914	ev
5	1	1	1	133	2	88	1590	144	34	0.000000	BeeeeC
5	1	1	1	133	3	247	1607	38	22	50.264061	88
5	1	1	1	133	4	324	1616	63	17	0.000000	SER
5	1	1	1	133	5	402	1620	88	24	0.000000	SSLL
5	1	1	1	133	6	507	1629	86	24	31.077400	FESS
5	1	1	1	133	7	626	1642	170	27	0.000000	eSQRESS
5	1	1	1	133	8	857	1663	93	19	0.000000	Boy
5	1	1	1	133	9	965	1680	87	13	0.000000	Sees
5	1	1	1	133	10	1087	1683	72	22	49.956013	aod,
5	1	1	1	133	11	1219	1694	37	18	11.082146	ZS
5	1	1	1	133	12	1269	1693	116	31	11.082146	ann
5	1	1	1	133	13	1348	1688	62	41	35.847023	ogo
5	1	1	1	133	14	1431	1716	56	9	41.701813	kas
5	1	1	1	133	15	1548	1724	41	13	8.370026	a
5	1	1	1	133	16	1623	1724	17	17	8.370026	Pog
5	1	1	1	133	17	1782	1747	38	11	50.107719	ee
5	1	1	1	133	18	1860	1751	62	15	5.968796	FSS
5	1	1	1	133	19	1932	1757	39	13	0.000000	ae
5	1	1	1	133	20	2507	1803	1	16	83.616463	|
4	1	1	1	134	0	16	1602	1951	191	-1	
5	1	1	1	134	1	16	1602	165	27	0.000000	PgPekeS
5	1	1	1	134	2	196	1618	63	22	39.801247	Sas
5	1	1	1	134	3	298	1629	38	15	0.000000	ES
5	1	1	1	134	4	351	1635	54	13	0.000000	gat
5	1	1	1	134	5	473	1643	17	6	0.000000	err
5	1	1	1	134	6	507	1625	33	36	57.041519	dg
5	1	1	1	134	7	552	1625	14	36	57.041519	gs
5	1	1	1	134	8	602	1648	42	29	73.145325	PE
5	1	1	1	134	9	677	1659	69	21	0.000000	Bee
5	1	1	1	134	10	759	1662	89	26	0.000000	tesa
5	1	1	1	134	11	884	1672	143	33	0.000000	googsas
5	1	1	1	134	12	1091	1697	63	20	56.817383	See
5	1	1	1	134	13	1194	1705	114	21	0.000000	resens
5	1	1	1	134	14	1344	1714	218	32	0.000000	seegsec®
5	1	1	1	134	15	1580	1735	111	30	3.191986	sERES
5	1	1	1	134	16	1782	1756	38	17	80.589783	ex
5	1	1	1	134	17	1858	1763	38	13	0.000000	op
5	1	1	1	134	18	1907	1765	60	28	0.000000	eye
4	1	1	1	135	0	10	1615	1956	184	-1	
5	1	1	1	135	1	10	1615	202	26	15.216599	eaeragges
5	1	1	1	135	2	272	1638	12	10	50.090195	©
5	1	1	1	135	3	349	1642	63	14	26.888336	Sek
5	1	1	1	135	4	447	1651	170	26	0.000000	Bewvsgs
5	1	1	1	135	5	651	1669	95	22	0.000000	ESS
5	1	1	1	135	6	759	1680	38	13	0.000000	SS
5	1	1	1	135	7	813	1680	86	23	0.000000	SEES
5	1	1	1	135	8	913	1694	63	17	4.600792	SSS
5	1	1	1	135	9	1014	1702	38	13	61.129135	#2
5	1	1	1	135	10	1086	1710	43	16	54.136848	#38
5	1	1	1	135	11	1193	1715	141	23	31.449051	£23843.
5	1	1	1	135	12	1371	1729	167	33	14.431015	esgeoser
5	1	1	1	135	13	1573	1750	42	12	0.000000	ge
5	1	1	1	135	14	1653	1754	16	14	0.000000	a
5	1	1	1	135	15	1726	1765	19	17	96.483200	+
5	1	1	1	135	16	1781	1774	38	15	0.000000	6’
5	1	1	1	135	17	1884	1777	82	22	50.943951	BoM,
4	1	1	1	136	0	15	1619	1952	194	-1	
5	1	1	1	136	1	15	1623	320	49	0.000000	peisrigfh232
5	1	1	1	136	2	353	1619	126	72	0.000000	98a:
5	1	1	1	136	3	491	1669	24	18	0.000000	:
5	1	1	1	136	4	548	1665	24	37	0.000000	6s
5	1	1	1	136	5	584	1688	84	10	0.000000	f30y
5	1	1	1	136	6	703	1687	93	20	0.000000	S2ag
5	1	1	1	136	7	812	1702	36	12	35.401909	8g
5	1	1	1	136	8	881	1703	69	21	0.000000	HOR
5	1	1	1	136	9	967	1708	34	15	0.000000	gu
5	1	1	1	136	10	1015	1712	36	13	46.915779	az
5	1	1	1	136	11	1088	1717	66	21	78.642014	ESE
5	1	1	1	136	12	1188	1728	43	20	87.747742	24
5	1	1	1	136	13	1263	1733	352	47	6.568665	Bangzeaseersags
5	1	1	1	136	14	1653	1767	38	22	49.590141	ae
5	1	1	1	136	15	1858	1787	109	26	38.764687	geese
4	1	1	1	137	0	15	1642	2114	191	-1	
5	1	1	1	137	1	15	1642	37	10	71.490494	Es
5	1	1	1	137	2	192	1649	41	28	39.089546	ge
5	1	1	1	137	3	294	1666	16	9	29.940331	a
5	1	1	1	137	4	433	1676	81	10	31.609612	“RES
5	1	1	1	137	5	528	1682	38	15	68.547043	OS
5	1	1	1	137	6	605	1680	115	34	11.414978	Se2odg
5	1	1	1	137	7	759	1700	37	19	50.455368	oo
5	1	1	1	137	8	810	1711	16	14	40.382980	a
5	1	1	1	137	9	912	1717	140	21	11.600418	Roose.
5	1	1	1	137	10	1091	1737	37	13	35.448364	a8
5	1	1	1	137	11	1174	1743	31	9	35.448364	.8
5	1	1	1	137	12	1238	1746	248	27	10.615799	Bsaneseocw®gse
5	1	1	1	137	13	1546	1768	94	29	37.712578	wees
5	1	1	1	137	14	1789	1791	30	17	37.159508	ua
5	1	1	1	137	15	1854	1799	42	12	46.280617	33
5	1	1	1	137	16	2127	1829	2	4	0.000000	:
4	1	1	1	138	0	35	1651	1931	181	-1	
5	1	1	1	138	1	35	1651	171	25	0.000000	BEOL*ZS
5	1	1	1	138	2	246	1668	63	16	0.000000	898
5	1	1	1	138	3	325	1673	35	13	0.000000	GS
5	1	1	1	138	4	374	1680	37	12	2.500008	AY
5	1	1	1	138	5	452	1683	165	28	0.000000	AMeZSOn
5	1	1	1	138	6	651	1707	17	5	77.102867	ses
5	1	1	1	138	7	734	1710	62	12	29.259972	SUP
5	1	1	1	138	8	835	1718	32	24	23.522797	bol.
5	1	1	1	138	9	912	1725	37	15	29.003418	KS
5	1	1	1	138	10	989	1730	63	19	79.542236	286
5	1	1	1	138	11	1141	1749	140	17	31.751038	essays
5	1	1	1	138	12	1346	1764	12	12	76.870529	3
5	1	1	1	138	13	1423	1768	62	17	11.801369	S88
5	1	1	1	138	14	1503	1778	59	15	11.801369	eos
5	1	1	1	138	15	1653	1790	38	10	63.711113	ao
5	1	1	1	138	16	1726	1790	18	18	63.711113	+
5	1	1	1	138	17	1808	1807	11	12	8.271912	o
5	1	1	1	138	18	1901	1811	65	21	44.547497	BOR
4	1	1	1	139	0	14	1653	2493	235	-1	
5	1	1	1	139	1	14	1653	63	23	44.459724	838
5	1	1	1	139	2	143	1672	11	8	48.942699	w
5	1	1	1	139	3	170	1668	36	15	49.258656	OE
5	1	1	1	139	4	296	1673	17	27	31.573250	oe
5	1	1	1	139	5	344	1686	41	18	67.857498	Mo
5	1	1	1	139	6	407	1695	21	12	46.468353	ip
5	1	1	1	139	7	554	1704	63	14	0.000000	S85
5	1	1	1	139	8	631	1709	139	23	0.000000	880.58
5	1	1	1	139	9	810	1717	17	27	54.598473	Cy
5	1	1	1	139	10	881	1727	16	14	55.751129	&
5	1	1	1	139	11	934	1739	117	22	0.000000	$Ba°8
5	1	1	1	139	12	1091	1750	15	13	92.348755	a
5	1	1	1	139	13	1163	1763	66	9	47.133400	ean
5	1	1	1	139	14	1246	1762	34	13	32.350029	ol
5	1	1	1	139	15	1315	1772	42	11	0.000000	so
5	1	1	1	139	16	1373	1771	113	26	0.000000	°Sses
5	1	1	1	139	17	1520	1792	17	11	35.938568	4
5	1	1	1	139	18	1576	1794	88	22	29.915115	e242
5	1	1	1	139	19	1781	1809	12	11	2.657303	>
5	1	1	1	139	20	1853	1812	17	18	63.057461	&
5	1	1	1	139	21	2506	1879	1	9	91.196785	i
4	1	1	1	140	0	11	1665	1808	175	-1	
5	1	1	1	140	1	11	1665	65	19	19.289139	28
5	1	1	1	140	2	112	1671	69	22	8.594292	ees
5	1	1	1	140	3	215	1680	119	24	0.000000	J2aSkae
5	1	1	1	140	4	371	1702	40	12	62.464691	:
5	1	1	1	140	5	448	1693	15	37	34.883804	gE
5	1	1	1	140	6	497	1705	68	25	20.595238	SBS
5	1	1	1	140	7	582	1715	60	17	12.623184	2S
5	1	1	1	140	8	656	1727	37	15	53.046078	aR
5	1	1	1	140	9	707	1729	12	12	0.000000	s
5	1	1	1	140	10	733	1731	12	17	62.973465	8
5	1	1	1	140	11	783	1731	68	24	34.233490	Sam
5	1	1	1	140	12	881	1743	148	28	0.000000	Nwsss>?
5	1	1	1	140	13	1065	1760	11	15	45.383041	..
5	1	1	1	140	14	1116	1761	89	22	48.114780	Soa
5	1	1	1	140	15	1243	1773	90	22	28.740143	bee
5	1	1	1	140	16	1372	1784	88	22	37.293781	ee
5	1	1	1	140	17	1499	1791	115	29	0.000000	§Se22R8
5	1	1	1	140	18	1678	1808	13	14	0.000000	o
5	1	1	1	140	19	1780	1821	39	19	84.526520	29
4	1	1	1	141	0	14	1682	2493	225	-1	
5	1	1	1	141	1	14	1682	63	22	4.916847	pee
5	1	1	1	141	2	117	1685	37	27	21.700676	om
5	1	1	1	141	3	167	1693	39	23	40.197975	oe
5	1	1	1	141	4	224	1695	59	19	26.231354	ose
5	1	1	1	141	5	301	1705	63	15	33.861237	gas
5	1	1	1	141	6	425	1717	39	14	0.000000	u*
5	1	1	1	141	7	496	1721	117	34	23.799011	28252
5	1	1	1	141	8	630	1731	37	28	27.890099	eo
5	1	1	1	141	9	702	1742	93	23	25.586632	bogs
5	1	1	1	141	10	830	1749	343	44	0.000000	PgsgebsdeseS3s
5	1	1	1	141	11	1205	1772	72	35	27.171852	ges
5	1	1	1	141	12	1293	1795	13	9	41.323936	«
5	1	1	1	141	13	1345	1797	63	20	22.822815	oar
5	1	1	1	141	14	1468	1806	120	32	4.044205	Benge
5	1	1	1	141	15	1604	1814	87	25	9.548347	sze8
5	1	1	1	141	16	1781	1833	11	13	32.335869	8
5	1	1	1	141	17	2506	1904	1	3	42.855942	H
4	1	1	1	142	0	9	1695	1957	173	-1	
5	1	1	1	142	1	9	1695	16	6	81.572571	2
5	1	1	1	142	2	240	1712	16	6	74.431412	=
5	1	1	1	142	3	343	1723	16	5	95.114822	=
5	1	1	1	142	4	484	1736	4	4	84.685898	:
5	1	1	1	142	5	574	1744	16	6	70.914093	3
5	1	1	1	142	6	905	1777	17	6	58.899002	3
5	1	1	1	142	7	1238	1799	42	13	0.000000	2S
5	1	1	1	142	8	1294	1806	37	13	0.000000	og
5	1	1	1	142	9	1422	1813	87	24	0.000000	eeoe
5	1	1	1	142	10	1525	1824	41	13	15.253769	a8
5	1	1	1	142	11	1602	1823	14	30	48.255535	=I
5	1	1	1	142	12	1682	1831	12	30	39.250366	5,
5	1	1	1	142	13	1864	1860	5	5	58.869972	5
5	1	1	1	142	14	1912	1858	5	6	30.030861	oo
5	1	1	1	142	15	1960	1863	6	5	30.030861	o¢
4	1	1	1	143	0	14	1701	1951	180	-1	
5	1	1	1	143	1	14	1701	63	15	0.000000	pos
5	1	1	1	143	2	92	1711	293	37	0.000000	ciebgcipesas
5	1	1	1	143	3	415	1733	48	19	36.152145	os
5	1	1	1	143	4	484	1739	103	23	0.000000	:222
5	1	1	1	143	5	603	1757	38	12	0.000000	7:
5	1	1	1	143	6	707	1760	41	15	0.000000	Aa
5	1	1	1	143	7	779	1764	42	20	0.000000	ge
5	1	1	1	143	8	860	1772	114	24	6.221619	Posse
5	1	1	1	143	9	987	1785	216	30	0.000000	tesebage2
5	1	1	1	143	10	1218	1809	62	18	0.000000	als
5	1	1	1	143	11	1320	1811	89	24	0.000000	SERD
5	1	1	1	143	12	1442	1828	42	16	73.270424	mg
5	1	1	1	143	13	1596	1849	17	6	88.605934	a
5	1	1	1	143	14	1671	1838	28	34	20.432327	eo
5	1	1	1	143	15	1780	1855	13	10	88.462479	2
5	1	1	1	143	16	1858	1866	11	14	86.536003	6
5	1	1	1	143	17	1900	1865	17	16	84.324272	2
5	1	1	1	143	18	1954	1870	11	11	84.324272	¢
4	1	1	1	144	0	34	1712	1659	168	-1	
5	1	1	1	144	1	34	1712	42	16	40.388023	Us
5	1	1	1	144	2	164	1724	42	14	80.021065	PR
5	1	1	1	144	3	242	1734	92	18	0.000000	Bsc
5	1	1	1	144	4	347	1729	38	29	0.000000	aey
5	1	1	1	144	5	450	1751	63	14	57.868839	2.8
5	1	1	1	144	6	552	1761	37	13	74.730118	og
5	1	1	1	144	7	655	1770	11	13	22.526405	¢
5	1	1	1	144	8	757	1775	63	10	0.000000	Pam
5	1	1	1	144	9	835	1783	37	11	0.000000	HS
5	1	1	1	144	10	1007	1802	120	21	11.173233	aVsOs
5	1	1	1	144	11	1162	1814	41	19	67.212570	£A
5	1	1	1	144	12	1263	1827	94	13	0.000000	sRaS
5	1	1	1	144	13	1391	1834	42	15	53.101048	sa
5	1	1	1	144	14	1670	1853	23	27	34.931877	had
4	1	1	1	145	0	14	1717	2493	246	-1	
5	1	1	1	145	1	14	1717	11	20	35.130737	et
5	1	1	1	145	2	64	1722	94	24	12.561455	Re)
5	1	1	1	145	3	193	1733	63	22	36.878960	S3E
5	1	1	1	145	4	322	1748	16	14	24.157845	Se
5	1	1	1	145	5	373	1755	120	19	24.157845	Beats
5	1	1	1	145	6	526	1772	193	21	0.000000	BS8r*e8Re
5	1	1	1	145	7	757	1786	37	13	53.783527	23
5	1	1	1	145	8	834	1795	37	18	0.000000	SE
5	1	1	1	145	9	885	1796	63	16	0.000000	STO
5	1	1	1	145	10	959	1803	143	27	3.931267	SPSS
5	1	1	1	145	11	1064	1791	63	44	0.000000	Ses
5	1	1	1	145	12	1140	1816	37	14	0.000000	es
5	1	1	1	145	13	1217	1826	93	25	12.003693	BES
5	1	1	1	145	14	1344	1843	13	9	12.003693	ARS
5	1	1	1	145	15	1396	1841	38	20	55.569721	Ba
5	1	1	1	145	16	1467	1846	18	25	17.004662	§
5	1	1	1	145	17	1596	1857	17	15	57.606041	=
5	1	1	1	145	18	1674	1870	15	9	89.782684	=
5	1	1	1	145	19	2506	1937	1	26	89.722229	|
4	1	1	1	146	0	8	1736	1687	151	-1	
5	1	1	1	146	1	8	1738	17	7	20.945946	2
5	1	1	1	146	2	38	1736	13	11	59.455257	@
5	1	1	1	146	3	91	1739	217	40	10.982903	PSosPuylaes
5	1	1	1	146	4	320	1739	38	40	21.733482	oe.
5	1	1	1	146	5	398	1772	12	10	49.340038	3
5	1	1	1	146	6	450	1768	63	21	21.955292	elo
5	1	1	1	146	7	527	1780	62	19	21.955292	gas
5	1	1	1	146	8	675	1784	94	28	42.737030	Beas
5	1	1	1	146	9	803	1799	40	28	58.769535	NO
5	1	1	1	146	10	859	1812	37	12	6.337784	88
5	1	1	1	146	11	911	1811	36	18	6.337784	eh
5	1	1	1	146	12	963	1815	86	24	67.494690	8233
5	1	1	1	146	13	1110	1819	67	32	0.000000	xa‘d
5	1	1	1	146	14	1218	1836	61	22	0.090073	DEE
5	1	1	1	146	15	1298	1853	8	9	45.032570	a
5	1	1	1	146	16	1322	1840	35	23	21.971954	2g
5	1	1	1	146	17	1395	1842	39	36	26.031555	283
5	1	1	1	146	18	1601	1874	12	13	66.264610	3
5	1	1	1	146	19	1671	1881	24	6	89.777687	a
4	1	1	1	147	0	13	1746	1471	139	-1	
5	1	1	1	147	1	13	1746	115	23	0.000000	SSoP8
5	1	1	1	147	2	142	1755	63	17	28.108543	ose
5	1	1	1	147	3	245	1774	11	9	72.125320	be
5	1	1	1	147	4	296	1771	63	21	43.258533	eed
5	1	1	1	147	5	394	1783	41	17	31.396988	BM
5	1	1	1	147	6	450	1776	113	38	1.277390	eye2es
5	1	1	1	147	7	603	1799	37	14	8.053963	Pe
5	1	1	1	147	8	654	1800	89	24	0.000000	ezad
5	1	1	1	147	9	772	1804	52	31	0.000000	<<.
5	1	1	1	147	10	859	1825	62	19	42.667244	Bas
5	1	1	1	147	11	962	1827	37	13	0.000000	ES
5	1	1	1	147	12	1013	1831	11	22	0.000000	e
5	1	1	1	147	13	1039	1839	37	15	53.576813	2a
5	1	1	1	147	14	1109	1843	68	16	14.652176	396
5	1	1	1	147	15	1216	1852	140	23	0.000000	SaSBoeg
5	1	1	1	147	16	1395	1867	38	18	80.351181	Fa
5	1	1	1	147	17	1467	1872	17	13	65.050537	oo
4	1	1	1	148	0	9	1762	1347	122	-1	
5	1	1	1	148	1	9	1762	92	17	13.847923	Bae
5	1	1	1	148	2	116	1773	62	14	0.000000	eee
5	1	1	1	148	3	193	1772	37	24	8.327820	io
5	1	1	1	148	4	246	1781	61	19	49.689453	sus
5	1	1	1	148	5	341	1783	18	17	76.180893	&
5	1	1	1	148	6	372	1782	37	27	71.632408	BS
5	1	1	1	148	7	444	1795	42	25	3.100548	OF
5	1	1	1	148	8	499	1802	39	19	0.000000	RS
5	1	1	1	148	9	552	1791	37	42	0.000000	ln
5	1	1	1	148	10	603	1811	62	16	0.000000	PEB
5	1	1	1	148	11	756	1822	64	21	63.551151	8s
5	1	1	1	148	12	884	1833	37	24	53.614891	ee
5	1	1	1	148	13	961	1842	114	26	19.147598	osha
5	1	1	1	148	14	1115	1852	62	20	49.382439	238
5	1	1	1	148	15	1211	1866	95	17	0.000000	Aeon
5	1	1	1	148	16	1341	1870	15	14	0.000000	se
4	1	1	1	149	0	12	1775	1164	105	-1	
5	1	1	1	149	1	12	1775	37	12	28.669861	oH
5	1	1	1	149	2	89	1780	13	12	0.000000	S
5	1	1	1	149	3	166	1787	12	10	0.000000	°
5	1	1	1	149	4	290	1802	43	10	54.038956	=o
5	1	1	1	149	5	418	1807	8	9	41.531849	x
5	1	1	1	149	6	525	1816	89	19	4.975250	CRI
5	1	1	1	149	7	654	1828	12	12	37.549648	3
5	1	1	1	149	8	854	1839	17	26	40.063316	3s
5	1	1	1	149	9	1114	1867	62	13	35.495270	Bo
4	1	1	1	150	0	12	1785	1064	94	-1	
5	1	1	1	150	1	12	1785	37	12	24.109444	ne
5	1	1	1	150	2	61	1785	65	28	18.025177	gga
5	1	1	1	150	3	141	1788	37	26	18.025177	ge
5	1	1	1	150	4	194	1795	113	35	0.000000	s208s
5	1	1	1	150	5	322	1800	36	26	32.199951	2<
5	1	1	1	150	6	376	1809	59	32	33.737335	8:
5	1	1	1	150	7	470	1826	145	30	0.000000	Beas
5	1	1	1	150	8	653	1842	12	20	55.137196	2
5	1	1	1	150	9	725	1840	43	25	42.432114	of
5	1	1	1	150	10	807	1842	13	33	82.451683	8
5	1	1	1	150	11	853	1853	68	24	41.874458	£2
5	1	1	1	150	12	956	1864	120	15	44.481792	$2558
4	1	1	1	151	0	7	1795	759	79	-1	
5	1	1	1	151	1	7	1800	21	28	37.473709	3
5	1	1	1	151	2	32	1795	69	33	26.367462	28
5	1	1	1	151	3	140	1813	90	27	1.156525	B88
5	1	1	1	151	4	268	1820	65	38	47.096409	fee
5	1	1	1	151	5	371	1828	63	26	3.542023	gby
5	1	1	1	151	6	473	1843	13	26	64.896156	a
5	1	1	1	151	7	525	1836	88	35	72.654816	$382
5	1	1	1	151	8	653	1863	11	9	60.629234	8
5	1	1	1	151	9	727	1865	39	9	61.229397	83
4	1	1	1	152	0	11	1827	423	41	-1	
5	1	1	1	152	1	11	1827	12	12	38.818161	os
5	1	1	1	152	2	62	1828	13	12	6.132874	Ss
5	1	1	1	152	3	166	1840	63	11	32.843155	Bae
5	1	1	1	152	4	294	1844	37	22	57.794304	SE
5	1	1	1	152	5	371	1854	63	14	62.286018	GAG
4	1	1	1	153	0	11	1829	294	38	-1	
5	1	1	1	153	1	11	1841	11	19	1.391609	fe
5	1	1	1	153	2	62	1829	39	33	75.839401	28
5	1	1	1	153	3	134	1841	95	24	0.000000	shst
5	1	1	1	153	4	263	1851	42	16	74.201088	82
